-- MySQL dump 10.13  Distrib 8.0.32, for Linux (x86_64)
--
-- Host: localhost    Database: dynamicTiles
-- ------------------------------------------------------
-- Server version	8.0.32

/*!40101 SET @OLD_CHARACTER_SET_CLIENT=@@CHARACTER_SET_CLIENT */;
/*!40101 SET @OLD_CHARACTER_SET_RESULTS=@@CHARACTER_SET_RESULTS */;
/*!40101 SET @OLD_COLLATION_CONNECTION=@@COLLATION_CONNECTION */;
/*!50503 SET NAMES utf8mb4 */;
/*!40103 SET @OLD_TIME_ZONE=@@TIME_ZONE */;
/*!40103 SET TIME_ZONE='+00:00' */;
/*!40014 SET @OLD_UNIQUE_CHECKS=@@UNIQUE_CHECKS, UNIQUE_CHECKS=0 */;
/*!40014 SET @OLD_FOREIGN_KEY_CHECKS=@@FOREIGN_KEY_CHECKS, FOREIGN_KEY_CHECKS=0 */;
/*!40101 SET @OLD_SQL_MODE=@@SQL_MODE, SQL_MODE='NO_AUTO_VALUE_ON_ZERO' */;
/*!40111 SET @OLD_SQL_NOTES=@@SQL_NOTES, SQL_NOTES=0 */;

--
-- Current Database: `dynamicTiles`
--

CREATE DATABASE /*!32312 IF NOT EXISTS*/ `dynamicTiles` /*!40100 DEFAULT CHARACTER SET utf8mb4 COLLATE utf8mb4_0900_ai_ci */ /*!80016 DEFAULT ENCRYPTION='N' */;

USE `dynamicTiles`;

--
-- Table structure for table `ACCESSABLE_PAGES`
--

DROP TABLE IF EXISTS `ACCESSABLE_PAGES`;
/*!40101 SET @saved_cs_client     = @@character_set_client */;
/*!50503 SET character_set_client = utf8mb4 */;
CREATE TABLE `ACCESSABLE_PAGES` (
  `PAGE_ID` int NOT NULL AUTO_INCREMENT,
  `PAGE_NAME` varchar(45) NOT NULL,
  `PAGE_VALUE` varchar(100) NOT NULL,
  PRIMARY KEY (`PAGE_ID`)
) ENGINE=InnoDB AUTO_INCREMENT=488 DEFAULT CHARSET=latin1;
/*!40101 SET character_set_client = @saved_cs_client */;

--
-- Dumping data for table `ACCESSABLE_PAGES`
--

LOCK TABLES `ACCESSABLE_PAGES` WRITE;
/*!40000 ALTER TABLE `ACCESSABLE_PAGES` DISABLE KEYS */;
INSERT INTO `ACCESSABLE_PAGES` VALUES (1,'CREATE_USER','/createAppUser.html'),(2,'SUBFILE_UPLOAD','/subFileUpload.html'),(3,'SUBSCRIBER_LIST','/subList.html'),(4,'SUBLIST_CREATION','/subListCreation.html'),(5,'SUBLIST_EDIT_UPDATE','/subListEditUpdate.html'),(6,'HEADER_TABLE','/headerTable.html'),(7,'METADATA_EDITOR','/metaDataEditor.html'),(8,'SEGMENT','/segment.html'),(9,'API_KEY_CREDENTIALS','/apiKeyCredentials.html'),(10,'SUBDATA_SEARCH','/subDataSearch.html'),(11,'SOCIAL_MEDIA_SETTING','/createSocialMedia.html'),(12,'EMAIL_REPORT','/emailReport.html'),(13,'CAMPAIGN','/Campaign.html'),(14,'SEGMENTATION_QUIERY_BUILDER','/SegmentationQuieryBuilder.html'),(15,'CREATE_SCHEDULE','/createSchedule.html'),(16,'TEMPLATE','/template.html'),(17,'CREATE_TEMPLATE','/createTemplate.html'),(18,'COMMUNICATION_SETTINGS','/communicationSettings.html'),(19,'SCHEDULE','/Schedule.html'),(20,'UPDATE_PASSWORD','/updateAppUserPassword.html'),(21,'EDIT_USER_PROFILE','/editUserProfile.html'),(22,'EDIT_SYSTEM_PARAM','/SystemParameter.html'),(23,'SCHEDULE_REPORT','/scheduleReport.html'),(24,'SMART_IMAGES','/smartImages.html'),(25,'SMART_IMAGES_LIST','/smartImageList.html'),(26,'DRIP_CAMPAIGN_CREATION','/dripCampaignCreation.html'),(27,'UPLOAD_HISTORY','/uploadHistory.html'),(28,'SOCIAL_MEDIA_INFO','/socialMediaInformations.html'),(29,'SOCIAL_MEDIA_REPORT','/socialMediaReport.html'),(30,'USER_ACTIVITY_REPORT','/userActivityReport.html'),(31,'USER_ACTIVITY_TEMPLATE_OVERLAY','/userActivity/campaign/**/overlayTemplate/get'),(32,'USER_ACTIVITY_URL_CLICK_REPORT','/userActivity/campaign/**/click/urlReport'),(33,'SYSTEM_PARAMETER_GET','/systemParameter/get'),(34,'SYSTEM_PARAMETER_UPDATE','/systemParameter/update'),(35,'USER_AUTHENTICATION_STATUS','/user/getAuthenticationStatus'),(36,'UPDATE_USER_PASSWORD','/user/updateUserPassword'),(37,'GET_USER','/user/get'),(38,'SEARCH_USER','/user/search'),(39,'USER_UPDATE_PASSWORD','/user/updatePassword'),(40,'USER_IS_NAME_EXIST','/user/isUserNameExists'),(41,'USER_CREATE','/user/create'),(42,'USER_GET_ROLES','/user/getRoles'),(43,'USER_UPDATE','/user/update'),(44,'GET_AVAILABEL_API_KEY','/api/getAvailableApiKey'),(45,'DELETE_API_KEY_DETAILS','/api/deleteApiKeyDetails'),(46,'SAVE_GENERATED_API_KEY','/api/saveGeneratedApiKey'),(47,'GET_DEPENDENT_CAMPAIGN_STATES','/getDependentCampaignStates'),(48,'UPDATE_CAMPAIGN_STATE_TO_COMPLETED','/updateCampaignStateToCompleted'),(49,'GET_DEFAULT_CAMPAIGN_LIST','/getDefaultCampaignList'),(50,'GET_CAMPAIGN','/getCampaign'),(51,'INIT_CAMPAIGN','/initCampaign'),(52,'MOVE_STATE','/moveState'),(53,'GET_CAMPAIGN_LIST','/getCampaignList'),(54,'DELETE_CAMPAIGN','/deleteCampaign'),(55,'STOP_CAMPAIGN','/stopCampaign'),(56,'GET_DRIPT_CAMPAIGN_LIST','/drip/getDripCampaignList'),(57,'GET_DRIP_CAMPAIGN_SCHEDULES','/drip/getDripCampaignSchedules'),(58,'STOP_SELECTED_DRIP_SCHEDULE','/drip/stopSelectedDripSchedule'),(59,'STOP_ALL_CAMPAIGN_DRIPS','/drip/stopAllCampaignDrips'),(60,'UPDATE_DRIP_STATUS_TO_COMPLETED','/updateDripStatusToCompleted'),(61,'START_ALL_DRIP_CAMPAIGN_SCHEDULES','/drip/startAllDripCampaignSchedules'),(62,'DRIP_SAVE','/drip/save'),(63,'GET_DRIP_PROPERTIES','/drip/getDripProperties'),(64,'GET_DRIP_BY_CAMPAIGN_ID','/drip/**/get'),(65,'START_SELECTED_DRIP_CAMPAIGN_SCHEDULES','/drip/startSelectedDripCampaignSchedules'),(66,'USER_REDIRECT_WEB_URL','/user/redirect/webURL'),(67,'GET_LIST_OF_COLUMN_TYPES','/getListOfColumnTypes'),(68,'GET_COLUMN_DETAILS','/getColumnDetails'),(69,'GET_CUSTOM_RULE','/getCustomRule'),(70,'GET_SPECIAL_META_DATA_COLUMN_DETAILS','/getSpecialMetaDataColumnDetails'),(71,'GET_LIST_COUNT','/getlistcount'),(72,'GET_DEFAULT_DYNAMIC_IMAGES_FOR_TEMPLATE','/getDefaultDynamicImagesForTemplate'),(73,'GET_DYNAMIC_IMAGE_BY_DYNAMIC_IMAGE_ID','/getDynamicImage/**'),(74,'GET_DYNAMIC_IMAGE_ID','/getDynamicImageId'),(75,'SAVE_DYNAMIC_IMAGE_RULE','/saveDynamicImageRule'),(76,'GET_DYNAMIC_IMAGE_RULE','/getDynamicImageRule'),(77,'GET_DYNAMIC_IMAGE_MASTERS','/getDynamicImageMasters'),(78,'GET_IMAGE_ID_BY_DYNAMIC_IMAGE_ID','/dynamicImage/**/getImageId'),(79,'PREVIEW_DYNAMIC_IMAGE','/previewDynamicImage'),(80,'GET_COMMUNICATION_SETTING','/getCommunicationSetting'),(81,'GET_EMAIL_INPUT','/getEmailInput'),(82,'GET_IMAGE_TRACKING_BY_ID','/getImageTracking/**'),(83,'SEND_TEST_MAIL','/sendTestEmail'),(84,'GET_COMMUNICATION_SETTING_LIST','/getCommunicationSettinglist'),(85,'GET_ADDITION_PARAMS','/getAdditionalParams'),(86,'SAVE_COMMUNICATION_SETTING_RESPONSE','/saveCommunicationSettingResponse'),(87,'CHOOSE_COMMUNICATION_SETTING','/choosedCommunicationSettingToAppUser'),(88,'GET_COMMUNICATION_SETTING','/getCommunicationSettingOfAppUser'),(89,'GET_EMAIL_REPORT','/getEmailReport'),(90,'GET_EMAIL_SETTING_FOR_TRACKER','/getEmailSettingForTracker'),(91,'GET_BATCH_SCHEDULES','/getBatchSchedules'),(92,'GET_EMAIL_GRAPH_REPORT','/getEmailGraphReport'),(93,'SAVE_IMAGE_FILE','/saveImageFile'),(94,'GET_IMAGE_FILE','/getImageFile'),(95,'LOAD_SMART_IMAGES','/loadSmartImages'),(96,'LOAD_GALLARY','/loadGallery'),(97,'GET_RESIZED_IMAGE','/getResizedImage'),(98,'GET_DYNAMIC_IMAGE_FILE','/getDynamicImageFile'),(99,'SAVE_DYNAMIC_IMAGE_FILE','/saveDynamicImageFile'),(100,'SAVE_TEMPLATE_IMAGE_FILE','/saveTemplateImageFile'),(101,'GET_TEMPLATE_IMAGE_FILE','/getTemplateImageFile'),(102,'RULE_VALIDATOR','/validateRule'),(103,'GET_RULE','/getRule'),(104,'SAVE_RULE','/saveRule'),(105,'SCHEDULAR_JOB_STATUS_UPDATE','/schedular/job/**/status/update'),(106,'GET_SCHEDULE','/getSchedule'),(107,'DELETE_SCHEDULE','/deleteSchedule'),(108,'GET_SCHEDULE_LIST','/getScheduleList'),(109,'SAVE_SCHEDULE','/saveSchedule'),(110,'GET_SCHEDULE_PROPERTIES','/getScheduleProperties'),(111,'GET_SCHEDULE_REPORTS','/getScheduleReports'),(112,'TRIGGER_DATA_UPLOAD_BATCH','/serviceIntegration/triggerDataUploadBatch/**'),(113,'GET_SERVICE_URL_PARAM_TYPE','/serviceIntegration/getServiceUrlParamType'),(114,'GET_SERVICE_INTEGRATION','/serviceIntegration/get/**'),(115,'SAVE_SERVICE_INTEGRATION','/serviceIntegration/save'),(116,'GET_SERVICE_INTEGRATION_BY_LIST','/serviceIntegration/**/get'),(117,'GET_SERVICE_FIELD_NAME_LIST','/serviceIntegration/getServiceFieldNameList/**'),(118,'SERVICE_INTEGRATION_SAVE_SERVICE_FIELDS','/serviceIntegration/saveServiceFields'),(119,'SAVE_SOCIAL_MEDIA','/socialMedia/saveDetails'),(120,'GET_ALL_SUPPORTED_SOCIAL_MEDIA','/socialMedia/getAllSupportedSocialMedia'),(121,'PUBLISH_SOCIAL_MEDIA_DETAILS','/socialMedia/publish/**'),(122,'GET_SOCIAL_MEDIA_SETTING_LIST','/socialMedia/getSocialMediaSettingList'),(123,'GET_SOCIAL_MEDIA_MAP_VALUE','/socialMedia/getSocialMediaMapValue'),(124,'CREATE_UPDATE_SOCIAL_MEDIA','/socialMedia/createOrUpdateSocialMedia'),(125,'DELETE_SOCIAL_MEDIA','/socialMedia/deleteSocialMedia'),(126,'GET_SOCIAL_MEDIA_SCHEDULE','/socialMedia/schedule/**/get'),(127,'SOCIAL_MEDIA_GET_BY_TYPE_ID','/socialMedia/**/get'),(128,'SOCIAL_MEDIA_GET_REPORT','/socialMedia/getReport'),(129,'SAVE_SOCIAL_MEDIA','/socialMedia/schedule/save'),(130,'DELETE_SOCIAL_MEDIA','/socialMedia/**/delete'),(131,'SOCIAL_MEDIA_PUBLISH','/socialMedia/getSocialMediaForPublish'),(132,'INSERT_MULTI_SUBSCRIBER_DATA','/insertMultilpeSubscriberData'),(133,'UPDATE_MULTIPLE_SUBSCRIBER_DATA','/updateMultilpeSubscriberData'),(134,'GET_DEFAULT_IMAGES','/getDefaultImages'),(135,'SAVE_TEMPLATE','/saveTemplate'),(136,'GET_ALL_TEMPLATES','/getAllTemplates'),(137,'GET_TEMPLATE','/getTemplate'),(138,'GET_USER_TEMPLATES','/getUserCreatedTemplates'),(139,'DELETE_TEMPLATE','/deleteTemplate'),(140,'DOWNLOAD_TEMPLATE','/downloadTemplate'),(141,'TEST_MONGO','/testMongo'),(142,'TEST','/test'),(143,'CLIENT_SERVICE_DATA_WITH_MAP_OBJECT','/ClientServiceDataWithMapObject'),(144,'SAVE_POJO_IN_MONGO','/savePojoAsInMongo'),(145,'TEST_APPUSER_WITH_ACCESSABLEPAGES','/testAppUserWithAccessablePageName'),(146,'TEST_MONGO_PAGINATION','/testMongoPagination'),(147,'TEST_MONGO_TEMPLATE','/testMongoTemplate'),(148,'TEST_MONGO_OPERATIONS1','/testMongoOperations'),(149,'TEST_MONGO_OPERATIONS2','/testMongoOperations2'),(150,'TEST_MONGO_OPERATIONS3','/testMongoOperations3'),(151,'TEST_MONGO_OPERATIONS3','/testMongoOperations4'),(152,'TEST_MONGO_OPERATIONS5','/testMongoOperations5'),(153,'TEST_MONGO_OPERATIONS6','/testMongoOperations6'),(154,'TEST_SAVE','/test/save'),(155,'TEST_SAVE1','/test/save1'),(156,'MONGO_TEST_UPDATE','/mongo/test/update'),(157,'MONGO_TEST_UPDATE_BULK','/mongo/test/updateBulk'),(158,'SERVICE_INTEGRATION_POST','/serviceIntegrationPost'),(159,'TEST_CSRF_WS','/test/csrf/ws'),(160,'TEST321','/test321'),(161,'TEST_DB','/testDB'),(162,'GET_DATE','/getDate'),(163,'TEST_123','/test123'),(164,'GET','/getTestVO'),(165,'TESTING','/testing'),(166,'MONGO_TEST_UPSERT','/mongo/test/upsert'),(167,'REDIRECT_URL','/reDirectURL'),(168,'DB_TEST','/dbTest'),(169,'TEST_CSRF','/test/csrf'),(170,'TEST_SOCIAL','/test/social'),(171,'TWITTER','/twitter'),(172,'INTEGRATION_MILANO_DATA','/integrateMilanoData'),(173,'DATA_UPLOAD_SAVE_UPLOAD_STATUS','/dataupload/save/uploadstatus'),(174,'DATA_UPLOAD_BATCH_GET','/dataupload/batch/get/**'),(175,'DATA_UPLOAD_UPDATE_OLD_STATUS','/dataupload/update/uploadstatusOld'),(176,'DATA_UPLOAD_UPDATE_STATUS','/dataupload/update/uploadstatus'),(177,'DATA_UPLOAD_UPDATE_BACKUP_FILE_LOCATION','/dataupload/updateBackupFileLocation'),(178,'GET_META_DATA','/getMetaData'),(179,'GET_DETAILS_FOR_HEADER','/getDetailsForHeader'),(180,'PERSIST_HEADER_AND_DATA','/persistHeaderAndData'),(181,'GET_META_DATA_LIST','/getMetaDataList'),(182,'UPDATE_META_DATA','/updateMetaData'),(183,'IS_META_DATA_EXISTS','/isMetaDataExists'),(184,'DOWNLOAD_SERVICE_ERROR_LIST','/downloadServiceDataErrorList/**'),(185,'UPDATE_ROW_IN_SUBDATA','/updateRowInSubData'),(186,'DOWNLOAD_SUBSCRIBER_DATA','/downloadSubscriberDataForRule'),(187,'GET_SUBDATA_FOR_RULE','/getSubDataForRule'),(189,'DOWNLOAD_SUBDATA','/downloadSubData'),(190,'USER_UNSUBSCRIBE','/user/unSubscribe/**'),(191,'GET_SUB_ROW_DATA_WITH_META_DATA','/getSubRowDataWithMetaData'),(192,'GET_SUB_ROW_DATA_WITH_META_DATA_WITH_USER','/getSubRowDataWithMetaDataWithUser'),(193,'FILE_UPLOAD','/fileUpload'),(194,'GET_SUB_LIST','/getSubList'),(195,'GET_IDENTITY_META_DATA_BY_SUB_LIST_ID','/getIdentityMetaData/**'),(196,'GET_COMMUNICATION_DATA_LIST','/getCommunicationDataList'),(197,'DELETE_SUBSCRIBER_LIST','/deleteSubscriberList'),(198,'CREATE_NEW_SUBLIST','/createNewSubList'),(199,'GET_ALL_AVAILABLE_UPLOAD_STATUS','/uploadHistory/get/allAvailableUploadStatus'),(200,'GET_ALL_UPLOAD_STATUS','/uploadHistory/getAllUploadStatus'),(201,'GET_INPROGRESS_UPLOAD_STATUS','/uploadHistory/get/inprogressStatus'),(202,'SEND_MAIL','/sendMail'),(203,'GET_BUSINESS_MAP_DETAILS','/business/getBusinessMetaMapDetails'),(204,'SAVE_BUSINESS_MAP','/business/save/businessMap'),(205,'BUSINESS_TRIGGER_BATCH','/business/triggerBusinessFileUploadBatch/**/**'),(206,'GET_FILE_HEADER_NAMES','/getFileHeaderNames'),(207,'GET_BUSINESS_USER_DETAILS','/business/getBusinessUserDetails'),(208,'DATE_FORMAT_SELECTOR_FOR_BUSINESS','/business/showDateFormatSelectorBusinessDialog.html'),(209,'MANAGE_CLIENT_HTML','/business/manageClients.html'),(210,'BUSINESS_COMMUNICATION','business/BusinessCommunicationDetails.html'),(211,'BUSINESS_EMAILCAMPAIGN_PAGE','business/BusinessEmailCampaign.html'),(212,'BUSINESS_SOCIALMEDIA_MENU','business/businessSocialMediaMenu.html'),(213,'BUSINESS_CUSTOMER_DETAILS','/business/customerDetailsCreation.html'),(214,'BUSINESS_TRANSACTION_DETAILS','/business/transactionDetailsCreation.html'),(215,'BUSINESS_TEMPLATE','/business/businessTemplates.html'),(216,'CREATE_BUSINESS_CAMPAIGN','/business/createBusinessCampaign.html'),(217,'SOCIAL_MEDIA_PUBLISH','/socialMediaPublish.html'),(218,'MESSAGE_PUBLISH','/createMessagePublish.html'),(219,'SUCCESS_PAGE','/successMessage.html'),(220,'BUSINESS_ERROR_PAGE','business/businessErrorPage.html'),(221,'BUSINESS_CAMPAIGN_EDIT','/business/BusinessCampaignEdit.html'),(222,'FACEBOOK_STEPS','/facebookSteps.html'),(223,'TWITTER_STEPS','/twitterSteps.html'),(224,'FORBIDDEN_PAGE','/forbidden.html'),(225,'TEMPLATE_CATEGORIES','/getTemplateCategories'),(226,'TEMPLATE_CATEGORY','/getTemplatesByCategory'),(227,'BUSINESS_TEMPLATE_IN_DIABLOG','/business/showDialogToSelectBusinessTemplate.html'),(228,'BUSINESS_SHOW_PREVIEW_TEMPLATE','/business/showPreviewTemplateDialog.html'),(229,'BUSINESS_INIT','/business/campaign'),(230,'BUSINESS_META_MAP_DETAILS','/business/getBusinessMetaMapDetails'),(231,'CUTOMER_DETAILS','/business/customerDetails.html'),(232,'CUSTOMER_FILTER','/business/customerFilterOptions.html'),(233,'GET_DATA_COUNT','business/getDataCount'),(234,'GET_REFERENCE_META_DATA','/getReferencedMetaData'),(235,'COMMUNICATION_PARAM_TRACKER','/get/tracker/communicationParams'),(236,'BUSINESS_META_MAP_EXIST_CHECK','/business/isCommunicationMetaMapProvided'),(237,'BUSINESS_LOG','businessLogs.html'),(238,'BUSINESS_EMAIL_LOG','businessEmailLog.html'),(239,'BUSINESS_TEXT_MESSAGE_LOG','businessTextMessageLog.html'),(240,'SEARCH_FILTERS','/search/filters'),(241,'SEARCH_COMMUNICATION','/search/communication'),(242,'SMS_CAMPAIGN','smsCampaign.html'),(243,'SAVE_SURVEY_QUESTIONS','/survey/saveQuestions'),(244,'GET_SURVEY_LIST','/survey/getSurveyList'),(245,'GET_SURVEY_QUESTION_LIST','/survey/getSurveyQuestionList'),(246,'SURVEY_REPORT_GET','/report/survey'),(247,'GET_SURVEY_RESULT_PER_CUSTOMER','/report/survey/customer'),(248,'UPDATE_SURVEY_RESULTS','/report/survey/update'),(249,'GET_SURVER_QUESTION_FROM_OPEN_SERVICE','/survey/get/surveyQuestions'),(250,'GET_SERVICE_USED_BY_BUSINESS','/business/services'),(251,'UPDATE_APPOINTMENT_STATUS','/appointment/updateStatus/**/**'),(252,'RESCHEDULE_APPOINTMENT','/appointment/reschedule/**/**'),(253,'SURVEY_SCHEDULE','/surveySchedule.html'),(254,'APPOINTMENT_REQUEST_DETAILS','/appointment/request/details'),(255,'APPOINTMENT_BOOKED_DETAILS','/appointment/booked/details'),(256,'SURVEY_REPORT_AVERAGE_SCORE','/survey/**/getSurveyAverageScores'),(257,'EMAIL_CLIENTS','/emailClients.html'),(258,'BUSINESS_CAMPAIGN_GRAPH_REPORT','/businessCampaignGraphReport.html'),(259,'BUSINESS_CAMPAIGN_SUMMARY_REPORT','/businessCampaignSummary.html'),(260,'BUSINESS_CAMPAIGN_USER_ACTIVITY_REPORT','/businessUserActivity.html'),(261,'BUSINESS_CAMPAIGN_ACTIVITY_REPORT','/campaignActivity.html'),(263,'BUSINESS_CUSTOMER_INFO','/customerInfo.html'),(264,'BUSINESS_CUSTOMER_LIST','/customerList.html'),(265,'BUSINESS_OVERVIEW_PAGE','/overview.html'),(266,'BUSINESS_OVERVIEW_PAGE','/reports.html'),(267,'CUSTOMER_ACTIVITY_EMAIL','/cutomerActivity/email'),(268,'CUSTOMER_ACTIVITY_EMAIL_CLIENT_DEVICE_COUNT','/cutomerActivity/emailClientsDeviceWithCount'),(269,'REPORT_SUMMARY','/report/summary/**'),(270,'EMAIL_CLICK_CUSTOMER_IDS','/userActivity/customerIds/**'),(271,'ADD_SINGLE_CUSTOMER','/singleCustomerAdd.html'),(272,'SAVE_SINGLE_CUSTOMER','/business/customer/save'),(273,'GET_SUB_DATA_COUNT_FOR_RULE','/getSubDataCountForRule'),(274,'BUSINESS_SCHEDULE_LOGS','/business/scheduleLogs.html'),(275,'EMAIL_REPORT_HOURLY','/business/**/report/email/hourly/**'),(276,'EMAIL_REPORT_MONTHLY','/business/**/report/email/monthly/**'),(277,'SMS_REPORT_HOURLY','/business/**/report/sms/hourly/**'),(278,'SMS_REPORT_MONTHLY','/business/**/report/sms/monthly/**'),(279,'BUSINESS_SCHEDULE_LOGS','/**/report/survey'),(280,'LAUNCHED_CAMPAIGN_LIST','/getLaunchedCampaignList'),(281,'EMAIL_REPORT_HOURLY','/business/**/report/email/hourly/**'),(282,'EMAIL_REPORT_MONTHLY','/business/**/report/email/monthly/**'),(283,'SMS_REPORT_HOURLY','/business/**/report/sms/hourly/**'),(284,'SMS_REPORT_MONTHLY','/business/**/report/sms/monthly/**'),(285,'BUSINESS_SCHEDULE_LOGS','/**/report/survey'),(286,'LAUNCHED_CAMPAIGN_LIST','/getLaunchedCampaignList'),(287,'BUSINESS_SERVICES','/business/**/businessServices'),(288,'BUSINESS_THEMES','/business/themes'),(289,'BUSINESS_USER_THEME','/business/userTheme'),(290,'USER_THEME_SWITCH','/business/setting/**/switchTheme'),(291,'BUSINESS_USER_EDIT','/business/setting/edit'),(292,'BUSINESS_USER_GET','/business/setting/get'),(293,'BUSINESS_MODELS','/business/businessModel'),(294,'BUSINESS_USER_CREATE','/businessUser/create'),(295,'CREATE_BUSINESS_USER','/businessCreation.html'),(296,'CREATE_BUSINESS_USER_BUSINESS_DETAILS','/createUserBusinessDetails.html'),(297,'CREATE_BUSINESS_USER_DETAILS','/businessUser.html'),(298,'CREATE_BUSINESS_USER_COMMUNICATION_DETAILS','/createBusinessUserCommunication.html'),(299,'BUSINESS_CREATE_SMART_IMAGE','/createSmartImages.html'),(300,'BUSINESS_PREVIEW_SMART_IMAGE','/previewSmartImages.html'),(301,'BUSINESS_SMART_IMAGE','/smartImages.html'),(302,'SETTINGS_BUSINESS_USER','/settings.html'),(303,'EDIT_PROFILE_BUSINESS_USER','/editProfile.html'),(304,'CHANGE_PASSWORD_BUSINESS_USER','/businessUserPasswordChange.html'),(305,'CHANGE_THEMES_BUSINESS_USER','/businessThemes.html'),(306,'NOTIFICATION_SETTINGS_BUSINESS_USER','/notifications.html'),(307,'GET_NOTIFICATION_SETTING','/notifications'),(308,'SAVE_OR_UPDATE_SINGLE_NOTIFICATION_SETTING','/notification'),(309,'SAVE_OR_UPDATE_MULTI_NOTIFICATION_SETTING','/notifications'),(310,'DYNAMIC_IMAGE_BY_IMAGE_ID','/dynamicImage/getImageId'),(311,'BUSINESS_MODEL_TEMPLATE_CATEGORIES','/businessModel/**/templateCategories'),(312,'BUSINESS_MODEL_TEMPLATE_SAVE','/businessModel/saveTemplate'),(313,'BUSINESS_MODEL_COLUMNS','/businessModel/**/modelColumns'),(314,'BUSINESS_MODEL_TEMPLATE_DELETE','/businessModel/**/**/delete'),(315,'BUSINESS_MODEL_TEMPLATES','/businessModel/**/**/templates'),(316,'BUSINESS_MODEL_TEMPLATE_GET','/businessModel/**/**/get'),(317,'BUSINESS_USER_TEMPLATE_CATEGORIES','/businessModel/businessTemplateCategories'),(318,'BUSINESS_MODEL_TEMPLATES_UI','/businessTemplates/templates.html'),(319,'BUSINESS_MODEL_TEMPLATE_CREATE_OR_EDIT','/businessTemplates/template.html'),(320,'CREATE_SURVEY','/survey/create'),(321,'DATA_FORMAT_HELPER_URL','/common/dataFormatHelperUrl'),(322,'CAMPAIGN_NAME_UPDATE','/updateCampaignName/**'),(323,'CHECK_CAMPAIGN_USE_TEMPLATE','/template/**/checkIsCampaignUse'),(324,'SURVEY_DELETE','/survey/**/delete'),(325,'GET_PREVIEW_TEMPLATE','/getTemplateForPreview/**'),(326,'SAVE_AS_DRAFT_TEMPLATE','/saveAsDraftTemplate'),(327,'SAVE_AS_DRAFT_TEMPLATE_FOR_MODEL','/businessModel/saveAsDraftTemplate'),(328,'IS_CUSTOMER_EXIST','/appointment/request/isCustomerAvailable'),(329,'SM_PUBLISHED_SCHEDULE_UPDATE','/socialMedia/**/**/update'),(330,'GET_MANDATORY_FIELDS','/business/list/**/mandatoryFields'),(331,'CLONE_CAMPAIGN','/business/campaign/clone'),(332,'GET_BUSINESS_USER_SERVICES','/service/**/all'),(333,'GET_STAFF_FOR_SERVICE','/service/**/**/staff'),(334,'BOOK_APPOINTMENTS','/appointment/book'),(335,'DASHBOARD_REVENUE_DAILY','/business/**/report/revenue/daily'),(336,'DASHBOARD_APPOINTMENTS_DAILY','/business/**/report/appointments/daily'),(337,'DASHBOARD_EMAIL_DAILY','/business/**/report/email/daily'),(338,'DASHBOARD_SMS_DAILY','/business/**/report/sms/daily'),(339,'DASHBOARD_SURVEY_DAILY','/business/**/report/survey/daily'),(340,'GET_AVAILABLE_TIME_ZONE','/business/**/timeZone'),(341,'GET_TIME_ZONE','/business/currentTimeZone'),(342,'SAVE_TIME_ZONE','/business/**/changeTimeZone'),(343,'APPOINTMENT_UPDATE','/appointment/update/**/**'),(344,'CLEAR_RULE','/clearRule/**'),(345,'BUSINESS_DASHBOARD_HTML','/businessDashboard.html'),(346,'GET_STORE_USER_DETAILS','/store/**/**/get'),(347,'SAVE_STORE','/saveStore'),(348,'STORE_CREATE_UPDATE','/storeUser.html'),(349,'BUSINESS_ADMIN_HTML_EDITOR','/adminHtmlTemplateEditor.html'),(350,'BUSINESS_ADMIN_TEMPLATE_PAGE','/businessAdminTemplates.html'),(352,'BUSINESS_GRAPH_HTML','/businessGraph.html'),(353,'BUSINESS_GRAPH_DET_REPORT','/business/**/getCampaignDetailedReport'),(354,'BUSINESS_DASH_SUMMARY_COUNT','/business/**/dashboardSummaryCounts'),(355,'BUSINESS_GRAPH_REV_MONTH','/business/**/report/revenue/monthly'),(356,'BUSINESS_GRAPH_APPOINT_MONTH','/business/**/report/appointments/monthly'),(357,'BUSINESS_GRAPH_REV_HOUR','/business/**/report/revenue/hourly'),(358,'BUSINESS_GRAPH_APPOINT_HOUR','/business/**/report/appointments/hourly'),(359,'BUSINESS_GRAPH_APP_PEND','/business/**/appointmentPendingCount'),(360,'BUSINESS_GRAPH_SURVEY_HOUR','/business/**/report/survey/hourly'),(361,'BUSINESS_GRAPH_SURVEY_MONTH','/business/**/report/survey/monthly'),(362,'BUSINESS_GRAPH_GEO_GRAPH','/business/geoReport'),(363,'DASHBOARD_DETAILED_COMM_REPORT_HTML','/dashboardDetailedCommReport.html'),(364,'APPOINTMENT_TIME_LINE_HTML','/appointmentTimeLine.html'),(365,'APPOINTMENT_TIME_LINE_DETAILS_BY_TIME_DIFF','/appointment/booked/detailsByTimeDifference'),(366,'BUSINESS_SUMMARY_HTML','/businessSummary.html'),(367,'CUSTOMER_DATA_COUNT','/business/getDataCount'),(368,'CUSTOMER_DETAILS_VIEW_HTML','/customerDetailsView.html'),(369,'CUSTOMER_DETAILS_VIEW_3RD_PARTY_ENABLED','/business/is3rdPartyCustomerIdGenerationEnabled/**'),(370,'CUSTOMER_EDIT_AND_APPOINTMENT_HTML','/customerEditAndAppointment.html'),(371,'CUSTOMER_EDIT_AND_APPOINTMENT_SERVICE','/business/**/appointment'),(372,'CUSTOMER_EDIT_AND_TRANSACTION_DETAILS_HTML','/customerEditAndTransactionDetails.html'),(373,'CUSTOMER_EDIT_AND_TRANSACTION_DETAILS_SERVICE','/business/**/transactions'),(374,'GET_STORE_USER_MAP_LIST','/storeUserList'),(375,'CREATE_STORE_PAGE','/createStore.html'),(376,'APPOINTMENT_DETAILS','/appointmentDetails.html'),(377,'MANAGE_CLIENT_DATA_UPLOAD_HTML','/manageClientsDataUpload.html'),(378,'METADATA_EXISTANCE_STATUS','/business/metaDataExistenceStatus/**'),(379,'DOWNLOAD_SERVICE_DATA_ERROR_LIST','/downloadServiceDataErrorList/**/**'),(380,'TRANSACTIONS_HTML','/transactions.html'),(381,'TRANSACTIONS_SERVICE_CALL','/transactions'),(382,'SERVICE_INTEGRATION_BUSINESS_HTML','/businessServiceIntegration.html'),(383,'NOTIFICATION_TEMPLATE','/notificationTemplate.html'),(384,'TIME','/time.html'),(385,'BUSINESS_SWITCH_THEME','/business/setting/switchTheme/**'),(386,'BUSINESS_SETTING_NOTIFICATION','/business/setting/notifications'),(387,'GET_NOTIFICATION_TEMPLATE_CATEGORIES','/geNotificationTemplateCategories'),(388,'BUSINESS_SETTING_TEMPLATE_BY_CAT_GET','/business/setting/getTemplateByCategoryId'),(389,'NOTIFICATION_FIELDS_FOR_USER_GET','/getNotificationFieldsForUser'),(390,'NOTIFICATION_FIELDS_FOR_USER_GET','/business/setting/systemTimeFormat'),(391,'BUSINESS_DEF_CAMP_LIST','/getDefaultCampaignList'),(392,'BUSINESS_DELETE_CAMPAIGN','/deleteCampaign'),(393,'BUSINESS_PAUSE_CAMPAIGN','/pauseCampaign'),(394,'BUSINESS_RESUME_CAMPAIGN','/resumeCampaign'),(395,'BUSINESS_STOP_CAMPAIGN','/stopCampaign'),(396,'BUSINESS_SMS_CAMPAIGN','/smsCampaign.html'),(397,'UPDATE_CAMPAIGN_NAME','/updateCampaignName'),(398,'BUSINESS_SOCIAL_MEDIA_PUBLISH_HTML','/businessSocialMediaPublish.html'),(399,'BUSINESS_SOCIAL_MEDIA_PUBLISH_SAVE','/socialMedia/schedule/saveAndPublish'),(400,'BUSINESS_SOCIAL_MEDIA_REPORT_HTML','/BusinessSocialMediaReport.html'),(401,'STORE_USER_HTML','/storeUser.html'),(402,'STORE_USER_SERVICE','/store/**/**/get'),(403,'TWITTER_STEPS_HTML','/twitterSteps.html'),(404,'FACEBOOK_STEPS_HTML','/facebookSteps.html'),(405,'BUSINESS_CREATE_SCHEDULE_HTML','/businessCreateSchedule.html'),(406,'BUSINESS_SEGMENTATION_QUIERY_BUILDER_HTML','/businessSegmentationQuieryBuilder.html'),(407,'META_NAME_HELPER_HTML','/metaNameHelper.html'),(408,'BUSINESS_SUCCESS_MESSAGE_HTML','/businessSuccessMessage.html'),(409,'HTML_TEMPLATE_EDITOR_HTML','/htmlTemplateEditor.html'),(410,'SHOW_DATE_FORMAT_SELECTOR_DIALOG_HTML','/showDateFormatSelectorDialog.html'),(411,'SURVEY_RESULTS_PREVIEW_DIALOG_HTML','/surveyResultPreviewDialogue.html'),(412,'REPORT_SCHEDULES_SERVICES','/report/schedules'),(413,'REPORT_CAMPAIGN_GRAPH','/report/campaignGraphReport'),(414,'ADMIN_SURVEY_LIST','/survey/getBusinessAdminSurveyList'),(415,'CREATE_SURVEY_HTML','/createSurvey.html'),(416,'JOB_SCHEDULE_UPDATE','/updateJobSchedule'),(417,'SCHEDULE_CALENDAR_REPORT','/getScheduleCalendarLogReports/**/**'),(418,'SCHEDULAR_PROPERTIES','/getScheuleProperties'),(419,'SCHEDULE_JOB_DETAILS_REPORT','/scheduleJobDetailsReport'),(420,'BIZ_CAMPAIGN_EDIT','/business/BusinessCampaignEdit.html'),(421,'CUSTOMER_PREFERENCE_GET','/customer/**/**/preference'),(422,'CUSTOMER_PREFERENCE_UPDATE','/customer/**/**/updatePreference'),(423,'ADDITIONAL_USER_FIELDS','/business/getAdditionalMetaData'),(424,'CHECK_IS_BUSINESS_USER','/user/check/isBusinessUser'),(425,'APPOINTMENT_TOPIC_RESPONSE','/appointment/book/topic'),(426,'TRANSACTION_TOPIC_RESPONSE','/transactions/topic/save'),(427,'CUSTOMER_TOPIC_RESPONSE','/customer/topic/save'),(428,'APPOINTMENT_CONFIRMATION_HTML','/appoinmentConfirmation.html'),(429,'SURVEY_STAISTICS','/surveySatistics.html'),(430,'GET_SURVEY_STATISTICS','/report/survey/**/satistics'),(431,'PAUSE_RESUME_UPLOAD_SCHEDULE','/pauseOrResumeUploadSchedule'),(432,'CUSTOMER_HIDED_FIELDS','/business/customerhidedfields'),(433,'DATA_UPLOAD_UPDATE_PROCESS_TIME','/dataupload/update/uploadTime'),(434,'SCHEDULE_JOB_DETAILS_FILTER','/scheduleFilter/getScheduleJobDetail'),(435,'DASHBOARD_BUSINESS_SUMMARY','/business/getBusinessCommunicationSummary'),(436,'STATISTICS_PERIOD','/getMonthPeriodEnum'),(437,'RESEND MAIL OR SMS','/search/resendMailOrSms'),(438,'COMMUNICATION LOGS IN CUSTOMER EDIT','/search/communicationLogWithCustomerIdentity'),(439,'SURVEY IN CUSTOMER EDIT','/report/survey/customerSurvey'),(440,'COMMUNICATION LOG IN CUSTOMER EDIT HTML','/customerEditCommmunicationLog.html'),(441,'SURVEY IN CUSTOMER EDIT HTML','/singleCustomerSurveyDetails.html'),(442,'GET_TRIGGER_JOB_LIST_FOR_SUPER_ADMIN','/getScheduleReportsForSupeAdmin'),(443,'GET_AUDIT_LOG','/activity/log'),(444,'GET_AUDIT_LOG','/auditLog.html'),(445,'GET_AUDIT_LOG','/activity/all'),(446,'GET_TEMPLATE_HISTORY_DATA','/getTemplateHistoryData'),(447,'REVIEW_PUBLISH_TO_SM','/report/survey/**/**/socialMediaPublish'),(448,'DEFAULT_REVIEW','/report/getDefaultReviewId'),(449,'GET_CAMPAIGN_SURVEY_LIST','/survey/getCampaignSurveyList'),(450,'CUSTOMER_ACTIVITY_EMAIL_SURVEY','/cutomerActivity/survey/email'),(451,'GET_RESOURCE_LIST','/resource/getResourceList/**'),(452,'SAVE_OR_UPDATE_RESOURCE','/resource/saveOrUpdate'),(453,'SAVE_OR_UPDATE_SERVICE','/resource/service/saveOrUpdate'),(454,'DELETE_RESOURCE','/resource/deleteResource/**'),(455,'DELETE_SERVICE','/resource/service/deleteService/**'),(456,'GET_SERVICE_LIST','/resource/service/getServiceList/**'),(457,'RESOURCE_MANAGEMENT_HTML','/resourceManagement.html'),(458,'SERVICE_MANAGEMENT_HTML','/serviceManagement.html'),(459,'GET_RESOURCE_PART_LIST','/resource/getResources/**/get'),(460,'GET_PART_RESOURCE_LIST','/resource/getServices/**/get'),(461,'SAVE_SERVICE_PART','/saveResourceServicePart'),(462,'GET_SERVICE_PART_LIST','/resource/part/getPartList/**'),(463,'SAVE_OR_UPDATE_SERVICE_PART','/resource/part/saveOrUpdate'),(464,'DELETE_SERVICE_PART','/resource/part/deletePart/**'),(465,'TOTAL_COUNT_FOR_SERVICE_PART','/resource/TotalPartCount/**'),(466,'SERVICE_PART_MANAGEMENT_HTML','/servicePartManagement.html'),(467,'RESOURCE_SERVICE_MAP','/resourceSeviceMap.html'),(468,'RESOURCE_SCHEDULE','/resourceSchedule.html'),(469,'CUSTOMER_ACTIVITY_EMAIL_SURVEY','/cutomerActivity/survey/email'),(470,'APPOINTMENT_AVAILABLE_TIMES_CHECK','/appointment/checkAvailability'),(471,'PRODUCT_HTML','/productsList.html'),(472,'PRODUCT_VARIANT_UPDATE','/productManagement/updateVariant'),(473,'GET_PRODUCT_LIST','/productManagement/getProductLists'),(474,'PROMOTION','/promotion.html'),(475,'PRODUCT','/product.html'),(476,'GET_INVOICE_NUMBER_NAME_BY_SUB_LIST_ID','/getTransactionInvoiceName/**'),(477,'GET_AVAILABLE_CURRENCY','/business/**/getcurrencys'),(478,'GET_BUSINESS_CURRENCY','/business/currency'),(479,'SAVE_USER_CURRENCY','/business/**/saveCurrency'),(480,'BOOK_APPOINTMENT','/AppointmentCalendarLog.html'),(481,'HIDEADDBILLINGSBUTTON','/customerDetails.html'),(482,'HIDEBOOKAPPOINTMENTBUTTON','/customerDetails.html'),(483,'GET_RESOURCE_TITLE','/ResouceTitle/get'),(484,'GET_ALL_USER_ROLE','/UserRole/getAllUserRole'),(485,'GET_RESOURCE_BY_NAME','/businessUser/getReportToName'),(486,'LEAD_DETAILS','/business/leadDetails.html'),(487,'UPDATE_CAMPAIGN_TYPE','/updateCampaignType/**');
/*!40000 ALTER TABLE `ACCESSABLE_PAGES` ENABLE KEYS */;
UNLOCK TABLES;

--
-- Table structure for table `ACTION_ENTITY`
--

DROP TABLE IF EXISTS `ACTION_ENTITY`;
/*!40101 SET @saved_cs_client     = @@character_set_client */;
/*!50503 SET character_set_client = utf8mb4 */;
CREATE TABLE `ACTION_ENTITY` (
  `ACTION_ID` int NOT NULL AUTO_INCREMENT,
  `RULE_ID` int NOT NULL,
  `SELECTED_FIELD` int NOT NULL,
  `TARGET_FIELD` int DEFAULT NULL,
  `CUSTOM_DATA` varchar(45) DEFAULT NULL,
  `IS_CUSTOM` tinyint(1) DEFAULT '0',
  `IS_DELETED` tinyint(1) DEFAULT '0',
  PRIMARY KEY (`ACTION_ID`),
  KEY `FK_SUBFILEMETADATA_idx` (`SELECTED_FIELD`),
  KEY `FK_TARGET_idx` (`TARGET_FIELD`),
  CONSTRAINT `FK_SUBFILEMETADATA` FOREIGN KEY (`SELECTED_FIELD`) REFERENCES `SUB_FILE_META_DATA` (`META_ID`),
  CONSTRAINT `FK_TARGET` FOREIGN KEY (`TARGET_FIELD`) REFERENCES `SUB_FILE_META_DATA` (`META_ID`)
) ENGINE=InnoDB DEFAULT CHARSET=utf8mb4 COLLATE=utf8mb4_0900_ai_ci;
/*!40101 SET character_set_client = @saved_cs_client */;

--
-- Dumping data for table `ACTION_ENTITY`
--

LOCK TABLES `ACTION_ENTITY` WRITE;
/*!40000 ALTER TABLE `ACTION_ENTITY` DISABLE KEYS */;
/*!40000 ALTER TABLE `ACTION_ENTITY` ENABLE KEYS */;
UNLOCK TABLES;

--
-- Table structure for table `AISCORE_TRANSPORT_SETTING`
--

DROP TABLE IF EXISTS `AISCORE_TRANSPORT_SETTING`;
/*!40101 SET @saved_cs_client     = @@character_set_client */;
/*!50503 SET character_set_client = utf8mb4 */;
CREATE TABLE `AISCORE_TRANSPORT_SETTING` (
  `AISCORE_TRANSPORT_ID` int NOT NULL AUTO_INCREMENT,
  `BUSINESS_NAME` varchar(45) DEFAULT NULL,
  `TRANSPORT` tinyint(1) unsigned zerofill DEFAULT NULL,
  `AISCORE` tinyint(1) unsigned zerofill DEFAULT NULL,
  `BUSINESS_ID` int DEFAULT NULL,
  PRIMARY KEY (`AISCORE_TRANSPORT_ID`),
  UNIQUE KEY `AISCORE_TRANSPORT_ID_UNIQUE` (`AISCORE_TRANSPORT_ID`),
  KEY `BUSINESS_ID_idx` (`BUSINESS_ID`),
  CONSTRAINT `BUSINESS_ID` FOREIGN KEY (`BUSINESS_ID`) REFERENCES `BUSINESS_DETAILS` (`BUSINESS_DETAIL_ID`)
) ENGINE=InnoDB AUTO_INCREMENT=2 DEFAULT CHARSET=latin1;
/*!40101 SET character_set_client = @saved_cs_client */;

--
-- Dumping data for table `AISCORE_TRANSPORT_SETTING`
--

LOCK TABLES `AISCORE_TRANSPORT_SETTING` WRITE;
/*!40000 ALTER TABLE `AISCORE_TRANSPORT_SETTING` DISABLE KEYS */;
INSERT INTO `AISCORE_TRANSPORT_SETTING` VALUES (1,'PTC',0,0,9);
/*!40000 ALTER TABLE `AISCORE_TRANSPORT_SETTING` ENABLE KEYS */;
UNLOCK TABLES;

--
-- Table structure for table `API_SECURITY`
--

DROP TABLE IF EXISTS `API_SECURITY`;
/*!40101 SET @saved_cs_client     = @@character_set_client */;
/*!50503 SET character_set_client = utf8mb4 */;
CREATE TABLE `API_SECURITY` (
  `SECURITY_ID` int NOT NULL AUTO_INCREMENT,
  `USER_ID` int NOT NULL,
  `API_KEY` varchar(600) NOT NULL,
  `EXPIRY_DATE` datetime NOT NULL,
  `CREATION_DATE` datetime NOT NULL,
  `LAST_MODIFIED_DATE` datetime DEFAULT NULL,
  `IS_DELETED` tinyint(1) NOT NULL DEFAULT '0',
  `IS_EXPIRED` tinyint(1) NOT NULL DEFAULT '0',
  PRIMARY KEY (`SECURITY_ID`),
  UNIQUE KEY `KEY_UNIQUE` (`API_KEY`),
  KEY `fk_API_SECURITY_USER_ID_1_idx` (`USER_ID`),
  CONSTRAINT `fk_API_SECURITY_USER_ID_1` FOREIGN KEY (`USER_ID`) REFERENCES `APP_USER` (`USER_ID`)
) ENGINE=InnoDB AUTO_INCREMENT=3 DEFAULT CHARSET=latin1;
/*!40101 SET character_set_client = @saved_cs_client */;

--
-- Dumping data for table `API_SECURITY`
--

LOCK TABLES `API_SECURITY` WRITE;
/*!40000 ALTER TABLE `API_SECURITY` DISABLE KEYS */;
INSERT INTO `API_SECURITY` VALUES (1,2,'eyJ1c2VybmFtZSI6InN5c3RlbSIsInRva2VuIjoiODRjOWZmNmQtZTllMy00MWUwLWI0MDctZmY5ZGQ5YjFmYWU4In0=','2111-01-01 01:01:01','2020-08-07 08:40:56','2020-08-07 08:40:56',0,0),(2,3,'eyJ1c2VybmFtZSI6Im1pbGFubyIsInRva2VuIjoiNzMyMDQ5NjYtM2NiMy00NGFkLWI5NDctOTU3YjliYWVmOTYwIn0=','2111-01-01 01:01:01','2020-08-07 08:40:56','2020-08-07 08:40:56',0,0);
/*!40000 ALTER TABLE `API_SECURITY` ENABLE KEYS */;
UNLOCK TABLES;

--
-- Table structure for table `APP_USER`
--

DROP TABLE IF EXISTS `APP_USER`;
/*!40101 SET @saved_cs_client     = @@character_set_client */;
/*!50503 SET character_set_client = utf8mb4 */;
CREATE TABLE `APP_USER` (
  `USER_ID` int NOT NULL AUTO_INCREMENT,
  `CREATION_DATE` datetime DEFAULT NULL,
  `MODIFIED_DATE` datetime DEFAULT NULL,
  `USER_EMAIL` varchar(45) DEFAULT NULL,
  `USER_NAME` varchar(45) NOT NULL,
  `USER_PHONE` varchar(45) DEFAULT NULL,
  `USER_TYPE` varchar(45) DEFAULT NULL,
  `PASSWORD` varchar(100) NOT NULL,
  `PROVIDER_ID` int NOT NULL DEFAULT '1',
  `IS_FIRST` tinyint NOT NULL DEFAULT '0',
  PRIMARY KEY (`USER_ID`),
  UNIQUE KEY `USER_NAME_UNIQUE` (`USER_NAME`),
  KEY `provider_id` (`PROVIDER_ID`),
  CONSTRAINT `provider_id` FOREIGN KEY (`PROVIDER_ID`) REFERENCES `PROVIDER` (`ID`)
) ENGINE=InnoDB AUTO_INCREMENT=164 DEFAULT CHARSET=latin1;
/*!40101 SET character_set_client = @saved_cs_client */;

--
-- Dumping data for table `APP_USER`
--

LOCK TABLES `APP_USER` WRITE;
/*!40000 ALTER TABLE `APP_USER` DISABLE KEYS */;
INSERT INTO `APP_USER` VALUES (1,'2015-05-05 07:10:00','2020-09-28 15:41:35','praveen@codeboardtech.com','admin','9710899887','ADMIN','$2a$10$wUuKU0UVx/QVXBVKrH/C2Oo2uWc25bBJBYDLsirIGhEfnh3zqNp6i',1,0),(2,'2020-08-07 08:40:56','2020-08-07 08:40:56','praveen@codeboardtech.com','system',NULL,'API','$2a$10$wUuKU0UVx/QVXBVKrH/C2Oo2uWc25bBJBYDLsirIGhEfnh3zqNp6i',1,1),(3,'2020-08-07 08:40:56','2020-08-07 08:40:56','praveen@codeboardtech.com','milano',NULL,'API','$2a$10$wUuKU0UVx/QVXBVKrH/C2Oo2uWc25bBJBYDLsirIGhEfnh3zqNp6i',1,0),(4,'2020-08-07 08:40:56','2022-02-08 10:22:50','praveen@codeboardtech.com','superadmin','9710899887','ADMIN','$2a$10$wUuKU0UVx/QVXBVKrH/C2Oo2uWc25bBJBYDLsirIGhEfnh3zqNp6i',2,1),(146,NULL,'2023-11-16 08:29:08','praveen.Kumaran@flokilabs.com','PTCAdmin',NULL,'BUSINESS_ADMIN','$2a$10$DmSDCmPg.DZCwuds73ri1OY4MR70QIs23cGRnUvDgn1lMCGj9fm7a',2,1),(149,'2023-11-16 08:39:32',NULL,'praveen.Kumaran@flokilabs.com','PTC','8825578116','BUSINESS_ADMIN','$2a$10$8QxTL3pSaOw9YY6AQKoM3eEZYt52669yL99DnZORNBpf.tD4FbPwu',2,1),(150,NULL,'2023-12-30 05:30:55','praveen.Kumaran@flokilabs.com','PTCAdminUser',NULL,'BUSINESS_USER','$2a$10$Stl1s2yDjSWtfwS1KNDdlO3CWMHAXcqe87bCa5uGjB/1xaKMMfClW',2,1),(151,NULL,'2023-12-24 21:08:11','rscayabyab@sscgi.com','ppgadmin',NULL,'BUSINESS_ADMIN','$2a$10$yssnRGeeEHpGRvWvvPYkOutfGJgAU5Ns1ip0Z7Gou723PtaNMIPJq',2,0),(152,NULL,'2024-01-01 23:25:35','praveen.kumaran@flokilabs.com','CRMUser',NULL,'BUSINESS_USER','$2a$10$iT2WElreh1KyVufMRbRzweh7W.3KEOnAs/cSATBmVNBai24wmLNie',2,0),(153,NULL,'2024-01-01 23:27:24','praveen.Kumaran@flokilabs.com','CMISUser',NULL,'BUSINESS_USER','$2a$10$oAGYrgbaAVcpKo5RlxSil.4OZAd7uK0kc2HzZvwHyLiW6CztRnsYO',2,1),(154,NULL,'2024-01-10 20:55:43','branchopsuser01@flokilabs.com','branchopsuser01',NULL,'BUSINESS_USER','$2a$10$gGHeioDxE499BXflbsr1ZOFu8yH5ezmwOJPXy0TQeRx/4f9AaPGDG',2,1),(155,NULL,'2024-01-04 18:52:08','branchopsuser02@flokilabs.com','branchopsuser02',NULL,'BUSINESS_USER','$2a$10$s123IZNGU9oS.5VA6ayD3uwQlgQv/d/U1RsB7WuOo0MthKOLz2gOG',2,1),(156,NULL,'2024-01-04 18:52:31','branchopsuser03@flokilabs.com','branchopsuser03',NULL,'BUSINESS_USER','$2a$10$hQHUTYZWbRR.9YsbLKv3NOY1/lLnEmubjHAyz8N3aUa02aKbEbXai',2,1),(157,NULL,'2024-01-04 18:52:47','branchopsuser04@flokilabs.com','branchopsuser04',NULL,'BUSINESS_USER','$2a$10$kjMJhzmYq4o86vweFbagb.Bf4Uo2BijgSXU/SkkjnRXEZ1/audlZ6',2,1),(158,NULL,'2024-01-04 18:52:58','branchopsuser05@flokilabs.com','branchopsuser05',NULL,'BUSINESS_USER','$2a$10$jsynP/WMPBk.uhu7WbMiPO0nu7z9GGLzoBH/eJu2I0hTcbk5qwU1q',2,1),(159,NULL,'2024-01-04 19:45:43','marketinguser01@flokilabs.com','marketinguser01',NULL,'BUSINESS_USER','$2a$10$.LmwomyDoyg1qq2Aq0j9M.8GFgjD0twbWAHiZrVzUxIXkPYSjVlDW',2,1),(160,NULL,'2024-01-04 19:46:58','marketinguser02@flokilabs.com','marketinguser02',NULL,'BUSINESS_USER','$2a$10$0jWqY5P57wADKNxGa2tcnemq6JWTTXBTeKdE58mmPrdnkWGFR4jOW',2,1),(161,NULL,'2024-01-04 19:47:10','marketinguser03@flokilabs.com','marketinguser03',NULL,'BUSINESS_USER','$2a$10$1G.Fduqs9YicuEJkz6JI2er1WqhiSHDo8jUjRezkhRTGhvXj8vXZG',2,1),(162,NULL,'2024-01-04 19:47:26','marketinguser04@flokilabs.com','marketinguser04',NULL,'BUSINESS_USER','$2a$10$kuNXefIRhfcBusfiKAIQ2eVUNXkwxADF1IyDqiDSvU4ji9IdblRGC',2,1),(163,NULL,'2024-01-04 19:52:17','marketinguser05@flokilabs.com','marketinguser05',NULL,'BUSINESS_USER','$2a$10$ZF4MSE9eTs90/KC6BTPC3OLmi6bxYq938Q0VO/e0NC1uGE7./Zkua',2,1);
/*!40000 ALTER TABLE `APP_USER` ENABLE KEYS */;
UNLOCK TABLES;

--
-- Table structure for table `BASE_META_DATA_MAP`
--

DROP TABLE IF EXISTS `BASE_META_DATA_MAP`;
/*!40101 SET @saved_cs_client     = @@character_set_client */;
/*!50503 SET character_set_client = utf8mb4 */;
CREATE TABLE `BASE_META_DATA_MAP` (
  `ID` int NOT NULL AUTO_INCREMENT,
  `META_NAME` varchar(50) NOT NULL,
  `REFERENCE_NAME` varchar(50) NOT NULL,
  `REFERENCE_VALUE` varchar(50) DEFAULT NULL,
  `FILE_TYPE` varchar(45) DEFAULT NULL,
  `API_PROVIDER_ID` int NOT NULL,
  `DATA_UPLOAD_TYPE` varchar(45) NOT NULL,
  `DATA_FORMAT` varchar(45) DEFAULT NULL,
  PRIMARY KEY (`ID`),
  KEY `fk_BASE_META_DATA_MAP_1_idx` (`API_PROVIDER_ID`),
  CONSTRAINT `fk_BASE_META_DATA_MAP_1` FOREIGN KEY (`API_PROVIDER_ID`) REFERENCES `PROVIDER` (`ID`)
) ENGINE=InnoDB AUTO_INCREMENT=361 DEFAULT CHARSET=latin1;
/*!40101 SET character_set_client = @saved_cs_client */;

--
-- Dumping data for table `BASE_META_DATA_MAP`
--

LOCK TABLES `BASE_META_DATA_MAP` WRITE;
/*!40000 ALTER TABLE `BASE_META_DATA_MAP` DISABLE KEYS */;
/*!40000 ALTER TABLE `BASE_META_DATA_MAP` ENABLE KEYS */;
UNLOCK TABLES;

--
-- Table structure for table `BASE_SERVICE_DETAIL`
--

DROP TABLE IF EXISTS `BASE_SERVICE_DETAIL`;
/*!40101 SET @saved_cs_client     = @@character_set_client */;
/*!50503 SET character_set_client = utf8mb4 */;
CREATE TABLE `BASE_SERVICE_DETAIL` (
  `ID` int NOT NULL AUTO_INCREMENT,
  `SERVICE_URL` varchar(500) NOT NULL,
  `API_PROVIDER_ID` int DEFAULT NULL,
  `FILE_TYPE` varchar(45) DEFAULT NULL,
  `DOMAIN` varchar(255) DEFAULT NULL,
  `DATE` datetime DEFAULT NULL,
  `IS_STORE_ID_REQUIRED` varchar(45) DEFAULT NULL,
  PRIMARY KEY (`ID`),
  KEY `fk_BASE_SERVICE_DETAIL_1_idx` (`API_PROVIDER_ID`),
  CONSTRAINT `fk_BASE_SERVICE_DETAIL_1` FOREIGN KEY (`API_PROVIDER_ID`) REFERENCES `PROVIDER` (`ID`)
) ENGINE=InnoDB AUTO_INCREMENT=4 DEFAULT CHARSET=latin1;
/*!40101 SET character_set_client = @saved_cs_client */;

--
-- Dumping data for table `BASE_SERVICE_DETAIL`
--

LOCK TABLES `BASE_SERVICE_DETAIL` WRITE;
/*!40000 ALTER TABLE `BASE_SERVICE_DETAIL` DISABLE KEYS */;
INSERT INTO `BASE_SERVICE_DETAIL` VALUES (1,'http://milanodata.milanoconnect.com:9057/api/MClient',1,'CUSTOMER','MILANOSUPPORT','2020-08-07 08:41:04','0'),(2,'http://milanodata.milanoconnect.com:9057/api/MilanoConnectAppointment',1,'APPOINTMENT','MILANOCONNECT','2020-08-07 08:41:04','1'),(3,'http://milanodata.milanoconnect.com:9057/api/MSaleHist',1,'TRANSACTION','MILANOSUPPORT','2020-08-07 08:41:04','0');
/*!40000 ALTER TABLE `BASE_SERVICE_DETAIL` ENABLE KEYS */;
UNLOCK TABLES;

--
-- Table structure for table `BIZ_STOREID_MAP`
--

DROP TABLE IF EXISTS `BIZ_STOREID_MAP`;
/*!40101 SET @saved_cs_client     = @@character_set_client */;
/*!50503 SET character_set_client = utf8mb4 */;
CREATE TABLE `BIZ_STOREID_MAP` (
  `ID` int NOT NULL AUTO_INCREMENT,
  `BUSINESS_DETAIL_ID` int DEFAULT NULL,
  `STORE_ID` varchar(45) NOT NULL,
  PRIMARY KEY (`ID`),
  UNIQUE KEY `ID_UNIQUE` (`ID`),
  UNIQUE KEY `BIZ_STOREID_UNIQUE` (`BUSINESS_DETAIL_ID`,`STORE_ID`),
  CONSTRAINT `FK_businessidmap` FOREIGN KEY (`BUSINESS_DETAIL_ID`) REFERENCES `BUSINESS_DETAILS` (`BUSINESS_DETAIL_ID`)
) ENGINE=InnoDB DEFAULT CHARSET=latin1;
/*!40101 SET character_set_client = @saved_cs_client */;

--
-- Dumping data for table `BIZ_STOREID_MAP`
--

LOCK TABLES `BIZ_STOREID_MAP` WRITE;
/*!40000 ALTER TABLE `BIZ_STOREID_MAP` DISABLE KEYS */;
/*!40000 ALTER TABLE `BIZ_STOREID_MAP` ENABLE KEYS */;
UNLOCK TABLES;

--
-- Table structure for table `BUSINESS_AGGREGATIONS`
--

DROP TABLE IF EXISTS `BUSINESS_AGGREGATIONS`;
/*!40101 SET @saved_cs_client     = @@character_set_client */;
/*!50503 SET character_set_client = utf8mb4 */;
CREATE TABLE `BUSINESS_AGGREGATIONS` (
  `BUSINESS_AGGREGATION_ID` int NOT NULL AUTO_INCREMENT,
  `BUSINESS_TYPE` varchar(45) NOT NULL,
  `AGGREGATION_COLUMN_NAME` varchar(45) NOT NULL,
  `AGGREGATION_TYPE` varchar(45) NOT NULL,
  PRIMARY KEY (`BUSINESS_AGGREGATION_ID`)
) ENGINE=InnoDB AUTO_INCREMENT=8 DEFAULT CHARSET=latin1;
/*!40101 SET character_set_client = @saved_cs_client */;

--
-- Dumping data for table `BUSINESS_AGGREGATIONS`
--

LOCK TABLES `BUSINESS_AGGREGATIONS` WRITE;
/*!40000 ALTER TABLE `BUSINESS_AGGREGATIONS` DISABLE KEYS */;
INSERT INTO `BUSINESS_AGGREGATIONS` VALUES (1,'TRANSACTION','Sum Of Bill Amount','sum'),(2,'TRANSACTION','Total Number Of Transactions','count'),(3,'TRANSACTION','First Transaction Date','min'),(4,'TRANSACTION','Recent Transaction Date','max'),(5,'TRANSACTION','Average Bill Amount','avg'),(6,'TRANSACTION','Maximum Bill Amount','max'),(7,'TRANSACTION','Minimum Bill Amount','min');
/*!40000 ALTER TABLE `BUSINESS_AGGREGATIONS` ENABLE KEYS */;
UNLOCK TABLES;

--
-- Table structure for table `BUSINESS_API_PROVIDER_SETTING`
--

DROP TABLE IF EXISTS `BUSINESS_API_PROVIDER_SETTING`;
/*!40101 SET @saved_cs_client     = @@character_set_client */;
/*!50503 SET character_set_client = utf8mb4 */;
CREATE TABLE `BUSINESS_API_PROVIDER_SETTING` (
  `id` int NOT NULL AUTO_INCREMENT,
  `SETTING_NAME` varchar(45) NOT NULL,
  `TYPE` varchar(45) DEFAULT NULL,
  `VALUE` varchar(45) NOT NULL,
  `API_PROVIDER_ID` int NOT NULL,
  PRIMARY KEY (`id`),
  KEY `fk_api_provider_id_idx` (`API_PROVIDER_ID`),
  CONSTRAINT `fk_api_provider_id` FOREIGN KEY (`API_PROVIDER_ID`) REFERENCES `PROVIDER` (`ID`)
) ENGINE=InnoDB AUTO_INCREMENT=9 DEFAULT CHARSET=latin1;
/*!40101 SET character_set_client = @saved_cs_client */;

--
-- Dumping data for table `BUSINESS_API_PROVIDER_SETTING`
--

LOCK TABLES `BUSINESS_API_PROVIDER_SETTING` WRITE;
/*!40000 ALTER TABLE `BUSINESS_API_PROVIDER_SETTING` DISABLE KEYS */;
INSERT INTO `BUSINESS_API_PROVIDER_SETTING` VALUES (1,'IDENTITY','CUSTOMER','yes',1),(2,'ClientQuickAdd','CUSTOMER','firstName,lastName,phoneNumber,Email',1),(3,'IS_ORIGINATED_STORE_VALUE_PROVIDER_BASED','CUSTOMER','true',1),(4,'CUSTOMER_API_SYSTEM_GENRATED','CUSTOMER','Id,ClientCode',1),(5,'IDENTITY','CUSTOMER','yes',2),(6,'ClientQuickAdd','CUSTOMER','firstName,lastName,phoneNumber,Email',2),(7,'IS_ORIGINATED_STORE_VALUE_PROVIDER_BASED','CUSTOMER','false',2),(8,'CUSTOMER_API_SYSTEM_GENRATED','CUSTOMER','Id',2);
/*!40000 ALTER TABLE `BUSINESS_API_PROVIDER_SETTING` ENABLE KEYS */;
UNLOCK TABLES;

--
-- Table structure for table `BUSINESS_DETAILS`
--

DROP TABLE IF EXISTS `BUSINESS_DETAILS`;
/*!40101 SET @saved_cs_client     = @@character_set_client */;
/*!50503 SET character_set_client = utf8mb4 */;
CREATE TABLE `BUSINESS_DETAILS` (
  `BUSINESS_DETAIL_ID` int NOT NULL AUTO_INCREMENT,
  `BUSINESS_NAME` varchar(45) NOT NULL,
  `LOGO_URL` varchar(300) DEFAULT NULL,
  `MODEL_ID` int NOT NULL,
  `API_PROVIDER_ID` int DEFAULT NULL,
  PRIMARY KEY (`BUSINESS_DETAIL_ID`),
  KEY `fk_business_details_model_id` (`MODEL_ID`),
  KEY `fk_api_provider_idx` (`API_PROVIDER_ID`),
  CONSTRAINT `fk_api_provider` FOREIGN KEY (`API_PROVIDER_ID`) REFERENCES `PROVIDER` (`ID`),
  CONSTRAINT `fk_business_details_model_id` FOREIGN KEY (`MODEL_ID`) REFERENCES `BUSINESS_MODEL` (`MODEL_ID`)
) ENGINE=InnoDB AUTO_INCREMENT=10 DEFAULT CHARSET=latin1;
/*!40101 SET character_set_client = @saved_cs_client */;

--
-- Dumping data for table `BUSINESS_DETAILS`
--

LOCK TABLES `BUSINESS_DETAILS` WRITE;
/*!40000 ALTER TABLE `BUSINESS_DETAILS` DISABLE KEYS */;
INSERT INTO `BUSINESS_DETAILS` VALUES (9,'PTC','http://mr403s0332d.palawangroup.com:4200/getDynamicImageFile?dynamicImageId=eyJ1c2VySWQiOjE1MCwicmFuZG9tSWQiOiJlNmU0OGNlOC0zNjY3LTQ0YTQtODY4OS0yODg0NWIzZjNjYzcifQ==',4,2);
/*!40000 ALTER TABLE `BUSINESS_DETAILS` ENABLE KEYS */;
UNLOCK TABLES;

--
-- Table structure for table `BUSINESS_HIERARCHY`
--

DROP TABLE IF EXISTS `BUSINESS_HIERARCHY`;
/*!40101 SET @saved_cs_client     = @@character_set_client */;
/*!50503 SET character_set_client = utf8mb4 */;
CREATE TABLE `BUSINESS_HIERARCHY` (
  `BUSINESS_HIERARCHY_ID` int NOT NULL AUTO_INCREMENT,
  `BUSINESS_NAME` varchar(45) DEFAULT NULL,
  `PARENT_BUSINESS_ID` int DEFAULT NULL,
  `RESOURCE_ID` int DEFAULT NULL,
  `BUSINESS_ID` int DEFAULT NULL,
  `TOP_MOSTED` tinyint DEFAULT '0',
  `IS_DELETED` tinyint DEFAULT '0',
  PRIMARY KEY (`BUSINESS_HIERARCHY_ID`),
  KEY `business_details_fk_idx` (`BUSINESS_ID`),
  KEY `resource_fk_idx` (`RESOURCE_ID`),
  KEY `parent_business_hierarchy_fk_idx` (`PARENT_BUSINESS_ID`),
  CONSTRAINT `business_details_fk` FOREIGN KEY (`BUSINESS_ID`) REFERENCES `BUSINESS_DETAILS` (`BUSINESS_DETAIL_ID`),
  CONSTRAINT `parent_business_hierarchy_fk` FOREIGN KEY (`PARENT_BUSINESS_ID`) REFERENCES `BUSINESS_HIERARCHY` (`BUSINESS_HIERARCHY_ID`),
  CONSTRAINT `resource_id_fk` FOREIGN KEY (`RESOURCE_ID`) REFERENCES `RESOURCE` (`RESOURCE_ID`)
) ENGINE=InnoDB AUTO_INCREMENT=24 DEFAULT CHARSET=utf8mb4 COLLATE=utf8mb4_0900_ai_ci;
/*!40101 SET character_set_client = @saved_cs_client */;

--
-- Dumping data for table `BUSINESS_HIERARCHY`
--

LOCK TABLES `BUSINESS_HIERARCHY` WRITE;
/*!40000 ALTER TABLE `BUSINESS_HIERARCHY` DISABLE KEYS */;
INSERT INTO `BUSINESS_HIERARCHY` VALUES (22,'PTC',NULL,NULL,9,0,1),(23,'CRM',22,132,9,1,0);
/*!40000 ALTER TABLE `BUSINESS_HIERARCHY` ENABLE KEYS */;
UNLOCK TABLES;

--
-- Table structure for table `BUSINESS_LABELS`
--

DROP TABLE IF EXISTS `BUSINESS_LABELS`;
/*!40101 SET @saved_cs_client     = @@character_set_client */;
/*!50503 SET character_set_client = utf8mb4 */;
CREATE TABLE `BUSINESS_LABELS` (
  `ID` int NOT NULL AUTO_INCREMENT,
  `LABEL_ID` int NOT NULL,
  `BUSINESS_LABEL_VALUE` varchar(45) NOT NULL,
  `MODEL_ID` int NOT NULL,
  PRIMARY KEY (`ID`),
  KEY `fk_business_model_label_idx` (`LABEL_ID`),
  KEY `fk_model_id_idx` (`MODEL_ID`),
  CONSTRAINT `fk_business_model_label` FOREIGN KEY (`LABEL_ID`) REFERENCES `BUSINESS_MODEL_LABELS` (`ID`),
  CONSTRAINT `fk_model_id` FOREIGN KEY (`MODEL_ID`) REFERENCES `BUSINESS_MODEL` (`MODEL_ID`)
) ENGINE=InnoDB AUTO_INCREMENT=16 DEFAULT CHARSET=latin1;
/*!40101 SET character_set_client = @saved_cs_client */;

--
-- Dumping data for table `BUSINESS_LABELS`
--

LOCK TABLES `BUSINESS_LABELS` WRITE;
/*!40000 ALTER TABLE `BUSINESS_LABELS` DISABLE KEYS */;
INSERT INTO `BUSINESS_LABELS` VALUES (1,1,'Customer',1),(2,2,'Billing',1),(3,1,'Patient',2),(4,2,'Billing',2),(5,1,'Customer',3),(6,2,'Billing',3),(7,3,'Id',2),(8,4,'Doctor Id',2),(9,5,'Doctor Name',2),(10,6,'Appointment',1),(11,6,'Appointment',2),(12,6,'Appointment',3),(13,1,'Customer',4),(14,2,'Billing',4),(15,6,'Appointment',4);
/*!40000 ALTER TABLE `BUSINESS_LABELS` ENABLE KEYS */;
UNLOCK TABLES;

--
-- Table structure for table `BUSINESS_LIST_MAP`
--

DROP TABLE IF EXISTS `BUSINESS_LIST_MAP`;
/*!40101 SET @saved_cs_client     = @@character_set_client */;
/*!50503 SET character_set_client = utf8mb4 */;
CREATE TABLE `BUSINESS_LIST_MAP` (
  `LIST_MAP_ID` int NOT NULL AUTO_INCREMENT,
  `LIST_ID` int NOT NULL,
  `BUSINESS_DATA_TYPE` varchar(20) NOT NULL COMMENT '1) CUSTOMER DETAILS\n2) TRANSACTION DETAILS',
  `BUSINESS_DETAILS_ID` int NOT NULL,
  PRIMARY KEY (`LIST_MAP_ID`),
  KEY `fk_BUSINESS_LIST_MAP_1_idx` (`BUSINESS_DETAILS_ID`),
  KEY `fk_BUSINESS_LIST_MAP_2_idx` (`LIST_ID`),
  CONSTRAINT `fk_BUSINESS_LIST_MAP_1` FOREIGN KEY (`BUSINESS_DETAILS_ID`) REFERENCES `BUSINESS_DETAILS` (`BUSINESS_DETAIL_ID`),
  CONSTRAINT `fk_BUSINESS_LIST_MAP_2` FOREIGN KEY (`LIST_ID`) REFERENCES `SUB_LIST` (`LIST_ID`)
) ENGINE=InnoDB AUTO_INCREMENT=88 DEFAULT CHARSET=latin1;
/*!40101 SET character_set_client = @saved_cs_client */;

--
-- Dumping data for table `BUSINESS_LIST_MAP`
--

LOCK TABLES `BUSINESS_LIST_MAP` WRITE;
/*!40000 ALTER TABLE `BUSINESS_LIST_MAP` DISABLE KEYS */;
INSERT INTO `BUSINESS_LIST_MAP` VALUES (75,76,'CUSTOMER',9),(76,77,'TRANSACTION',9),(77,78,'APPOINTMENT',9),(78,79,'LEAD_CARRIER',9),(79,80,'LEAD_VENDOR',9),(80,81,'VENDOR',9),(81,82,'CARRIER',9),(82,83,'CONTACT',9),(83,84,'OPPORTUNITY',9),(84,85,'LEAD',9),(85,86,'TICKETS',9),(86,87,'PRODUCT',9),(87,88,'PURCHASED_PRODUCT',9);
/*!40000 ALTER TABLE `BUSINESS_LIST_MAP` ENABLE KEYS */;
UNLOCK TABLES;

--
-- Table structure for table `BUSINESS_LIST_RELATION`
--

DROP TABLE IF EXISTS `BUSINESS_LIST_RELATION`;
/*!40101 SET @saved_cs_client     = @@character_set_client */;
/*!50503 SET character_set_client = utf8mb4 */;
CREATE TABLE `BUSINESS_LIST_RELATION` (
  `RELATION_ID` int NOT NULL AUTO_INCREMENT,
  `FROM_COLLECTION_NAME` varchar(450) NOT NULL,
  `TO_COLLECTION_NAME` varchar(450) NOT NULL,
  `PRIMARY_KEY_FIELD_NAME` varchar(45) NOT NULL,
  `FOREIGN_KEY_FIELD_NAME` varchar(45) NOT NULL,
  `IS_DELETED` tinyint(1) NOT NULL DEFAULT '0',
  PRIMARY KEY (`RELATION_ID`)
) ENGINE=InnoDB AUTO_INCREMENT=80 DEFAULT CHARSET=latin1;
/*!40101 SET character_set_client = @saved_cs_client */;

--
-- Dumping data for table `BUSINESS_LIST_RELATION`
--

LOCK TABLES `BUSINESS_LIST_RELATION` WRITE;
/*!40000 ALTER TABLE `BUSINESS_LIST_RELATION` DISABLE KEYS */;
INSERT INTO `BUSINESS_LIST_RELATION` VALUES (1,'LEAD','OPPORTUNITY','_id','Lead/Account',0),(5,'LEAD','CONTACT','_id','Reporting To',0),(13,'CUSTOMER','OPPORTUNITY','_id','Lead/Account',0),(14,'CUSTOMER','LEAD','LeadId','_id',0),(15,'CUSTOMER','CONTACT','_id','Account Name',0),(16,'CUSTOMER','PRODUCT','_id','Reporting To',0),(17,'CUSTOMER','TICKETS','_id','Requested By',0),(69,'LEAD','CUSTOMER','_id','LeadId',0),(70,'OPPORTUNITY','CUSTOMER','Lead/Account','_id',0),(71,'OPPORTUNITY','LEAD','Lead/Account','_id',0),(72,'OPPORTUNITY','CONTACT','Contact Name','_id',0),(73,'OPPORTUNITY','Product','Product','_id',0),(74,'PRODUCT','OPPORTUNITY','_id','Product',0),(75,'CUSTOMER','PURCHASED_PRODUCT','_id','Account',0),(76,'LEAD','TICKETS','_id','Requested By',0),(77,'TICKETS','LEAD','Requested By','_id',0),(78,'TICKETS','CUSTOMER','Requested By','_id',0),(79,'PURCHASED_PRODUCT','CUSTOMER','Account','_id',0);
/*!40000 ALTER TABLE `BUSINESS_LIST_RELATION` ENABLE KEYS */;
UNLOCK TABLES;

--
-- Table structure for table `BUSINESS_MEETING_CONFIG`
--

DROP TABLE IF EXISTS `BUSINESS_MEETING_CONFIG`;
/*!40101 SET @saved_cs_client     = @@character_set_client */;
/*!50503 SET character_set_client = utf8mb4 */;
CREATE TABLE `BUSINESS_MEETING_CONFIG` (
  `BUSINESS_MEETING_CONFIG_ID` int NOT NULL AUTO_INCREMENT,
  `BUSINESS_DETAIL_ID` int DEFAULT NULL,
  `MEETING_CONFIG_FROM` varchar(200) DEFAULT NULL,
  `APPLICATION_NAME` varchar(200) DEFAULT NULL,
  `CLIENT_ID` varchar(300) DEFAULT NULL,
  `OBJECT_ID` varchar(300) DEFAULT NULL,
  `TENANT_ID` varchar(300) DEFAULT NULL,
  `CLIENT_SECRET_ID` varchar(300) DEFAULT NULL,
  `REDIRECT_URI` varchar(300) DEFAULT NULL,
  `IS_DELETED` tinyint(1) DEFAULT '0',
  PRIMARY KEY (`BUSINESS_MEETING_CONFIG_ID`)
) ENGINE=InnoDB AUTO_INCREMENT=6 DEFAULT CHARSET=utf8mb4 COLLATE=utf8mb4_0900_ai_ci;
/*!40101 SET character_set_client = @saved_cs_client */;

--
-- Dumping data for table `BUSINESS_MEETING_CONFIG`
--

LOCK TABLES `BUSINESS_MEETING_CONFIG` WRITE;
/*!40000 ALTER TABLE `BUSINESS_MEETING_CONFIG` DISABLE KEYS */;
INSERT INTO `BUSINESS_MEETING_CONFIG` VALUES (3,9,'Microsofe Azure','sample crm teams intergration','5160f011-a27a-4b02-a85e-664e760ab444','3609a53b-ade8-42c6-bbdb-38765191a20b','ff45a176-ec55-4980-9c8b-ed2a29cd2835','pWZ7Q~BfjFN1TXmrofwCnwkIxnDn-pBeKSTdD','https://recruitment.codeboardtech.net/meeting/testMeeting',0);
/*!40000 ALTER TABLE `BUSINESS_MEETING_CONFIG` ENABLE KEYS */;
UNLOCK TABLES;

--
-- Table structure for table `BUSINESS_META_DATA_MAP`
--

DROP TABLE IF EXISTS `BUSINESS_META_DATA_MAP`;
/*!40101 SET @saved_cs_client     = @@character_set_client */;
/*!50503 SET character_set_client = utf8mb4 */;
CREATE TABLE `BUSINESS_META_DATA_MAP` (
  `MAP_ID` int NOT NULL AUTO_INCREMENT,
  `BUSINESS_LIST_MAP_ID` int NOT NULL,
  `BUSINESS_REF_NAME` varchar(45) NOT NULL,
  `BUSINESS_REF_VALUE` varchar(45) DEFAULT NULL,
  `META_ID` int NOT NULL,
  `DATA_UPLOAD_TYPE` varchar(10) DEFAULT NULL COMMENT 'FILE, SERVICE',
  PRIMARY KEY (`MAP_ID`),
  UNIQUE KEY `business_upload_type_meta_key` (`BUSINESS_LIST_MAP_ID`,`META_ID`,`DATA_UPLOAD_TYPE`),
  KEY `fk_BUSINESS_META_DATA_MAP_1_idx` (`BUSINESS_LIST_MAP_ID`),
  KEY `fk_BUSINESS_META_DATA_MAP_2_idx` (`META_ID`),
  CONSTRAINT `fk_BUSINESS_META_DATA_MAP_1` FOREIGN KEY (`BUSINESS_LIST_MAP_ID`) REFERENCES `BUSINESS_LIST_MAP` (`LIST_MAP_ID`),
  CONSTRAINT `fk_BUSINESS_META_DATA_MAP_2` FOREIGN KEY (`META_ID`) REFERENCES `SUB_FILE_META_DATA` (`META_ID`)
) ENGINE=InnoDB AUTO_INCREMENT=2277 DEFAULT CHARSET=latin1;
/*!40101 SET character_set_client = @saved_cs_client */;

--
-- Dumping data for table `BUSINESS_META_DATA_MAP`
--

LOCK TABLES `BUSINESS_META_DATA_MAP` WRITE;
/*!40000 ALTER TABLE `BUSINESS_META_DATA_MAP` DISABLE KEYS */;
INSERT INTO `BUSINESS_META_DATA_MAP` VALUES (2193,75,'FIRSTNAME',NULL,2255,'FILE'),(2194,75,'PPG_PROVINCE',NULL,2263,'FILE'),(2195,75,'OCCUPATION',NULL,2262,'FILE'),(2196,75,'CIVILSTATUS',NULL,2260,'FILE'),(2197,75,'GENDER',NULL,2259,'FILE'),(2198,75,'DATEOFBIRTH',NULL,2258,'FILE'),(2199,75,'SUFFIX',NULL,2257,'FILE'),(2200,75,'MIDDLENAME',NULL,2256,'FILE'),(2201,75,'PPG_COUNTRY',NULL,2264,'FILE'),(2202,75,'LASTNAME',NULL,2254,'FILE'),(2203,75,'SUKI_CARD_NUMBER',NULL,2253,'FILE'),(2204,75,'CONTACT_DETAILS',NULL,2043,'FILE'),(2205,75,'BIZ_ID',NULL,2039,'FILE'),(2206,75,'SOURCEOFFUND',NULL,2265,'FILE'),(2207,75,'INDUSTRYTYPE',NULL,2266,'FILE'),(2208,75,'POSITIONS',NULL,2267,'FILE'),(2209,75,'NAMEOFEMPLOYER',NULL,2268,'FILE'),(2210,75,'MONTHLYINCOME',NULL,2269,'FILE'),(2211,75,'PRIMARYIDTYPE',NULL,2270,'FILE'),(2212,75,'PRIMARYID',NULL,2271,'FILE'),(2213,75,'ISSUEDATE',NULL,2272,'FILE'),(2214,75,'EXPIRYDATE',NULL,2273,'FILE'),(2215,75,'BRANCHCODE',NULL,2274,'FILE'),(2216,75,'LOAD_DT',NULL,2275,'FILE'),(2217,75,'PPG_CITY_MUNICIPALITY',NULL,2276,'FILE'),(2218,75,'PPG_HOMEADD',NULL,2277,'FILE'),(2219,75,'COMPANYADDRESS',NULL,2278,'FILE'),(2220,75,'EMAIL',NULL,2023,'FILE'),(2221,75,'CUSTOMER_ID',NULL,2251,'FILE'),(2222,84,'BIZ_ID',NULL,2193,'FILE'),(2223,84,'FIRSTNAME',NULL,2156,'FILE'),(2224,84,'ID',NULL,2182,'FILE'),(2227,84,'',NULL,2312,'FILE'),(2228,75,'CUSTOMER_TYPE',NULL,2281,'FILE'),(2229,75,'BIRTHPLACE',NULL,2286,'FILE'),(2230,75,'MOTHER_MAIDENNAME',NULL,2363,'FILE'),(2231,75,'NATIONALITY',NULL,2288,'FILE'),(2232,75,'IS_PEP',NULL,2298,'FILE'),(2233,75,'IS_MINOR',NULL,2287,'FILE'),(2234,75,'LANDLINE_NO',NULL,2294,'FILE'),(2235,75,'LOAD_DT_1',NULL,2360,'FILE'),(2236,75,'HASH_1',NULL,2392,'FILE'),(2237,75,'HASH_2',NULL,2393,'FILE'),(2238,75,'ID',NULL,2033,'FILE'),(2239,84,'EMAIL',NULL,2179,'FILE'),(2240,84,'HASH_1',NULL,2390,'FILE'),(2241,84,'HASH_2',NULL,2391,'FILE'),(2242,84,'CUSTOMER_ID',NULL,2251,'FILE'),(2243,84,'SUKI_CARD_NUMBER',NULL,2314,'FILE'),(2244,84,'MIDDLENAME',NULL,2317,'FILE'),(2245,84,'SUFFIX',NULL,2320,'FILE'),(2246,84,'DATEOFBIRTH',NULL,2322,'FILE'),(2247,84,'BIRTHPLACE',NULL,2323,'FILE'),(2248,84,'GENDER',NULL,2325,'FILE'),(2249,84,'CIVILSTATUS',NULL,2326,'FILE'),(2250,84,'NATIONALITY',NULL,2327,'FILE'),(2251,84,'MOTHER_MAIDENNAME',NULL,2329,'FILE'),(2252,84,'LANDLINE_NO',NULL,2336,'FILE'),(2253,84,'BRANCHCODE',NULL,2349,'FILE'),(2254,84,'SOURCEOFFUND',NULL,2379,'FILE'),(2255,84,'INDUSTRYTYPE',NULL,2381,'FILE'),(2256,84,'LASTNAME',NULL,2157,'FILE'),(2257,75,'GEN_ID',NULL,2396,'FILE'),(2258,84,'IS_MINOR',NULL,2324,'FILE'),(2259,84,'IS_PEP',NULL,2338,'FILE'),(2260,84,'PRIMARYIDTYPE',NULL,2339,'FILE'),(2261,84,'PRIMARYID',NULL,2340,'FILE'),(2262,84,'ISSUEDATE',NULL,2341,'FILE'),(2263,84,'EXPIRYDATE',NULL,2342,'FILE'),(2264,84,'LOAD_DT_1',NULL,2353,'FILE'),(2265,84,'LOAD_DT',NULL,2357,'FILE'),(2266,84,'PPG_PROVINCE',NULL,2370,'FILE'),(2267,84,'PPG_HOMEADD',NULL,2372,'FILE'),(2268,84,'PPG_CITY_MUNICIPALITY',NULL,2374,'FILE'),(2269,84,'MONTHLYINCOME',NULL,2387,'FILE'),(2270,84,'GEN_ID',NULL,2395,'FILE'),(2271,84,'CUSTOMER_TYPE',NULL,2318,'FILE'),(2272,84,'POSITIONS',NULL,2383,'FILE'),(2273,84,'NAMEOFEMPLOYER',NULL,2384,'FILE'),(2274,84,'COMPANYADDRESS',NULL,2386,'FILE'),(2275,84,'PPG_COUNTRY',NULL,2375,'FILE'),(2276,84,'OCCUPATION',NULL,2397,'FILE');
/*!40000 ALTER TABLE `BUSINESS_META_DATA_MAP` ENABLE KEYS */;
UNLOCK TABLES;

--
-- Table structure for table `BUSINESS_MODEL`
--

DROP TABLE IF EXISTS `BUSINESS_MODEL`;
/*!40101 SET @saved_cs_client     = @@character_set_client */;
/*!50503 SET character_set_client = utf8mb4 */;
CREATE TABLE `BUSINESS_MODEL` (
  `MODEL_ID` int NOT NULL AUTO_INCREMENT,
  `MODEL_NAME` varchar(55) NOT NULL,
  PRIMARY KEY (`MODEL_ID`)
) ENGINE=InnoDB AUTO_INCREMENT=5 DEFAULT CHARSET=latin1;
/*!40101 SET character_set_client = @saved_cs_client */;

--
-- Dumping data for table `BUSINESS_MODEL`
--

LOCK TABLES `BUSINESS_MODEL` WRITE;
/*!40000 ALTER TABLE `BUSINESS_MODEL` DISABLE KEYS */;
INSERT INTO `BUSINESS_MODEL` VALUES (1,'SALOON'),(2,'CLINIC'),(3,'IT SERVICES'),(4,'CRM');
/*!40000 ALTER TABLE `BUSINESS_MODEL` ENABLE KEYS */;
UNLOCK TABLES;

--
-- Table structure for table `BUSINESS_MODEL_COLUMN`
--

DROP TABLE IF EXISTS `BUSINESS_MODEL_COLUMN`;
/*!40101 SET @saved_cs_client     = @@character_set_client */;
/*!50503 SET character_set_client = utf8mb4 */;
CREATE TABLE `BUSINESS_MODEL_COLUMN` (
  `MODEL_COLUMN_ID` int NOT NULL AUTO_INCREMENT,
  `BUSINESS_MODEL_ID` int NOT NULL,
  `BUSINESS_TYPE` varchar(45) NOT NULL,
  `COLUMN_NAME` varchar(45) NOT NULL,
  `COLUMN_POSITION` int NOT NULL,
  `COLUMN_TYPE_ID` int NOT NULL,
  `DEFAULT_DATE_FORMAT` varchar(45) DEFAULT NULL,
  `PROVIDER_ID` int NOT NULL,
  `IS_DELETED` tinyint(1) NOT NULL DEFAULT '0',
  `IS_USER_FIELD` tinyint(1) NOT NULL DEFAULT '1',
  PRIMARY KEY (`MODEL_COLUMN_ID`),
  KEY `fk_BUSINESS_MODEL_COLUMN_MODEL_ID_idx` (`BUSINESS_MODEL_ID`),
  KEY `fk_BUSINESS_MODEL_COLUMN_COLUMN_TYPE_ID_idx` (`COLUMN_TYPE_ID`),
  KEY `fk_BUSINESS_MODEL_COLUMN_PROVIDER_ID_idx` (`PROVIDER_ID`),
  CONSTRAINT `fk_BUSINESS_MODEL_COLUMN_COLUMN_TYPE_ID` FOREIGN KEY (`COLUMN_TYPE_ID`) REFERENCES `COLUMN_TYPE` (`COLUMN_TYPE_ID`),
  CONSTRAINT `fk_BUSINESS_MODEL_COLUMN_MODEL_ID` FOREIGN KEY (`BUSINESS_MODEL_ID`) REFERENCES `BUSINESS_MODEL` (`MODEL_ID`),
  CONSTRAINT `fk_BUSINESS_MODEL_PROVIDER_ID` FOREIGN KEY (`PROVIDER_ID`) REFERENCES `PROVIDER` (`ID`)
) ENGINE=InnoDB AUTO_INCREMENT=540 DEFAULT CHARSET=latin1;
/*!40101 SET character_set_client = @saved_cs_client */;

--
-- Dumping data for table `BUSINESS_MODEL_COLUMN`
--

LOCK TABLES `BUSINESS_MODEL_COLUMN` WRITE;
/*!40000 ALTER TABLE `BUSINESS_MODEL_COLUMN` DISABLE KEYS */;
INSERT INTO `BUSINESS_MODEL_COLUMN` VALUES (1,1,'CUSTOMER','First Name',1,1,NULL,1,0,1),(2,1,'CUSTOMER','Last Name',2,1,NULL,1,0,1),(3,1,'CUSTOMER','Date Of Birth',3,15,'yyyy-MM-dd',1,0,1),(4,1,'CUSTOMER','Last Visited Date',4,10,'yyyy/MM/dd HH:mm:ss',1,0,1),(5,1,'CUSTOMER','Email Id',5,3,NULL,1,0,1),(6,1,'CUSTOMER','Mobile Number',6,8,NULL,1,0,1),(7,1,'CUSTOMER','Id',7,1,NULL,1,0,1),(8,1,'CUSTOMER','IsUnSubscribed',8,6,NULL,1,0,1),(9,1,'CUSTOMER','Originated Store Id',9,1,NULL,1,0,0),(10,1,'CUSTOMER','Visited Stores',10,13,NULL,1,0,0),(11,1,'CUSTOMER','Client Code',11,1,NULL,1,0,1),(12,1,'CUSTOMER','Referrals',12,1,NULL,1,0,0),(13,1,'CUSTOMER','Rewards',13,2,NULL,1,0,0),(14,1,'TRANSACTION','Bill Id',1,1,NULL,1,0,1),(15,1,'TRANSACTION','Date',2,10,'yyyy/MM/dd HH:mm:ss',1,0,1),(16,1,'TRANSACTION','Charge',3,16,NULL,1,0,1),(17,1,'TRANSACTION','Description',4,1,NULL,1,0,1),(18,1,'TRANSACTION','Customer Id',5,7,NULL,1,0,1),(19,1,'TRANSACTION','Invoice Number',6,1,NULL,1,0,1),(20,1,'TRANSACTION','HST Tax',7,2,NULL,1,0,1),(21,1,'TRANSACTION','Payment Type',8,1,NULL,1,0,1),(22,1,'TRANSACTION','Sub Total',9,16,NULL,1,0,1),(23,1,'TRANSACTION','Store Id',11,1,NULL,1,0,0),(24,1,'TRANSACTION','_id',12,1,NULL,1,0,0),(25,1,'APPOINTMENT','_id',1,1,NULL,1,0,0),(26,1,'APPOINTMENT','Staff Id',2,1,NULL,1,0,1),(27,1,'APPOINTMENT','Customer Id',3,7,NULL,1,0,1),(28,1,'APPOINTMENT','Start Time',4,11,'yyyy/MM/dd HH:mm:ss',1,0,1),(29,1,'APPOINTMENT','Duration',5,2,NULL,1,0,1),(30,1,'APPOINTMENT','Service Name',6,1,NULL,1,0,1),(31,1,'APPOINTMENT','Staff Name',7,1,NULL,1,0,1),(32,1,'APPOINTMENT','Booked Id',8,1,NULL,1,0,1),(33,1,'APPOINTMENT','Block Id',9,1,NULL,1,0,1),(34,1,'APPOINTMENT','Service Id',10,1,NULL,1,0,1),(35,1,'APPOINTMENT','Status',11,14,NULL,1,0,1),(36,1,'APPOINTMENT','Store Id',12,1,NULL,1,0,0),(37,1,'APPOINTMENT','IsOnLineBooking',13,12,NULL,1,0,0),(38,1,'CUSTOMER','First Name',1,1,NULL,2,0,1),(39,1,'CUSTOMER','Last Name',2,1,NULL,2,0,1),(40,1,'CUSTOMER','Date Of Birth',3,9,'yyyy-MM-dd',2,0,1),(41,1,'CUSTOMER','Last Visited Date',4,10,'yyyy/MM/dd HH:mm:ss',2,0,1),(42,1,'CUSTOMER','Email Id',5,3,NULL,2,0,1),(43,1,'CUSTOMER','Mobile Number',6,8,NULL,2,0,1),(44,1,'CUSTOMER','Id',7,1,NULL,2,0,1),(45,1,'CUSTOMER','IsUnSubscribed',8,6,NULL,2,0,1),(46,1,'CUSTOMER','Originated Store Id',9,1,NULL,2,0,0),(47,1,'CUSTOMER','Visited Stores',10,13,NULL,2,0,0),(48,1,'CUSTOMER','Client Code',11,1,NULL,2,0,1),(49,1,'CUSTOMER','Referrals',12,1,NULL,2,0,1),(50,1,'CUSTOMER','Rewards',13,2,NULL,2,0,1),(51,1,'TRANSACTION','Bill Id',1,1,NULL,2,0,1),(52,1,'TRANSACTION','Date',2,10,'yyyy/MM/dd HH:mm:ss',2,0,1),(53,1,'TRANSACTION','Charge',3,16,NULL,2,0,1),(54,1,'TRANSACTION','Description',4,1,NULL,2,0,1),(55,1,'TRANSACTION','Customer Id',5,7,NULL,2,0,1),(56,1,'TRANSACTION','Invoice Number',6,1,NULL,2,0,1),(57,1,'TRANSACTION','HST Tax',7,2,NULL,2,0,1),(58,1,'TRANSACTION','Payment Type',8,1,NULL,2,0,1),(59,1,'TRANSACTION','Sub Total',9,16,NULL,2,0,1),(60,1,'TRANSACTION','Store Id',11,1,NULL,2,0,0),(61,1,'TRANSACTION','_id',12,1,NULL,2,0,0),(62,1,'TRANSACTION','Billing Type',13,1,NULL,2,0,1),(63,1,'TRANSACTION','Service Id',14,2,NULL,2,0,1),(64,1,'TRANSACTION','Service Name',15,1,NULL,2,0,1),(65,1,'TRANSACTION','Part Id',16,2,NULL,2,0,1),(66,1,'TRANSACTION','Part Name',17,1,NULL,2,0,1),(67,1,'TRANSACTION','Resource Id',18,2,NULL,2,0,1),(68,1,'TRANSACTION','Resource Name',19,1,NULL,2,0,1),(69,1,'TRANSACTION','Variant Id',20,2,NULL,2,0,1),(70,1,'TRANSACTION','Variant Name',21,1,NULL,2,0,1),(71,1,'TRANSACTION','Product Id',22,2,NULL,2,0,1),(72,1,'TRANSACTION','Product Name',23,1,NULL,2,0,1),(73,1,'TRANSACTION','PromoIdForBill',24,1,NULL,2,0,1),(74,1,'TRANSACTION','PromoIdForInvoice',25,1,NULL,2,0,1),(75,1,'TRANSACTION','Quantity',26,2,NULL,2,0,1),(76,1,'TRANSACTION','Discount',27,2,NULL,2,0,1),(77,1,'APPOINTMENT','_id',1,1,NULL,2,0,0),(78,1,'APPOINTMENT','Staff Id',2,1,NULL,2,0,1),(79,1,'APPOINTMENT','Customer Id',3,7,NULL,2,0,1),(80,1,'APPOINTMENT','Start Time',4,11,'yyyy/MM/dd HH:mm:ss',2,0,1),(81,1,'APPOINTMENT','Duration',5,2,NULL,2,0,1),(82,1,'APPOINTMENT','Service Name',6,1,NULL,2,0,1),(83,1,'APPOINTMENT','Staff Name',7,1,NULL,2,0,1),(84,1,'APPOINTMENT','Booked Id',8,1,NULL,2,0,1),(85,1,'APPOINTMENT','Block Id',9,1,NULL,2,0,1),(86,1,'APPOINTMENT','Service Id',10,1,NULL,2,0,1),(87,1,'APPOINTMENT','Status',11,14,NULL,2,0,1),(88,1,'APPOINTMENT','Store Id',12,1,NULL,2,0,0),(89,1,'APPOINTMENT','IsOnLineBooking',13,12,NULL,2,0,0),(90,1,'APPOINTMENT','End Time',14,11,'yyyy/MM/dd HH:mm:ss',2,0,1),(91,1,'APPOINTMENT','Booking Reference Id',15,1,NULL,2,0,1),(92,1,'APPOINTMENT','Service Part Id',16,2,NULL,2,0,1),(93,1,'APPOINTMENT','Service Part Order',17,2,NULL,2,0,1),(94,1,'APPOINTMENT','Service Part Name',18,1,NULL,2,0,1),(95,2,'CUSTOMER','First Name',1,1,NULL,1,0,1),(96,2,'CUSTOMER','Last Name',2,1,NULL,1,0,1),(97,2,'CUSTOMER','Date Of Birth',3,15,'yyyy-MM-dd',1,0,1),(98,2,'CUSTOMER','Blood Group',4,1,NULL,1,0,1),(99,2,'CUSTOMER','Gender',5,1,NULL,1,0,1),(100,2,'CUSTOMER','Last Visited Date',6,10,'yyyy/MM/dd HH:mm:ss',1,0,1),(101,2,'CUSTOMER','Email Id',7,3,NULL,1,0,1),(102,2,'CUSTOMER','Mobile Number',8,8,NULL,1,0,1),(103,2,'CUSTOMER','Id',9,1,NULL,1,0,1),(104,2,'CUSTOMER','IsUnSubscribed',10,6,NULL,1,0,1),(105,2,'CUSTOMER','Originated Store Id',11,1,NULL,1,0,0),(106,2,'CUSTOMER','Visited Stores',12,13,NULL,1,0,0),(107,2,'CUSTOMER','Client Code',13,1,NULL,1,0,1),(108,2,'CUSTOMER','Referrals',14,1,NULL,1,0,0),(109,2,'CUSTOMER','Rewards',15,2,NULL,1,0,0),(110,2,'TRANSACTION','Bill Id',1,1,NULL,1,0,1),(111,2,'TRANSACTION','Visited Date',2,10,'yyyy/MM/dd HH:mm:ss',1,0,1),(112,2,'TRANSACTION','Bill Amount',3,16,NULL,1,0,1),(113,2,'TRANSACTION','Service Taken',4,1,NULL,1,0,1),(114,2,'TRANSACTION','Id',5,7,NULL,1,0,1),(115,2,'TRANSACTION','Invoice Number',6,1,NULL,1,0,1),(116,2,'TRANSACTION','HST Tax',7,2,NULL,1,0,1),(117,2,'TRANSACTION','Payment Type',8,1,NULL,1,0,1),(118,2,'TRANSACTION','Sub Total',9,16,NULL,1,0,1),(119,2,'TRANSACTION','Store Id',10,1,NULL,1,0,0),(120,2,'TRANSACTION','_id',11,1,NULL,1,0,0),(121,2,'APPOINTMENT','_id',1,1,NULL,1,0,0),(122,2,'APPOINTMENT','Doctor Id',2,1,NULL,1,0,1),(123,2,'APPOINTMENT','Id',3,7,NULL,1,0,1),(124,2,'APPOINTMENT','Start Time',4,11,'yyyy/MM/dd HH:mm:ss',1,0,1),(125,2,'APPOINTMENT','Duration',5,2,NULL,1,0,1),(126,2,'APPOINTMENT','Service Name',6,1,NULL,1,0,1),(127,2,'APPOINTMENT','Doctor Name',7,1,NULL,1,0,1),(128,2,'APPOINTMENT','Booked Id',8,1,NULL,1,0,1),(129,2,'APPOINTMENT','Block Id',9,1,NULL,1,0,1),(130,2,'APPOINTMENT','Service Id',10,1,NULL,1,0,1),(131,2,'APPOINTMENT','Status',11,14,NULL,1,0,1),(132,2,'APPOINTMENT','Store Id',12,1,NULL,1,0,0),(133,2,'APPOINTMENT','IsOnLineBooking',13,12,NULL,1,0,0),(134,2,'CUSTOMER','First Name',1,1,NULL,2,0,1),(135,2,'CUSTOMER','Last Name',2,1,NULL,2,0,1),(136,2,'CUSTOMER','Date Of Birth',3,15,'yyyy-MM-dd',2,0,1),(137,2,'CUSTOMER','Blood Group',4,1,NULL,2,0,1),(138,2,'CUSTOMER','Gender',5,1,NULL,2,0,1),(139,2,'CUSTOMER','Last Visited Date',6,10,'yyyy/MM/dd HH:mm:ss',2,0,1),(140,2,'CUSTOMER','Email Id',7,3,NULL,2,0,1),(141,2,'CUSTOMER','Mobile Number',8,8,NULL,2,0,1),(142,2,'CUSTOMER','Id',9,1,NULL,2,0,1),(143,2,'CUSTOMER','IsUnSubscribed',10,6,NULL,2,0,1),(144,2,'CUSTOMER','Originated Store Id',11,1,NULL,2,0,0),(145,2,'CUSTOMER','Visited Stores',12,13,NULL,2,0,0),(146,2,'CUSTOMER','Referrals',14,1,NULL,2,0,0),(147,2,'CUSTOMER','Rewards',15,2,NULL,2,0,0),(148,2,'TRANSACTION','Bill Id',1,1,NULL,2,0,1),(149,2,'TRANSACTION','Visited Date',2,10,'yyyy/MM/dd HH:mm:ss',2,0,1),(150,2,'TRANSACTION','Bill Amount',3,16,NULL,2,0,1),(151,2,'TRANSACTION','Service Taken',4,1,NULL,2,0,1),(152,2,'TRANSACTION','Id',5,7,NULL,2,0,1),(153,2,'TRANSACTION','Invoice Number',6,1,NULL,2,0,1),(154,2,'TRANSACTION','HST Tax',7,2,NULL,2,0,1),(155,2,'TRANSACTION','Payment Type',8,1,NULL,2,0,1),(156,2,'TRANSACTION','Sub Total',9,16,NULL,2,0,1),(157,2,'TRANSACTION','Store Id',10,1,NULL,2,0,0),(158,2,'TRANSACTION','_id',11,1,NULL,2,0,0),(159,2,'TRANSACTION','Billing Type',13,1,NULL,2,0,1),(160,2,'TRANSACTION','Service Id',14,2,NULL,2,0,1),(161,2,'TRANSACTION','Service Name',15,1,NULL,2,0,1),(162,2,'TRANSACTION','Part Id',16,2,NULL,2,0,1),(163,2,'TRANSACTION','Part Name',17,1,NULL,2,0,1),(164,2,'TRANSACTION','Resource Id',18,2,NULL,2,0,1),(165,2,'TRANSACTION','Resource Name',19,1,NULL,2,0,1),(166,2,'TRANSACTION','Variant Id',20,2,NULL,2,0,1),(167,2,'TRANSACTION','Variant Name',21,1,NULL,2,0,1),(168,2,'TRANSACTION','Product Id',22,2,NULL,2,0,1),(169,2,'TRANSACTION','Product Name',23,1,NULL,2,0,1),(170,2,'TRANSACTION','PromoIdForBill',24,1,NULL,2,0,1),(171,2,'TRANSACTION','PromoIdForInvoice',25,1,NULL,2,0,1),(172,2,'TRANSACTION','Quantity',26,2,NULL,2,0,1),(173,2,'TRANSACTION','Discount',27,2,NULL,2,0,1),(174,2,'APPOINTMENT','_id',1,1,NULL,2,0,0),(175,2,'APPOINTMENT','Doctor Id',2,1,NULL,2,0,1),(176,2,'APPOINTMENT','Id',3,7,NULL,2,0,1),(177,2,'APPOINTMENT','Start Time',4,11,'yyyy/MM/dd HH:mm:ss',2,0,1),(178,2,'APPOINTMENT','Duration',5,2,NULL,2,0,1),(179,2,'APPOINTMENT','Service Name',6,1,NULL,2,0,1),(180,2,'APPOINTMENT','Doctor Name',7,1,NULL,2,0,1),(181,2,'APPOINTMENT','Booked Id',8,1,NULL,2,0,1),(182,2,'APPOINTMENT','Block Id',9,1,NULL,2,0,1),(183,2,'APPOINTMENT','Service Id',10,1,NULL,2,0,1),(184,2,'APPOINTMENT','Status',11,14,NULL,2,0,1),(185,2,'APPOINTMENT','Store Id',12,1,NULL,2,0,0),(186,2,'APPOINTMENT','IsOnLineBooking',13,12,NULL,2,0,0),(187,2,'APPOINTMENT','End Time',14,11,'yyyy/MM/dd HH:mm:ss',2,0,1),(188,2,'APPOINTMENT','Booking Reference Id',15,1,NULL,2,0,1),(189,2,'APPOINTMENT','Service Part Id',16,2,NULL,2,0,1),(190,2,'APPOINTMENT','Service Part Order',17,2,NULL,2,0,1),(191,2,'APPOINTMENT','Service Part Name',18,1,NULL,2,0,1),(192,3,'CUSTOMER','First Name',1,1,NULL,1,0,1),(193,3,'CUSTOMER','Last Name',2,1,NULL,1,0,1),(194,3,'CUSTOMER','Date Of Birth',3,15,'yyyy-MM-dd',1,0,1),(195,3,'CUSTOMER','Last Visited Date',4,10,'yyyy/MM/dd HH:mm:ss',1,0,1),(196,3,'CUSTOMER','Email Id',5,3,NULL,1,0,1),(197,3,'CUSTOMER','Mobile Number',6,8,NULL,1,0,1),(198,3,'CUSTOMER','Id',7,1,NULL,1,0,1),(199,3,'CUSTOMER','IsUnSubscribed',8,6,NULL,1,0,1),(200,3,'CUSTOMER','Originated Store Id',9,1,NULL,1,0,0),(201,3,'CUSTOMER','Visited Stores',10,13,NULL,1,0,0),(202,3,'TRANSACTION','Bill Id',1,1,NULL,1,0,1),(203,3,'TRANSACTION','Date',2,10,'yyyy/MM/dd HH:mm:ss',1,0,1),(204,3,'TRANSACTION','Charge',3,16,NULL,1,0,1),(205,3,'TRANSACTION','Description',4,1,NULL,1,0,1),(206,3,'TRANSACTION','Customer Id',5,7,NULL,1,0,1),(207,3,'TRANSACTION','Invoice Number',6,1,NULL,1,0,1),(208,3,'TRANSACTION','HST Tax',7,2,NULL,1,0,1),(209,3,'TRANSACTION','Payment Type',8,1,NULL,1,0,1),(210,3,'TRANSACTION','Sub Total',9,16,NULL,1,0,1),(211,3,'TRANSACTION','Service Taken',10,1,NULL,1,0,1),(212,3,'TRANSACTION','Store Id',11,1,NULL,1,0,0),(213,3,'TRANSACTION','_id',12,1,NULL,1,0,0),(214,3,'CUSTOMER','Referrals',13,1,NULL,1,0,0),(215,3,'CUSTOMER','Rewards',14,2,NULL,1,0,0),(216,3,'APPOINTMENT','_id',1,1,NULL,1,0,0),(217,3,'APPOINTMENT','Staff Id',2,1,NULL,1,0,1),(218,3,'APPOINTMENT','Customer Id',3,7,NULL,1,0,1),(219,3,'APPOINTMENT','Start Time',4,11,'yyyy/MM/dd HH:mm:ss',1,0,1),(220,3,'APPOINTMENT','Duration',5,2,NULL,1,0,1),(221,3,'APPOINTMENT','Service Name',6,1,NULL,1,0,1),(222,3,'APPOINTMENT','Staff Name',7,1,NULL,1,0,1),(223,3,'APPOINTMENT','Booked Id',8,1,NULL,1,0,1),(224,3,'APPOINTMENT','Block Id',9,1,NULL,1,0,1),(225,3,'APPOINTMENT','Service Id',10,1,NULL,1,0,1),(226,3,'APPOINTMENT','Status',11,14,NULL,1,0,1),(227,3,'APPOINTMENT','Store Id',12,1,NULL,1,0,0),(228,3,'APPOINTMENT','IsOnLineBooking',13,12,NULL,1,0,0),(229,3,'CUSTOMER','First Name',1,1,NULL,2,0,1),(230,3,'CUSTOMER','Last Name',2,1,NULL,2,0,1),(231,3,'CUSTOMER','Date Of Birth',3,15,'yyyy-MM-dd',2,0,1),(232,3,'CUSTOMER','Last Visited Date',4,10,'yyyy/MM/dd HH:mm:ss',2,0,1),(233,3,'CUSTOMER','Email Id',5,3,NULL,2,0,1),(234,3,'CUSTOMER','Mobile Number',6,8,NULL,2,0,1),(235,3,'CUSTOMER','Id',7,1,NULL,2,0,1),(236,3,'CUSTOMER','IsUnSubscribed',8,6,NULL,2,0,1),(237,3,'CUSTOMER','Originated Store Id',9,1,NULL,2,0,0),(238,3,'CUSTOMER','Visited Stores',10,13,NULL,2,0,0),(239,3,'CUSTOMER','Client Code',11,1,NULL,2,0,1),(240,3,'CUSTOMER','Referrals',13,1,NULL,2,0,0),(241,3,'CUSTOMER','Rewards',14,2,NULL,2,0,0),(242,3,'TRANSACTION','Bill Id',1,1,NULL,2,0,1),(243,3,'TRANSACTION','Date',2,10,'yyyy/MM/dd HH:mm:ss',2,0,1),(244,3,'TRANSACTION','Charge',3,16,NULL,2,0,1),(245,3,'TRANSACTION','Description',4,1,NULL,2,0,1),(246,3,'TRANSACTION','Customer Id',5,7,NULL,2,0,1),(247,3,'TRANSACTION','Invoice Number',6,1,NULL,2,0,1),(248,3,'TRANSACTION','HST Tax',7,2,NULL,2,0,1),(249,3,'TRANSACTION','Payment Type',8,1,NULL,2,0,1),(250,3,'TRANSACTION','Sub Total',9,16,NULL,2,0,1),(251,3,'TRANSACTION','Service Taken',10,1,NULL,2,0,1),(252,3,'TRANSACTION','Store Id',11,1,NULL,2,0,0),(253,3,'TRANSACTION','_id',12,1,NULL,2,0,0),(254,3,'TRANSACTION','Billing Type',13,1,NULL,2,0,1),(255,3,'TRANSACTION','Service Id',14,2,NULL,2,0,1),(256,3,'TRANSACTION','Service Name',15,1,NULL,2,0,1),(257,3,'TRANSACTION','Part Id',16,2,NULL,2,0,1),(258,3,'TRANSACTION','Part Name',17,1,NULL,2,0,1),(259,3,'TRANSACTION','Resource Id',18,2,NULL,2,0,1),(260,3,'TRANSACTION','Resource Name',19,1,NULL,2,0,1),(261,3,'TRANSACTION','Variant Id',20,2,NULL,2,0,1),(262,3,'TRANSACTION','Variant Name',21,1,NULL,2,0,1),(263,3,'TRANSACTION','Product Id',22,2,NULL,2,0,1),(264,3,'TRANSACTION','Product Name',23,1,NULL,2,0,1),(265,3,'TRANSACTION','PromoIdForBill',24,1,NULL,2,0,1),(266,3,'TRANSACTION','PromoIdForInvoice',25,1,NULL,2,0,1),(267,3,'TRANSACTION','Quantity',26,2,NULL,2,0,1),(268,3,'TRANSACTION','Discount',27,2,NULL,2,0,1),(269,3,'APPOINTMENT','_id',1,1,NULL,2,0,0),(270,3,'APPOINTMENT','Staff Id',2,1,NULL,2,0,1),(271,3,'APPOINTMENT','Customer Id',3,7,NULL,2,0,1),(272,3,'APPOINTMENT','Start Time',4,11,'yyyy/MM/dd HH:mm:ss',2,0,1),(273,3,'APPOINTMENT','Duration',5,2,NULL,2,0,1),(274,3,'APPOINTMENT','Service Name',6,1,NULL,2,0,1),(275,3,'APPOINTMENT','Staff Name',7,1,NULL,2,0,1),(276,3,'APPOINTMENT','Booked Id',8,1,NULL,2,0,1),(277,3,'APPOINTMENT','Block Id',9,1,NULL,2,0,1),(278,3,'APPOINTMENT','Service Id',10,1,NULL,2,0,1),(279,3,'APPOINTMENT','Status',11,14,NULL,2,0,1),(280,3,'APPOINTMENT','Store Id',12,1,NULL,2,0,0),(281,3,'APPOINTMENT','IsOnLineBooking',13,12,NULL,2,0,0),(282,3,'APPOINTMENT','End Time',14,11,'yyyy/MM/dd HH:mm:ss',2,0,1),(283,3,'APPOINTMENT','Booking Reference Id',15,1,NULL,2,0,1),(284,3,'APPOINTMENT','Service Part Id',16,2,NULL,2,0,1),(285,3,'APPOINTMENT','Service Part Order',17,2,NULL,2,0,1),(286,3,'APPOINTMENT','Service Part Name',18,1,NULL,2,0,1),(287,4,'LEAD','Lead Owner',1,26,NULL,2,0,1),(288,4,'LEAD','First Name',2,1,NULL,2,0,1),(289,4,'LEAD','Last Name',3,1,NULL,2,0,1),(290,4,'LEAD','Industry',4,27,NULL,2,0,1),(291,4,'LEAD','Annual Revenue',5,25,NULL,2,0,1),(292,4,'LEAD','Lead Source',6,27,NULL,2,0,1),(293,4,'LEAD','Title',7,1,NULL,2,0,1),(294,4,'LEAD','Phone Number',8,8,NULL,2,0,1),(295,4,'LEAD','Mobile',9,8,NULL,2,0,1),(296,4,'LEAD','Secondary Email',10,24,NULL,2,0,1),(297,4,'LEAD','Company Name',11,1,NULL,2,0,1),(298,4,'LEAD','Fax',12,1,NULL,2,0,1),(299,4,'LEAD','Website',13,1,NULL,2,0,1),(300,4,'LEAD','Lead Status',13,27,NULL,2,0,1),(301,4,'LEAD','No of Employees',14,2,NULL,2,0,1),(302,4,'LEAD','Skype',15,1,NULL,2,0,1),(303,4,'LEAD','Twitter',16,1,NULL,2,0,1),(304,4,'LEAD','Image',17,18,NULL,2,0,1),(305,4,'LEAD','Street',18,1,NULL,2,0,1),(306,4,'LEAD','City',19,1,NULL,2,0,1),(307,4,'LEAD','State',20,1,NULL,2,0,1),(308,4,'LEAD','Country',21,1,NULL,2,0,1),(309,4,'LEAD','Zip Code',22,1,NULL,2,0,1),(310,4,'LEAD','Description',23,1,NULL,2,0,1),(311,4,'LEAD','Email Id',24,3,NULL,2,0,1),(312,4,'LEAD','Notes',25,17,NULL,2,0,1),(313,4,'LEAD','Campaign Ids',26,23,NULL,2,0,0),(314,4,'LEAD','Id',27,1,NULL,2,0,1),(315,4,'LEAD','IsDeleted',28,12,NULL,2,0,0),(316,4,'LEAD','Skype ID',29,1,NULL,2,0,1),(317,4,'LEAD','Created By',30,1,NULL,2,0,0),(318,4,'LEAD','Created Date',31,11,'MM/dd/yyyy HH:mm:ss',2,0,1),(319,4,'LEAD','Modified By',32,1,NULL,2,0,0),(320,4,'LEAD','Modified Date',33,11,'MM/dd/yyyy HH:mm:ss',2,0,1),(321,4,'LEAD','IsConverted',33,12,NULL,2,0,0),(322,4,'CUSTOMER','Industry',2,27,NULL,2,0,1),(323,4,'CUSTOMER','Annual Revenue',3,1,NULL,2,0,1),(324,4,'CUSTOMER','Account Name',4,1,NULL,2,0,1),(325,4,'CUSTOMER','Description',5,1,NULL,2,0,1),(326,4,'CUSTOMER','Status',6,1,NULL,2,0,1),(327,4,'CUSTOMER','No of Employees',7,2,NULL,2,0,1),(328,4,'CUSTOMER','Account Owner',8,26,NULL,2,0,1),(329,4,'CUSTOMER','Account Number',9,1,NULL,2,0,1),(330,4,'CUSTOMER','Account Type',10,1,NULL,2,0,1),(331,4,'CUSTOMER','Ownership',11,27,NULL,2,0,1),(332,4,'CUSTOMER','SIC Code',12,1,NULL,2,0,1),(333,4,'CUSTOMER','Account Image',13,18,NULL,2,0,1),(334,4,'CUSTOMER','Billing Street',14,1,NULL,2,0,1),(335,4,'CUSTOMER','Billing City',15,1,NULL,2,0,1),(336,4,'CUSTOMER','Billing State',16,1,NULL,2,0,1),(337,4,'CUSTOMER','Billing Postal',17,1,NULL,2,0,1),(338,4,'CUSTOMER','Billing Country',18,1,NULL,2,0,1),(339,4,'CUSTOMER','Email Id',19,3,NULL,2,0,1),(340,4,'CUSTOMER','Activities',20,17,NULL,2,0,1),(341,4,'CUSTOMER','Website',21,1,NULL,2,0,1),(342,4,'CUSTOMER','Phone Number',22,1,NULL,2,0,1),(343,4,'CUSTOMER','Fax',23,1,NULL,2,0,1),(345,4,'CUSTOMER','SMS Opt out',25,8,NULL,2,0,1),(346,4,'CUSTOMER','Notes',26,17,NULL,2,0,1),(347,4,'CUSTOMER','Contacts',27,22,NULL,2,0,1),(348,4,'CUSTOMER','Parent Account',28,20,NULL,2,0,1),(349,4,'CUSTOMER','Campaign Ids',29,23,NULL,2,0,0),(350,4,'CUSTOMER','Id',30,1,NULL,2,0,1),(351,4,'CUSTOMER','Created By',31,1,'MM/dd/yyyy HH:mm:ss',2,0,0),(352,4,'CUSTOMER','Created Date',32,11,'MM/dd/yyyy HH:mm:ss',2,0,1),(353,4,'CUSTOMER','Modified By',33,1,NULL,2,0,0),(354,4,'CUSTOMER','Modified Date',34,11,'MM/dd/yyyy HH:mm:ss',2,0,1),(355,4,'CUSTOMER','IsDeleted',28,12,NULL,2,0,0),(356,4,'APPOINTMENT','_id',1,1,NULL,2,0,0),(357,4,'APPOINTMENT','Staff Id',2,1,NULL,2,0,1),(358,4,'APPOINTMENT','Customer Id',3,7,NULL,2,0,1),(359,4,'APPOINTMENT','Start Time',4,11,'MM/dd/yyyy HH:mm:ss',2,0,1),(360,4,'APPOINTMENT','Duration',5,2,NULL,2,0,1),(361,4,'APPOINTMENT','Service Name',6,1,NULL,2,0,1),(362,4,'APPOINTMENT','Staff Name',7,1,NULL,2,0,1),(363,4,'APPOINTMENT','Booked Id',8,1,NULL,2,0,1),(364,4,'APPOINTMENT','Block Id',9,1,NULL,2,0,1),(365,4,'APPOINTMENT','Service Id',10,1,NULL,2,0,1),(366,4,'APPOINTMENT','Status',11,14,NULL,2,0,1),(367,4,'APPOINTMENT','Store Id',12,1,NULL,2,0,0),(368,4,'APPOINTMENT','IsOnLineBooking',13,12,NULL,2,0,0),(369,4,'APPOINTMENT','End Time',14,11,'MM/dd/yyyy HH:mm:ss',2,0,1),(370,4,'APPOINTMENT','Booking Reference Id',15,1,NULL,2,0,1),(371,4,'APPOINTMENT','Service Part Id',16,2,NULL,2,0,1),(372,4,'APPOINTMENT','Service Part Order',17,2,NULL,2,0,1),(373,4,'APPOINTMENT','Service Part Name',18,1,NULL,2,0,1),(374,4,'CONTACT','Contact Owner',1,26,NULL,2,0,1),(375,4,'CONTACT','Lead Source',2,27,NULL,2,0,1),(376,4,'CONTACT','Account Name',3,20,NULL,2,0,1),(377,4,'CONTACT','First Name',4,1,NULL,2,0,1),(378,4,'CONTACT','Title',5,1,NULL,2,0,1),(379,4,'CONTACT','Department',6,1,NULL,2,0,1),(380,4,'CONTACT','Phone Number',7,1,NULL,2,0,1),(381,4,'CONTACT','Mobile',8,1,NULL,2,0,1),(382,4,'CONTACT','Primary email Id',9,3,NULL,2,0,1),(383,4,'CONTACT','Secondary Email',10,24,NULL,2,0,1),(384,4,'CONTACT','Fax',11,1,NULL,2,0,1),(385,4,'CONTACT','Skype ID',12,1,NULL,2,0,1),(386,4,'CONTACT','Twitter',13,1,NULL,2,0,1),(387,4,'CONTACT','Reporting To',14,1,NULL,2,0,1),(388,4,'CONTACT','Street',15,1,NULL,2,0,1),(389,4,'CONTACT','City',16,1,NULL,2,0,1),(390,4,'CONTACT','State',17,1,NULL,2,0,1),(391,4,'CONTACT','Country',18,1,NULL,2,0,1),(392,4,'CONTACT','Zip Code',19,1,NULL,2,0,1),(393,4,'CONTACT','Id',20,1,NULL,2,0,1),(394,4,'CONTACT','Description',21,1,NULL,2,0,1),(395,4,'CONTACT','Notes',22,17,NULL,2,0,1),(396,4,'CONTACT','Reporting Contacts',23,22,NULL,2,0,0),(397,4,'CONTACT','Account',24,24,NULL,2,0,1),(398,4,'CONTACT','Created By',25,1,NULL,2,0,0),(399,4,'CONTACT','Created Date',26,11,'MM/dd/yyyy HH:mm:ss',2,0,1),(400,4,'CONTACT','Modified By',27,1,NULL,2,0,0),(401,4,'CONTACT','Modified Date',28,11,'MM/dd/yyyy HH:mm:ss',2,0,1),(402,4,'CONTACT','IsDeleted',28,12,NULL,2,0,0),(403,4,'OPPORTUNITY','Opportunity Owner',1,26,NULL,2,0,1),(404,4,'OPPORTUNITY','Opportunity Name',2,1,NULL,2,0,1),(405,4,'OPPORTUNITY','Lead/Account',3,1,NULL,2,0,1),(406,4,'OPPORTUNITY','Type',4,1,NULL,2,0,1),(407,4,'OPPORTUNITY','Next Step',5,1,NULL,2,0,1),(408,4,'OPPORTUNITY','Lead Source',6,27,NULL,2,0,1),(409,4,'OPPORTUNITY','Contact Name',7,19,NULL,2,0,1),(410,4,'OPPORTUNITY','Amount',8,25,NULL,2,0,1),(411,4,'OPPORTUNITY','Closing Date',9,5,'MM/dd/yyyy',2,0,1),(412,4,'OPPORTUNITY','Stage',10,1,NULL,2,0,1),(413,4,'OPPORTUNITY','Probability (%)',11,1,NULL,2,0,1),(414,4,'OPPORTUNITY','Expected Revenue',12,25,NULL,2,0,1),(415,4,'OPPORTUNITY','Campaign Source',13,1,NULL,2,0,1),(416,4,'OPPORTUNITY','Description To',14,1,NULL,2,0,1),(417,4,'OPPORTUNITY','Id',15,1,NULL,2,0,1),(418,4,'OPPORTUNITY','Notes',16,17,NULL,2,0,1),(419,4,'OPPORTUNITY','Stage History',17,17,NULL,2,0,1),(420,4,'OPPORTUNITY','Competitors',18,17,NULL,2,0,1),(421,4,'OPPORTUNITY','Contact Roles',19,17,NULL,2,0,1),(422,4,'OPPORTUNITY','Created By',20,1,NULL,2,0,0),(423,4,'OPPORTUNITY','Created Date',21,11,'MM/dd/yyyy HH:mm:ss',2,0,1),(424,4,'OPPORTUNITY','Modified By',22,1,NULL,2,0,0),(425,4,'OPPORTUNITY','Modified Date',23,11,'MM/dd/yyyy HH:mm:ss',2,0,1),(426,4,'OPPORTUNITY','IsDeleted',24,12,NULL,2,0,0),(427,4,'TRANSACTION','Bill Id',1,1,NULL,2,0,1),(428,4,'TRANSACTION','Date',2,10,'MM/dd/yyyy HH:mm:ss',2,0,1),(429,4,'TRANSACTION','Charge',3,16,NULL,2,0,1),(430,4,'TRANSACTION','Description',4,1,NULL,2,0,1),(431,4,'TRANSACTION','Customer Id',5,7,NULL,2,0,1),(432,4,'TRANSACTION','Invoice Number',6,1,NULL,2,0,1),(433,4,'TRANSACTION','HST Tax',7,2,NULL,2,0,1),(434,4,'TRANSACTION','Payment Type',8,1,NULL,2,0,1),(435,4,'TRANSACTION','Sub Total',9,16,NULL,2,0,1),(436,4,'TRANSACTION','Store Id',11,1,NULL,2,0,0),(437,4,'TRANSACTION','_id',12,1,NULL,2,0,0),(438,4,'TRANSACTION','Billing Type',13,1,NULL,2,0,1),(439,4,'TRANSACTION','Service Id',14,2,NULL,2,0,1),(440,4,'TRANSACTION','Service Name',15,1,NULL,2,0,1),(441,4,'TRANSACTION','Part Id',16,2,NULL,2,0,1),(442,4,'TRANSACTION','Part Name',17,1,NULL,2,0,1),(443,4,'TRANSACTION','Resource Id',18,2,NULL,2,0,1),(444,4,'TRANSACTION','Resource Name',19,1,NULL,2,0,1),(445,4,'TRANSACTION','Variant Id',20,2,NULL,2,0,1),(446,4,'TRANSACTION','Variant Name',21,1,NULL,2,0,1),(447,4,'TRANSACTION','Product Id',22,2,NULL,2,0,1),(448,4,'TRANSACTION','Product Name',23,1,NULL,2,0,1),(449,4,'TRANSACTION','PromoIdForBill',24,1,NULL,2,0,1),(450,4,'TRANSACTION','PromoIdForInvoice',25,1,NULL,2,0,1),(451,4,'TRANSACTION','Quantity',26,2,NULL,2,0,1),(452,4,'TRANSACTION','Discount',27,2,NULL,2,0,1),(453,4,'LEAD','isContacted',35,12,NULL,2,0,1),(454,4,'LEAD','Status History',34,17,NULL,2,0,1),(455,4,'TICKETS','Ticket Number',1,1,NULL,2,0,1),(456,4,'TICKETS','Ticket Type',2,27,NULL,2,0,1),(457,4,'TICKETS','Requested By',3,1,NULL,2,0,1),(458,4,'TICKETS','Requested Detail',4,1,NULL,2,0,1),(459,4,'TICKETS','Status',5,27,NULL,2,0,1),(460,4,'TICKETS','Priority',6,27,NULL,2,0,1),(461,4,'TICKETS','Detail Description',7,7,NULL,2,0,1),(462,4,'TICKETS','Ticket Severity',8,27,NULL,2,0,1),(463,4,'TICKETS','Requested Date',9,5,'MM/dd/yyyy',2,0,1),(464,4,'TICKETS','Requested By Type',10,1,NULL,2,0,1),(465,4,'TICKETS','Due Date',11,5,'MM/dd/yyyy',2,0,1),(466,4,'TICKETS','Modified Date',12,11,'MM/dd/yyyy HH:mm:ss',2,0,1),(467,4,'TICKETS','Modified By',13,1,NULL,2,0,1),(468,4,'TICKETS','Created By',14,1,NULL,2,0,1),(469,4,'TICKETS','Created Date',15,11,'MM/dd/yyyy HH:mm:ss',2,0,1),(470,4,'TICKETS','Notes',16,17,NULL,2,0,1),(471,4,'TICKETS','Ticket History',17,17,NULL,2,0,1),(472,4,'TICKETS','Id',18,1,NULL,2,0,1),(473,4,'TICKETS','Assigned To',19,26,NULL,2,0,1),(474,4,'TICKETS','Title',20,1,NULL,2,0,1),(475,4,'PRODUCT','Product Number',1,1,NULL,2,0,1),(476,4,'PRODUCT','Product Type',2,27,NULL,2,0,1),(477,4,'PRODUCT','Product Name',3,1,NULL,2,0,1),(478,4,'PRODUCT','Time Period',4,1,NULL,2,0,1),(479,4,'PRODUCT','Description',5,7,NULL,2,0,1),(480,4,'PRODUCT','Modified Date',6,11,'MM/dd/yyyy HH:mm:ss',2,0,1),(481,4,'PRODUCT','Modified By',7,1,NULL,2,0,1),(482,4,'PRODUCT','Created By',8,1,NULL,2,0,1),(483,4,'PRODUCT','Created Date',9,11,'MM/dd/yyyy HH:mm:ss',2,0,1),(484,4,'PRODUCT','Notes',10,17,NULL,2,0,1),(485,4,'PRODUCT','Product Detail',11,7,NULL,2,0,1),(486,4,'PRODUCT','Id',12,1,NULL,2,0,1),(487,4,'PRODUCT','IsDeleted',13,12,NULL,2,0,1),(488,4,'PURCHASED_PRODUCT','Purchased Product Number',1,1,NULL,2,0,1),(489,4,'PURCHASED_PRODUCT','Purchased Product Type',2,27,NULL,2,0,1),(490,4,'PURCHASED_PRODUCT','Purchased Product Name',3,1,NULL,2,0,1),(491,4,'PURCHASED_PRODUCT','Time Period',4,1,NULL,2,0,1),(492,4,'PURCHASED_PRODUCT','Description',5,7,NULL,2,0,1),(493,4,'PURCHASED_PRODUCT','Modified Date',6,11,'MM/dd/yyyy HH:mm:ss',2,0,1),(494,4,'PURCHASED_PRODUCT','Modified By',7,1,NULL,2,0,1),(495,4,'PURCHASED_PRODUCT','Created By',8,1,NULL,2,0,1),(496,4,'PURCHASED_PRODUCT','Created Date',9,11,'MM/dd/yyyy HH:mm:ss',2,0,1),(497,4,'PURCHASED_PRODUCT','Purchased Product Detail',11,7,NULL,2,0,1),(498,4,'PURCHASED_PRODUCT','Account',14,20,NULL,2,0,1),(499,4,'PURCHASED_PRODUCT','Id',15,1,NULL,2,0,1),(500,4,'PURCHASED_PRODUCT','Product',16,1,NULL,2,0,1),(501,4,'PURCHASED_PRODUCT','Value',17,1,NULL,2,0,1),(502,4,'PURCHASED_PRODUCT','Sold By',18,26,NULL,2,0,1),(503,4,'PURCHASED_PRODUCT','OpportunityId',19,1,NULL,2,0,1),(504,4,'PURCHASED_PRODUCT','Purchased Date',20,11,'MM/dd/yyyy',2,0,1),(505,4,'PURCHASED_PRODUCT','IsDeleted',19,12,NULL,2,0,1),(506,4,'OPPORTUNITY','Search Type',37,1,NULL,2,0,1),(507,4,'OPPORTUNITY','Product',26,1,NULL,2,0,1),(508,4,'CONTACT','Conversation',20,17,NULL,2,0,1),(509,4,'LEAD','Conversation',20,17,NULL,2,0,1),(510,4,'LEAD','Business Hierarchy Id',0,1,NULL,2,0,2),(511,4,'CUSTOMER','Business Hierarchy Id',0,1,NULL,2,0,2),(512,4,'APPOINTMENT','Business Hierarchy Id',0,1,NULL,2,0,2),(513,4,'CONTACT','Business Hierarchy Id',0,1,NULL,2,0,2),(514,4,'OPPORTUNITY','Business Hierarchy Id',0,1,NULL,2,0,2),(515,4,'TRANSACTION','Business Hierarchy Id',0,1,NULL,2,0,2),(516,4,'PRODUCT','Business Hierarchy Id',0,1,NULL,2,0,2),(517,4,'TICKETS','Business Hierarchy Id',0,1,NULL,2,0,2),(518,4,'CUSTOMER','LeadId',0,1,NULL,2,0,1),(519,4,'CUSTOMER','CallRecodings',35,17,NULL,2,0,1),(520,4,'TICKETS','CallRecodings',21,17,NULL,2,0,1),(521,4,'OPPORTUNITY','CallRecodings',38,17,NULL,2,0,1),(522,4,'PURCHASED_PRODUCT','Business Hierarchy Id',0,1,NULL,2,0,2),(523,4,'DEFAULT_DYNAMIC_LIST','Business Hierarchy Id',0,1,NULL,2,0,0),(524,4,'DEFAULT_DYNAMIC_LIST','Id',1,1,NULL,2,0,1),(525,4,'DEFAULT_DYNAMIC_LIST','Modified Date',2,11,'MM/dd/yyyy HH:mm:ss',2,0,1),(526,4,'DEFAULT_DYNAMIC_LIST','Modified By',3,1,NULL,2,0,1),(527,4,'DEFAULT_DYNAMIC_LIST','Created By',4,1,NULL,2,0,1),(528,4,'DEFAULT_DYNAMIC_LIST','Created Date',5,11,'MM/dd/yyyy HH:mm:ss',2,0,1),(529,4,'LEAD','CallRecodings',36,17,NULL,2,0,1),(530,4,'CONTACT','CallRecodings',29,17,NULL,2,0,1),(531,4,'LEAD','IsUnsubscribed',0,6,NULL,2,0,0),(532,4,'CUSTOMER','IsUnsubscribed',0,6,NULL,2,0,0),(533,4,'CONTACT','Last Name',0,1,NULL,2,0,1),(534,4,'CUSTOMER','Mobile',0,8,NULL,2,0,1),(535,4,'VENDOR','Id',1,1,NULL,2,0,1),(536,4,'CARRIER','Id',1,1,NULL,2,0,1),(537,4,'LEAD_VENDOR','Id',1,1,NULL,2,0,1),(538,4,'LEAD_CARRIER','Id',1,1,NULL,2,0,1),(539,4,'TRANSPORT_CUSTOMER','Id',1,1,NULL,2,0,1);
/*!40000 ALTER TABLE `BUSINESS_MODEL_COLUMN` ENABLE KEYS */;
UNLOCK TABLES;

--
-- Table structure for table `BUSINESS_MODEL_COLUMN_BK_SPRINT9_POC`
--

DROP TABLE IF EXISTS `BUSINESS_MODEL_COLUMN_BK_SPRINT9_POC`;
/*!40101 SET @saved_cs_client     = @@character_set_client */;
/*!50503 SET character_set_client = utf8mb4 */;
CREATE TABLE `BUSINESS_MODEL_COLUMN_BK_SPRINT9_POC` (
  `MODEL_COLUMN_ID` int NOT NULL DEFAULT '0',
  `BUSINESS_MODEL_ID` int NOT NULL,
  `BUSINESS_TYPE` varchar(45) NOT NULL,
  `COLUMN_NAME` varchar(45) NOT NULL,
  `COLUMN_POSITION` int NOT NULL,
  `COLUMN_TYPE_ID` int NOT NULL,
  `DEFAULT_DATE_FORMAT` varchar(45) DEFAULT NULL,
  `PROVIDER_ID` int NOT NULL,
  `IS_DELETED` tinyint(1) NOT NULL DEFAULT '0',
  `IS_USER_FIELD` tinyint(1) NOT NULL DEFAULT '1'
) ENGINE=InnoDB DEFAULT CHARSET=latin1;
/*!40101 SET character_set_client = @saved_cs_client */;

--
-- Dumping data for table `BUSINESS_MODEL_COLUMN_BK_SPRINT9_POC`
--

LOCK TABLES `BUSINESS_MODEL_COLUMN_BK_SPRINT9_POC` WRITE;
/*!40000 ALTER TABLE `BUSINESS_MODEL_COLUMN_BK_SPRINT9_POC` DISABLE KEYS */;
INSERT INTO `BUSINESS_MODEL_COLUMN_BK_SPRINT9_POC` VALUES (1,1,'CUSTOMER','First Name',1,1,NULL,1,0,1),(2,1,'CUSTOMER','Last Name',2,1,NULL,1,0,1),(3,1,'CUSTOMER','Date Of Birth',3,15,'yyyy-MM-dd',1,0,1),(4,1,'CUSTOMER','Last Visited Date',4,10,'yyyy/MM/dd HH:mm:ss',1,0,1),(5,1,'CUSTOMER','Email Id',5,3,NULL,1,0,1),(6,1,'CUSTOMER','Mobile Number',6,8,NULL,1,0,1),(7,1,'CUSTOMER','Id',7,1,NULL,1,0,1),(8,1,'CUSTOMER','IsUnSubscribed',8,6,NULL,1,0,1),(9,1,'CUSTOMER','Originated Store Id',9,1,NULL,1,0,0),(10,1,'CUSTOMER','Visited Stores',10,13,NULL,1,0,0),(11,1,'CUSTOMER','Client Code',11,1,NULL,1,0,1),(12,1,'CUSTOMER','Referrals',12,1,NULL,1,0,0),(13,1,'CUSTOMER','Rewards',13,2,NULL,1,0,0),(14,1,'TRANSACTION','Bill Id',1,1,NULL,1,0,1),(15,1,'TRANSACTION','Date',2,10,'yyyy/MM/dd HH:mm:ss',1,0,1),(16,1,'TRANSACTION','Charge',3,16,NULL,1,0,1),(17,1,'TRANSACTION','Description',4,1,NULL,1,0,1),(18,1,'TRANSACTION','Customer Id',5,7,NULL,1,0,1),(19,1,'TRANSACTION','Invoice Number',6,1,NULL,1,0,1),(20,1,'TRANSACTION','HST Tax',7,2,NULL,1,0,1),(21,1,'TRANSACTION','Payment Type',8,1,NULL,1,0,1),(22,1,'TRANSACTION','Sub Total',9,16,NULL,1,0,1),(23,1,'TRANSACTION','Store Id',11,1,NULL,1,0,0),(24,1,'TRANSACTION','_id',12,1,NULL,1,0,0),(25,1,'APPOINTMENT','_id',1,1,NULL,1,0,0),(26,1,'APPOINTMENT','Staff Id',2,1,NULL,1,0,1),(27,1,'APPOINTMENT','Customer Id',3,7,NULL,1,0,1),(28,1,'APPOINTMENT','Start Time',4,11,'yyyy/MM/dd HH:mm:ss',1,0,1),(29,1,'APPOINTMENT','Duration',5,2,NULL,1,0,1),(30,1,'APPOINTMENT','Service Name',6,1,NULL,1,0,1),(31,1,'APPOINTMENT','Staff Name',7,1,NULL,1,0,1),(32,1,'APPOINTMENT','Booked Id',8,1,NULL,1,0,1),(33,1,'APPOINTMENT','Block Id',9,1,NULL,1,0,1),(34,1,'APPOINTMENT','Service Id',10,1,NULL,1,0,1),(35,1,'APPOINTMENT','Status',11,14,NULL,1,0,1),(36,1,'APPOINTMENT','Store Id',12,1,NULL,1,0,0),(37,1,'APPOINTMENT','IsOnLineBooking',13,12,NULL,1,0,0),(38,1,'CUSTOMER','First Name',1,1,NULL,2,0,1),(39,1,'CUSTOMER','Last Name',2,1,NULL,2,0,1),(40,1,'CUSTOMER','Date Of Birth',3,9,'yyyy-MM-dd',2,0,1),(41,1,'CUSTOMER','Last Visited Date',4,10,'yyyy/MM/dd HH:mm:ss',2,0,1),(42,1,'CUSTOMER','Email Id',5,3,NULL,2,0,1),(43,1,'CUSTOMER','Mobile Number',6,8,NULL,2,0,1),(44,1,'CUSTOMER','Id',7,1,NULL,2,0,1),(45,1,'CUSTOMER','IsUnSubscribed',8,6,NULL,2,0,1),(46,1,'CUSTOMER','Originated Store Id',9,1,NULL,2,0,0),(47,1,'CUSTOMER','Visited Stores',10,13,NULL,2,0,0),(48,1,'CUSTOMER','Client Code',11,1,NULL,2,0,1),(49,1,'CUSTOMER','Referrals',12,1,NULL,2,0,1),(50,1,'CUSTOMER','Rewards',13,2,NULL,2,0,1),(51,1,'TRANSACTION','Bill Id',1,1,NULL,2,0,1),(52,1,'TRANSACTION','Date',2,10,'yyyy/MM/dd HH:mm:ss',2,0,1),(53,1,'TRANSACTION','Charge',3,16,NULL,2,0,1),(54,1,'TRANSACTION','Description',4,1,NULL,2,0,1),(55,1,'TRANSACTION','Customer Id',5,7,NULL,2,0,1),(56,1,'TRANSACTION','Invoice Number',6,1,NULL,2,0,1),(57,1,'TRANSACTION','HST Tax',7,2,NULL,2,0,1),(58,1,'TRANSACTION','Payment Type',8,1,NULL,2,0,1),(59,1,'TRANSACTION','Sub Total',9,16,NULL,2,0,1),(60,1,'TRANSACTION','Store Id',11,1,NULL,2,0,0),(61,1,'TRANSACTION','_id',12,1,NULL,2,0,0),(62,1,'TRANSACTION','Billing Type',13,1,NULL,2,0,1),(63,1,'TRANSACTION','Service Id',14,2,NULL,2,0,1),(64,1,'TRANSACTION','Service Name',15,1,NULL,2,0,1),(65,1,'TRANSACTION','Part Id',16,2,NULL,2,0,1),(66,1,'TRANSACTION','Part Name',17,1,NULL,2,0,1),(67,1,'TRANSACTION','Resource Id',18,2,NULL,2,0,1),(68,1,'TRANSACTION','Resource Name',19,1,NULL,2,0,1),(69,1,'TRANSACTION','Variant Id',20,2,NULL,2,0,1),(70,1,'TRANSACTION','Variant Name',21,1,NULL,2,0,1),(71,1,'TRANSACTION','Product Id',22,2,NULL,2,0,1),(72,1,'TRANSACTION','Product Name',23,1,NULL,2,0,1),(73,1,'TRANSACTION','PromoIdForBill',24,1,NULL,2,0,1),(74,1,'TRANSACTION','PromoIdForInvoice',25,1,NULL,2,0,1),(75,1,'TRANSACTION','Quantity',26,2,NULL,2,0,1),(76,1,'TRANSACTION','Discount',27,2,NULL,2,0,1),(77,1,'APPOINTMENT','_id',1,1,NULL,2,0,0),(78,1,'APPOINTMENT','Staff Id',2,1,NULL,2,0,1),(79,1,'APPOINTMENT','Customer Id',3,7,NULL,2,0,1),(80,1,'APPOINTMENT','Start Time',4,11,'yyyy/MM/dd HH:mm:ss',2,0,1),(81,1,'APPOINTMENT','Duration',5,2,NULL,2,0,1),(82,1,'APPOINTMENT','Service Name',6,1,NULL,2,0,1),(83,1,'APPOINTMENT','Staff Name',7,1,NULL,2,0,1),(84,1,'APPOINTMENT','Booked Id',8,1,NULL,2,0,1),(85,1,'APPOINTMENT','Block Id',9,1,NULL,2,0,1),(86,1,'APPOINTMENT','Service Id',10,1,NULL,2,0,1),(87,1,'APPOINTMENT','Status',11,14,NULL,2,0,1),(88,1,'APPOINTMENT','Store Id',12,1,NULL,2,0,0),(89,1,'APPOINTMENT','IsOnLineBooking',13,12,NULL,2,0,0),(90,1,'APPOINTMENT','End Time',14,11,'yyyy/MM/dd HH:mm:ss',2,0,1),(91,1,'APPOINTMENT','Booking Reference Id',15,1,NULL,2,0,1),(92,1,'APPOINTMENT','Service Part Id',16,2,NULL,2,0,1),(93,1,'APPOINTMENT','Service Part Order',17,2,NULL,2,0,1),(94,1,'APPOINTMENT','Service Part Name',18,1,NULL,2,0,1),(95,2,'CUSTOMER','First Name',1,1,NULL,1,0,1),(96,2,'CUSTOMER','Last Name',2,1,NULL,1,0,1),(97,2,'CUSTOMER','Date Of Birth',3,15,'yyyy-MM-dd',1,0,1),(98,2,'CUSTOMER','Blood Group',4,1,NULL,1,0,1),(99,2,'CUSTOMER','Gender',5,1,NULL,1,0,1),(100,2,'CUSTOMER','Last Visited Date',6,10,'yyyy/MM/dd HH:mm:ss',1,0,1),(101,2,'CUSTOMER','Email Id',7,3,NULL,1,0,1),(102,2,'CUSTOMER','Mobile Number',8,8,NULL,1,0,1),(103,2,'CUSTOMER','Id',9,1,NULL,1,0,1),(104,2,'CUSTOMER','IsUnSubscribed',10,6,NULL,1,0,1),(105,2,'CUSTOMER','Originated Store Id',11,1,NULL,1,0,0),(106,2,'CUSTOMER','Visited Stores',12,13,NULL,1,0,0),(107,2,'CUSTOMER','Client Code',13,1,NULL,1,0,1),(108,2,'CUSTOMER','Referrals',14,1,NULL,1,0,0),(109,2,'CUSTOMER','Rewards',15,2,NULL,1,0,0),(110,2,'TRANSACTION','Bill Id',1,1,NULL,1,0,1),(111,2,'TRANSACTION','Visited Date',2,10,'yyyy/MM/dd HH:mm:ss',1,0,1),(112,2,'TRANSACTION','Bill Amount',3,16,NULL,1,0,1),(113,2,'TRANSACTION','Service Taken',4,1,NULL,1,0,1),(114,2,'TRANSACTION','Id',5,7,NULL,1,0,1),(115,2,'TRANSACTION','Invoice Number',6,1,NULL,1,0,1),(116,2,'TRANSACTION','HST Tax',7,2,NULL,1,0,1),(117,2,'TRANSACTION','Payment Type',8,1,NULL,1,0,1),(118,2,'TRANSACTION','Sub Total',9,16,NULL,1,0,1),(119,2,'TRANSACTION','Store Id',10,1,NULL,1,0,0),(120,2,'TRANSACTION','_id',11,1,NULL,1,0,0),(121,2,'APPOINTMENT','_id',1,1,NULL,1,0,0),(122,2,'APPOINTMENT','Doctor Id',2,1,NULL,1,0,1),(123,2,'APPOINTMENT','Id',3,7,NULL,1,0,1),(124,2,'APPOINTMENT','Start Time',4,11,'yyyy/MM/dd HH:mm:ss',1,0,1),(125,2,'APPOINTMENT','Duration',5,2,NULL,1,0,1),(126,2,'APPOINTMENT','Service Name',6,1,NULL,1,0,1),(127,2,'APPOINTMENT','Doctor Name',7,1,NULL,1,0,1),(128,2,'APPOINTMENT','Booked Id',8,1,NULL,1,0,1),(129,2,'APPOINTMENT','Block Id',9,1,NULL,1,0,1),(130,2,'APPOINTMENT','Service Id',10,1,NULL,1,0,1),(131,2,'APPOINTMENT','Status',11,14,NULL,1,0,1),(132,2,'APPOINTMENT','Store Id',12,1,NULL,1,0,0),(133,2,'APPOINTMENT','IsOnLineBooking',13,12,NULL,1,0,0),(134,2,'CUSTOMER','First Name',1,1,NULL,2,0,1),(135,2,'CUSTOMER','Last Name',2,1,NULL,2,0,1),(136,2,'CUSTOMER','Date Of Birth',3,15,'yyyy-MM-dd',2,0,1),(137,2,'CUSTOMER','Blood Group',4,1,NULL,2,0,1),(138,2,'CUSTOMER','Gender',5,1,NULL,2,0,1),(139,2,'CUSTOMER','Last Visited Date',6,10,'yyyy/MM/dd HH:mm:ss',2,0,1),(140,2,'CUSTOMER','Email Id',7,3,NULL,2,0,1),(141,2,'CUSTOMER','Mobile Number',8,8,NULL,2,0,1),(142,2,'CUSTOMER','Id',9,1,NULL,2,0,1),(143,2,'CUSTOMER','IsUnSubscribed',10,6,NULL,2,0,1),(144,2,'CUSTOMER','Originated Store Id',11,1,NULL,2,0,0),(145,2,'CUSTOMER','Visited Stores',12,13,NULL,2,0,0),(146,2,'CUSTOMER','Referrals',14,1,NULL,2,0,0),(147,2,'CUSTOMER','Rewards',15,2,NULL,2,0,0),(148,2,'TRANSACTION','Bill Id',1,1,NULL,2,0,1),(149,2,'TRANSACTION','Visited Date',2,10,'yyyy/MM/dd HH:mm:ss',2,0,1),(150,2,'TRANSACTION','Bill Amount',3,16,NULL,2,0,1),(151,2,'TRANSACTION','Service Taken',4,1,NULL,2,0,1),(152,2,'TRANSACTION','Id',5,7,NULL,2,0,1),(153,2,'TRANSACTION','Invoice Number',6,1,NULL,2,0,1),(154,2,'TRANSACTION','HST Tax',7,2,NULL,2,0,1),(155,2,'TRANSACTION','Payment Type',8,1,NULL,2,0,1),(156,2,'TRANSACTION','Sub Total',9,16,NULL,2,0,1),(157,2,'TRANSACTION','Store Id',10,1,NULL,2,0,0),(158,2,'TRANSACTION','_id',11,1,NULL,2,0,0),(159,2,'TRANSACTION','Billing Type',13,1,NULL,2,0,1),(160,2,'TRANSACTION','Service Id',14,2,NULL,2,0,1),(161,2,'TRANSACTION','Service Name',15,1,NULL,2,0,1),(162,2,'TRANSACTION','Part Id',16,2,NULL,2,0,1),(163,2,'TRANSACTION','Part Name',17,1,NULL,2,0,1),(164,2,'TRANSACTION','Resource Id',18,2,NULL,2,0,1),(165,2,'TRANSACTION','Resource Name',19,1,NULL,2,0,1),(166,2,'TRANSACTION','Variant Id',20,2,NULL,2,0,1),(167,2,'TRANSACTION','Variant Name',21,1,NULL,2,0,1),(168,2,'TRANSACTION','Product Id',22,2,NULL,2,0,1),(169,2,'TRANSACTION','Product Name',23,1,NULL,2,0,1),(170,2,'TRANSACTION','PromoIdForBill',24,1,NULL,2,0,1),(171,2,'TRANSACTION','PromoIdForInvoice',25,1,NULL,2,0,1),(172,2,'TRANSACTION','Quantity',26,2,NULL,2,0,1),(173,2,'TRANSACTION','Discount',27,2,NULL,2,0,1),(174,2,'APPOINTMENT','_id',1,1,NULL,2,0,0),(175,2,'APPOINTMENT','Doctor Id',2,1,NULL,2,0,1),(176,2,'APPOINTMENT','Id',3,7,NULL,2,0,1),(177,2,'APPOINTMENT','Start Time',4,11,'yyyy/MM/dd HH:mm:ss',2,0,1),(178,2,'APPOINTMENT','Duration',5,2,NULL,2,0,1),(179,2,'APPOINTMENT','Service Name',6,1,NULL,2,0,1),(180,2,'APPOINTMENT','Doctor Name',7,1,NULL,2,0,1),(181,2,'APPOINTMENT','Booked Id',8,1,NULL,2,0,1),(182,2,'APPOINTMENT','Block Id',9,1,NULL,2,0,1),(183,2,'APPOINTMENT','Service Id',10,1,NULL,2,0,1),(184,2,'APPOINTMENT','Status',11,14,NULL,2,0,1),(185,2,'APPOINTMENT','Store Id',12,1,NULL,2,0,0),(186,2,'APPOINTMENT','IsOnLineBooking',13,12,NULL,2,0,0),(187,2,'APPOINTMENT','End Time',14,11,'yyyy/MM/dd HH:mm:ss',2,0,1),(188,2,'APPOINTMENT','Booking Reference Id',15,1,NULL,2,0,1),(189,2,'APPOINTMENT','Service Part Id',16,2,NULL,2,0,1),(190,2,'APPOINTMENT','Service Part Order',17,2,NULL,2,0,1),(191,2,'APPOINTMENT','Service Part Name',18,1,NULL,2,0,1),(192,3,'CUSTOMER','First Name',1,1,NULL,1,0,1),(193,3,'CUSTOMER','Last Name',2,1,NULL,1,0,1),(194,3,'CUSTOMER','Date Of Birth',3,15,'yyyy-MM-dd',1,0,1),(195,3,'CUSTOMER','Last Visited Date',4,10,'yyyy/MM/dd HH:mm:ss',1,0,1),(196,3,'CUSTOMER','Email Id',5,3,NULL,1,0,1),(197,3,'CUSTOMER','Mobile Number',6,8,NULL,1,0,1),(198,3,'CUSTOMER','Id',7,1,NULL,1,0,1),(199,3,'CUSTOMER','IsUnSubscribed',8,6,NULL,1,0,1),(200,3,'CUSTOMER','Originated Store Id',9,1,NULL,1,0,0),(201,3,'CUSTOMER','Visited Stores',10,13,NULL,1,0,0),(202,3,'TRANSACTION','Bill Id',1,1,NULL,1,0,1),(203,3,'TRANSACTION','Date',2,10,'yyyy/MM/dd HH:mm:ss',1,0,1),(204,3,'TRANSACTION','Charge',3,16,NULL,1,0,1),(205,3,'TRANSACTION','Description',4,1,NULL,1,0,1),(206,3,'TRANSACTION','Customer Id',5,7,NULL,1,0,1),(207,3,'TRANSACTION','Invoice Number',6,1,NULL,1,0,1),(208,3,'TRANSACTION','HST Tax',7,2,NULL,1,0,1),(209,3,'TRANSACTION','Payment Type',8,1,NULL,1,0,1),(210,3,'TRANSACTION','Sub Total',9,16,NULL,1,0,1),(211,3,'TRANSACTION','Service Taken',10,1,NULL,1,0,1),(212,3,'TRANSACTION','Store Id',11,1,NULL,1,0,0),(213,3,'TRANSACTION','_id',12,1,NULL,1,0,0),(214,3,'CUSTOMER','Referrals',13,1,NULL,1,0,0),(215,3,'CUSTOMER','Rewards',14,2,NULL,1,0,0),(216,3,'APPOINTMENT','_id',1,1,NULL,1,0,0),(217,3,'APPOINTMENT','Staff Id',2,1,NULL,1,0,1),(218,3,'APPOINTMENT','Customer Id',3,7,NULL,1,0,1),(219,3,'APPOINTMENT','Start Time',4,11,'yyyy/MM/dd HH:mm:ss',1,0,1),(220,3,'APPOINTMENT','Duration',5,2,NULL,1,0,1),(221,3,'APPOINTMENT','Service Name',6,1,NULL,1,0,1),(222,3,'APPOINTMENT','Staff Name',7,1,NULL,1,0,1),(223,3,'APPOINTMENT','Booked Id',8,1,NULL,1,0,1),(224,3,'APPOINTMENT','Block Id',9,1,NULL,1,0,1),(225,3,'APPOINTMENT','Service Id',10,1,NULL,1,0,1),(226,3,'APPOINTMENT','Status',11,14,NULL,1,0,1),(227,3,'APPOINTMENT','Store Id',12,1,NULL,1,0,0),(228,3,'APPOINTMENT','IsOnLineBooking',13,12,NULL,1,0,0),(229,3,'CUSTOMER','First Name',1,1,NULL,2,0,1),(230,3,'CUSTOMER','Last Name',2,1,NULL,2,0,1),(231,3,'CUSTOMER','Date Of Birth',3,15,'yyyy-MM-dd',2,0,1),(232,3,'CUSTOMER','Last Visited Date',4,10,'yyyy/MM/dd HH:mm:ss',2,0,1),(233,3,'CUSTOMER','Email Id',5,3,NULL,2,0,1),(234,3,'CUSTOMER','Mobile Number',6,8,NULL,2,0,1),(235,3,'CUSTOMER','Id',7,1,NULL,2,0,1),(236,3,'CUSTOMER','IsUnSubscribed',8,6,NULL,2,0,1),(237,3,'CUSTOMER','Originated Store Id',9,1,NULL,2,0,0),(238,3,'CUSTOMER','Visited Stores',10,13,NULL,2,0,0),(239,3,'CUSTOMER','Client Code',11,1,NULL,2,0,1),(240,3,'CUSTOMER','Referrals',13,1,NULL,2,0,0),(241,3,'CUSTOMER','Rewards',14,2,NULL,2,0,0),(242,3,'TRANSACTION','Bill Id',1,1,NULL,2,0,1),(243,3,'TRANSACTION','Date',2,10,'yyyy/MM/dd HH:mm:ss',2,0,1),(244,3,'TRANSACTION','Charge',3,16,NULL,2,0,1),(245,3,'TRANSACTION','Description',4,1,NULL,2,0,1),(246,3,'TRANSACTION','Customer Id',5,7,NULL,2,0,1),(247,3,'TRANSACTION','Invoice Number',6,1,NULL,2,0,1),(248,3,'TRANSACTION','HST Tax',7,2,NULL,2,0,1),(249,3,'TRANSACTION','Payment Type',8,1,NULL,2,0,1),(250,3,'TRANSACTION','Sub Total',9,16,NULL,2,0,1),(251,3,'TRANSACTION','Service Taken',10,1,NULL,2,0,1),(252,3,'TRANSACTION','Store Id',11,1,NULL,2,0,0),(253,3,'TRANSACTION','_id',12,1,NULL,2,0,0),(254,3,'TRANSACTION','Billing Type',13,1,NULL,2,0,1),(255,3,'TRANSACTION','Service Id',14,2,NULL,2,0,1),(256,3,'TRANSACTION','Service Name',15,1,NULL,2,0,1),(257,3,'TRANSACTION','Part Id',16,2,NULL,2,0,1),(258,3,'TRANSACTION','Part Name',17,1,NULL,2,0,1),(259,3,'TRANSACTION','Resource Id',18,2,NULL,2,0,1),(260,3,'TRANSACTION','Resource Name',19,1,NULL,2,0,1),(261,3,'TRANSACTION','Variant Id',20,2,NULL,2,0,1),(262,3,'TRANSACTION','Variant Name',21,1,NULL,2,0,1),(263,3,'TRANSACTION','Product Id',22,2,NULL,2,0,1),(264,3,'TRANSACTION','Product Name',23,1,NULL,2,0,1),(265,3,'TRANSACTION','PromoIdForBill',24,1,NULL,2,0,1),(266,3,'TRANSACTION','PromoIdForInvoice',25,1,NULL,2,0,1),(267,3,'TRANSACTION','Quantity',26,2,NULL,2,0,1),(268,3,'TRANSACTION','Discount',27,2,NULL,2,0,1),(269,3,'APPOINTMENT','_id',1,1,NULL,2,0,0),(270,3,'APPOINTMENT','Staff Id',2,1,NULL,2,0,1),(271,3,'APPOINTMENT','Customer Id',3,7,NULL,2,0,1),(272,3,'APPOINTMENT','Start Time',4,11,'yyyy/MM/dd HH:mm:ss',2,0,1),(273,3,'APPOINTMENT','Duration',5,2,NULL,2,0,1),(274,3,'APPOINTMENT','Service Name',6,1,NULL,2,0,1),(275,3,'APPOINTMENT','Staff Name',7,1,NULL,2,0,1),(276,3,'APPOINTMENT','Booked Id',8,1,NULL,2,0,1),(277,3,'APPOINTMENT','Block Id',9,1,NULL,2,0,1),(278,3,'APPOINTMENT','Service Id',10,1,NULL,2,0,1),(279,3,'APPOINTMENT','Status',11,14,NULL,2,0,1),(280,3,'APPOINTMENT','Store Id',12,1,NULL,2,0,0),(281,3,'APPOINTMENT','IsOnLineBooking',13,12,NULL,2,0,0),(282,3,'APPOINTMENT','End Time',14,11,'yyyy/MM/dd HH:mm:ss',2,0,1),(283,3,'APPOINTMENT','Booking Reference Id',15,1,NULL,2,0,1),(284,3,'APPOINTMENT','Service Part Id',16,2,NULL,2,0,1),(285,3,'APPOINTMENT','Service Part Order',17,2,NULL,2,0,1),(286,3,'APPOINTMENT','Service Part Name',18,1,NULL,2,0,1),(287,4,'LEAD','Lead Owner',1,26,NULL,2,0,1),(288,4,'LEAD','First Name',2,1,NULL,2,0,1),(289,4,'LEAD','Last Name',3,1,NULL,2,0,1),(290,4,'LEAD','Industry',4,27,NULL,2,0,1),(291,4,'LEAD','Annual Revenue',5,1,NULL,2,0,1),(292,4,'LEAD','Lead Source',6,27,NULL,2,0,1),(293,4,'LEAD','Title',7,1,NULL,2,0,1),(294,4,'LEAD','Phone Number',8,8,NULL,2,0,1),(295,4,'LEAD','Mobile',9,1,NULL,2,0,1),(296,4,'LEAD','Secondary Email',10,24,NULL,2,0,1),(297,4,'LEAD','Company Name',11,1,NULL,2,0,1),(298,4,'LEAD','Fax',12,1,NULL,2,0,1),(299,4,'LEAD','Website',13,1,NULL,2,0,1),(300,4,'LEAD','Lead Status',13,27,NULL,2,0,1),(301,4,'LEAD','No of Employees',14,2,NULL,2,0,1),(302,4,'LEAD','Skype',15,1,NULL,2,0,1),(303,4,'LEAD','Twitter',16,1,NULL,2,0,1),(304,4,'LEAD','Image',17,18,NULL,2,0,1),(305,4,'LEAD','Street',18,1,NULL,2,0,1),(306,4,'LEAD','City',19,1,NULL,2,0,1),(307,4,'LEAD','State',20,1,NULL,2,0,1),(308,4,'LEAD','Country',21,1,NULL,2,0,1),(309,4,'LEAD','Zip Code',22,1,NULL,2,0,1),(310,4,'LEAD','Description',23,1,NULL,2,0,1),(311,4,'LEAD','Primary email Id',24,3,NULL,2,0,1),(312,4,'LEAD','Notes',25,17,NULL,2,0,1),(313,4,'LEAD','Campaign Ids',26,23,NULL,2,0,0),(314,4,'LEAD','Id',27,1,NULL,2,0,1),(315,4,'LEAD','IsDeleted',28,12,NULL,2,0,0),(316,4,'LEAD','Skype ID',29,1,NULL,2,0,1),(317,4,'LEAD','Created By',30,1,NULL,2,0,0),(318,4,'LEAD','Created Date',31,11,'yyyy/MM/dd HH:mm:ss',2,0,1),(319,4,'LEAD','Modified By',32,1,NULL,2,0,0),(320,4,'LEAD','Modified Date',33,11,'yyyy/MM/dd HH:mm:ss',2,0,1),(321,4,'LEAD','IsConverted',33,12,NULL,2,0,0),(322,4,'CUSTOMER','Industry',2,27,NULL,2,0,1),(323,4,'CUSTOMER','Annual Revenue',3,1,NULL,2,0,1),(324,4,'CUSTOMER','Company Name',4,1,NULL,2,0,1),(325,4,'CUSTOMER','Description',5,1,NULL,2,0,1),(326,4,'CUSTOMER','Status',6,1,NULL,2,0,1),(327,4,'CUSTOMER','No of Employees',7,2,NULL,2,0,1),(328,4,'CUSTOMER','Account Owner',8,26,NULL,2,0,1),(329,4,'CUSTOMER','Account Number',9,1,NULL,2,0,1),(330,4,'CUSTOMER','Account Type',10,1,NULL,2,0,1),(331,4,'CUSTOMER','Ownership',11,27,NULL,2,0,1),(332,4,'CUSTOMER','SIC Code',12,1,NULL,2,0,1),(333,4,'CUSTOMER','Account Image',13,18,NULL,2,0,1),(334,4,'CUSTOMER','Billing Street',14,1,NULL,2,0,1),(335,4,'CUSTOMER','Billing City',15,1,NULL,2,0,1),(336,4,'CUSTOMER','Billing State',16,1,NULL,2,0,1),(337,4,'CUSTOMER','Billing Postal',17,1,NULL,2,0,1),(338,4,'CUSTOMER','Billing Country',18,1,NULL,2,0,1),(339,4,'CUSTOMER','Email Id',19,3,NULL,2,0,1),(340,4,'CUSTOMER','Activities',20,17,NULL,2,0,1),(341,4,'CUSTOMER','Website',21,1,NULL,2,0,1),(342,4,'CUSTOMER','Phone Number',22,1,NULL,2,0,1),(343,4,'CUSTOMER','Fax',23,1,NULL,2,0,1),(344,4,'CUSTOMER','Email Opt out',24,6,NULL,2,0,1),(345,4,'CUSTOMER','SMS Opt out',25,8,NULL,2,0,1),(346,4,'CUSTOMER','Notes',26,17,NULL,2,0,1),(347,4,'CUSTOMER','Contacts',27,22,NULL,2,0,1),(348,4,'CUSTOMER','Parent Account',28,20,NULL,2,0,1),(349,4,'CUSTOMER','Campaign Ids',29,23,NULL,2,0,0),(350,4,'CUSTOMER','Id',30,1,NULL,2,0,1),(351,4,'CUSTOMER','Created By',31,1,'yyyy/MM/dd HH:mm:ss',2,0,0),(352,4,'CUSTOMER','Created Date',32,11,'yyyy/MM/dd HH:mm:ss',2,0,1),(353,4,'CUSTOMER','Modified By',33,1,NULL,2,0,0),(354,4,'CUSTOMER','Modified Date',34,11,'yyyy/MM/dd HH:mm:ss',2,0,1),(355,4,'CUSTOMER','IsDeleted',28,12,NULL,2,0,0),(356,4,'APPOINTMENT','_id',1,1,NULL,2,0,0),(357,4,'APPOINTMENT','Staff Id',2,1,NULL,2,0,1),(358,4,'APPOINTMENT','Customer Id',3,7,NULL,2,0,1),(359,4,'APPOINTMENT','Start Time',4,11,'yyyy/MM/dd HH:mm:ss',2,0,1),(360,4,'APPOINTMENT','Duration',5,2,NULL,2,0,1),(361,4,'APPOINTMENT','Service Name',6,1,NULL,2,0,1),(362,4,'APPOINTMENT','Staff Name',7,1,NULL,2,0,1),(363,4,'APPOINTMENT','Booked Id',8,1,NULL,2,0,1),(364,4,'APPOINTMENT','Block Id',9,1,NULL,2,0,1),(365,4,'APPOINTMENT','Service Id',10,1,NULL,2,0,1),(366,4,'APPOINTMENT','Status',11,14,NULL,2,0,1),(367,4,'APPOINTMENT','Store Id',12,1,NULL,2,0,0),(368,4,'APPOINTMENT','IsOnLineBooking',13,12,NULL,2,0,0),(369,4,'APPOINTMENT','End Time',14,11,'yyyy/MM/dd HH:mm:ss',2,0,1),(370,4,'APPOINTMENT','Booking Reference Id',15,1,NULL,2,0,1),(371,4,'APPOINTMENT','Service Part Id',16,2,NULL,2,0,1),(372,4,'APPOINTMENT','Service Part Order',17,2,NULL,2,0,1),(373,4,'APPOINTMENT','Service Part Name',18,1,NULL,2,0,1),(374,4,'CONTACT','Contact Owner',1,26,NULL,2,0,1),(375,4,'CONTACT','Lead Source',2,27,NULL,2,0,1),(376,4,'CONTACT','Account Name',3,20,NULL,2,0,1),(377,4,'CONTACT','Contact Name',4,1,NULL,2,0,1),(378,4,'CONTACT','Title',5,1,NULL,2,0,1),(379,4,'CONTACT','Department',6,1,NULL,2,0,1),(380,4,'CONTACT','Phone Number',7,1,NULL,2,0,1),(381,4,'CONTACT','Mobile',8,1,NULL,2,0,1),(382,4,'CONTACT','Primary email Id',9,3,NULL,2,0,1),(383,4,'CONTACT','Secondary Email',10,24,NULL,2,0,1),(384,4,'CONTACT','Fax',11,1,NULL,2,0,1),(385,4,'CONTACT','Skype ID',12,1,NULL,2,0,1),(386,4,'CONTACT','Twitter',13,1,NULL,2,0,1),(387,4,'CONTACT','Reporting To',14,1,NULL,2,0,1),(388,4,'CONTACT','Street',15,1,NULL,2,0,1),(389,4,'CONTACT','City',16,1,NULL,2,0,1),(390,4,'CONTACT','State',17,1,NULL,2,0,1),(391,4,'CONTACT','Country',18,1,NULL,2,0,1),(392,4,'CONTACT','Zip Code',19,1,NULL,2,0,1),(393,4,'CONTACT','Id',20,1,NULL,2,0,1),(394,4,'CONTACT','Description',21,1,NULL,2,0,1),(395,4,'CONTACT','Notes',22,17,NULL,2,0,1),(396,4,'CONTACT','Reporting Contacts',23,22,NULL,2,0,0),(397,4,'CONTACT','Account',24,24,NULL,2,0,1),(398,4,'CONTACT','Created By',25,1,NULL,2,0,0),(399,4,'CONTACT','Created Date',26,11,'yyyy/MM/dd HH:mm:ss',2,0,1),(400,4,'CONTACT','Modified By',27,1,NULL,2,0,0),(401,4,'CONTACT','Modified Date',28,11,'yyyy/MM/dd HH:mm:ss',2,0,1),(402,4,'CONTACT','IsDeleted',28,12,NULL,2,0,0),(403,4,'OPPORTUNITY','Opportunity Owner',1,26,NULL,2,0,1),(404,4,'OPPORTUNITY','Opportunity Name',2,1,NULL,2,0,1),(405,4,'OPPORTUNITY','Lead/Account',3,1,NULL,2,0,1),(406,4,'OPPORTUNITY','Type',4,1,NULL,2,0,1),(407,4,'OPPORTUNITY','Next Step',5,1,NULL,2,0,1),(408,4,'OPPORTUNITY','Lead Source',6,27,NULL,2,0,1),(409,4,'OPPORTUNITY','Contact Name',7,19,NULL,2,0,1),(410,4,'OPPORTUNITY','Amount',8,25,NULL,2,0,1),(411,4,'OPPORTUNITY','Closing Date',9,11,'yyyy/MM/dd',2,0,1),(412,4,'OPPORTUNITY','Stage',10,1,NULL,2,0,1),(413,4,'OPPORTUNITY','Probability (%)',11,1,NULL,2,0,1),(414,4,'OPPORTUNITY','Expected Revenue',12,25,NULL,2,0,1),(415,4,'OPPORTUNITY','Campaign Source',13,1,NULL,2,0,1),(416,4,'OPPORTUNITY','Description To',14,1,NULL,2,0,1),(417,4,'OPPORTUNITY','Id',15,1,NULL,2,0,1),(418,4,'OPPORTUNITY','Notes',16,17,NULL,2,0,1),(419,4,'OPPORTUNITY','Stage History',17,17,NULL,2,0,1),(420,4,'OPPORTUNITY','Competitors',18,17,NULL,2,0,1),(421,4,'OPPORTUNITY','Contact Roles',19,17,NULL,2,0,1),(422,4,'OPPORTUNITY','Created By',20,1,NULL,2,0,0),(423,4,'OPPORTUNITY','Created Date',21,11,'yyyy/MM/dd HH:mm:ss',2,0,1),(424,4,'OPPORTUNITY','Modified By',22,1,NULL,2,0,0),(425,4,'OPPORTUNITY','Modified Date',23,11,'yyyy/MM/dd HH:mm:ss',2,0,1),(426,4,'OPPORTUNITY','IsDeleted',24,12,NULL,2,0,0),(427,4,'TRANSACTION','Bill Id',1,1,NULL,2,0,1),(428,4,'TRANSACTION','Date',2,10,'yyyy/MM/dd HH:mm:ss',2,0,1),(429,4,'TRANSACTION','Charge',3,16,NULL,2,0,1),(430,4,'TRANSACTION','Description',4,1,NULL,2,0,1),(431,4,'TRANSACTION','Customer Id',5,7,NULL,2,0,1),(432,4,'TRANSACTION','Invoice Number',6,1,NULL,2,0,1),(433,4,'TRANSACTION','HST Tax',7,2,NULL,2,0,1),(434,4,'TRANSACTION','Payment Type',8,1,NULL,2,0,1),(435,4,'TRANSACTION','Sub Total',9,16,NULL,2,0,1),(436,4,'TRANSACTION','Store Id',11,1,NULL,2,0,0),(437,4,'TRANSACTION','_id',12,1,NULL,2,0,0),(438,4,'TRANSACTION','Billing Type',13,1,NULL,2,0,1),(439,4,'TRANSACTION','Service Id',14,2,NULL,2,0,1),(440,4,'TRANSACTION','Service Name',15,1,NULL,2,0,1),(441,4,'TRANSACTION','Part Id',16,2,NULL,2,0,1),(442,4,'TRANSACTION','Part Name',17,1,NULL,2,0,1),(443,4,'TRANSACTION','Resource Id',18,2,NULL,2,0,1),(444,4,'TRANSACTION','Resource Name',19,1,NULL,2,0,1),(445,4,'TRANSACTION','Variant Id',20,2,NULL,2,0,1),(446,4,'TRANSACTION','Variant Name',21,1,NULL,2,0,1),(447,4,'TRANSACTION','Product Id',22,2,NULL,2,0,1),(448,4,'TRANSACTION','Product Name',23,1,NULL,2,0,1),(449,4,'TRANSACTION','PromoIdForBill',24,1,NULL,2,0,1),(450,4,'TRANSACTION','PromoIdForInvoice',25,1,NULL,2,0,1),(451,4,'TRANSACTION','Quantity',26,2,NULL,2,0,1),(452,4,'TRANSACTION','Discount',27,2,NULL,2,0,1),(453,4,'LEAD','isContacted',35,6,NULL,2,0,1),(454,4,'LEAD','Status History',34,17,NULL,2,0,1),(455,4,'TICKETS','Ticket Number',1,1,NULL,2,0,1),(456,4,'TICKETS','Ticket Type',2,27,NULL,2,0,1),(457,4,'TICKETS','Requested By',3,1,NULL,2,0,1),(458,4,'TICKETS','Requested Detail',4,1,NULL,2,0,1),(459,4,'TICKETS','Status',5,27,NULL,2,0,1),(460,4,'TICKETS','Priority',6,27,NULL,2,0,1),(461,4,'TICKETS','Detail Description',7,7,NULL,2,0,1),(462,4,'TICKETS','Ticket Severity',8,27,NULL,2,0,1),(463,4,'TICKETS','Requested Date',9,5,'yyyy/MM/dd',2,0,1),(464,4,'TICKETS','Requested By Type',10,1,NULL,2,0,1),(465,4,'TICKETS','Due Date',11,5,'yyyy/MM/dd',2,0,1),(466,4,'TICKETS','Modified Date',12,11,'yyyy/MM/dd HH:mm:ss',2,0,1),(467,4,'TICKETS','Modified By',13,1,NULL,2,0,1),(468,4,'TICKETS','Created By',14,1,NULL,2,0,1),(469,4,'TICKETS','Created Date',15,11,'yyyy/MM/dd HH:mm:ss',2,0,1),(470,4,'TICKETS','Notes',16,17,NULL,2,0,1),(471,4,'TICKETS','Ticket History',17,17,NULL,2,0,1),(472,4,'TICKETS','Id',18,1,NULL,2,0,1),(473,4,'TICKETS','Assigned To',19,26,NULL,2,0,1),(474,4,'TICKETS','Title',20,1,NULL,2,0,1),(475,4,'PRODUCT','Product Number',1,1,NULL,2,0,1),(476,4,'PRODUCT','Product Type',2,27,NULL,2,0,1),(477,4,'PRODUCT','Product Name',3,1,NULL,2,0,1),(478,4,'PRODUCT','Time Period',4,1,NULL,2,0,1),(479,4,'PRODUCT','Description',5,7,NULL,2,0,1),(480,4,'PRODUCT','Modified Date',6,11,'yyyy/MM/dd HH:mm:ss',2,0,1),(481,4,'PRODUCT','Modified By',7,1,NULL,2,0,1),(482,4,'PRODUCT','Created By',8,1,NULL,2,0,1),(483,4,'PRODUCT','Created Date',9,11,'yyyy/MM/dd HH:mm:ss',2,0,1),(484,4,'PRODUCT','Notes',10,17,NULL,2,0,1),(485,4,'PRODUCT','Product Detail',11,7,NULL,2,0,1),(486,4,'PRODUCT','Id',12,1,NULL,2,0,1),(487,4,'PRODUCT','IsDeleted',13,12,NULL,2,0,1),(488,4,'PURCHASED_PRODUCT','Purchased Product Number',1,1,NULL,2,0,1),(489,4,'PURCHASED_PRODUCT','Purchased Product Type',2,27,NULL,2,0,1),(490,4,'PURCHASED_PRODUCT','Purchased Product Name',3,1,NULL,2,0,1),(491,4,'PURCHASED_PRODUCT','Time Period',4,1,NULL,2,0,1),(492,4,'PURCHASED_PRODUCT','Description',5,7,NULL,2,0,1),(493,4,'PURCHASED_PRODUCT','Modified Date',6,11,'yyyy/MM/dd HH:mm:ss',2,0,1),(494,4,'PURCHASED_PRODUCT','Modified By',7,1,NULL,2,0,1),(495,4,'PURCHASED_PRODUCT','Created By',8,1,NULL,2,0,1),(496,4,'PURCHASED_PRODUCT','Created Date',9,11,'yyyy/MM/dd HH:mm:ss',2,0,1),(497,4,'PURCHASED_PRODUCT','Purchased Product Detail',11,7,NULL,2,0,1),(498,4,'PURCHASED_PRODUCT','Account',14,20,NULL,2,0,1),(499,4,'PURCHASED_PRODUCT','Id',15,1,NULL,2,0,1),(500,4,'PURCHASED_PRODUCT','Product',16,1,NULL,2,0,1),(501,4,'PURCHASED_PRODUCT','Value',17,1,NULL,2,0,1),(502,4,'PURCHASED_PRODUCT','Sold By',18,26,NULL,2,0,1),(503,4,'PURCHASED_PRODUCT','OpportunityId',19,1,NULL,2,0,1),(504,4,'PURCHASED_PRODUCT','Purchased Date',20,11,'yyyy/MM/dd',2,0,1),(505,4,'PURCHASED_PRODUCT','IsDeleted',19,12,NULL,2,0,1),(506,4,'OPPORTUNITY','Search Type',37,1,NULL,2,0,1),(507,4,'OPPORTUNITY','Product',26,1,NULL,2,0,1),(508,4,'CONTACT','Conversation',20,17,NULL,2,0,1),(509,4,'LEAD','Conversation',20,17,NULL,2,0,1),(510,4,'LEAD','Business Hierarchy Id',0,1,NULL,2,0,2),(511,4,'CUSTOMER','Business Hierarchy Id',0,1,NULL,2,0,2),(512,4,'APPOINTMENT','Business Hierarchy Id',0,1,NULL,2,0,2),(513,4,'CONTACT','Business Hierarchy Id',0,1,NULL,2,0,2),(514,4,'OPPORTUNITY','Business Hierarchy Id',0,1,NULL,2,0,2),(515,4,'TRANSACTION','Business Hierarchy Id',0,1,NULL,2,0,2),(516,4,'PRODUCT','Business Hierarchy Id',0,1,NULL,2,0,2),(517,4,'TICKETS','Business Hierarchy Id',0,1,NULL,2,0,2),(518,4,'CUSTOMER','LeadId',0,1,NULL,2,0,1),(519,4,'CUSTOMER','CallRecodings',35,17,NULL,2,0,1),(520,4,'TICKETS','CallRecodings',21,17,NULL,2,0,1),(521,4,'OPPORTUNITY','CallRecodings',38,17,NULL,2,0,1),(522,4,'PURCHASED_PRODUCT','Business Hierarchy Id',0,1,NULL,2,0,2);
/*!40000 ALTER TABLE `BUSINESS_MODEL_COLUMN_BK_SPRINT9_POC` ENABLE KEYS */;
UNLOCK TABLES;

--
-- Table structure for table `BUSINESS_MODEL_COLUMN_FOR_INNER_DATA`
--

DROP TABLE IF EXISTS `BUSINESS_MODEL_COLUMN_FOR_INNER_DATA`;
/*!40101 SET @saved_cs_client     = @@character_set_client */;
/*!50503 SET character_set_client = utf8mb4 */;
CREATE TABLE `BUSINESS_MODEL_COLUMN_FOR_INNER_DATA` (
  `ID` int NOT NULL AUTO_INCREMENT,
  `BUSINESS_MODEL_COLUMN_ID` int NOT NULL,
  `COLUMN_NAME` varchar(50) NOT NULL,
  `COLUMN_TYPE_ID` int NOT NULL,
  `DEFAULT_DATE_FORMAT` varchar(45) DEFAULT NULL,
  `IS_DELETED` tinyint(1) NOT NULL DEFAULT '0',
  KEY `business_model_column_type_dx_idx` (`COLUMN_TYPE_ID`),
  KEY `business_model_column_idx_idx` (`ID`),
  KEY `business_model_column_idx_idx1` (`BUSINESS_MODEL_COLUMN_ID`),
  CONSTRAINT `business_model_column_idx` FOREIGN KEY (`BUSINESS_MODEL_COLUMN_ID`) REFERENCES `BUSINESS_MODEL_COLUMN` (`MODEL_COLUMN_ID`),
  CONSTRAINT `business_model_column_type_dx` FOREIGN KEY (`COLUMN_TYPE_ID`) REFERENCES `COLUMN_TYPE` (`COLUMN_TYPE_ID`)
) ENGINE=InnoDB AUTO_INCREMENT=88 DEFAULT CHARSET=latin1;
/*!40101 SET character_set_client = @saved_cs_client */;

--
-- Dumping data for table `BUSINESS_MODEL_COLUMN_FOR_INNER_DATA`
--

LOCK TABLES `BUSINESS_MODEL_COLUMN_FOR_INNER_DATA` WRITE;
/*!40000 ALTER TABLE `BUSINESS_MODEL_COLUMN_FOR_INNER_DATA` DISABLE KEYS */;
INSERT INTO `BUSINESS_MODEL_COLUMN_FOR_INNER_DATA` VALUES (1,312,'Note',7,NULL,0),(2,312,'Date',11,'MM/dd/yyyy HH:mm:ss',0),(3,312,'Modified By',1,NULL,0),(4,340,'_id',1,NULL,0),(5,340,'Activity Owner Type',1,NULL,0),(6,340,'Activity Owner',1,NULL,0),(7,340,'Activity For Type',1,NULL,0),(8,340,'_id',1,NULL,0),(9,340,'Details',1,NULL,0),(10,340,'Date and Time',1,'MM/dd/yyyy HH:mm:ss',0),(11,340,'TaskId',1,NULL,0),(12,340,'IsDeleted',12,NULL,0),(13,346,'Note',7,NULL,0),(14,346,'Date',11,'MM/dd/yyyy HH:mm:ss',0),(15,346,'Modified By',1,NULL,0),(16,395,'Note',7,NULL,0),(17,395,'Date',11,'MM/dd/yyyy HH:mm:ss',0),(18,395,'Modified By',1,NULL,0),(19,418,'Note',7,NULL,0),(20,418,'Date',11,'MM/dd/yyyy HH:mm:ss',0),(21,418,'Modified By',1,NULL,0),(22,419,'Stage',1,NULL,0),(23,419,'Amount',1,NULL,0),(24,419,'Closing Date',11,'MM/dd/yyyy',0),(25,419,'Modified By',1,NULL,0),(26,419,'Modified Time',11,'MM/dd/yyyy HH:mm:ss',0),(27,420,'Competitor Name',1,NULL,0),(28,420,'Website',1,NULL,0),(29,420,'Strengths',1,NULL,0),(30,420,'Weakness',1,NULL,0),(31,420,'Modified By',1,NULL,0),(32,420,'Modified Time',11,'MM/dd/yyyy HH:mm:ss',0),(33,420,'isDeleted',1,NULL,0),(34,420,'_id',1,NULL,0),(35,421,'Contact Id',1,NULL,0),(36,421,'Contact Role Id',2,NULL,0),(37,421,'_id',1,NULL,0),(38,454,'Status',1,NULL,0),(39,454,'Modified By',1,NULL,0),(40,454,'Modified Time',11,'MM/dd/yyyy HH:mm:ss',0),(41,470,'Note',7,NULL,0),(42,470,'Modified By',1,NULL,0),(43,470,'Modified Time',11,'MM/dd/yyyy HH:mm:ss',0),(44,471,'Status',1,NULL,0),(45,471,'Modified By',1,NULL,0),(46,471,'Modified Time',11,'MM/dd/yyyy HH:mm:ss',0),(47,484,'Note',7,NULL,0),(48,484,'Modified By',1,NULL,0),(49,484,'Modified Time',11,'MM/dd/yyyy HH:mm:ss',0),(50,508,'Name',1,NULL,0),(51,508,'Unique Id',1,NULL,0),(52,508,'Message',7,NULL,0),(53,508,'Date',11,NULL,0),(54,509,'Name',1,NULL,0),(55,509,'Unique Id',1,NULL,0),(56,509,'Message',7,NULL,0),(57,509,'Date',11,NULL,0),(58,519,'Resource Name',1,NULL,0),(59,519,'Resource Id',1,NULL,0),(60,519,'Customer Name',1,NULL,0),(61,519,'Customer Id',1,NULL,0),(62,519,'Recording URL',1,NULL,0),(63,519,'Called Time',11,'MM/dd/yyyy HH:mm:ss',0),(64,520,'Resource Name',1,NULL,0),(65,520,'Resource Id',1,NULL,0),(66,520,'Customer Name',1,NULL,0),(67,520,'Customer Id',1,NULL,0),(68,520,'Recording URL',1,NULL,0),(69,520,'Called Time',11,'MM/dd/yyyy HH:mm:ss',0),(70,521,'Resource Name',1,NULL,0),(71,521,'Resource Id',1,NULL,0),(72,521,'Customer Name',1,NULL,0),(73,521,'Customer Id',1,NULL,0),(74,521,'Recording URL',1,NULL,0),(75,521,'Called Time',11,'MM/dd/yyyy HH:mm:ss',0),(76,529,'Resource Name',1,NULL,0),(77,529,'Resource Id',1,NULL,0),(78,529,'Customer Name',1,NULL,0),(79,529,'Customer Id',1,NULL,0),(80,529,'Recording URL',1,NULL,0),(81,529,'Called Time',11,'MM/dd/yyyy HH:mm:ss',0),(82,530,'Resource Name',1,NULL,0),(83,530,'Resource Id',1,NULL,0),(84,530,'Customer Name',1,NULL,0),(85,530,'Customer Id',1,NULL,0),(86,530,'Recording URL',1,NULL,0),(87,530,'Called Time',11,'MM/dd/yyyy HH:mm:ss',0);
/*!40000 ALTER TABLE `BUSINESS_MODEL_COLUMN_FOR_INNER_DATA` ENABLE KEYS */;
UNLOCK TABLES;

--
-- Table structure for table `BUSINESS_MODEL_COLUMN_POSITION_MAP`
--

DROP TABLE IF EXISTS `BUSINESS_MODEL_COLUMN_POSITION_MAP`;
/*!40101 SET @saved_cs_client     = @@character_set_client */;
/*!50503 SET character_set_client = utf8mb4 */;
CREATE TABLE `BUSINESS_MODEL_COLUMN_POSITION_MAP` (
  `ID` int NOT NULL AUTO_INCREMENT,
  `BUSINESS_MODEL_COLUMN_ID` int NOT NULL,
  `PAGE_ID` int NOT NULL,
  `COLUMN_POSITON` int NOT NULL,
  `ALIAS` varchar(45) DEFAULT NULL,
  `SECTION` int DEFAULT NULL,
  `LINE` int DEFAULT NULL,
  `POSITION` int DEFAULT NULL,
  `SYSTEM_REQUIRED_FIELDS` tinyint NOT NULL DEFAULT '0',
  KEY `FK_BUSINESS_MODEL_COLUMN_idx` (`BUSINESS_MODEL_COLUMN_ID`),
  KEY `FK_SECTION_idx` (`SECTION`),
  KEY `ID` (`ID`),
  CONSTRAINT `FK_BUSINESS_MODEL` FOREIGN KEY (`BUSINESS_MODEL_COLUMN_ID`) REFERENCES `BUSINESS_MODEL_COLUMN` (`MODEL_COLUMN_ID`),
  CONSTRAINT `FK_SECTION_DETAIL` FOREIGN KEY (`SECTION`) REFERENCES `STAGE_DETAILS` (`ID`)
) ENGINE=InnoDB AUTO_INCREMENT=220 DEFAULT CHARSET=latin1;
/*!40101 SET character_set_client = @saved_cs_client */;

--
-- Dumping data for table `BUSINESS_MODEL_COLUMN_POSITION_MAP`
--

LOCK TABLES `BUSINESS_MODEL_COLUMN_POSITION_MAP` WRITE;
/*!40000 ALTER TABLE `BUSINESS_MODEL_COLUMN_POSITION_MAP` DISABLE KEYS */;
INSERT INTO `BUSINESS_MODEL_COLUMN_POSITION_MAP` VALUES (1,287,1,1,'Lead Owner',2,1,1,1),(2,288,1,2,'First Name',2,1,2,1),(3,289,1,3,'Last Name',2,2,2,1),(4,290,1,4,'Industry',2,1,7,0),(5,291,1,5,'Annual Revenue',2,1,8,1),(6,292,1,6,'Lead Source',2,1,6,0),(7,293,1,7,'Title',2,1,3,0),(8,294,1,8,'Phone Number',2,1,4,0),(9,295,1,9,'Mobile',2,1,5,1),(10,296,1,11,'Secondary email',2,2,4,0),(11,297,1,12,'Company Name',2,2,1,1),(12,298,1,13,'Fax',2,2,6,0),(13,299,1,14,'Website',2,2,5,0),(14,300,1,15,'Lead Status',2,2,7,1),(15,301,1,16,'No of Employees',2,2,8,0),(16,316,1,17,'Skype ID',2,2,9,0),(17,303,1,18,'Twitter',2,2,10,0),(18,304,1,19,'Lead Image',1,1,1,0),(19,305,1,20,'Street',3,1,1,0),(20,306,1,21,'City',3,2,1,0),(21,307,1,22,'State',3,1,2,0),(22,311,1,22,'Email Id',4,1,2,1),(23,308,1,23,'Country',3,1,3,0),(24,309,1,24,'Zip Code',3,2,2,0),(25,310,1,25,'Description',4,1,1,0),(26,288,2,1,'26',NULL,1,NULL,1),(27,289,2,2,'27',NULL,1,NULL,1),(28,297,2,3,'2',NULL,NULL,NULL,1),(29,292,2,4,NULL,NULL,NULL,NULL,0),(30,314,2,5,NULL,NULL,NULL,NULL,0),(31,328,3,1,'Account Owner',2,1,1,1),(32,324,3,2,'Account Name',2,1,2,1),(33,341,3,3,'Website',2,2,3,0),(34,329,3,4,'Account Number',2,1,3,0),(35,330,3,5,'Account Type',2,1,4,0),(36,322,3,6,'Industry',2,1,6,0),(37,323,3,7,'Annual Revenue',2,1,7,1),(38,342,3,8,'Phone',2,2,1,0),(39,343,3,9,'Fax',2,2,2,0),(40,327,3,10,'Employees',2,2,4,0),(41,331,3,11,'Ownership',2,2,5,0),(42,332,3,12,'SIC Code',2,2,6,0),(43,333,3,13,'Account Image',1,1,1,0),(44,334,3,14,'Billing Street',3,1,1,0),(45,335,3,15,'Billing City',3,1,2,0),(46,336,3,16,'Billing State',3,1,3,0),(47,337,3,17,'Billing Code',3,1,4,0),(48,338,3,18,'Billing Country',3,1,5,0),(49,325,3,19,'Description',4,1,1,0),(50,339,3,21,'Email Id',4,1,2,1),(51,348,3,22,'Parent Account',2,1,5,1),(52,328,4,1,'Account Owner',NULL,NULL,NULL,1),(53,324,4,2,'Account Name',NULL,NULL,NULL,1),(54,341,4,3,'Website',NULL,NULL,NULL,0),(55,350,4,4,'Id',NULL,NULL,NULL,0),(56,374,5,1,'Contact Owner',1,1,1,1),(57,375,5,2,'Lead Source',1,2,1,0),(58,376,5,3,'Account Name',1,2,2,1),(59,377,5,4,'First Name',1,1,2,1),(60,378,5,5,'Title',1,1,3,0),(61,379,5,6,'Department',1,2,3,0),(62,380,5,7,'Phone Number',1,1,5,1),(63,381,5,8,'Mobile',1,2,5,0),(64,382,5,9,'primary email Id',1,1,4,1),(65,383,5,10,'Secondary Email',1,2,4,0),(66,384,5,12,'Fax',1,1,6,0),(67,385,5,13,'Skype ID',1,1,7,0),(68,386,5,14,'Twitter',1,2,6,0),(69,387,5,15,'Reporting To',1,2,7,0),(70,388,5,16,'Street',2,1,1,0),(71,389,5,17,'City',2,1,2,0),(72,390,5,18,'State',2,1,3,0),(73,391,5,19,'Country',2,2,1,0),(74,392,5,20,'Zip Code',2,2,2,0),(75,394,5,21,'Description',3,1,1,0),(76,377,6,1,NULL,NULL,NULL,NULL,1),(77,374,6,2,NULL,NULL,NULL,NULL,1),(78,378,6,3,NULL,NULL,NULL,NULL,0),(79,387,6,4,NULL,NULL,NULL,NULL,0),(80,391,6,5,NULL,NULL,NULL,NULL,0),(81,393,6,6,NULL,NULL,NULL,NULL,0),(82,403,7,1,'Opportunity Owner',1,1,1,1),(83,404,7,2,'Opportunity Name',1,1,2,1),(84,405,7,3,'Lead/Account Name',1,1,3,1),(85,406,7,4,'Type',1,1,4,0),(86,407,7,5,'Next Step',1,1,7,0),(87,408,7,6,'Lead Source',1,1,5,0),(88,409,7,7,'Contact Name',1,1,6,1),(89,410,7,8,'Amount',1,2,1,1),(90,411,7,9,'Closing Date',1,2,2,1),(91,412,7,10,'Stage',1,2,3,1),(92,413,7,11,'Probability (%)',1,2,4,0),(93,414,7,12,'Expected Revenue',1,2,5,0),(94,415,7,13,'Campaign Source',1,2,6,0),(95,416,7,14,'Description',2,1,1,0),(96,403,8,1,NULL,NULL,NULL,NULL,1),(97,404,8,2,NULL,NULL,NULL,NULL,1),(98,406,8,3,NULL,NULL,NULL,NULL,0),(99,412,8,4,NULL,NULL,NULL,NULL,1),(100,416,8,5,NULL,NULL,NULL,NULL,0),(101,417,8,6,NULL,NULL,NULL,NULL,0),(102,287,10,1,'Contact Owner',NULL,NULL,NULL,1),(103,297,10,2,'Account Name',NULL,NULL,NULL,1),(104,288,10,3,'First Name',NULL,NULL,NULL,1),(105,310,10,4,'Description',NULL,NULL,NULL,0),(106,305,10,5,'Street',NULL,NULL,NULL,0),(107,306,10,6,'City',NULL,NULL,NULL,0),(108,307,10,7,'State',NULL,NULL,NULL,0),(109,308,10,8,'Country',NULL,NULL,NULL,0),(110,309,10,9,'Zip Code',NULL,NULL,NULL,0),(111,311,10,10,'Primary email Id',NULL,NULL,NULL,1),(112,297,11,2,'Company Name',NULL,NULL,NULL,1),(113,290,11,3,'Industry',NULL,NULL,NULL,0),(114,291,11,4,'Annual Revenue',NULL,NULL,NULL,1),(115,294,11,5,'Phone Number',NULL,NULL,NULL,0),(116,298,11,6,'Fax',NULL,NULL,NULL,0),(117,301,11,7,'No of Employees',NULL,NULL,NULL,0),(118,299,11,8,'Website',NULL,NULL,NULL,0),(119,305,11,9,'Billing Street',NULL,NULL,NULL,0),(120,306,11,10,'Billing City',NULL,NULL,NULL,0),(121,307,11,11,'Billing State',NULL,NULL,NULL,0),(122,309,11,12,'Billing Postal',NULL,NULL,NULL,0),(123,308,11,13,'Billing Country',NULL,NULL,NULL,0),(124,310,11,14,'Description',NULL,NULL,NULL,0),(125,311,11,15,'Email Id',NULL,NULL,NULL,1),(126,287,2,6,'Lead Owner',NULL,NULL,NULL,1),(127,287,11,16,'Account Owner',NULL,NULL,NULL,1),(128,292,10,11,'Lead Source',NULL,NULL,NULL,0),(129,293,10,12,'Title',NULL,NULL,NULL,0),(130,294,10,13,'Phone Number',NULL,NULL,NULL,0),(131,298,10,14,'Fax',NULL,NULL,NULL,0),(132,316,10,15,'Skype ID',NULL,NULL,NULL,0),(133,295,10,16,'Mobile',NULL,NULL,NULL,1),(134,296,10,17,'Secondary Email',NULL,NULL,NULL,0),(135,303,10,18,'Twitter',NULL,NULL,NULL,0),(136,453,1,0,'Is Contacted',NULL,NULL,NULL,0),(137,506,7,15,'Search Type',1,2,16,1),(138,507,7,3,'Product',1,1,8,1),(139,403,25,1,'Sold By',NULL,NULL,NULL,1),(140,405,25,2,'Account',NULL,NULL,NULL,1),(141,507,25,3,'Purchased Product Name',NULL,NULL,NULL,1),(142,417,25,4,'OpportunityId',NULL,NULL,NULL,0),(143,410,25,5,'Value',NULL,NULL,NULL,1),(144,455,20,1,'Ticket Number',1,1,1,0),(145,456,20,2,'Ticket Type',1,1,5,0),(146,457,20,3,'Requested By',1,1,2,1),(147,458,20,4,'Requested Detail',1,1,6,0),(148,459,20,5,'Status',1,2,2,1),(149,460,20,6,'Priority',1,2,5,1),(150,462,20,7,'Ticket Severity',1,2,6,0),(151,464,20,8,'Requested By Type',1,2,4,1),(152,463,20,9,'Requested Date',1,2,3,0),(153,465,20,10,'Due Date',1,1,3,0),(154,473,20,12,'Assigned To',1,2,1,1),(155,474,20,13,'Title',1,1,4,1),(156,455,21,1,'Ticket Number',NULL,NULL,NULL,0),(157,456,21,2,'Ticket Type',NULL,NULL,NULL,0),(158,458,21,4,'Requested Detail',NULL,NULL,NULL,0),(159,459,21,5,'Status',NULL,NULL,NULL,1),(160,460,21,6,'Priority',NULL,NULL,NULL,1),(161,465,21,7,'Due Date',NULL,NULL,NULL,0),(162,473,21,8,'Assigned To',NULL,NULL,NULL,1),(163,472,21,9,'Id',NULL,NULL,NULL,0),(164,475,22,1,'Product Number',1,2,2,0),(165,476,22,2,'Product Type',1,1,1,1),(166,477,22,3,'Product Name',1,2,1,1),(167,478,22,4,'Time Period',1,1,3,1),(168,479,22,5,'Description',1,2,3,0),(169,485,22,6,'Product Detail',1,1,2,0),(170,475,23,1,'Product Number',NULL,NULL,NULL,0),(171,476,23,2,'Product Type',NULL,NULL,NULL,1),(172,477,23,3,'Product Name',NULL,NULL,NULL,1),(173,478,23,4,'Time Period',NULL,NULL,NULL,1),(174,479,23,5,'Description',NULL,NULL,NULL,0),(175,486,23,6,'Id',NULL,NULL,NULL,0),(176,489,24,1,'Product Type',1,2,3,0),(177,491,24,2,'Time Period',1,2,2,0),(178,492,24,3,'Description',1,1,4,0),(179,500,24,4,'Product',1,2,1,0),(180,498,24,5,'Account',1,1,1,0),(181,501,24,6,'Value',1,2,4,0),(182,502,24,7,'Sold By',1,1,2,0),(183,504,24,8,'Purchased Date',1,1,3,0),(184,518,11,0,'LeadId',NULL,NULL,NULL,0),(185,304,11,17,'Account Image',NULL,NULL,NULL,0),(186,533,5,1,'Last Name',2,1,1,1),(187,533,6,1,NULL,NULL,NULL,NULL,1),(188,289,10,19,'Last Name',NULL,NULL,NULL,1),(189,318,1,0,'Created Date',NULL,NULL,NULL,0),(190,320,1,0,'Modified Date',NULL,NULL,NULL,0),(191,399,5,0,'Created Date',NULL,NULL,NULL,0),(192,401,5,0,'Modified Date',NULL,NULL,NULL,0),(193,352,3,0,'Created Date',NULL,NULL,NULL,0),(194,354,3,0,'Modified Date',NULL,NULL,NULL,0),(195,423,7,0,'Created Date',NULL,NULL,NULL,0),(196,425,7,0,'Modified Date',NULL,NULL,NULL,0),(197,469,20,0,'Created Date',NULL,NULL,NULL,0),(198,466,20,0,'Modified Date',NULL,NULL,NULL,0),(199,483,22,0,'Created Date',NULL,NULL,NULL,0),(200,480,22,0,'Modified Date',NULL,NULL,NULL,0),(201,288,26,1,'First Name',NULL,NULL,NULL,0),(202,289,26,2,'Last Name',NULL,NULL,NULL,0),(203,297,26,3,'Company Name',NULL,NULL,NULL,0),(204,287,26,4,'Lead Owner',NULL,NULL,NULL,0),(205,300,26,5,'Lead Status',NULL,NULL,NULL,0),(206,314,26,6,'Id',NULL,NULL,NULL,0),(207,455,28,1,'Ticket Number',NULL,NULL,NULL,0),(208,474,28,2,'Title',NULL,NULL,NULL,0),(209,460,28,3,'Priority',NULL,NULL,NULL,0),(210,459,28,4,'Status',NULL,NULL,NULL,0),(211,472,28,5,'Id',NULL,NULL,NULL,0),(212,404,27,1,'Opportunity Name',NULL,NULL,NULL,0),(213,403,27,2,'Opportunity Owner',NULL,NULL,NULL,0),(214,409,27,3,'Contact Name',NULL,NULL,NULL,0),(215,405,27,4,'Lead/Account',NULL,NULL,NULL,0),(216,410,27,5,'Amount',NULL,NULL,NULL,0),(217,412,27,6,'Stage',NULL,NULL,NULL,0),(218,417,27,7,'Id',NULL,NULL,NULL,0),(219,534,3,1,'Mobile',2,2,4,1);
/*!40000 ALTER TABLE `BUSINESS_MODEL_COLUMN_POSITION_MAP` ENABLE KEYS */;
UNLOCK TABLES;

--
-- Table structure for table `BUSINESS_MODEL_CONFIG`
--

DROP TABLE IF EXISTS `BUSINESS_MODEL_CONFIG`;
/*!40101 SET @saved_cs_client     = @@character_set_client */;
/*!50503 SET character_set_client = utf8mb4 */;
CREATE TABLE `BUSINESS_MODEL_CONFIG` (
  `MODEL_CONFIG_ID` int NOT NULL AUTO_INCREMENT,
  `MODEL_ID` int NOT NULL,
  `CONFIG_KEY` varchar(100) NOT NULL,
  `CONFIG_VALUE` longtext NOT NULL,
  `PROVIDER_ID` int NOT NULL DEFAULT '-1' COMMENT 'Provider Id is coming from Provider table primary key. If Provider id is -1 then it''s common for all providers if it as a value then it''s mapped to a provider respectively. ',
  PRIMARY KEY (`MODEL_CONFIG_ID`),
  UNIQUE KEY `composite_key_for_providerId_configkey` (`MODEL_ID`,`CONFIG_KEY`,`PROVIDER_ID`),
  CONSTRAINT `fk_business_model_and_config_id` FOREIGN KEY (`MODEL_ID`) REFERENCES `BUSINESS_MODEL` (`MODEL_ID`)
) ENGINE=InnoDB AUTO_INCREMENT=437 DEFAULT CHARSET=latin1;
/*!40101 SET character_set_client = @saved_cs_client */;

--
-- Dumping data for table `BUSINESS_MODEL_CONFIG`
--

LOCK TABLES `BUSINESS_MODEL_CONFIG` WRITE;
/*!40000 ALTER TABLE `BUSINESS_MODEL_CONFIG` DISABLE KEYS */;
INSERT INTO `BUSINESS_MODEL_CONFIG` VALUES (1,1,'TRANSACTION-ORDER-FIELD','Date',-1),(2,1,'CUSTOMER-COMMUNICATION-DETAILS','Email Id,Mobile Number,First Name,Last Name',-1),(3,1,'APPOINTMENT-ORDER-FIELD','Start Time',-1),(4,1,'APPOINTMENT-PROJECTION-FIELD','Customer Id,Service Name,Start Time,Staff Id,Block Id,Booked Id,Staff Name,Duration,Service Id,Status',-1),(5,1,'APPOINTMENT-DATE-FILTER','Start Time,Status',-1),(6,1,'TRANSACTION-DATE-FILTER','Date',-1),(7,1,'TRANSACTION-REVENUE-FIELD','Sub Total',-1),(8,1,'Sum Of Bill Amount','Sub Total',-1),(9,1,'Total Number Of Transactions','Sub Total',-1),(10,1,'First Transaction Date','Date',-1),(11,1,'Average Bill Amount','Sub Total',-1),(12,1,'Maximum Bill Amount','Sub Total',-1),(13,1,'Recent Transaction Date','Date',-1),(14,1,'Minimum Bill Amount','Sub Total',-1),(15,1,'TRANSACTION-PROJECTION-FIELD','Bill Id,Date,Charge,Service Taken,Description,Invoice Number,HST Tax,Payment Type,Sub Total,Customer Id',-1),(16,1,'DASHBOARD_MAIL_STATUSES','sent,opened,delivered',-1),(17,1,'DASHBOARD_SMS_STATUSES','sent,delivered',-1),(18,1,'Service_Types','Spa,facials,hair coloring and highlights,deep conditioning',-1),(19,1,'APPOINTMENT-TEMPLATE-DATA','<div align=\"center\"> <table border=\"1\" cellspacing=\"0\" cellpadding=\"0\" style=\"border-top: 4.5pt;border-left: 1.0pt;border-bottom: 4.5pt;border-right: 1.0pt;border-color: black;border-style: solid;\"> <tbody> <tr> <td valign=\"top\" style=\"border: none;border-right: solid black 1.0pt;background: rgb(83, 150, 193);padding: 0.0in 0.0in 0.0in 0.0in;\"> <table border=\"0\" cellspacing=\"0\" cellpadding=\"0\"> <tbody> <tr> <td valign=\"top\" style=\"padding: 0.0in 0.0in 0.0in 0.0in;\"> <p class=\"MsoNormal\" align=\"center\" style=\"text-align: center;\"><img border=\"0\" width=\"300\" height=\"117\" src=\"[BUSINESS_LOGO]\" alt=\"logo\"></p> </td> </tr> </tbody> </table> </td> <td width=\"375\" style=\"width: 281.25pt;border: none;padding: 0.0in 0.0in 0.0in 0.0in;\"> <table border=\"0\" cellspacing=\"0\" cellpadding=\"0\"> <tbody> <tr> <td width=\"375\" style=\"width: 281.25pt;padding: 0.25in 0.25in 0.25in 0.25in;\"> <p class=\"MsoNormal\" style=\"margin-bottom: 12.0pt;\"><span style=\"font-size: 10.5pt;font-family: Arial , sans-serif;\">Hello <strong><span style=\"font-family: Arial , sans-serif;\">[Name]</span></strong>, <br><br>This is a friendly reminder about your appointment with at <b>[BUSINESS_NAME]</b>. </span></p> <div align=\"center\"> <table border=\"1\" cellspacing=\"0\" cellpadding=\"0\" style=\"border-top: solid rgb(18,33,74) 1.0pt;border-left: none;border-bottom: solid rgb(18,33,74) 1.0pt;border-right: none;\"> <tbody> <tr> <td style=\"border: none;background: white;padding: 3.0pt 37.5pt 3.0pt 37.5pt;\"> <p class=\"MsoNormal\" align=\"center\" style=\"text-align: center;\"><b><span style=\"font-size: 9.0pt;color: rgb(18,33,74);\">Your appointment is:</span></b></p> </td> </tr> <tr> <td style=\"border: none;background: rgb(204,204,204);padding: 3.0pt 37.5pt 3.0pt 37.5pt;\"> <p class=\"MsoNormal\" align=\"center\" style=\"text-align: center;\"><b><span style=\"font-size: 9.0pt;color: rgb(18,33,74);\">[Start Time]</span></b></p> </td> </tr> <tr> <td style=\"border: none;background: white;padding: 3.0pt 37.5pt 3.0pt 37.5pt;\">  </td> </tr> </tbody> </table> </div> <span class=\"MsoNormal\" style=\"margin-bottom: 12.0pt;\"><span style=\"font-size: 10.5pt;font-family: Arial , sans-serif;\"><br><br>We appreciate your time and look forward to seeing you then! <br><br>Sincerely, <br><br></span><span style=\"font-size: 18.0pt;font-family: \'Bradley Hand ITC\';color: rgb(18,33,74);\">[BUSINESS_NAME]</span><span style=\"font-size: 10.5pt;font-family: Arial , sans-serif;\"> </span></span>',-1),(20,1,'EMAIL-COMMUNICATION-FIELD','Email Id',-1),(21,1,'SMS-COMMUNICATION-FIELD','Mobile Number',-1),(22,1,'APPOINTMENT-REMAINDER-FIELD','Start Time,Store Id,Service Part Order',-1),(23,1,'CUSTOMER_REFERENCE_COLUMN_NAME','Customer Id',-1),(24,1,'CUSTOMER-MANDATORY-COLUMN-NAME','FirstName',-1),(25,1,'APPOINTMENT-MANDATORY-COLUMN-NAME','Customer Id,Service Name,Start Time,Staff Id,Block Id,Booked Id,Staff Name,Duration,Service Id',-1),(26,1,'APPOINTMENT-DASHBOARD-FIELDS','Service Name,Start Time',-1),(27,1,'APPOINTMENT_COLLECTION_FIELDS','Staff Id,Start Time,Service Name,Staff Name,Booked Id,Block Id,Customer Id,Duration,Service Id,Store Id,IsOnLineBooking,End Time,Booking Reference Id,Service Part Id,Service Part Order,Service Part Name',-1),(28,1,'APPOINTMENT_IDENTITY_GENERATION_FIELDS','Booked Id,Store Id',-1),(29,1,'CUSTOMER_IDENTITY_ELIGIBLE_FIELDS','Email Id,Mobile Number,Id',-1),(30,1,'TRANSACTION_IDENTITY_ELIGIBLE_FIELDS','Bill Id',-1),(31,1,'TRANSACTION-MANDATORY-COLUMN-NAME','Date,Charge,Customer Id',-1),(32,1,'Campaign/receipt launch','Business name,Campaign/Receipt,Campaign name,User name,Start time,storeName,storeAddress,storePhoneNumber',-1),(33,1,'Appointment booked/accepted','Business name,Staff Name,First Name,Last Name,Service Name,Start Time,storeName,storeAddress,storePhoneNumber',-1),(34,1,'Appointment reminder','Business name,First Name,Last Name,Staff Id,Start Time,Service Name,Staff Name,Booked Id,Block Id,Customer Id,storeName,storeAddress,storePhoneNumber',-1),(35,1,'Campaign/receipt schedule started','Business name,Campaign type name,Campaign name,Schedule date,storeName,storeAddress,storePhoneNumber',-1),(36,1,'Campaign/receipt schedule completed','Business name,Campaign type name,Campaign name,Schedule date,Email count,storeAddress,storePhoneNumber,storeName',-1),(37,1,'CUSTOMER-NAME-FIELD','First Name,Last Name',-1),(38,1,'TIME_ZONE_SETTING','IST,UTC,EST',-1),(39,1,'APPOINTMENT_EXCLUDED_FIELDS','_id,Store Id,Staff Id,Block Id,Booked Id,Service Id,End Time,Service Part Id,Service Part Order,Business Hierarchy Id',-1),(40,1,'ClientQuickAdd-firstName','First Name',-1),(41,1,'ClientQuickAdd-lastName','Last Name',-1),(42,1,'ClientQuickAdd-phoneNumber','Mobile Number',-1),(43,1,'ClientQuickAdd-Email','Email Id',-1),(44,1,'TRANSACTION_IDENTITY_FIELD','_id',-1),(45,1,'APPOINTMENT_IDENTITY_FIELD','_id',-1),(46,1,'CUSTOMER_IDENTITY_FIELD','Id',-1),(47,1,'TRANSACTION_IDENTITY_GENERATION_FIELDS','Bill Id,Store Id',-1),(48,1,'TRANSACTION_EXCLUDED_FIELDS','_id,Store Id,Bill Id,Description,Billing Type,Service Id,Part Id,Resource Id,Variant Id,Product Id,PromoIdForBill,PromoIdForInvoice,Quantity,Tax',-1),(49,1,'CUSTOMER_EXCLUDED_FIELDS','Visited Stores,Client Code,Originated Store Id,Business Hierarchy Id',-1),(50,1,'STORE_ID_FILTER','Store Id',-1),(51,1,'APPOINTMENT_BOOKING_FIELD','Client Code',-1),(52,1,'ClientQuickAdd-Status','Status',-1),(53,1,'REFERENCE-ID-INTO-NAME','Customer Name',-1),(54,1,'Appointment confirmation request','Business name,Staff Name,First Name,Last Name,Service name,Start Time,Store Name,Store Address,Store PhoneNumber,NConfirm',-1),(55,1,'Appointment confirmation sucess','Business name,Staff Name,First Name,Last Name,Service Name,Start Time,storeName,storeAddress,storePhoneNumber',-1),(56,1,'Appointment confirmation failure','Business name,Staff Name,First Name,Last Name,Service Name,Start Time,storeName,storeAddress,storePhoneNumber',-1),(57,1,'APPOINTMENT-SERVICE-NAME-FILTER','Service Name',-1),(58,1,'CUSTOMER_HIDED_FIELDS','Id',-1),(59,1,'ADDITIONAL_USER_FIELDS','storeAddress,storePhoneNumber,storeName,Business name',-1),(60,1,'TRANSACTION_TABLE_HEADERS','Invoice Number,Customer Name,Date,Invoice Sub Total',-1),(61,1,'TRANSACTION_INVOICE_NUMBER','Invoice Number',-1),(62,1,'TRANSACTION_SERVICE_TAKEN','Service Taken',-1),(63,1,'TRANSACTION_PAYMENT_TYPE','Payment Type',-1),(64,1,'Appointment reschedule','Business name,First Name,Last Name,Creation Time,Service Name,Staff Name,storeName,storeAddress,storePhoneNumber,rescheduledFromDate',-1),(65,1,'Appointment reject','Business name,First Name,Last Name,Start Time,Service Name,Staff Name,storeName,storeAddress,storePhoneNumber,Reason',-1),(66,1,'ClientQuickadd_OriginatedStoreName','Originated Store Name',-1),(67,1,'ClientQuickadd_OriginatedStoreId','Originated Store Id',-1),(68,1,'Campaign/receipt Pause','Business name,Campaign/Receipt,Campaign name,User name,Start time,storeName,storeAddress,storePhoneNumber',-1),(69,1,'Campaign/receipt Stop','Business name,Campaign/Receipt,Campaign name,User name,Start time,storeName,storeAddress,storePhoneNumber',-1),(70,1,'HO_CUSTOMER_EXCLUDED_FIELDS','Visited Stores,Client Code,Business Hierarchy Id',-1),(71,1,'HO_APPOINTMENT_EXCLUDED_FIELDS','_id,Store Id,Staff Id,Block Id,Booked Id,Service Id,Business Hierarchy Id',-1),(72,1,'HO_TRANSACTION_EXCLUDED_FIELDS','_id,Store Id',-1),(73,1,'TRANSACTION_PROJECTION_FIELDS','Invoice Number,Date,Customer Id,Sub Total',-1),(74,1,'TRANSACTION_GROUP_FIELDS','Invoice Number,Store Id,Customer Id,Date,Sub Total',-1),(75,1,'APPOINTMENT_STAFF_FIELD','Staff Id',-1),(76,1,'APPOINTMENT_START_DATE_FIELDS','Start Time',-1),(77,1,'APPOINTMENT_END_DATE_FIELDS','End Time',-1),(78,1,'APPOINTMENT_PART_ORDER_FIELDS','Service Part Order',-1),(79,1,'APPOINTMENT_SERVICE_DETAILS_HEADER','Booking Reference Id,Service Name,Customer Name,Start Time',-1),(80,1,'APPOINTMENT_START_TIME_FIELD','Start Time',-1),(81,1,'APPOINTMENT_DURATION_FIELD','Duration',-1),(82,1,'APPOINTMENT_SERVICE_PART_HEADER','Service Part Name,Staff Name,Service Start Time,Duration',-1),(83,1,'APPOINTMENT_SERVICE_PART_HEADER_PROJECTON_FIELDS','Service Part Name,Staff Name,Start Time,Duration',-1),(84,1,'APPOINTMENT_BOOKING_REFERENCE','Booking Reference Id',-1),(85,1,'MULTIPART_APPOINTMENT_GROUP_FIELDS','Booking Reference Id,Service Name,Store Id,Customer Id,Start Time',-1),(86,1,'SKIP_COLUMN_SINGLE_CUSTOMER_ADD','Referrals,Rewards,Visited Stores,Client Code',-1),(87,1,'TRANSACTION_COLLECTION_FIELDS','Bill Id,Date,Charge,Description,Customer Id,Invoice Number,HST Tax,Payment Type,Sub Total,Store Id,Billing Type,Service Id,Service Name, Part Id,Part Name,Resource Id,Resource Name,Variant Id,Variant Name,Product Id,Product Name,PromoIdForBill,PromoIdForInvoice,Quantity,Discount',-1),(88,1,'TRANSACTION_QUANTITY','Quantity',-1),(89,1,'TRANSACTION_DISCOUNT','Discount',-1),(90,1,'TRANSACTION_TAX','HST Tax',-1),(91,1,'TRANSACTION_PRODUCT_NAME','Product Name',-1),(92,1,'TRANSACTION_SERVICE_NAME','Service Name',-1),(93,1,'BILLING_TYPE','Billing Type',-1),(94,1,'ClientQuickadd_Charge','Charge',-1),(95,1,'TRANSACTION_VARIANT_NAME','Variant Name',-1),(96,1,'INVOICE-PRINT-PROJECTION-FIELD','Product Name,Resource Name,Service Name,Billing Type,Quantity,Charge,HST Tax,Discount,Sub Total,Date,Customer Id,Variant Id',-1),(97,1,'CURRENCY_TYPE_SETTING','INR,USD,EUR,JPY',-1),(98,1,'ClientQuickadd_VisitedStores','Visited Stores',-1),(99,1,'INVOICE_PROJECTION_FIELDS','BIll Id,Payment Type,Charge,Sub Total',1),(100,1,'TRANSACTION_INNER_TABLE_HEADERS','BIll Id,Payment Type,Charge,Sub Total',1),(101,1,'INVOICE_PROJECTION_FIELDS','BIll Id,Charge,Quantity,HST Tax,Discount,Sub Total',2),(102,1,'TRANSACTION_INNER_TABLE_HEADERS','BIll Id,Charge,Quantity,HST Tax,Discount,Sub Total',2),(103,2,'TRANSACTION-ORDER-FIELD','Visited Date',-1),(104,2,'CUSTOMER-COMMUNICATION-DETAILS','Email Id,Mobile Number,First Name,Last Name',-1),(105,2,'APPOINTMENT-PROJECTION-FIELD','Id,Service Name,Start Time,Doctor Id,Block Id,Booked Id,Doctor Name,Duration,Service Id,Status',-1),(106,2,'APPOINTMENT-ORDER-FIELD','Start Time',-1),(107,2,'APPOINTMENT-DATE-FILTER','Start Time,Status',-1),(108,2,'TRANSACTION-DATE-FILTER','Visited Date',-1),(109,2,'TRANSACTION-REVENUE-FIELD','Bill Amount',-1),(110,2,'Sum Of Bill Amount','Bill Amount',-1),(111,2,'Total Number Of Transactions','Bill Amount',-1),(112,2,'First Transaction Date','Visited Date',-1),(113,2,'Average Bill Amount','Bill Amount',-1),(114,2,'Maximum Bill Amount','Bill Amount',-1),(115,2,'Recent Transaction Date','Visited Date',-1),(116,2,'Minimum Bill Amount','Bill Amount',-1),(117,2,'TRANSACTION-PROJECTION-FIELD','Bill Id,Visited Date,Bill Amount,Service Taken,Description,Invoice Number,HST Tax,Payment Type,Sub Total,Id',-1),(118,2,'DASHBOARD_MAIL_STATUSES','sent,opened,delivered',-1),(119,2,'DASHBOARD_SMS_STATUSES','sent,delivered',-1),(120,2,'Service_Types','Minor Surgery,Well Baby Clinic,Health Promotion,Antenatal Clinics,Child Immunisation Clinic',-1),(121,2,'APPOINTMENT-TEMPLATE-DATA','<div align=\"center\"> <table border=\"1\" cellspacing=\"0\" cellpadding=\"0\" style=\"border-top: 4.5pt;border-left: 1.0pt;border-bottom: 4.5pt;border-right: 1.0pt;border-color: black;border-style: solid;\"> <tbody> <tr> <td valign=\"top\" style=\"border: none;border-right: solid black 1.0pt;background: rgb(83, 150, 193);padding: 0.0in 0.0in 0.0in 0.0in;\"> <table border=\"0\" cellspacing=\"0\" cellpadding=\"0\"> <tbody> <tr> <td valign=\"top\" style=\"padding: 0.0in 0.0in 0.0in 0.0in;\"> <p class=\"MsoNormal\" align=\"center\" style=\"text-align: center;\"><img border=\"0\" width=\"300\" height=\"117\" src=\"[BUSINESS_LOGO]\" alt=\"logo\"></p> </td> </tr> </tbody> </table> </td> <td width=\"375\" style=\"width: 281.25pt;border: none;padding: 0.0in 0.0in 0.0in 0.0in;\"> <table border=\"0\" cellspacing=\"0\" cellpadding=\"0\"> <tbody> <tr> <td width=\"375\" style=\"width: 281.25pt;padding: 0.25in 0.25in 0.25in 0.25in;\"> <p class=\"MsoNormal\" style=\"margin-bottom: 12.0pt;\"><span style=\"font-size: 10.5pt;font-family: Arial , sans-serif;\">Hello <strong><span style=\"font-family: Arial , sans-serif;\">[First Name]</span></strong>, <br><br>This is a friendly reminder about your appointment with at <b>[BUSINESS_NAME]</b>. </span></p> <div align=\"center\"> <table border=\"1\" cellspacing=\"0\" cellpadding=\"0\" style=\"border-top: solid rgb(18,33,74) 1.0pt;border-left: none;border-bottom: solid rgb(18,33,74) 1.0pt;border-right: none;\"> <tbody> <tr> <td style=\"border: none;background: white;padding: 3.0pt 37.5pt 3.0pt 37.5pt;\"> <p class=\"MsoNormal\" align=\"center\" style=\"text-align: center;\"><b><span style=\"font-size: 9.0pt;color: rgb(18,33,74);\">Your appointment is:</span></b></p> </td> </tr> <tr> <td style=\"border: none;background: rgb(204,204,204);padding: 3.0pt 37.5pt 3.0pt 37.5pt;\"> <p class=\"MsoNormal\" align=\"center\" style=\"text-align: center;\"><b><span style=\"font-size: 9.0pt;color: rgb(18,33,74);\">[Start Time]</span></b></p> </td> </tr> <tr> <td style=\"border: none;background: white;padding: 3.0pt 37.5pt 3.0pt 37.5pt;\">  </td> </tr> </tbody> </table> </div> <span class=\"MsoNormal\" style=\"margin-bottom: 12.0pt;\"><span style=\"font-size: 10.5pt;font-family: Arial , sans-serif;\"><br><br>We appreciate your time and look forward to seeing you then! <br><br>Sincerely, <br><br></span><span style=\"font-size: 18.0pt;font-family: \'Bradley Hand ITC\';color: rgb(18,33,74);\">[BUSINESS_NAME]</span><span style=\"font-size: 10.5pt;font-family: Arial , sans-serif;\"> </span></span>',-1),(122,2,'EMAIL-COMMUNICATION-FIELD','Email Id',-1),(123,2,'SMS-COMMUNICATION-FIELD','Mobile Number',-1),(124,2,'APPOINTMENT-REMAINDER-FIELD','Start Time,Store Id,Service Part Order',-1),(125,2,'CUSTOMER_REFERENCE_COLUMN_NAME','Id',-1),(126,2,'CUSTOMER-MANDATORY-COLUMN-NAME','FirstName',-1),(127,2,'APPOINTMENT-MANDATORY-COLUMN-NAME','Id,Service Name,Start Time,Doctor Id,Block Id,Booked Id,Doctor Name,Duration,Service Id',-1),(128,2,'APPOINTMENT-DASHBOARD-FIELDS','Service Name,Start Time',-1),(129,2,'APPOINTMENT_COLLECTION_FIELDS','Doctor Id,Start Time,Service Name,Doctor Name,Booked Id,Block Id,Patient Id,Duration,Service Id,Store Id,IsOnLineBooking,End Time,Booking Reference Id,Service Part Id,Service Part Order,Service Part Name',-1),(130,2,'APPOINTMENT_IDENTITY_GENERATION_FIELDS','Booked Id,Store Id',-1),(131,2,'CUSTOMER_IDENTITY_ELIGIBLE_FIELDS','Email Id,Mobile Number,Id',-1),(132,2,'TRANSACTION_IDENTITY_ELIGIBLE_FIELDS','Bill Id',-1),(133,2,'TRANSACTION-MANDATORY-COLUMN-NAME','Visited Date,Bill Amount,Id',-1),(134,2,'Campaign/receipt launch','Business name,Campaign/Receipt,Campaign name,User name,Start time,storeName,storeAddress,storePhoneNumber',-1),(135,2,'Appointment booked/accepted','Business name,Doctor Name,First Name,Last Name,Service name,Start time,storeName,storeAddress,storePhoneNumber',-1),(136,2,'Appointment reminder','Business name,First Name,Last Name,Doctor Id,Start Time,Service Name,Doctor Name,Booked Id,Block Id,Id,storeName,storeAddress,storePhoneNumber',-1),(137,2,'Campaign/receipt schedule started','Business name,Campaign type name,Campaign name,Schedule date,storeName,storeAddress,storePhoneNumber',-1),(138,2,'Campaign/receipt schedule completed','Business name,Campaign type name,Campaign name,Schedule date,Email count,storeAddress,storePhoneNumber,storeName',-1),(139,2,'CUSTOMER-NAME-FIELD','First Name,Last Name',-1),(140,2,'TIME_ZONE_SETTING','IST,UTC,EST',-1),(141,2,'APPOINTMENT_EXCLUDED_FIELDS','_id,Store Id,Staff Id,Block Id,Booked Id,Service Id,End Time,Service Part Id,Service Part Order,Business Hierarchy Id',-1),(142,2,'ClientQuickAdd-firstName','First Name',-1),(143,2,'ClientQuickAdd-lastName','Last Name',-1),(144,2,'ClientQuickAdd-phoneNumber','Mobile Number',-1),(145,2,'ClientQuickAdd-Email','Email Id',-1),(146,2,'TRANSACTION_IDENTITY_FIELD','_id',-1),(147,2,'APPOINTMENT_IDENTITY_FIELD','_id',-1),(148,2,'CUSTOMER_IDENTITY_FIELD','Id',-1),(149,2,'TRANSACTION_IDENTITY_GENERATION_FIELDS','Bill Id,Store Id',-1),(150,2,'TRANSACTION_EXCLUDED_FIELDS','_id,Store Id,Bill Id,Description,Billing Type,Service Id,Part Id,Resource Id,Variant Id,Product Id,PromoIdForBill,PromoIdForInvoice,Quantity,Tax',-1),(151,2,'CUSTOMER_EXCLUDED_FIELDS','Visited Stores,Client Code,Originated Store Id,Business Hierarchy Id',-1),(152,2,'STORE_ID_FILTER','Store Id',-1),(153,2,'APPOINTMENT_BOOKING_FIELD','Client Code',-1),(154,2,'ClientQuickAdd-Status','Status',-1),(155,2,'REFERENCE-ID-INTO-NAME','Patient Name',-1),(156,2,'Appointment confirmation failure','Business name,Staff Name,First Name,Last Name,Service Name,Start time,storeName,storeAddress,storePhoneNumber',-1),(157,2,'Appointment confirmation request','Business name,Staff Name,First Name,Last Name,Service Name,Start time,storeName,storeAddress,storePhoneNumber,NConfirm',-1),(158,2,'Appointment confirmation sucess','Business name,Staff Name,First Name,Last Name,Service Name,Start time,storeName,storeAddress,storePhoneNumber',-1),(159,2,'APPOINTMENT-SERVICE-NAME-FILTER','Service Name',-1),(160,2,'CUSTOMER_HIDED_FIELDS','Id',-1),(161,2,'ADDITIONAL_USER_FIELDS','storeAddress,storePhoneNumber,storeName,Business name',-1),(162,2,'TRANSACTION_TABLE_HEADERS','Invoice Number,Patient Name,Visited Date,Invoice Sub Total',-1),(163,2,'TRANSACTION_INVOICE_NUMBER','Invoice Number',-1),(164,2,'TRANSACTION_SERVICE_TAKEN','Service Taken',-1),(165,2,'TRANSACTION_PAYMENT_TYPE','Payment Type',-1),(166,2,'Appointment reschedule','Business name,First Name,Last Name,Creation Time,Service Name,Staff Name,storeName,storeAddress,storePhoneNumber,rescheduledFromDate',-1),(167,2,'Appointment reject','Business name,First Name,Last Name,Start Time,Service Name,Doctor Name,storeName,storeAddress,storePhoneNumber,Reason',-1),(168,2,'ClientQuickadd_OriginatedStoreName','Originated Store Name',-1),(169,2,'ClientQuickadd_OriginatedStoreId','Originated Store Id',-1),(170,2,'Campaign/receipt Pause','Business name,Campaign/Receipt,Campaign name,User name,Start time,storeName,storeAddress,storePhoneNumber',-1),(171,2,'Campaign/receipt Stop','Business name,Campaign/Receipt,Campaign name,User name,Start time,storeName,storeAddress,storePhoneNumber',-1),(172,2,'HO_CUSTOMER_EXCLUDED_FIELDS','Visited Stores,Client Code,Business Hierarchy Id',-1),(173,2,'HO_APPOINTMENT_EXCLUDED_FIELDS','_id,Store Id,Staff Id,Block Id,Booked Id,Service Id,Business Hierarchy Id',-1),(174,2,'HO_TRANSACTION_EXCLUDED_FIELDS','_id,Store Id',-1),(175,2,'TRANSACTION_PROJECTION_FIELDS','Invoice Number,Visited Date,Id,Sub Total',-1),(176,2,'TRANSACTION_GROUP_FIELDS','Invoice Number,Store Id,Id,Visited Date,Sub Total',-1),(177,2,'APPOINTMENT_STAFF_FIELD','Doctor Id',-1),(178,2,'APPOINTMENT_START_DATE_FIELDS','Start Time',-1),(179,2,'APPOINTMENT_END_DATE_FIELDS','End Time',-1),(180,2,'APPOINTMENT_PART_ORDER_FIELDS','Service Part Order',-1),(181,2,'APPOINTMENT_SERVICE_DETAILS_HEADER','Booking Reference Id,Service Name,Patient Name,Start Time',-1),(182,2,'APPOINTMENT_START_TIME_FIELD','Start Time',-1),(183,2,'APPOINTMENT_DURATION_FIELD','Duration',-1),(184,2,'APPOINTMENT_SERVICE_PART_HEADER','Service Part Name,Staff Name,Service Start Time,Duration',-1),(185,2,'APPOINTMENT_SERVICE_PART_HEADER_PROJECTON_FIELDS','Service Part Name,Staff Name,Start Time,Duration',-1),(186,2,'APPOINTMENT_BOOKING_REFERENCE','Booking Reference Id',-1),(187,2,'MULTIPART_APPOINTMENT_GROUP_FIELDS','Booking Reference Id,Service Name,Store Id,Customer Id,Start Time',-1),(188,2,'SKIP_COLUMN_SINGLE_CUSTOMER_ADD','Referrals,Rewards,Visited Stores,Client Code',-1),(189,2,'TRANSACTION_COLLECTION_FIELDS','Bill Id,Date,Bill Amount,Description,Customer Id,Invoice Number,HST Tax,Payment Type,Sub Total,Store Id,Billing Type,Service Id,Service Name, Part Id,Part Name,Resource Id,Resource Name,Variant Id,Variant Name,Product Id,Product Name,PromoIdForBill,PromoIdForInvoice,Quantity,Discount',-1),(190,2,'TRANSACTION_QUANTITY','Quantity',-1),(191,2,'TRANSACTION_DISCOUNT','Discount',-1),(192,2,'TRANSACTION_TAX','HST Tax',-1),(193,2,'TRANSACTION_PRODUCT_NAME','Product Name',-1),(194,2,'TRANSACTION_SERVICE_NAME','Service Name',-1),(195,2,'BILLING_TYPE','Billing Type',-1),(196,2,'ClientQuickadd_Charge','Bill Amount',-1),(197,2,'TRANSACTION_VARIANT_NAME','Variant Name',-1),(198,2,'INVOICE-PRINT-PROJECTION-FIELD','Product Name,Resource Name,Service Name,Billing Type,Quantity,Charge,HST Tax,Discount,Sub Total,Date,Customer Id,Variant Id',-1),(199,2,'CURRENCY_TYPE_SETTING','INR,USD,EUR,JPY',-1),(200,2,'ClientQuickadd_VisitedStores','Visited Stores',-1),(201,2,'INVOICE_PROJECTION_FIELDS','BIll Id,Payment Type,Bill Amount,Sub Total',1),(202,2,'TRANSACTION_INNER_TABLE_HEADERS','BIll Id,Payment Type,Bill Amount,Sub Total',1),(203,2,'INVOICE_PROJECTION_FIELDS','BIll Id,Bill Amount,Quantity,HST Tax,Discount,Sub Total',2),(204,2,'TRANSACTION_INNER_TABLE_HEADERS','BIll Id,Charge,Quantity,HST Tax,Discount,Sub Total',2),(205,3,'TRANSACTION-ORDER-FIELD','Date',-1),(206,3,'CUSTOMER-COMMUNICATION-DETAILS','Email Id,Mobile Number,First Name,Last Name',-1),(207,3,'APPOINTMENT-ORDER-FIELD','Start Time',-1),(208,3,'APPOINTMENT-PROJECTION-FIELD','Customer Id,Service Name,Start Time,Staff Id,Block Id,Booked Id,Staff Name,Duration,Service Id,Status',-1),(209,3,'APPOINTMENT-DATE-FILTER','Start Time,Status',-1),(210,3,'TRANSACTION-DATE-FILTER','Date',-1),(211,3,'TRANSACTION-REVENUE-FIELD','Sub Total',-1),(212,3,'Sum Of Bill Amount','Sub Total',-1),(213,3,'Total Number Of Transactions','Sub Total',-1),(214,3,'First Transaction Date','Date',-1),(215,3,'Recent Transaction Date','Date',-1),(216,3,'Average Bill Amount','Sub Total',-1),(217,3,'Maximum Bill Amount','Sub Total',-1),(218,3,'Minimum Bill Amount','Sub Total',-1),(219,3,'TRANSACTION-PROJECTION-FIELD','Bill Id,Date,Charge,Service Taken,Description,Invoice Number,HST Tax,Payment Type,Sub Total,Customer Id',-1),(220,3,'DASHBOARD_MAIL_STATUSES','sent,opened,delivered',-1),(221,3,'DASHBOARD_SMS_STATUSES','sent,delivered',-1),(222,3,'Service_Types','Business Process Outsourcing,Mobile Applications,Desktop Application,',-1),(223,3,'APPOINTMENT-TEMPLATE-DATA','<div align=\"center\"> <table border=\"1\" cellspacing=\"0\" cellpadding=\"0\" style=\"border-top: 4.5pt;border-left: 1.0pt;border-bottom: 4.5pt;border-right: 1.0pt;border-color: black;border-style: solid;\"> <tbody> <tr> <td valign=\"top\" style=\"border: none;border-right: solid black 1.0pt;background: rgb(83, 150, 193);padding: 0.0in 0.0in 0.0in 0.0in;\"> <table border=\"0\" cellspacing=\"0\" cellpadding=\"0\"> <tbody> <tr> <td valign=\"top\" style=\"padding: 0.0in 0.0in 0.0in 0.0in;\"> <p class=\"MsoNormal\" align=\"center\" style=\"text-align: center;\"><img border=\"0\" width=\"300\" height=\"117\" src=\"[BUSINESS_LOGO]\" alt=\"logo\"></p> </td> </tr> </tbody> </table> </td> <td width=\"375\" style=\"width: 281.25pt;border: none;padding: 0.0in 0.0in 0.0in 0.0in;\"> <table border=\"0\" cellspacing=\"0\" cellpadding=\"0\"> <tbody> <tr> <td width=\"375\" style=\"width: 281.25pt;padding: 0.25in 0.25in 0.25in 0.25in;\"> <p class=\"MsoNormal\" style=\"margin-bottom: 12.0pt;\"><span style=\"font-size: 10.5pt;font-family: Arial , sans-serif;\">Hello <strong><span style=\"font-family: Arial , sans-serif;\">[Name]</span></strong>, <br><br>This is a friendly reminder about your appointment with at <b>[BUSINESS_NAME]</b>. </span></p> <div align=\"center\"> <table border=\"1\" cellspacing=\"0\" cellpadding=\"0\" style=\"border-top: solid rgb(18,33,74) 1.0pt;border-left: none;border-bottom: solid rgb(18,33,74) 1.0pt;border-right: none;\"> <tbody> <tr> <td style=\"border: none;background: white;padding: 3.0pt 37.5pt 3.0pt 37.5pt;\"> <p class=\"MsoNormal\" align=\"center\" style=\"text-align: center;\"><b><span style=\"font-size: 9.0pt;color: rgb(18,33,74);\">Your appointment is:</span></b></p> </td> </tr> <tr> <td style=\"border: none;background: rgb(204,204,204);padding: 3.0pt 37.5pt 3.0pt 37.5pt;\"> <p class=\"MsoNormal\" align=\"center\" style=\"text-align: center;\"><b><span style=\"font-size: 9.0pt;color: rgb(18,33,74);\">[Start Time]</span></b></p> </td> </tr> <tr> <td style=\"border: none;background: white;padding: 3.0pt 37.5pt 3.0pt 37.5pt;\">  </td> </tr> </tbody> </table> </div> <span class=\"MsoNormal\" style=\"margin-bottom: 12.0pt;\"><span style=\"font-size: 10.5pt;font-family: Arial , sans-serif;\"><br><br>We appreciate your time and look forward to seeing you then! <br><br>Sincerely, <br><br></span><span style=\"font-size: 18.0pt;font-family: \'Bradley Hand ITC\';color: rgb(18,33,74);\">[BUSINESS_NAME]</span><span style=\"font-size: 10.5pt;font-family: Arial , sans-serif;\"> </span></span>',-1),(224,3,'EMAIL-COMMUNICATION-FIELD','Email Id',-1),(225,3,'SMS-COMMUNICATION-FIELD','Mobile Number',-1),(226,3,'APPOINTMENT-REMAINDER-FIELD','Start Time,Store Id,Service Part Order',-1),(227,3,'CUSTOMER_REFERENCE_COLUMN_NAME','Customer Id',-1),(228,3,'CUSTOMER-MANDATORY-COLUMN-NAME','FirstName',-1),(229,3,'APPOINTMENT-MANDATORY-COLUMN-NAME','Customer Id,Service Name,Start Time,Staff Id,Block Id,Booked Id,Staff Name,Duration,Service Id',-1),(230,3,'APPOINTMENT-DASHBOARD-FIELDS','Service Name,Start Time',-1),(231,3,'APPOINTMENT_COLLECTION_FIELDS','Staff Id,Start Time,Service Name,Staff Name,Booked Id,Block Id,Customer Id,Duration,Service Id,Store Id,IsOnLineBooking,End Time,Booking Reference Id,Service Part Id,Service Part Order,Service Part Name',-1),(232,3,'APPOINTMENT_IDENTITY_GENERATION_FIELDS','Booked Id,Store Id',-1),(233,3,'CUSTOMER_IDENTITY_ELIGIBLE_FIELDS','Email Id,Mobile Number,Id',-1),(234,3,'TRANSACTION_IDENTITY_ELIGIBLE_FIELDS','Bill Id',-1),(235,3,'TRANSACTION-MANDATORY-COLUMN-NAME','Date,Charge,Customer Id',-1),(236,3,'Campaign/receipt launch','Business name,Campaign/Receipt,Campaign name,User name,Start time,storeName,storeAddress,storePhoneNumber',-1),(237,3,'Appointment booked/accepted','Business name,Staff Name,First Name,Last Name,Service name,Start time,storeName,storeAddress,storePhoneNumber',-1),(238,3,'Appointment reminder','Business name,First Name,Last Name,Staff Id,Start Time,Service Name,Staff Name,Booked Id,Block Id,Customer Id,storeName,storeAddress,storePhoneNumber',-1),(239,3,'Campaign/receipt schedule started','Business name,Campaign type name,Campaign name,Schedule date,storeName,storeAddress,storePhoneNumber',-1),(240,3,'Campaign/receipt schedule completed','Business name,Campaign type name,Campaign name,Schedule date,Email count,storeAddress,storePhoneNumber,storeName',-1),(241,3,'CUSTOMER-NAME-FIELD','First Name,Last Name',-1),(242,3,'TIME_ZONE_SETTING','IST,UTC,EST',-1),(243,3,'APPOINTMENT_EXCLUDED_FIELDS','_id,Store Id,Staff Id,Block Id,Booked Id,Service Id,End Time,Service Part Id,Service Part Order,Business Hierarchy Id',-1),(244,3,'ClientQuickAdd-firstName','First Name',-1),(245,3,'ClientQuickAdd-lastName','Last Name',-1),(246,3,'ClientQuickAdd-phoneNumber','Mobile Number',-1),(247,3,'ClientQuickAdd-Email','Email Id',-1),(248,3,'TRANSACTION_IDENTITY_FIELD','_id',-1),(249,3,'APPOINTMENT_IDENTITY_FIELD','_id',-1),(250,3,'CUSTOMER_IDENTITY_FIELD','Id',-1),(251,3,'TRANSACTION_IDENTITY_GENERATION_FIELDS','Bill Id,Store Id',-1),(252,3,'TRANSACTION_EXCLUDED_FIELDS','_id,Store Id,Bill Id,Description,Billing Type,Service Id,Part Id,Resource Id,Variant Id,Product Id,PromoIdForBill,PromoIdForInvoice,Quantity,Tax',-1),(253,3,'CUSTOMER_EXCLUDED_FIELDS','Visited Stores,Client Code,Originated Store Id,Business Hierarchy Id',-1),(254,3,'STORE_ID_FILTER','Store Id',-1),(255,3,'APPOINTMENT_BOOKING_FIELD','Client Code',-1),(256,3,'ClientQuickAdd-Status','Status',-1),(257,3,'REFERENCE-ID-INTO-NAME','Customer Name',-1),(258,3,'Appointment confirmation failure','Business name,Staff Name,First Name,Last Name,Service Name,Start time,storeName,storeAddress,storePhoneNumber',-1),(259,3,'Appointment confirmation sucess','Business name,Staff Name,First Name,Last Name,Service Name,Start time,storeName,storeAddress,storePhoneNumber',-1),(260,3,'Appointment confirmation request','Business name,Staff Name,First Name,Last Name,Service Name,Start time,storeName,storeAddress,storePhoneNumber,NConfirm',-1),(261,3,'APPOINTMENT-SERVICE-NAME-FILTER','Service Name',-1),(262,3,'CUSTOMER_HIDED_FIELDS','Id',-1),(263,3,'ADDITIONAL_USER_FIELDS','storeAddress,storePhoneNumber,storeName,Business name',-1),(264,3,'TRANSACTION_TABLE_HEADERS','Invoice Number,Customer Name,Date,Invoice Sub Total',-1),(265,3,'TRANSACTION_INVOICE_NUMBER','Invoice Number',-1),(266,3,'TRANSACTION_SERVICE_TAKEN','Service Taken',-1),(267,3,'TRANSACTION_PAYMENT_TYPE','Payment Type',-1),(268,3,'Appointment reschedule','Business name,First Name,Last Name,Creation Time,Service Name,Staff Name,storeName,storeAddress,storePhoneNumber,rescheduledFromDate',-1),(269,3,'Appointment reject','Business name,First Name,Last Name,Start Time,Service Name,Staff Name,storeName,storeAddress,storePhoneNumber,Reason',-1),(270,3,'ClientQuickadd_OriginatedStoreName','Originated Store Name',-1),(271,3,'ClientQuickadd_OriginatedStoreId','Originated Store Id',-1),(272,3,'Campaign/receipt Pause','Business name,Campaign/Receipt,Campaign name,User name,Start time,storeName,storeAddress,storePhoneNumber',-1),(273,3,'Campaign/receipt Stop','Business name,Campaign/Receipt,Campaign name,User name,Start time,storeName,storeAddress,storePhoneNumber',-1),(274,3,'HO_CUSTOMER_EXCLUDED_FIELDS','Visited Stores,Client Code,Business Hierarchy Id',-1),(275,3,'HO_APPOINTMENT_EXCLUDED_FIELDS','_id,Store Id,Staff Id,Block Id,Booked Id,Service Id,Business Hierarchy Id',-1),(276,3,'HO_TRANSACTION_EXCLUDED_FIELDS','_id,Store Id',-1),(277,3,'TRANSACTION_PROJECTION_FIELDS','Invoice Number,Date,Customer Id,Sub Total',-1),(278,3,'TRANSACTION_GROUP_FIELDS','Invoice Number,Store Id,Customer Id,Date,Sub Total',-1),(279,3,'APPOINTMENT_STAFF_FIELD','Staff Id',-1),(280,3,'APPOINTMENT_START_DATE_FIELDS','Start Time',-1),(281,3,'APPOINTMENT_END_DATE_FIELDS','End Time',-1),(282,3,'APPOINTMENT_PART_ORDER_FIELDS','Service Part Order',-1),(283,3,'APPOINTMENT_SERVICE_DETAILS_HEADER','Booking Reference Id,Service Name,Customer Name,Start Time',-1),(284,3,'APPOINTMENT_START_TIME_FIELD','Start Time',-1),(285,3,'APPOINTMENT_DURATION_FIELD','Duration',-1),(286,3,'APPOINTMENT_SERVICE_PART_HEADER','Service Part Name,Staff Name,Service Start Time,Duration',-1),(287,3,'APPOINTMENT_SERVICE_PART_HEADER_PROJECTON_FIELDS','Service Part Name,Staff Name,Start Time,Duration',-1),(288,3,'APPOINTMENT_BOOKING_REFERENCE','Booking Reference Id',-1),(289,3,'MULTIPART_APPOINTMENT_GROUP_FIELDS','Booking Reference Id,Service Name,Store Id,Customer Id,Start Time',-1),(290,3,'SKIP_COLUMN_SINGLE_CUSTOMER_ADD','Referrals,Rewards,Visited Stores,Client Code',-1),(291,3,'TRANSACTION_COLLECTION_FIELDS','Bill Id,Date,Charge,Description,Customer Id,Invoice Number,HST Tax,Payment Type,Sub Total,Store Id,Billing Type,Service Id,Service Name, Part Id,Part Name,Resource Id,Resource Name,Variant Id,Variant Name,Product Id,Product Name,PromoIdForBill,PromoIdForInvoice,Quantity,Discount',-1),(292,3,'TRANSACTION_QUANTITY','Quantity',-1),(293,3,'TRANSACTION_DISCOUNT','Discount',-1),(294,3,'TRANSACTION_TAX','HST Tax',-1),(295,3,'TRANSACTION_PRODUCT_NAME','Product Name',-1),(296,3,'TRANSACTION_SERVICE_NAME','Service Name',-1),(297,3,'BILLING_TYPE','Billing Type',-1),(298,3,'ClientQuickadd_Charge','Charge',-1),(299,3,'TRANSACTION_VARIANT_NAME','Variant Name',-1),(300,3,'INVOICE-PRINT-PROJECTION-FIELD','Product Name,Resource Name,Service Name,Billing Type,Quantity,Charge,HST Tax,Discount,Sub Total,Date,Customer Id,Variant Id',-1),(301,3,'CURRENCY_TYPE_SETTING','INR,USD,EUR,JPY',-1),(302,3,'ClientQuickadd_VisitedStores','Visited Stores',-1),(303,3,'INVOICE_PROJECTION_FIELDS','BIll Id,Payment Type,Charge,Sub Total',1),(304,3,'TRANSACTION_INNER_TABLE_HEADERS','BIll Id,Payment Type,Charge,Sub Total',1),(305,3,'INVOICE_PROJECTION_FIELDS','BIll Id,Charge,Quantity,HST Tax,Discount,Sub Total',2),(306,3,'TRANSACTION_INNER_TABLE_HEADERS','BIll Id,Charge,Quantity,HST Tax,Discount,Sub Total',2),(307,4,'TRANSACTION-ORDER-FIELD','Date',-1),(308,4,'CUSTOMER-COMMUNICATION-DETAILS','Email Id,Mobile Number,First Name,Last Name',-1),(309,4,'APPOINTMENT-ORDER-FIELD','Start Time',-1),(310,4,'APPOINTMENT-PROJECTION-FIELD','Customer Id,Service Name,Start Time,Staff Id,Block Id,Booked Id,Staff Name,Duration,Service Id,Status',-1),(311,4,'APPOINTMENT-DATE-FILTER','Start Time,Status',-1),(312,4,'TRANSACTION-DATE-FILTER','Date',-1),(313,4,'TRANSACTION-REVENUE-FIELD','Sub Total',-1),(314,4,'Sum Of Bill Amount','Sub Total',-1),(315,4,'Total Number Of Transactions','Sub Total',-1),(316,4,'First Transaction Date','Date',-1),(317,4,'Average Bill Amount','Sub Total',-1),(318,4,'Maximum Bill Amount','Sub Total',-1),(319,4,'Recent Transaction Date','Date',-1),(320,4,'Minimum Bill Amount','Sub Total',-1),(321,4,'TRANSACTION-PROJECTION-FIELD','Bill Id,Date,Charge,Service Taken,Description,Invoice Number,HST Tax,Payment Type,Sub Total,Customer Id',-1),(322,4,'DASHBOARD_MAIL_STATUSES','sent,opened,delivered',-1),(323,4,'DASHBOARD_SMS_STATUSES','sent,delivered',-1),(324,4,'Service_Types','IT Sales',-1),(325,4,'APPOINTMENT-TEMPLATE-DATA','<div align=\"center\"> <table border=\"1\" cellspacing=\"0\" cellpadding=\"0\" style=\"border-top: 4.5pt;border-left: 1.0pt;border-bottom: 4.5pt;border-right: 1.0pt;border-color: black;border-style: solid;\"> <tbody> <tr> <td valign=\"top\" style=\"border: none;border-right: solid black 1.0pt;background: rgb(83, 150, 193);padding: 0.0in 0.0in 0.0in 0.0in;\"> <table border=\"0\" cellspacing=\"0\" cellpadding=\"0\"> <tbody> <tr> <td valign=\"top\" style=\"padding: 0.0in 0.0in 0.0in 0.0in;\"> <p class=\"MsoNormal\" align=\"center\" style=\"text-align: center;\"><img border=\"0\" width=\"300\" height=\"117\" src=\"[BUSINESS_LOGO]\" alt=\"logo\"></p> </td> </tr> </tbody> </table> </td> <td width=\"375\" style=\"width: 281.25pt;border: none;padding: 0.0in 0.0in 0.0in 0.0in;\"> <table border=\"0\" cellspacing=\"0\" cellpadding=\"0\"> <tbody> <tr> <td width=\"375\" style=\"width: 281.25pt;padding: 0.25in 0.25in 0.25in 0.25in;\"> <p class=\"MsoNormal\" style=\"margin-bottom: 12.0pt;\"><span style=\"font-size: 10.5pt;font-family: Arial , sans-serif;\">Hello <strong><span style=\"font-family: Arial , sans-serif;\">[Name]</span></strong>, <br><br>This is a friendly reminder about your appointment with at <b>[BUSINESS_NAME]</b>. </span></p> <div align=\"center\"> <table border=\"1\" cellspacing=\"0\" cellpadding=\"0\" style=\"border-top: solid rgb(18,33,74) 1.0pt;border-left: none;border-bottom: solid rgb(18,33,74) 1.0pt;border-right: none;\"> <tbody> <tr> <td style=\"border: none;background: white;padding: 3.0pt 37.5pt 3.0pt 37.5pt;\"> <p class=\"MsoNormal\" align=\"center\" style=\"text-align: center;\"><b><span style=\"font-size: 9.0pt;color: rgb(18,33,74);\">Your appointment is:</span></b></p> </td> </tr> <tr> <td style=\"border: none;background: rgb(204,204,204);padding: 3.0pt 37.5pt 3.0pt 37.5pt;\"> <p class=\"MsoNormal\" align=\"center\" style=\"text-align: center;\"><b><span style=\"font-size: 9.0pt;color: rgb(18,33,74);\">[Start Time]</span></b></p> </td> </tr> <tr> <td style=\"border: none;background: white;padding: 3.0pt 37.5pt 3.0pt 37.5pt;\">  </td> </tr> </tbody> </table> </div> <span class=\"MsoNormal\" style=\"margin-bottom: 12.0pt;\"><span style=\"font-size: 10.5pt;font-family: Arial , sans-serif;\"><br><br>We appreciate your time and look forward to seeing you then! <br><br>Sincerely, <br><br></span><span style=\"font-size: 18.0pt;font-family: \'Bradley Hand ITC\';color: rgb(18,33,74);\">[BUSINESS_NAME]</span><span style=\"font-size: 10.5pt;font-family: Arial , sans-serif;\"> </span></span>',-1),(326,4,'EMAIL-COMMUNICATION-FIELD','Email Id',-1),(327,4,'SMS-COMMUNICATION-FIELD','Mobile',-1),(328,4,'APPOINTMENT-REMAINDER-FIELD','Start Time,Store Id,Service Part Order',-1),(329,4,'CUSTOMER_REFERENCE_COLUMN_NAME','Customer Id',-1),(330,4,'CUSTOMER-MANDATORY-COLUMN-NAME','FirstName',-1),(331,4,'APPOINTMENT-MANDATORY-COLUMN-NAME','Customer Id,Service Name,Start Time,Staff Id,Block Id,Booked Id,Staff Name,Duration,Service Id',-1),(332,4,'APPOINTMENT-DASHBOARD-FIELDS','Service Name,Start Time',-1),(333,4,'APPOINTMENT_COLLECTION_FIELDS','Staff Id,Start Time,Service Name,Staff Name,Booked Id,Block Id,Customer Id,Duration,Service Id,Store Id,IsOnLineBooking,End Time,Booking Reference Id,Service Part Id,Service Part Order,Service Part Name',-1),(334,4,'APPOINTMENT_IDENTITY_GENERATION_FIELDS','Booked Id,Store Id',-1),(335,4,'CUSTOMER_IDENTITY_ELIGIBLE_FIELDS','Email Id,Mobile Number,Id',-1),(336,4,'TRANSACTION_IDENTITY_ELIGIBLE_FIELDS','Bill Id',-1),(337,4,'TRANSACTION-MANDATORY-COLUMN-NAME','Date,Charge,Customer Id',-1),(338,4,'Campaign/receipt launch','Business name,Campaign/Receipt,Campaign name,User name,Start time,storeName,storeAddress,storePhoneNumber',-1),(339,4,'Appointment booked/accepted','Business name,Staff Name,First Name,Last Name,Service Name,Start Time,storeName,storeAddress,storePhoneNumber',-1),(340,4,'Appointment reminder','Business name,First Name,Last Name,Staff Id,Start Time,Service Name,Staff Name,Booked Id,Block Id,Customer Id,storeName,storeAddress,storePhoneNumber',-1),(341,4,'Campaign/receipt schedule started','Business name,Campaign type name,Campaign name,Schedule date,storeName,storeAddress,storePhoneNumber',-1),(342,4,'Campaign/receipt schedule completed','Business name,Campaign type name,Campaign name,Schedule date,Email count,storeAddress,storePhoneNumber,storeName',-1),(343,4,'CUSTOMER-NAME-FIELD','First Name,Last Name',-1),(344,4,'TIME_ZONE_SETTING','IST,UTC,EST',-1),(345,4,'APPOINTMENT_EXCLUDED_FIELDS','_id,Store Id,Staff Id,Block Id,Booked Id,Service Id,End Time,Service Part Id,Service Part Order,Business Hierarchy Id',-1),(346,4,'ClientQuickAdd-firstName','First Name',-1),(347,4,'ClientQuickAdd-lastName','Last Name',-1),(348,4,'ClientQuickAdd-phoneNumber','Mobile Number',-1),(349,4,'ClientQuickAdd-Email','Email Id',-1),(350,4,'TRANSACTION_IDENTITY_FIELD','_id',-1),(351,4,'APPOINTMENT_IDENTITY_FIELD','_id',-1),(352,4,'CUSTOMER_IDENTITY_FIELD','Id',-1),(353,4,'CONTACT_IDENTITY_FIELD','Id',-1),(354,4,'OPPORTUNITY_IDENTITY_FIELD','Id',-1),(355,4,'LEAD_IDENTITY_FIELD','Id',-1),(356,4,'TRANSACTION_IDENTITY_GENERATION_FIELDS','Bill Id,Store Id',-1),(357,4,'TRANSACTION_EXCLUDED_FIELDS','_id,Store Id,Bill Id,Description,Billing Type,Service Id,Part Id,Resource Id,Variant Id,Product Id,PromoIdForBill,PromoIdForInvoice,Quantity,Tax',-1),(358,4,'CUSTOMER_EXCLUDED_FIELDS','Visited Stores,Client Code,Originated Store Id,Business Hierarchy Id',-1),(359,4,'STORE_ID_FILTER','Store Id',-1),(360,4,'APPOINTMENT_BOOKING_FIELD','Client Code',-1),(361,4,'ClientQuickAdd-Status','Status',-1),(362,4,'REFERENCE-ID-INTO-NAME','Customer Name',-1),(363,4,'Appointment confirmation request','Business name,Staff Name,First Name,Last Name,Service name,Start Time,Store Name,Store Address,Store PhoneNumber,NConfirm',-1),(364,4,'Appointment confirmation sucess','Business name,Staff Name,First Name,Last Name,Service Name,Start Time,storeName,storeAddress,storePhoneNumber',-1),(365,4,'Appointment confirmation failure','Business name,Staff Name,First Name,Last Name,Service Name,Start Time,storeName,storeAddress,storePhoneNumber',-1),(366,4,'APPOINTMENT-SERVICE-NAME-FILTER','Service Name',-1),(367,4,'CUSTOMER_HIDED_FIELDS','Id',-1),(368,4,'ADDITIONAL_USER_FIELDS','storeAddress,storePhoneNumber,storeName,Business name',-1),(369,4,'TRANSACTION_TABLE_HEADERS','Invoice Number,Customer Name,Date,Invoice Sub Total',-1),(370,4,'TRANSACTION_INVOICE_NUMBER','Invoice Number',-1),(371,4,'TRANSACTION_SERVICE_TAKEN','Service Taken',-1),(372,4,'TRANSACTION_PAYMENT_TYPE','Payment Type',-1),(373,4,'Appointment reschedule','Business name,First Name,Last Name,Creation Time,Service Name,Staff Name,storeName,storeAddress,storePhoneNumber,rescheduledFromDate',-1),(374,4,'Appointment reject','Business name,First Name,Last Name,Start Time,Service Name,Staff Name,storeName,storeAddress,storePhoneNumber,Reason',-1),(375,4,'ClientQuickadd_OriginatedStoreName','Originated Store Name',-1),(376,4,'ClientQuickadd_OriginatedStoreId','Originated Store Id',-1),(377,4,'Campaign/receipt Pause','Business name,Campaign/Receipt,Campaign name,User name,Start time,storeName,storeAddress,storePhoneNumber',-1),(378,4,'Campaign/receipt Stop','Business name,Campaign/Receipt,Campaign name,User name,Start time,storeName,storeAddress,storePhoneNumber',-1),(379,4,'HO_CUSTOMER_EXCLUDED_FIELDS','Visited Stores,Client Code,Business Hierarchy Id',-1),(380,4,'HO_APPOINTMENT_EXCLUDED_FIELDS','_id,Store Id,Staff Id,Block Id,Booked Id,Service Id,Business Hierarchy Id',-1),(381,4,'HO_TRANSACTION_EXCLUDED_FIELDS','_id,Store Id',-1),(382,4,'TRANSACTION_PROJECTION_FIELDS','Invoice Number,Date,Customer Id,Sub Total',-1),(383,4,'TRANSACTION_GROUP_FIELDS','Invoice Number,Store Id,Customer Id,Date,Sub Total',-1),(384,4,'APPOINTMENT_STAFF_FIELD','Staff Id',-1),(385,4,'APPOINTMENT_START_DATE_FIELDS','Start Time',-1),(386,4,'APPOINTMENT_END_DATE_FIELDS','End Time',-1),(387,4,'APPOINTMENT_PART_ORDER_FIELDS','Service Part Order',-1),(388,4,'APPOINTMENT_SERVICE_DETAILS_HEADER','Booking Reference Id,Service Name,Customer Name,Start Time',-1),(389,4,'APPOINTMENT_START_TIME_FIELD','Start Time',-1),(390,4,'APPOINTMENT_DURATION_FIELD','Duration',-1),(391,4,'APPOINTMENT_SERVICE_PART_HEADER','Service Part Name,Staff Name,Service Start Time,Duration',-1),(392,4,'APPOINTMENT_SERVICE_PART_HEADER_PROJECTON_FIELDS','Service Part Name,Staff Name,Start Time,Duration',-1),(393,4,'APPOINTMENT_BOOKING_REFERENCE','Booking Reference Id',-1),(394,4,'MULTIPART_APPOINTMENT_GROUP_FIELDS','Booking Reference Id,Service Name,Store Id,Customer Id,Start Time',-1),(395,4,'SKIP_COLUMN_SINGLE_CUSTOMER_ADD','Referrals,Rewards,Visited Stores,Client Code',-1),(396,4,'TRANSACTION_COLLECTION_FIELDS','Bill Id,Date,Charge,Description,Customer Id,Invoice Number,HST Tax,Payment Type,Sub Total,Store Id,Billing Type,Service Id,Service Name, Part Id,Part Name,Resource Id,Resource Name,Variant Id,Variant Name,Product Id,Product Name,PromoIdForBill,PromoIdForInvoice,Quantity,Discount',-1),(397,4,'TRANSACTION_QUANTITY','Quantity',-1),(398,4,'TRANSACTION_DISCOUNT','Discount',-1),(399,4,'TRANSACTION_TAX','HST Tax',-1),(400,4,'TRANSACTION_PRODUCT_NAME','Product Name',-1),(401,4,'TRANSACTION_SERVICE_NAME','Service Name',-1),(402,4,'BILLING_TYPE','Billing Type',-1),(403,4,'ClientQuickadd_Charge','Charge',-1),(404,4,'TRANSACTION_VARIANT_NAME','Variant Name',-1),(405,4,'INVOICE-PRINT-PROJECTION-FIELD','Product Name,Resource Name,Service Name,Billing Type,Quantity,Charge,HST Tax,Discount,Sub Total,Date,Customer Id,Variant Id',-1),(406,4,'CURRENCY_TYPE_SETTING','INR,USD,EUR,JPY',-1),(407,4,'ClientQuickadd_VisitedStores','Visited Stores',-1),(408,4,'INVOICE_PROJECTION_FIELDS','BIll Id,Charge,Quantity,HST Tax,Discount,Sub Total',2),(409,4,'TRANSACTION_INNER_TABLE_HEADERS','BIll Id,Charge,Quantity,HST Tax,Discount,Sub Total',2),(410,4,'OPPORTUNITY-MANDATORY-COLUMN-NAME','Stage,Opportunity Name',-1),(411,4,'LEAD-MANDATORY-COLUMN-NAME','First Name',-1),(412,4,'CONTACT-MANDATORY-COLUMN-NAME','First Name,Primary email Id',-1),(413,4,'PRODUCT-MANDATORY-COLUMN-NAME','Product Type,Product Name',-1),(414,4,'TICKETS-MANDATORY-COLUMN-NAME','Status,Priority,Title',-1),(415,4,'TICKETS_IDENTITY_FIELD','Id',-1),(416,4,'PRODUCT_IDENTITY_FIELD','Id',-1),(417,4,'PURCHASED_PRODUCT_IDENTITY_FIELD','Id',-1),(418,4,'PRODUCT_EXCLUDED_FIELDS','Business Hierarchy Id',-1),(419,4,'HO_PRODUCT_EXCLUDED_FIELDS','Business Hierarchy Id',-1),(420,4,'TICKETS_EXCLUDED_FIELDS','Business Hierarchy Id',-1),(421,4,'HO_TICKETS_EXCLUDED_FIELDS','Business Hierarchy Id',-1),(422,4,'LEAD_EXCLUDED_FIELDS','Business Hierarchy Id',-1),(423,4,'HO_LEAD_EXCLUDED_FIELDS','Business Hierarchy Id',-1),(424,4,'CONTACT_EXCLUDED_FIELDS','Business Hierarchy Id',-1),(425,4,'HO_CONTACT_EXCLUDED_FIELDS','Business Hierarchy Id',-1),(426,4,'OPPORTUNITY_EXCLUDED_FIELDS','Business Hierarchy Id',-1),(427,4,'HO_OPPORTUNITY_EXCLUDED_FIELDS','Business Hierarchy Id',-1),(428,4,'PURCHASED_PRODUCT-MANDATORY-COLUMN-NAME','Account,Product,Transaction Id',-1),(429,1,'PURCHASED_PRODUCT-MANDATORY-COLUMN-NAME','Account,Product,Transaction Id',-1),(432,4,'LEAD_VENDOR_IDENTITY_FIELD','Id',-1),(433,4,'LEAD_CARRIER_IDENTITY_FIELD','Id',-1),(434,4,'VENDOR_IDENTITY_FIELD','Id',-1),(435,4,'CARRIER_IDENTITY_FIELD','Id',-1);
/*!40000 ALTER TABLE `BUSINESS_MODEL_CONFIG` ENABLE KEYS */;
UNLOCK TABLES;

--
-- Table structure for table `BUSINESS_MODEL_LABELS`
--

DROP TABLE IF EXISTS `BUSINESS_MODEL_LABELS`;
/*!40101 SET @saved_cs_client     = @@character_set_client */;
/*!50503 SET character_set_client = utf8mb4 */;
CREATE TABLE `BUSINESS_MODEL_LABELS` (
  `ID` int NOT NULL AUTO_INCREMENT,
  `LABEL_KEY` varchar(45) NOT NULL,
  PRIMARY KEY (`ID`)
) ENGINE=InnoDB AUTO_INCREMENT=8 DEFAULT CHARSET=latin1;
/*!40101 SET character_set_client = @saved_cs_client */;

--
-- Dumping data for table `BUSINESS_MODEL_LABELS`
--

LOCK TABLES `BUSINESS_MODEL_LABELS` WRITE;
/*!40000 ALTER TABLE `BUSINESS_MODEL_LABELS` DISABLE KEYS */;
INSERT INTO `BUSINESS_MODEL_LABELS` VALUES (1,'CUSTOMER'),(2,'TRANSACTION'),(3,'Customer Id'),(4,'Staff Id'),(5,'Staff Name'),(6,'APPOINTMENT'),(7,'OPPORTUNITY');
/*!40000 ALTER TABLE `BUSINESS_MODEL_LABELS` ENABLE KEYS */;
UNLOCK TABLES;

--
-- Table structure for table `BUSINESS_MODEL_SECTION_MAP`
--

DROP TABLE IF EXISTS `BUSINESS_MODEL_SECTION_MAP`;
/*!40101 SET @saved_cs_client     = @@character_set_client */;
/*!50503 SET character_set_client = utf8mb4 */;
CREATE TABLE `BUSINESS_MODEL_SECTION_MAP` (
  `ID` int NOT NULL AUTO_INCREMENT,
  `BUSINESS_MODEL_ID` int NOT NULL,
  `SECTION_ID` int NOT NULL,
  PRIMARY KEY (`ID`),
  UNIQUE KEY `ID_UNIQUE` (`ID`),
  KEY `Business_model_fk_idx` (`BUSINESS_MODEL_ID`),
  CONSTRAINT `Business_model_fk` FOREIGN KEY (`BUSINESS_MODEL_ID`) REFERENCES `BUSINESS_MODEL` (`MODEL_ID`)
) ENGINE=InnoDB AUTO_INCREMENT=7 DEFAULT CHARSET=utf8mb4 COLLATE=utf8mb4_0900_ai_ci;
/*!40101 SET character_set_client = @saved_cs_client */;

--
-- Dumping data for table `BUSINESS_MODEL_SECTION_MAP`
--

LOCK TABLES `BUSINESS_MODEL_SECTION_MAP` WRITE;
/*!40000 ALTER TABLE `BUSINESS_MODEL_SECTION_MAP` DISABLE KEYS */;
INSERT INTO `BUSINESS_MODEL_SECTION_MAP` VALUES (1,4,1),(2,4,2),(3,4,3),(4,4,4),(5,4,5),(6,4,6);
/*!40000 ALTER TABLE `BUSINESS_MODEL_SECTION_MAP` ENABLE KEYS */;
UNLOCK TABLES;

--
-- Table structure for table `BUSINESS_MODEL_SELECT`
--

DROP TABLE IF EXISTS `BUSINESS_MODEL_SELECT`;
/*!40101 SET @saved_cs_client     = @@character_set_client */;
/*!50503 SET character_set_client = utf8mb4 */;
CREATE TABLE `BUSINESS_MODEL_SELECT` (
  `FIELD_ID` int NOT NULL AUTO_INCREMENT,
  `FIELD_NAME` varchar(45) DEFAULT NULL,
  `IS_DELETED` tinyint DEFAULT '0',
  PRIMARY KEY (`FIELD_ID`)
) ENGINE=InnoDB AUTO_INCREMENT=13 DEFAULT CHARSET=latin1;
/*!40101 SET character_set_client = @saved_cs_client */;

--
-- Dumping data for table `BUSINESS_MODEL_SELECT`
--

LOCK TABLES `BUSINESS_MODEL_SELECT` WRITE;
/*!40000 ALTER TABLE `BUSINESS_MODEL_SELECT` DISABLE KEYS */;
INSERT INTO `BUSINESS_MODEL_SELECT` VALUES (1,'Industry',0),(2,'Lead Source',0),(3,'Lead Status',0),(4,'Ownership',0),(5,'Ticket Priority',0),(6,'Ticket Severity',0),(7,'Ticket Status',0),(8,'Ticket Type',0),(9,'Product Type',0),(10,'TASK_CALL_PURPOSE',0),(11,'TASK_CALL_RESULT',0),(12,'TASK_CALL_TYPE',0);
/*!40000 ALTER TABLE `BUSINESS_MODEL_SELECT` ENABLE KEYS */;
UNLOCK TABLES;

--
-- Table structure for table `BUSINESS_MODEL_SELECT_MAP`
--

DROP TABLE IF EXISTS `BUSINESS_MODEL_SELECT_MAP`;
/*!40101 SET @saved_cs_client     = @@character_set_client */;
/*!50503 SET character_set_client = utf8mb4 */;
CREATE TABLE `BUSINESS_MODEL_SELECT_MAP` (
  `MODEL_SELECT_MAP_ID` int NOT NULL AUTO_INCREMENT,
  `MODEL_COLUMN_ID` int NOT NULL,
  `SELECT_ID` int NOT NULL,
  `IS_DELETED` tinyint DEFAULT '0',
  PRIMARY KEY (`MODEL_SELECT_MAP_ID`),
  UNIQUE KEY `UNIQUE_MODEL_COLUMN_ID` (`MODEL_COLUMN_ID`),
  KEY `IDX_MODEL_COLUMN_ID` (`MODEL_COLUMN_ID`),
  KEY `IDX_SELECT_ID` (`SELECT_ID`),
  CONSTRAINT `FK_MODEL_COLUMN_ID` FOREIGN KEY (`MODEL_COLUMN_ID`) REFERENCES `BUSINESS_MODEL_COLUMN` (`MODEL_COLUMN_ID`),
  CONSTRAINT `FK_SELECT_ID` FOREIGN KEY (`SELECT_ID`) REFERENCES `BUSINESS_MODEL_SELECT` (`FIELD_ID`)
) ENGINE=InnoDB AUTO_INCREMENT=15 DEFAULT CHARSET=latin1;
/*!40101 SET character_set_client = @saved_cs_client */;

--
-- Dumping data for table `BUSINESS_MODEL_SELECT_MAP`
--

LOCK TABLES `BUSINESS_MODEL_SELECT_MAP` WRITE;
/*!40000 ALTER TABLE `BUSINESS_MODEL_SELECT_MAP` DISABLE KEYS */;
INSERT INTO `BUSINESS_MODEL_SELECT_MAP` VALUES (1,290,1,0),(2,322,1,0),(4,292,2,0),(5,375,2,0),(6,408,2,0),(7,300,3,0),(8,331,4,0),(9,460,5,0),(10,462,6,0),(11,459,7,0),(12,456,8,0),(13,476,9,0),(14,489,9,0);
/*!40000 ALTER TABLE `BUSINESS_MODEL_SELECT_MAP` ENABLE KEYS */;
UNLOCK TABLES;

--
-- Table structure for table `BUSINESS_MODEL_SELECT_OPTION`
--

DROP TABLE IF EXISTS `BUSINESS_MODEL_SELECT_OPTION`;
/*!40101 SET @saved_cs_client     = @@character_set_client */;
/*!50503 SET character_set_client = utf8mb4 */;
CREATE TABLE `BUSINESS_MODEL_SELECT_OPTION` (
  `OPTION_ID` int NOT NULL AUTO_INCREMENT,
  `OPTION_NAME` varchar(45) DEFAULT NULL,
  `FIELD_ID` int NOT NULL,
  `POSITION` int DEFAULT NULL,
  `EDIT_RESTRICTED` tinyint DEFAULT '0',
  `DELETE_RESTRICTED` tinyint DEFAULT '0',
  `IS_DELETED` tinyint DEFAULT '0',
  PRIMARY KEY (`OPTION_ID`),
  KEY `IDX_FIELD_ID` (`FIELD_ID`),
  CONSTRAINT `FK_BUSINESS_MODEL_SELECT` FOREIGN KEY (`FIELD_ID`) REFERENCES `BUSINESS_MODEL_SELECT` (`FIELD_ID`)
) ENGINE=InnoDB AUTO_INCREMENT=94 DEFAULT CHARSET=latin1;
/*!40101 SET character_set_client = @saved_cs_client */;

--
-- Dumping data for table `BUSINESS_MODEL_SELECT_OPTION`
--

LOCK TABLES `BUSINESS_MODEL_SELECT_OPTION` WRITE;
/*!40000 ALTER TABLE `BUSINESS_MODEL_SELECT_OPTION` DISABLE KEYS */;
INSERT INTO `BUSINESS_MODEL_SELECT_OPTION` VALUES (1,'Automotive',1,0,0,0,0),(2,'Cement',1,0,0,0,0),(3,'Chemicals',1,0,0,0,0),(4,'Consulting',1,0,0,0,0),(5,'Distributor',1,0,0,0,0),(6,'Govt/Military',1,0,0,0,0),(7,'Metals',1,0,0,0,0),(8,'Mining',1,0,0,0,0),(9,'Non-Rail Misc',1,0,0,0,0),(10,'Passenger Rail',1,0,0,0,0),(11,'Power Generation',1,0,0,0,0),(12,'Rail-New Car',1,0,0,0,0),(13,'Rail-Parts',1,0,0,0,0),(14,'Rail-Repair',1,0,0,0,0),(15,'Railroad',1,0,0,0,0),(16,'Railroad-Shortline',1,0,0,0,0),(17,'Track/MOW',1,0,0,0,0),(18,'Warehousing',1,0,0,0,0),(19,'Advertisement',2,0,0,0,0),(20,'Cold Call',2,0,0,0,0),(21,'Employee Referral',2,0,0,0,0),(22,'External Referral',2,0,0,0,0),(23,'Online Store',2,0,0,0,0),(24,'Partner',2,0,0,0,0),(25,'Public Relations',2,0,0,0,0),(26,'Sales Email Alias',2,0,0,0,0),(27,'Seminar Partner',2,0,0,0,0),(28,'Internal Seminar',2,0,0,0,0),(29,'Trade Show',2,0,0,0,0),(30,'Web Download',2,0,0,0,0),(31,'Web Research',2,0,0,0,0),(32,'Chat',2,0,0,0,0),(33,'Others',2,0,0,0,0),(34,'New',3,0,0,0,0),(35,'Scheduled for Contact',3,0,0,0,0),(36,'Contact in Backlog',3,0,0,0,0),(37,'Attempted to Contact',3,0,0,0,0),(38,'Contacted',3,0,0,0,0),(39,'Junk Lead',3,0,0,0,0),(40,'Lost Lead',3,0,0,0,0),(41,'Pre-Qualified',3,0,0,0,0),(42,'Not Qualified',3,0,0,0,0),(43,'Private',4,0,0,0,0),(44,'Public',4,0,0,0,0),(45,'Subsidiary',4,0,0,0,0),(46,'Government',4,0,0,0,0),(47,'Partnership',4,0,0,0,0),(48,'Privately help',4,0,0,0,0),(49,'Public Company',4,0,0,0,0),(50,'Others',4,0,0,0,0),(51,'P1',5,0,0,0,0),(52,'P2',5,0,0,0,0),(53,'P3',5,0,0,0,0),(54,'P4',5,0,0,0,0),(55,'Immediate/Critical',6,0,0,0,0),(56,'High',6,0,0,0,0),(57,'Medium',6,0,0,0,0),(58,'Low',6,0,0,0,0),(59,'New',7,0,0,0,0),(60,'CLosed',7,0,0,0,0),(61,'Energy CAP',7,0,0,0,0),(62,'On Hold',7,0,0,0,0),(63,'In Progress',7,0,0,0,0),(64,'Pending Customer Reply',7,0,0,0,0),(65,'Support',8,0,0,0,0),(66,'Sales',8,0,0,0,0),(67,'Onboarding',8,0,0,0,0),(68,'RMA',8,0,0,0,0),(69,'Clarification',8,0,0,0,0),(70,'Funding',8,0,0,0,0),(71,'Motor Insurance',9,0,0,0,0),(72,'Health Insurance',9,0,0,0,0),(73,'Personal Accident Insurance',9,0,0,0,0),(74,'Householder\'s Insurance',9,0,0,0,0),(75,'Overseas Travel Insurance',9,0,0,0,0),(76,'Home Insurance',9,0,0,0,0),(77,'Custom Insurance',9,0,0,0,0),(78,'Administrative',10,0,0,0,0),(79,'Demo',10,0,0,0,0),(80,'Dest',10,0,0,0,0),(81,'Negotiation',10,0,0,0,0),(82,'Project',10,0,0,0,0),(83,'Prospecting',10,0,0,0,0),(84,'Interested',11,0,0,0,0),(85,'Invalid number',11,0,0,0,0),(86,'No response/Busy',11,0,0,0,0),(87,'Not interested',11,0,0,0,0),(88,'Requested call back',11,0,0,0,0),(89,'Requested more info',11,0,0,0,0),(90,'Phone',12,0,0,0,0),(91,'In Person',12,0,0,0,0),(92,'Email',12,0,0,0,0),(93,'Text',12,0,0,0,0);
/*!40000 ALTER TABLE `BUSINESS_MODEL_SELECT_OPTION` ENABLE KEYS */;
UNLOCK TABLES;

--
-- Table structure for table `BUSINESS_MODEL_SURVEY_QUESTIONS`
--

DROP TABLE IF EXISTS `BUSINESS_MODEL_SURVEY_QUESTIONS`;
/*!40101 SET @saved_cs_client     = @@character_set_client */;
/*!50503 SET character_set_client = utf8mb4 */;
CREATE TABLE `BUSINESS_MODEL_SURVEY_QUESTIONS` (
  `BUSINESS_SURVEY_QUES_ID` int NOT NULL AUTO_INCREMENT,
  `BUSINESS_MODEL_ID` int NOT NULL,
  `SURVEY_QUESTION` varchar(100) NOT NULL,
  `IS_DELETED` tinyint(1) NOT NULL DEFAULT '0',
  `SURVEY_TYPE` varchar(100) NOT NULL,
  PRIMARY KEY (`BUSINESS_SURVEY_QUES_ID`),
  KEY `fk_BUSINESS_MODEL_SURVEY_QUESTIONS_MODEL_ID_idx` (`BUSINESS_MODEL_ID`),
  CONSTRAINT `fk_BUSINESS_MODEL_SURVEY_QUESTIONS_MODEL_ID` FOREIGN KEY (`BUSINESS_MODEL_ID`) REFERENCES `BUSINESS_MODEL` (`MODEL_ID`)
) ENGINE=InnoDB AUTO_INCREMENT=24 DEFAULT CHARSET=latin1;
/*!40101 SET character_set_client = @saved_cs_client */;

--
-- Dumping data for table `BUSINESS_MODEL_SURVEY_QUESTIONS`
--

LOCK TABLES `BUSINESS_MODEL_SURVEY_QUESTIONS` WRITE;
/*!40000 ALTER TABLE `BUSINESS_MODEL_SURVEY_QUESTIONS` DISABLE KEYS */;
INSERT INTO `BUSINESS_MODEL_SURVEY_QUESTIONS` VALUES (1,1,'Was it easy to schedule?',0,'Ready_To_Use'),(2,1,'How do you rate the service?',0,'Ready_To_Use'),(3,1,'How do you rate the stylist?',0,'Ready_To_Use'),(4,1,'Was the saloon clean?',0,'Ready_To_Use'),(5,1,'Where you well received?',0,'Ready_To_Use'),(6,1,'Rate us?',0,'Review'),(7,2,'Was it easy to schedule?',0,'Ready_To_Use'),(8,2,'How do you rate the service?',0,'Ready_To_Use'),(9,2,'How do you rate the doctor?',0,'Ready_To_Use'),(10,2,'Was the clinic clean?',0,'Ready_To_Use'),(11,2,'Where you well received?',0,'Ready_To_Use'),(12,2,'Rate us?',0,'Review'),(13,3,'Was it easy to schedule?',0,'Ready_To_Use'),(14,3,'How do you rate the service?',0,'Ready_To_Use'),(15,3,'How do you rate the person Whom you meet?',0,'Ready_To_Use'),(16,3,'Was the Company clean?',0,'Ready_To_Use'),(17,3,'Where you well received?',0,'Ready_To_Use'),(18,3,'Rate us?',0,'Review'),(19,4,'Was it easy to Place Deals?',0,'Ready_To_Use'),(20,4,'How do you rate the service?',0,'Ready_To_Use'),(21,4,'How was the communication?',0,'Ready_To_Use'),(22,4,'Where all your request is fullfilled?',0,'Ready_To_Use'),(23,4,'Rate us?',0,'Review');
/*!40000 ALTER TABLE `BUSINESS_MODEL_SURVEY_QUESTIONS` ENABLE KEYS */;
UNLOCK TABLES;

--
-- Table structure for table `BUSINESS_MODEL_SYSTEM_DATA_SELECT_MAP`
--

DROP TABLE IF EXISTS `BUSINESS_MODEL_SYSTEM_DATA_SELECT_MAP`;
/*!40101 SET @saved_cs_client     = @@character_set_client */;
/*!50503 SET character_set_client = utf8mb4 */;
CREATE TABLE `BUSINESS_MODEL_SYSTEM_DATA_SELECT_MAP` (
  `ID` int NOT NULL AUTO_INCREMENT,
  `SYSTEM_DATA_NAME` varchar(100) NOT NULL,
  `SELECT_ID` int NOT NULL,
  `IS_DELETED` tinyint NOT NULL DEFAULT '0',
  PRIMARY KEY (`ID`)
) ENGINE=InnoDB AUTO_INCREMENT=4 DEFAULT CHARSET=utf8mb4 COLLATE=utf8mb4_0900_ai_ci;
/*!40101 SET character_set_client = @saved_cs_client */;

--
-- Dumping data for table `BUSINESS_MODEL_SYSTEM_DATA_SELECT_MAP`
--

LOCK TABLES `BUSINESS_MODEL_SYSTEM_DATA_SELECT_MAP` WRITE;
/*!40000 ALTER TABLE `BUSINESS_MODEL_SYSTEM_DATA_SELECT_MAP` DISABLE KEYS */;
INSERT INTO `BUSINESS_MODEL_SYSTEM_DATA_SELECT_MAP` VALUES (1,'TASK_CALL_PURPOSE',10,0),(2,'TASK_CALL_RESULT',11,0),(3,'TASK_CALL_TYPE',12,0);
/*!40000 ALTER TABLE `BUSINESS_MODEL_SYSTEM_DATA_SELECT_MAP` ENABLE KEYS */;
UNLOCK TABLES;

--
-- Table structure for table `BUSINESS_MODEL_TEMPLATE_CATEGORY_MAP`
--

DROP TABLE IF EXISTS `BUSINESS_MODEL_TEMPLATE_CATEGORY_MAP`;
/*!40101 SET @saved_cs_client     = @@character_set_client */;
/*!50503 SET character_set_client = utf8mb4 */;
CREATE TABLE `BUSINESS_MODEL_TEMPLATE_CATEGORY_MAP` (
  `ID` int NOT NULL AUTO_INCREMENT,
  `MODEL_ID` int NOT NULL,
  `TEMPLATE_CATEGORY_ID` int NOT NULL,
  PRIMARY KEY (`ID`),
  KEY `fk_business_model_id_idx_idx` (`MODEL_ID`),
  KEY `fk_template_category_id_idx_idx` (`TEMPLATE_CATEGORY_ID`),
  CONSTRAINT `fk_business_model_id_idx` FOREIGN KEY (`MODEL_ID`) REFERENCES `BUSINESS_MODEL` (`MODEL_ID`),
  CONSTRAINT `fk_template_category_id_idx` FOREIGN KEY (`TEMPLATE_CATEGORY_ID`) REFERENCES `TEMPLATE_CATEGORIES` (`CATEGORY_ID`)
) ENGINE=InnoDB AUTO_INCREMENT=218 DEFAULT CHARSET=latin1;
/*!40101 SET character_set_client = @saved_cs_client */;

--
-- Dumping data for table `BUSINESS_MODEL_TEMPLATE_CATEGORY_MAP`
--

LOCK TABLES `BUSINESS_MODEL_TEMPLATE_CATEGORY_MAP` WRITE;
/*!40000 ALTER TABLE `BUSINESS_MODEL_TEMPLATE_CATEGORY_MAP` DISABLE KEYS */;
INSERT INTO `BUSINESS_MODEL_TEMPLATE_CATEGORY_MAP` VALUES (1,1,1),(2,1,2),(3,1,3),(4,1,4),(5,1,5),(6,1,6),(9,1,9),(10,1,10),(16,1,16),(18,1,18),(19,1,19),(20,1,20),(21,1,21),(22,1,22),(23,1,23),(24,1,24),(25,1,25),(26,1,26),(27,1,27),(28,1,28),(29,1,29),(30,1,30),(31,1,31),(32,1,32),(33,1,33),(34,1,35),(35,1,36),(36,1,37),(37,1,38),(39,1,40),(40,1,41),(41,1,42),(42,1,43),(43,1,44),(44,1,45),(45,1,46),(46,1,47),(47,1,48),(48,1,49),(49,1,50),(50,1,51),(51,1,52),(52,1,53),(53,1,54),(54,1,55),(55,2,1),(56,2,2),(57,2,3),(58,2,4),(59,2,5),(60,2,6),(63,2,9),(64,2,10),(70,2,16),(72,2,18),(73,2,19),(74,2,20),(75,2,21),(76,2,22),(77,2,23),(78,2,24),(79,2,25),(80,2,26),(81,2,27),(82,2,28),(83,2,29),(84,2,30),(85,2,31),(86,2,32),(87,2,33),(88,2,35),(89,2,36),(90,2,37),(91,2,38),(93,2,40),(94,2,41),(95,2,42),(96,2,43),(97,2,44),(98,2,45),(99,2,46),(100,2,47),(101,2,48),(102,2,49),(103,2,50),(104,2,51),(105,2,52),(106,2,53),(107,2,54),(108,2,55),(109,3,1),(110,3,2),(111,3,3),(112,3,4),(113,3,5),(114,3,6),(117,3,9),(118,3,10),(124,3,16),(126,3,18),(127,3,19),(128,3,20),(129,3,21),(130,3,22),(131,3,23),(132,3,24),(133,3,25),(134,3,26),(135,3,27),(136,3,28),(137,3,29),(138,3,30),(139,3,31),(140,3,32),(141,3,33),(142,3,35),(143,3,36),(144,3,37),(145,3,38),(147,3,40),(148,3,41),(149,3,42),(150,3,43),(151,3,44),(152,3,45),(153,3,46),(154,3,47),(155,3,48),(156,3,49),(157,3,50),(158,3,51),(159,3,52),(160,3,53),(161,3,54),(162,3,55),(163,4,1),(164,4,2),(165,4,3),(166,4,4),(167,4,5),(168,4,6),(171,4,9),(172,4,10),(178,4,16),(180,4,18),(181,4,19),(182,4,20),(183,4,21),(184,4,22),(185,4,23),(186,4,24),(187,4,25),(188,4,26),(189,4,27),(190,4,28),(191,4,29),(192,4,30),(193,4,31),(194,4,32),(195,4,33),(196,4,35),(197,4,36),(198,4,37),(199,4,38),(201,4,40),(202,4,41),(203,4,42),(204,4,43),(205,4,44),(206,4,45),(207,4,46),(208,4,47),(209,4,48),(210,4,49),(211,4,50),(212,4,51),(213,4,52),(214,4,53),(215,4,54),(216,4,55),(217,4,56);
/*!40000 ALTER TABLE `BUSINESS_MODEL_TEMPLATE_CATEGORY_MAP` ENABLE KEYS */;
UNLOCK TABLES;

--
-- Table structure for table `BUSINESS_MODEL_TEMPLATE_MAP`
--

DROP TABLE IF EXISTS `BUSINESS_MODEL_TEMPLATE_MAP`;
/*!40101 SET @saved_cs_client     = @@character_set_client */;
/*!50503 SET character_set_client = utf8mb4 */;
CREATE TABLE `BUSINESS_MODEL_TEMPLATE_MAP` (
  `ID` int NOT NULL AUTO_INCREMENT,
  `MODEL_ID` int NOT NULL,
  `TEMPLATE_ID` int NOT NULL,
  `CREATION_DATE` datetime DEFAULT NULL,
  `MODIFIED_DATE` datetime DEFAULT NULL,
  `IS_DELETED` tinyint(1) NOT NULL DEFAULT '0',
  PRIMARY KEY (`ID`),
  KEY `fk_TEMPLATE_ID_idx` (`TEMPLATE_ID`),
  KEY `fk_BUSINESS_MODEL_ID_idx` (`MODEL_ID`),
  CONSTRAINT `fk_BUSINESS_MODEL_ID` FOREIGN KEY (`MODEL_ID`) REFERENCES `BUSINESS_MODEL` (`MODEL_ID`),
  CONSTRAINT `fk_TEMPLATE_ID` FOREIGN KEY (`TEMPLATE_ID`) REFERENCES `TEMPLATE` (`TEMPLATE_ID`)
) ENGINE=InnoDB DEFAULT CHARSET=latin1;
/*!40101 SET character_set_client = @saved_cs_client */;

--
-- Dumping data for table `BUSINESS_MODEL_TEMPLATE_MAP`
--

LOCK TABLES `BUSINESS_MODEL_TEMPLATE_MAP` WRITE;
/*!40000 ALTER TABLE `BUSINESS_MODEL_TEMPLATE_MAP` DISABLE KEYS */;
/*!40000 ALTER TABLE `BUSINESS_MODEL_TEMPLATE_MAP` ENABLE KEYS */;
UNLOCK TABLES;

--
-- Table structure for table `BUSINESS_SECTION_MAP`
--

DROP TABLE IF EXISTS `BUSINESS_SECTION_MAP`;
/*!40101 SET @saved_cs_client     = @@character_set_client */;
/*!50503 SET character_set_client = utf8mb4 */;
CREATE TABLE `BUSINESS_SECTION_MAP` (
  `ID` int NOT NULL AUTO_INCREMENT,
  `BUSINESS_DETAIL_ID` int NOT NULL,
  `SECTION_ID` int NOT NULL,
  `IS_DELETED` tinyint NOT NULL DEFAULT '0',
  PRIMARY KEY (`ID`),
  UNIQUE KEY `ID_UNIQUE` (`ID`),
  KEY `BUSINESS_MODEL_ID_FK1_idx` (`BUSINESS_DETAIL_ID`),
  CONSTRAINT `BUSINESS_MODEL_ID_FK1` FOREIGN KEY (`BUSINESS_DETAIL_ID`) REFERENCES `BUSINESS_DETAILS` (`BUSINESS_DETAIL_ID`)
) ENGINE=InnoDB AUTO_INCREMENT=49 DEFAULT CHARSET=utf8mb4 COLLATE=utf8mb4_0900_ai_ci;
/*!40101 SET character_set_client = @saved_cs_client */;

--
-- Dumping data for table `BUSINESS_SECTION_MAP`
--

LOCK TABLES `BUSINESS_SECTION_MAP` WRITE;
/*!40000 ALTER TABLE `BUSINESS_SECTION_MAP` DISABLE KEYS */;
INSERT INTO `BUSINESS_SECTION_MAP` VALUES (43,9,1,0),(44,9,2,0),(45,9,3,0),(46,9,4,0),(47,9,5,0),(48,9,6,0);
/*!40000 ALTER TABLE `BUSINESS_SECTION_MAP` ENABLE KEYS */;
UNLOCK TABLES;

--
-- Table structure for table `BUSINESS_SERVICES_SUPPORT`
--

DROP TABLE IF EXISTS `BUSINESS_SERVICES_SUPPORT`;
/*!40101 SET @saved_cs_client     = @@character_set_client */;
/*!50503 SET character_set_client = utf8mb4 */;
CREATE TABLE `BUSINESS_SERVICES_SUPPORT` (
  `ID` int NOT NULL AUTO_INCREMENT,
  `SERVICE_NAME` varchar(100) NOT NULL,
  `BUSINESS_ID` int DEFAULT NULL,
  `IS_DELETED` tinyint(1) NOT NULL DEFAULT '0',
  PRIMARY KEY (`ID`),
  UNIQUE KEY `ID_UNIQUE` (`ID`),
  KEY `fk_BUSINESS_SERVICES_SUPPORT_1_idx` (`BUSINESS_ID`),
  CONSTRAINT `fk_BUSINESS_SERVICES_SUPPORT_1` FOREIGN KEY (`BUSINESS_ID`) REFERENCES `BUSINESS_DETAILS` (`BUSINESS_DETAIL_ID`)
) ENGINE=InnoDB AUTO_INCREMENT=10 DEFAULT CHARSET=latin1;
/*!40101 SET character_set_client = @saved_cs_client */;

--
-- Dumping data for table `BUSINESS_SERVICES_SUPPORT`
--

LOCK TABLES `BUSINESS_SERVICES_SUPPORT` WRITE;
/*!40000 ALTER TABLE `BUSINESS_SERVICES_SUPPORT` DISABLE KEYS */;
INSERT INTO `BUSINESS_SERVICES_SUPPORT` VALUES (9,'IT Sales',9,0);
/*!40000 ALTER TABLE `BUSINESS_SERVICES_SUPPORT` ENABLE KEYS */;
UNLOCK TABLES;

--
-- Table structure for table `BUSINESS_SERVICE_DETAILS`
--

DROP TABLE IF EXISTS `BUSINESS_SERVICE_DETAILS`;
/*!40101 SET @saved_cs_client     = @@character_set_client */;
/*!50503 SET character_set_client = utf8mb4 */;
CREATE TABLE `BUSINESS_SERVICE_DETAILS` (
  `ID` int NOT NULL AUTO_INCREMENT,
  `SERVICE_ID` varchar(45) NOT NULL,
  `SERVICE_CODE` varchar(45) DEFAULT NULL,
  `CAT_ID` varchar(45) DEFAULT NULL,
  `CAT_DESCRIPTION` varchar(45) DEFAULT NULL,
  `SERVICE_PRICE` varchar(45) DEFAULT NULL,
  `SERVICE_DESC` varchar(45) DEFAULT NULL,
  `IS_DELETED` tinyint(1) NOT NULL DEFAULT '0',
  PRIMARY KEY (`ID`)
) ENGINE=InnoDB DEFAULT CHARSET=latin1;
/*!40101 SET character_set_client = @saved_cs_client */;

--
-- Dumping data for table `BUSINESS_SERVICE_DETAILS`
--

LOCK TABLES `BUSINESS_SERVICE_DETAILS` WRITE;
/*!40000 ALTER TABLE `BUSINESS_SERVICE_DETAILS` DISABLE KEYS */;
/*!40000 ALTER TABLE `BUSINESS_SERVICE_DETAILS` ENABLE KEYS */;
UNLOCK TABLES;

--
-- Table structure for table `BUSINESS_SERVICE_STAFF_DETAILS_MAP`
--

DROP TABLE IF EXISTS `BUSINESS_SERVICE_STAFF_DETAILS_MAP`;
/*!40101 SET @saved_cs_client     = @@character_set_client */;
/*!50503 SET character_set_client = utf8mb4 */;
CREATE TABLE `BUSINESS_SERVICE_STAFF_DETAILS_MAP` (
  `ID` int NOT NULL AUTO_INCREMENT,
  `SERVICE_ID` int NOT NULL,
  `STAFF_ID` int NOT NULL,
  `BUSINESS_ID` int NOT NULL,
  `IS_DELETED` tinyint(1) NOT NULL DEFAULT '0',
  PRIMARY KEY (`ID`),
  KEY `fk_BUSINESS_ID_idx` (`BUSINESS_ID`),
  KEY `fk_BUSINESS_STAFF_ID_idx` (`STAFF_ID`),
  KEY `fk_BUSINESS_SERVICE_ID_idx` (`SERVICE_ID`),
  CONSTRAINT `fk_BUSINESS_ID` FOREIGN KEY (`BUSINESS_ID`) REFERENCES `BUSINESS_DETAILS` (`BUSINESS_DETAIL_ID`),
  CONSTRAINT `fk_BUSINESS_SERVICE_ID` FOREIGN KEY (`SERVICE_ID`) REFERENCES `BUSINESS_SERVICE_DETAILS` (`ID`),
  CONSTRAINT `fk_BUSINESS_STAFF_ID` FOREIGN KEY (`STAFF_ID`) REFERENCES `STAFF_DETAILS` (`ID`)
) ENGINE=InnoDB DEFAULT CHARSET=latin1;
/*!40101 SET character_set_client = @saved_cs_client */;

--
-- Dumping data for table `BUSINESS_SERVICE_STAFF_DETAILS_MAP`
--

LOCK TABLES `BUSINESS_SERVICE_STAFF_DETAILS_MAP` WRITE;
/*!40000 ALTER TABLE `BUSINESS_SERVICE_STAFF_DETAILS_MAP` DISABLE KEYS */;
/*!40000 ALTER TABLE `BUSINESS_SERVICE_STAFF_DETAILS_MAP` ENABLE KEYS */;
UNLOCK TABLES;

--
-- Table structure for table `BUSINESS_STORE_MAP`
--

DROP TABLE IF EXISTS `BUSINESS_STORE_MAP`;
/*!40101 SET @saved_cs_client     = @@character_set_client */;
/*!50503 SET character_set_client = utf8mb4 */;
CREATE TABLE `BUSINESS_STORE_MAP` (
  `BUSINESS_STORE_MAP_ID` int NOT NULL AUTO_INCREMENT,
  `BUSINESS_ID` int NOT NULL,
  `STORE_ID` int NOT NULL,
  PRIMARY KEY (`BUSINESS_STORE_MAP_ID`),
  KEY `fk_BUSINESS_STORE_MAP_1_idx` (`BUSINESS_ID`),
  KEY `fk_BUSINESS_STORE_MAP_2_idx` (`STORE_ID`),
  CONSTRAINT `fk_BUSINESS_STORE_MAP_1` FOREIGN KEY (`BUSINESS_ID`) REFERENCES `BUSINESS_DETAILS` (`BUSINESS_DETAIL_ID`),
  CONSTRAINT `fk_BUSINESS_STORE_MAP_2` FOREIGN KEY (`STORE_ID`) REFERENCES `STORE_DETAILS` (`STORE_ID`)
) ENGINE=InnoDB AUTO_INCREMENT=2 DEFAULT CHARSET=latin1;
/*!40101 SET character_set_client = @saved_cs_client */;

--
-- Dumping data for table `BUSINESS_STORE_MAP`
--

LOCK TABLES `BUSINESS_STORE_MAP` WRITE;
/*!40000 ALTER TABLE `BUSINESS_STORE_MAP` DISABLE KEYS */;
/*!40000 ALTER TABLE `BUSINESS_STORE_MAP` ENABLE KEYS */;
UNLOCK TABLES;

--
-- Table structure for table `BUSINESS_USER_MAP`
--

DROP TABLE IF EXISTS `BUSINESS_USER_MAP`;
/*!40101 SET @saved_cs_client     = @@character_set_client */;
/*!50503 SET character_set_client = utf8mb4 */;
CREATE TABLE `BUSINESS_USER_MAP` (
  `BUSINESS_USER_MAP_ID` int NOT NULL AUTO_INCREMENT,
  `BUSINESS_ID` int NOT NULL,
  `USER_ID` int NOT NULL,
  PRIMARY KEY (`BUSINESS_USER_MAP_ID`),
  KEY `fk_BUSINESS_USER_MAP_1_idx` (`BUSINESS_ID`),
  KEY `fk_BUSINESS_USER_MAP_2_idx` (`USER_ID`),
  CONSTRAINT `fk_BUSINESS_USER_MAP_1` FOREIGN KEY (`BUSINESS_ID`) REFERENCES `BUSINESS_DETAILS` (`BUSINESS_DETAIL_ID`),
  CONSTRAINT `fk_BUSINESS_USER_MAP_2` FOREIGN KEY (`USER_ID`) REFERENCES `APP_USER` (`USER_ID`)
) ENGINE=InnoDB AUTO_INCREMENT=156 DEFAULT CHARSET=latin1;
/*!40101 SET character_set_client = @saved_cs_client */;

--
-- Dumping data for table `BUSINESS_USER_MAP`
--

LOCK TABLES `BUSINESS_USER_MAP` WRITE;
/*!40000 ALTER TABLE `BUSINESS_USER_MAP` DISABLE KEYS */;
INSERT INTO `BUSINESS_USER_MAP` VALUES (141,9,149),(142,9,150),(143,9,151),(144,9,152),(145,9,153),(146,9,154),(147,9,155),(148,9,156),(149,9,157),(150,9,158),(151,9,159),(152,9,160),(153,9,161),(154,9,162),(155,9,163);
/*!40000 ALTER TABLE `BUSINESS_USER_MAP` ENABLE KEYS */;
UNLOCK TABLES;

--
-- Table structure for table `CAMPAIGN`
--

DROP TABLE IF EXISTS `CAMPAIGN`;
/*!40101 SET @saved_cs_client     = @@character_set_client */;
/*!50503 SET character_set_client = utf8mb4 */;
CREATE TABLE `CAMPAIGN` (
  `CAMPAIGN_ID` int NOT NULL AUTO_INCREMENT,
  `CREATION_DATE` datetime DEFAULT NULL,
  `SCHEDULE_ID` int DEFAULT NULL,
  `USER_ID` int DEFAULT NULL,
  `RULE_ID` int DEFAULT NULL,
  `LIST_ID` int DEFAULT NULL,
  `TEMPLATE_ID` int DEFAULT NULL,
  `CAMPAIGN_NAME` varchar(45) NOT NULL,
  `STATE` int NOT NULL,
  `FOLLOWUP_SCHEDULE_ID` int DEFAULT NULL,
  `COMMUNICATION_TYPE` int DEFAULT NULL,
  `COMMUNICATION_DATA_ID` int DEFAULT NULL,
  `CAMPAIGN_TYPE` int NOT NULL DEFAULT '1',
  `STOP_CAMPAIGN_RULE_ID` int DEFAULT NULL,
  `IS_DELETED` tinyint(1) NOT NULL DEFAULT '0',
  `IS_STATIC` tinyint(1) NOT NULL DEFAULT '0',
  `BUSINESS_HIERARCHY_ID` int DEFAULT NULL,
  PRIMARY KEY (`CAMPAIGN_ID`),
  KEY `FK_2r8alfb1du82g91nwta1rk06h` (`USER_ID`),
  KEY `FK_od9425sqtb3j8muhpgfwftn3y` (`RULE_ID`),
  KEY `FK_9shqq7lclx6k5094nq0sdlpsn` (`LIST_ID`),
  KEY `FK_5uqds3pet9tdy4ydntgv9dal0` (`TEMPLATE_ID`),
  KEY `FK_CAMPAIGN_SCHEDULAR_1_idx` (`SCHEDULE_ID`),
  KEY `FK_nhxy07a1ui65y0q70nf3tdboa` (`FOLLOWUP_SCHEDULE_ID`),
  KEY `fk_CAMPAIGN_SUB_META_DATA_idx` (`COMMUNICATION_DATA_ID`),
  KEY `FK_MetaId_communicaationId_1_idx` (`COMMUNICATION_DATA_ID`),
  KEY `BUSINESS_HIERARCHY_ID` (`BUSINESS_HIERARCHY_ID`),
  CONSTRAINT `CAMPAIGN_ibfk_1` FOREIGN KEY (`BUSINESS_HIERARCHY_ID`) REFERENCES `BUSINESS_HIERARCHY` (`BUSINESS_HIERARCHY_ID`),
  CONSTRAINT `FK_2r8alfb1du82g91nwta1rk06h` FOREIGN KEY (`USER_ID`) REFERENCES `APP_USER` (`USER_ID`),
  CONSTRAINT `FK_5uqds3pet9tdy4ydntgv9dal0` FOREIGN KEY (`TEMPLATE_ID`) REFERENCES `TEMPLATE` (`TEMPLATE_ID`),
  CONSTRAINT `FK_9shqq7lclx6k5094nq0sdlpsn` FOREIGN KEY (`LIST_ID`) REFERENCES `SUB_LIST` (`LIST_ID`),
  CONSTRAINT `FK_CAMPAIGN_SCHEDULAR_1` FOREIGN KEY (`SCHEDULE_ID`) REFERENCES `SCHEDULAR` (`SCHEDULAR_ID`),
  CONSTRAINT `FK_MetaId_communicaationId_1` FOREIGN KEY (`COMMUNICATION_DATA_ID`) REFERENCES `SUB_FILE_META_DATA` (`META_ID`),
  CONSTRAINT `FK_nhxy07a1ui65y0q70nf3tdboa` FOREIGN KEY (`FOLLOWUP_SCHEDULE_ID`) REFERENCES `SCHEDULAR` (`SCHEDULAR_ID`),
  CONSTRAINT `FK_od9425sqtb3j8muhpgfwftn3y` FOREIGN KEY (`RULE_ID`) REFERENCES `RULE_MASTER` (`RULE_MASTER_ID`)
) ENGINE=InnoDB AUTO_INCREMENT=655 DEFAULT CHARSET=latin1;
/*!40101 SET character_set_client = @saved_cs_client */;

--
-- Dumping data for table `CAMPAIGN`
--

LOCK TABLES `CAMPAIGN` WRITE;
/*!40000 ALTER TABLE `CAMPAIGN` DISABLE KEYS */;
INSERT INTO `CAMPAIGN` VALUES (654,'2024-01-05 00:21:17',NULL,149,NULL,85,454,'hy97',400,NULL,1,2179,1,NULL,0,1,23);
/*!40000 ALTER TABLE `CAMPAIGN` ENABLE KEYS */;
UNLOCK TABLES;

--
-- Table structure for table `CAMPAIGN_TEMPLATE_MAP`
--

DROP TABLE IF EXISTS `CAMPAIGN_TEMPLATE_MAP`;
/*!40101 SET @saved_cs_client     = @@character_set_client */;
/*!50503 SET character_set_client = utf8mb4 */;
CREATE TABLE `CAMPAIGN_TEMPLATE_MAP` (
  `ID` int NOT NULL AUTO_INCREMENT,
  `CAMPAIGN_ID` int DEFAULT NULL,
  `TEMPLATE_ID` int DEFAULT NULL,
  PRIMARY KEY (`ID`),
  KEY `forin_key1_idx` (`CAMPAIGN_ID`),
  KEY `forin_key2_idx` (`TEMPLATE_ID`),
  CONSTRAINT `forin_key1` FOREIGN KEY (`CAMPAIGN_ID`) REFERENCES `CAMPAIGN` (`CAMPAIGN_ID`),
  CONSTRAINT `forin_key2` FOREIGN KEY (`TEMPLATE_ID`) REFERENCES `TEMPLATE` (`TEMPLATE_ID`)
) ENGINE=InnoDB DEFAULT CHARSET=latin1;
/*!40101 SET character_set_client = @saved_cs_client */;

--
-- Dumping data for table `CAMPAIGN_TEMPLATE_MAP`
--

LOCK TABLES `CAMPAIGN_TEMPLATE_MAP` WRITE;
/*!40000 ALTER TABLE `CAMPAIGN_TEMPLATE_MAP` DISABLE KEYS */;
/*!40000 ALTER TABLE `CAMPAIGN_TEMPLATE_MAP` ENABLE KEYS */;
UNLOCK TABLES;

--
-- Table structure for table `CATEGORY`
--

DROP TABLE IF EXISTS `CATEGORY`;
/*!40101 SET @saved_cs_client     = @@character_set_client */;
/*!50503 SET character_set_client = utf8mb4 */;
CREATE TABLE `CATEGORY` (
  `CATEGORY_ID` int NOT NULL AUTO_INCREMENT,
  `CATEGORY_NAME` varchar(200) NOT NULL,
  `DESCRIPTION` varchar(200) DEFAULT NULL,
  `STORE_ID` int DEFAULT NULL,
  `IS_DELETED` tinyint(1) NOT NULL DEFAULT '0',
  PRIMARY KEY (`CATEGORY_ID`),
  KEY `business_category_idx` (`STORE_ID`),
  CONSTRAINT `BUSINESS_CATAGORY` FOREIGN KEY (`STORE_ID`) REFERENCES `STORE_DETAILS` (`STORE_ID`)
) ENGINE=InnoDB DEFAULT CHARSET=latin1;
/*!40101 SET character_set_client = @saved_cs_client */;

--
-- Dumping data for table `CATEGORY`
--

LOCK TABLES `CATEGORY` WRITE;
/*!40000 ALTER TABLE `CATEGORY` DISABLE KEYS */;
/*!40000 ALTER TABLE `CATEGORY` ENABLE KEYS */;
UNLOCK TABLES;

--
-- Table structure for table `CATEGORY_SUBCATEGORY_MAP`
--

DROP TABLE IF EXISTS `CATEGORY_SUBCATEGORY_MAP`;
/*!40101 SET @saved_cs_client     = @@character_set_client */;
/*!50503 SET character_set_client = utf8mb4 */;
CREATE TABLE `CATEGORY_SUBCATEGORY_MAP` (
  `ID` int NOT NULL AUTO_INCREMENT,
  `CATEGORY_ID` int NOT NULL,
  `SUB_CATEGORY_ID` int NOT NULL,
  `IS_DELETED` tinyint(1) NOT NULL DEFAULT '0',
  PRIMARY KEY (`ID`),
  KEY `catForiengkey_idx` (`CATEGORY_ID`),
  KEY `subCatforiengkey_idx` (`SUB_CATEGORY_ID`),
  CONSTRAINT `catForiengkey` FOREIGN KEY (`CATEGORY_ID`) REFERENCES `CATEGORY` (`CATEGORY_ID`),
  CONSTRAINT `subCatforiengkey` FOREIGN KEY (`SUB_CATEGORY_ID`) REFERENCES `SUB_CATEGORY` (`SUB_CATEGORY_ID`)
) ENGINE=InnoDB DEFAULT CHARSET=latin1;
/*!40101 SET character_set_client = @saved_cs_client */;

--
-- Dumping data for table `CATEGORY_SUBCATEGORY_MAP`
--

LOCK TABLES `CATEGORY_SUBCATEGORY_MAP` WRITE;
/*!40000 ALTER TABLE `CATEGORY_SUBCATEGORY_MAP` DISABLE KEYS */;
/*!40000 ALTER TABLE `CATEGORY_SUBCATEGORY_MAP` ENABLE KEYS */;
UNLOCK TABLES;

--
-- Table structure for table `COLUMN_CONDITION`
--

DROP TABLE IF EXISTS `COLUMN_CONDITION`;
/*!40101 SET @saved_cs_client     = @@character_set_client */;
/*!50503 SET character_set_client = utf8mb4 */;
CREATE TABLE `COLUMN_CONDITION` (
  `COLUMN_CONDITION_ID` int NOT NULL,
  `COLUMN_CONDITION_NAME` varchar(45) NOT NULL,
  `COLUMN_CONDITION_TYPE` varchar(45) NOT NULL,
  `COLUMN_TYPE_ID` int NOT NULL,
  `COLUMN_VALUE_TYPE` int NOT NULL DEFAULT '0' COMMENT '0 - Real value\n1 - calculate value',
  `IS_ACTION` tinyint(1) NOT NULL DEFAULT '0',
  PRIMARY KEY (`COLUMN_CONDITION_ID`),
  KEY `FK_lvrql9666f4h0ep97ycyjkwss` (`COLUMN_TYPE_ID`),
  CONSTRAINT `FK_lvrql9666f4h0ep97ycyjkwss` FOREIGN KEY (`COLUMN_TYPE_ID`) REFERENCES `COLUMN_TYPE` (`COLUMN_TYPE_ID`)
) ENGINE=InnoDB DEFAULT CHARSET=latin1;
/*!40101 SET character_set_client = @saved_cs_client */;

--
-- Dumping data for table `COLUMN_CONDITION`
--

LOCK TABLES `COLUMN_CONDITION` WRITE;
/*!40000 ALTER TABLE `COLUMN_CONDITION` DISABLE KEYS */;
INSERT INTO `COLUMN_CONDITION` VALUES (1,'equals','Text',1,0,0),(2,'startsWith','Text',1,0,0),(3,'endsWith','Text',1,0,0),(4,'equals','Text',2,0,0),(5,'greaterThan','Text',2,0,0),(6,'lessThan','Text',2,0,0),(7,'equals','Text',3,0,0),(9,'equals','Datetime',5,0,0),(10,'greaterThan','Datetime',5,0,0),(11,'lessThan','Datetime',5,0,0),(12,'isToday','Date',5,1,0),(13,'isTomorrow','Date',5,1,0),(14,'equals','Text',6,0,0),(15,'notEquals','Text',6,0,0),(16,'equals','Text',8,0,0),(17,'notEquals','Text',8,0,0),(18,'greaterThan','Datetime',5,2,0),(19,'lessThan','Datetime',5,2,0),(20,'equals','Date',9,0,0),(21,'greaterThan','Date',9,0,0),(22,'lessThan','Date',9,0,0),(23,'isToday','Date',9,1,0),(24,'equals','Datetime',10,0,0),(25,'greaterThan','Datetime',10,0,0),(26,'lessThan','Datetime',10,0,0),(27,'isToday','Date',10,1,0),(28,'equals','Datetime',11,0,0),(29,'greaterThan','Datetime',11,0,0),(30,'lessThan','Datetime',11,0,0),(31,'isToday','Date',11,1,0),(32,'isTomorrow','Date',11,1,0),(33,'equals','Text',12,0,0),(34,'notEquals','Text',12,0,0),(35,'equals','text',14,0,0),(36,'notEquals','text',14,0,0),(37,'equals','Date',15,0,0),(38,'greaterThan','Date',15,0,0),(39,'lessThan','Date',15,0,0),(40,'isBirthDayToday','Date',15,1,0),(41,'equals','Currency-Text',16,1,0),(42,'greaterThan','Currency-Text',16,1,0),(43,'lessThan','Currency-Text',16,1,0),(44,'equals','Text',19,0,0),(45,'startsWith','Text',19,0,0),(46,'endsWith','Text',19,0,0),(47,'equals','Text',20,0,0),(48,'startsWith','Text',20,0,0),(49,'endsWith','Text',20,0,0),(50,'equals','Text',26,0,0),(51,'startsWith','Text',26,0,0),(52,'endsWith','Text',26,0,0),(53,'equals','Text',25,0,0),(54,'greaterThan','Text',25,0,0),(55,'lessThan','Text',25,0,0),(56,'equals','Text',24,0,0),(57,'startsWith','Text',24,0,0),(58,'endsWith','Text',24,0,0),(59,'startsWith','Text',3,0,0),(60,'endsWith','Text',3,0,0),(61,'equals','Text',7,0,0),(62,'startsWith','Text',7,0,0),(63,'endsWith','Text',7,0,0),(64,'IN','ARRAY',27,0,0),(65,'NOT IN','ARRAY',27,0,0),(66,'IN','ARRAY',28,0,0),(67,'NOT IN','ARRAY',28,0,0),(68,'IN','ARRAY',29,0,0),(69,'NOT IN','ARRAY',29,0,0),(70,'IN','ARRAY',30,0,0),(71,'NOT IN','ARRAY',30,0,0);
/*!40000 ALTER TABLE `COLUMN_CONDITION` ENABLE KEYS */;
UNLOCK TABLES;

--
-- Table structure for table `COLUMN_TYPE`
--

DROP TABLE IF EXISTS `COLUMN_TYPE`;
/*!40101 SET @saved_cs_client     = @@character_set_client */;
/*!50503 SET character_set_client = utf8mb4 */;
CREATE TABLE `COLUMN_TYPE` (
  `COLUMN_TYPE_ID` int NOT NULL,
  `COLUMN_TYPE_NAME` varchar(45) NOT NULL,
  `COLUMN_TYPE_REGEX` varchar(250) NOT NULL,
  `CREATION_DATE` datetime NOT NULL,
  `DEFAULT_DATA_FORMAT` varchar(45) DEFAULT NULL,
  `IS_AVAILABLE` tinyint NOT NULL DEFAULT '0',
  `ALIAS` varchar(50) DEFAULT NULL,
  PRIMARY KEY (`COLUMN_TYPE_ID`)
) ENGINE=InnoDB DEFAULT CHARSET=latin1;
/*!40101 SET character_set_client = @saved_cs_client */;

--
-- Dumping data for table `COLUMN_TYPE`
--

LOCK TABLES `COLUMN_TYPE` WRITE;
/*!40000 ALTER TABLE `COLUMN_TYPE` DISABLE KEYS */;
INSERT INTO `COLUMN_TYPE` VALUES (1,'Text','[A-Za-z0-9 @()_#-.:;\'/]*','2020-08-07 08:40:55',NULL,1,'Text'),(2,'Number','\\d*\\.?\\d*','2020-08-07 08:40:55',NULL,1,'Number'),(3,'Email','^(([^<>()\\[\\]\\.,;#!$?%^&}\\\'{*:\\s@\\\"\\/]+(\\.[^<>()\\[\\]\\.,;:!#$%^&*\\/)(|}\\\'{?\\s@\\\"]+)*)|(\\\".+\\\"))@((\\[[0-9]{1,3}\\.[0-9]{1,3}\\.[0-9]{1,3}\\.[0-9]{1,3}])|(([a-zA-Z\\-0-9]+\\.)+[a-zA-Z]{2,}))$','2020-08-07 08:40:55',NULL,0,'Email'),(5,'Date','^d{1,2}/d{1,2}/d{4}$','2020-08-07 08:40:55','MM/dd/yyyy',1,'Date'),(6,'IsUnsubscribed','^(yes|no)$','2020-08-07 08:40:55',NULL,0,'IsUnsubscribed'),(7,'Reference','','2020-08-07 08:40:55',NULL,0,'Reference'),(8,'PhoneNumber','^[+]*[(]{0,1}[0-9]{1,4}[)]{0,1}[-\\s\\.0-9]*$','2020-08-07 08:40:55',NULL,1,'Phone Number'),(9,'Date (Past)','^d{1,2}/d{1,2}/d{4}$','2020-08-07 08:40:55','MM/dd/yyyy',0,'Date (Past)'),(10,'Date Time (Past)','^d{1,2}/d{1,2}/d{4}$','2020-08-07 08:40:55','MM/dd/yyyy HH:mm:ss',0,'Date Time (Past)'),(11,'Date Time','^d{1,2}/d{1,2}/d{4}$','2020-08-07 08:40:55','MM/dd/yyyy HH:mm:ss',1,'Date Time'),(12,'IsBoolean','^(yes|no)$','2020-08-07 08:40:55',NULL,0,'IsBoolean'),(13,'CharArray','[A-Za-z0-9 ()_#-.\'/]*','2017-07-28 13:52:43',NULL,0,'Char Array'),(14,'AppointmentStatus','^(New|Arrived|Paid|Confirmed|Left_Message|No_Answer)$','2020-08-07 08:40:55',NULL,0,'Appointment Status'),(15,'DateOfBirth','^d{1,2}/d{1,2}/d{4}$','2017-12-05 12:19:28','MM/dd/yyyy',0,'Date Of Birth'),(16,'Currency','[A-Za-z0-9 ()_#-.\'/]*','2020-08-07 08:40:55',NULL,0,'Currency'),(17,'ObjArray','TEST','2020-03-11 10:43:03',NULL,0,'Obj Array'),(18,'Image','','2020-03-11 10:43:03',NULL,0,'Image'),(19,'ContactType','','2020-03-11 10:43:03',NULL,0,'Contact Type'),(20,'AccountType','','2020-03-11 10:43:03',NULL,0,'Account Type'),(21,'AccountTypeArray','','2020-03-11 10:43:03',NULL,0,'Account Type Array'),(22,'ContactTypeArray','','2020-03-11 10:43:03',NULL,0,'Contact Type Array'),(23,'CampaignTypeArray','','2020-03-11 10:43:03',NULL,0,'Campaign Type Array'),(24,'Secondary Email','^(([^<>()\\[\\]\\.,;#!$?%^&}\\\'{*:\\s@\\\"\\/]+(\\.[^<>()\\[\\]\\.,;:!#$%^&*\\/)(|}\\\'{?\\s@\\\"]+)*)|(\\\".+\\\"))@((\\[[0-9]{1,3}\\.[0-9]{1,3}\\.[0-9]{1,3}\\.[0-9]{1,3}])|(([a-zA-Z\\-0-9]+\\.)+[a-zA-Z]{2,}))$','2020-03-11 10:43:03',NULL,0,'Secondary Email'),(25,'CurrencyValue','\\d*\\.?\\d*','2020-08-07 08:40:55',NULL,0,'Currency Value'),(26,'ResourceId','','2020-03-11 10:43:03',NULL,0,'Resource Id'),(27,'DropDown','','2021-01-20 10:43:03',NULL,1,'Dropdown'),(28,'AutoComplete','','2021-01-20 10:43:03',NULL,1,'Autocomplete'),(29,'Radio','','2021-01-20 10:43:03',NULL,1,'Radio'),(30,'Multiselect','','2022-08-29 15:11:00',NULL,1,'Multiselect');
/*!40000 ALTER TABLE `COLUMN_TYPE` ENABLE KEYS */;
UNLOCK TABLES;

--
-- Table structure for table `COMMUNICATION_PARAMETER`
--

DROP TABLE IF EXISTS `COMMUNICATION_PARAMETER`;
/*!40101 SET @saved_cs_client     = @@character_set_client */;
/*!50503 SET character_set_client = utf8mb4 */;
CREATE TABLE `COMMUNICATION_PARAMETER` (
  `PARAMETER_ID` int NOT NULL AUTO_INCREMENT,
  `MAIL_SERVER_NAME` varchar(45) NOT NULL,
  `PROPERTY_KEY` int NOT NULL,
  `PROPERTY_NAME` varchar(45) NOT NULL,
  `STATUS` tinyint(1) DEFAULT '1',
  PRIMARY KEY (`PARAMETER_ID`),
  KEY `fk_MAIL_SERVER_PARAMETER_1_idx` (`PROPERTY_KEY`),
  CONSTRAINT `fk_COMMUNICATION_PARAMETER_1` FOREIGN KEY (`PROPERTY_KEY`) REFERENCES `COMMUNICATION_PROPERTIES` (`PROPERTY_KEY`)
) ENGINE=InnoDB AUTO_INCREMENT=64 DEFAULT CHARSET=latin1;
/*!40101 SET character_set_client = @saved_cs_client */;

--
-- Dumping data for table `COMMUNICATION_PARAMETER`
--

LOCK TABLES `COMMUNICATION_PARAMETER` WRITE;
/*!40000 ALTER TABLE `COMMUNICATION_PARAMETER` DISABLE KEYS */;
INSERT INTO `COMMUNICATION_PARAMETER` VALUES (1,'mailgun',5,'opened',1),(2,'mailgun',4,'delivered',1),(3,'mailgun',3,'accepted',1),(4,'mailgun',1,'sent',1),(5,'mailgun',2,'unsent',1),(6,'mailjet',9,'Blocked',1),(7,'mailjet',8,'Bounce',1),(8,'mailjet',6,'Click',1),(9,'mailjet',5,'Open',1),(10,'mailjet',10,'Queued',1),(11,'mailjet',1,'Sent',1),(12,'mailjet',11,'Spam',1),(13,'mailjet',12,'Unsub',1),(14,'postmarkapp',4,'Delivered',1),(15,'postmarkapp',8,'Bounced',1),(16,'postmarkapp',14,'Transient',1),(17,'postmarkapp',5,'Opened',1),(18,'postmarkapp',1,'Sent',1),(19,'sendinblue',4,'delivery',1),(20,'sendinblue',1,'requests',1),(21,'sendinblue',5,'views',1),(22,'sendinblue',8,'bounces',1),(23,'sendinblue',9,'blocks',1),(24,'sendinblue',11,'spam',1),(25,'sendinblue',6,'clicks',1),(26,'sendinblue',2,'invalid',1),(27,'sendgrid',9,'blocks',1),(28,'sendgrid',8,'bounces',1),(29,'sendgrid',6,'unique_clicks',1),(30,'sendgrid',4,'delivered',1),(31,'sendgrid',1,'requests',1),(32,'sendgrid',11,'spam_reports',1),(33,'sendgrid',12,'unsubscribes',1),(34,'sendgrid',7,'invalid_emails',1),(35,'sendgrid',5,'unique_opens',1),(36,'sendgrid',7,'dropped',1),(37,'twilio',3,'accepted',1),(38,'twilio',10,'queued',1),(39,'twilio',1,'sent',1),(40,'twilio',4,'delivered',1),(41,'twilio',16,'failed',1),(42,'twilio',15,'undelivered',1),(43,'nexmo',4,'delivered',1),(44,'nexmo',17,'expired',1),(45,'nexmo',16,'failed',1),(46,'nexmo',9,'rejected',1),(47,'nexmo',3,'accepted',1),(48,'nexmo',10,'buffered',1),(49,'nexmo',2,'unknown',1),(50,'textLocal',4,'D',1),(51,'textLocal',15,'U',1),(52,'textLocal',10,'P',1),(53,'textLocal',13,'I',1),(54,'textLocal',17,'E',1),(55,'textLocal',9,'B',1),(56,'bulksms',14,'0',1),(57,'bulksms',4,'11',1),(58,'bulksms',9,'32',1),(59,'bulksms',2,'29',1),(60,'bulksms',16,'33',1),(61,'bulksms',17,'53',1),(62,'bulksms',10,'63',1),(63,'bulksms',15,'70',1);
/*!40000 ALTER TABLE `COMMUNICATION_PARAMETER` ENABLE KEYS */;
UNLOCK TABLES;

--
-- Table structure for table `COMMUNICATION_PROPERTIES`
--

DROP TABLE IF EXISTS `COMMUNICATION_PROPERTIES`;
/*!40101 SET @saved_cs_client     = @@character_set_client */;
/*!50503 SET character_set_client = utf8mb4 */;
CREATE TABLE `COMMUNICATION_PROPERTIES` (
  `PROPERTY_KEY` int NOT NULL AUTO_INCREMENT,
  `PROPERTY_NAME` varchar(45) NOT NULL,
  `PROPERTY_ORDER` int DEFAULT NULL,
  `PROPERTY_STATUS` tinyint(1) DEFAULT '0',
  `DISPLAY_NAME` varchar(45) DEFAULT NULL,
  PRIMARY KEY (`PROPERTY_KEY`)
) ENGINE=InnoDB AUTO_INCREMENT=19 DEFAULT CHARSET=latin1;
/*!40101 SET character_set_client = @saved_cs_client */;

--
-- Dumping data for table `COMMUNICATION_PROPERTIES`
--

LOCK TABLES `COMMUNICATION_PROPERTIES` WRITE;
/*!40000 ALTER TABLE `COMMUNICATION_PROPERTIES` DISABLE KEYS */;
INSERT INTO `COMMUNICATION_PROPERTIES` VALUES (1,'sending',50,1,'Sent'),(2,'unsent',20,1,'Unsent'),(3,'accepted',40,1,'Accepted'),(4,'delivered',60,1,'Delivered'),(5,'opened',120,1,'Opened'),(6,'clicked',110,1,'Clicked'),(7,'dropped',70,1,'Dropped'),(8,'bounces',80,1,'Bounces'),(9,'blocked',90,1,'Blocked'),(10,'queued',30,1,'Queued'),(11,'spam',100,1,'Spam'),(12,'unsubscribed',130,1,'Unsubscribed'),(13,'invalidemails',10,1,'Invalid Emails'),(14,'transient',0,1,'Transient'),(15,'undelivered',64,1,'Undelivered'),(16,'failed',65,1,'Failed'),(17,'expired',140,1,'Expired'),(18,'notsent',150,1,'Not Sent');
/*!40000 ALTER TABLE `COMMUNICATION_PROPERTIES` ENABLE KEYS */;
UNLOCK TABLES;

--
-- Table structure for table `COMMUNICATION_SETTING`
--

DROP TABLE IF EXISTS `COMMUNICATION_SETTING`;
/*!40101 SET @saved_cs_client     = @@character_set_client */;
/*!50503 SET character_set_client = utf8mb4 */;
CREATE TABLE `COMMUNICATION_SETTING` (
  `COMM_SETTING_ID` int NOT NULL AUTO_INCREMENT,
  `HOST_ADDRESS` varchar(200) DEFAULT NULL,
  `PASSWORD` varchar(45) NOT NULL,
  `PORT_NUMBER` int DEFAULT '0',
  `USER_NAME` varchar(200) DEFAULT NULL,
  `USER_ID` int NOT NULL,
  `FROM_ADDRESS` varchar(45) NOT NULL,
  `REPLY_TO` varchar(45) DEFAULT NULL,
  `MAIL_SERVER_NAME` varchar(200) NOT NULL,
  `IS_DELETED` tinyint(1) NOT NULL DEFAULT '0',
  `COMMUNICATION_TYPE` int NOT NULL COMMENT 'Type Of Communication(ex: Sms,Email etc)',
  `ALLOWED_CHARACTER` varchar(45) DEFAULT NULL,
  `CAPABILITY_TOKEN` varchar(150) DEFAULT NULL,
  PRIMARY KEY (`COMM_SETTING_ID`),
  KEY `FK_qxi9x4lc7iaayg8yywcnfeho4` (`USER_ID`),
  CONSTRAINT `FK_qxi9x4lc7iaayg8yywcnfeho4` FOREIGN KEY (`USER_ID`) REFERENCES `APP_USER` (`USER_ID`)
) ENGINE=InnoDB AUTO_INCREMENT=28 DEFAULT CHARSET=latin1;
/*!40101 SET character_set_client = @saved_cs_client */;

--
-- Dumping data for table `COMMUNICATION_SETTING`
--

LOCK TABLES `COMMUNICATION_SETTING` WRITE;
/*!40000 ALTER TABLE `COMMUNICATION_SETTING` DISABLE KEYS */;
INSERT INTO `COMMUNICATION_SETTING` VALUES (25,'smtp.sendgrid.net','admin@123',0,'PTC',4,'praveen.Kumaran@flokilabs.com',NULL,'SendGrid',0,1,NULL,'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'),(26,'https://www.twilio.com/','admin@123',0,'PTC',4,'8825578116',NULL,'Twilio',0,2,'160',NULL),(27,'https://www.twilio.com/','admin@123',0,'PTC',4,'8825578116',NULL,'Twilio',0,3,NULL,'https://redwood-lemur-7862.twil.io/capability-token');
/*!40000 ALTER TABLE `COMMUNICATION_SETTING` ENABLE KEYS */;
UNLOCK TABLES;

--
-- Table structure for table `COMMUNICATION_STATUS`
--

DROP TABLE IF EXISTS `COMMUNICATION_STATUS`;
/*!40101 SET @saved_cs_client     = @@character_set_client */;
/*!50503 SET character_set_client = utf8mb4 */;
CREATE TABLE `COMMUNICATION_STATUS` (
  `COM_STATUS_ID` int NOT NULL AUTO_INCREMENT,
  `DELIEVERED` int DEFAULT NULL,
  `FAILED_WHILE_SENT` int DEFAULT NULL,
  `JOB_RUNTIME` datetime DEFAULT NULL,
  `SENT` int DEFAULT NULL,
  `UNSENT` int DEFAULT NULL,
  `CAMPAIGN_ID` int NOT NULL,
  PRIMARY KEY (`COM_STATUS_ID`),
  KEY `FK_npq9ojpe6xgyisa7q40ov360v` (`CAMPAIGN_ID`),
  CONSTRAINT `FK_npq9ojpe6xgyisa7q40ov360v` FOREIGN KEY (`CAMPAIGN_ID`) REFERENCES `CAMPAIGN` (`CAMPAIGN_ID`)
) ENGINE=InnoDB DEFAULT CHARSET=latin1;
/*!40101 SET character_set_client = @saved_cs_client */;

--
-- Dumping data for table `COMMUNICATION_STATUS`
--

LOCK TABLES `COMMUNICATION_STATUS` WRITE;
/*!40000 ALTER TABLE `COMMUNICATION_STATUS` DISABLE KEYS */;
/*!40000 ALTER TABLE `COMMUNICATION_STATUS` ENABLE KEYS */;
UNLOCK TABLES;

--
-- Table structure for table `CONTACT_ROLE`
--

DROP TABLE IF EXISTS `CONTACT_ROLE`;
/*!40101 SET @saved_cs_client     = @@character_set_client */;
/*!50503 SET character_set_client = utf8mb4 */;
CREATE TABLE `CONTACT_ROLE` (
  `ROLE_ID` int NOT NULL AUTO_INCREMENT,
  `ROLE` varchar(100) NOT NULL,
  PRIMARY KEY (`ROLE_ID`)
) ENGINE=InnoDB AUTO_INCREMENT=6 DEFAULT CHARSET=latin1;
/*!40101 SET character_set_client = @saved_cs_client */;

--
-- Dumping data for table `CONTACT_ROLE`
--

LOCK TABLES `CONTACT_ROLE` WRITE;
/*!40000 ALTER TABLE `CONTACT_ROLE` DISABLE KEYS */;
INSERT INTO `CONTACT_ROLE` VALUES (1,'Developer/Evaluator'),(2,'Decision Maker'),(3,'Purchasing'),(4,'Executive Sponsor'),(5,'Engineering Lead');
/*!40000 ALTER TABLE `CONTACT_ROLE` ENABLE KEYS */;
UNLOCK TABLES;

--
-- Table structure for table `DATA_FILTER_MAP`
--

DROP TABLE IF EXISTS `DATA_FILTER_MAP`;
/*!40101 SET @saved_cs_client     = @@character_set_client */;
/*!50503 SET character_set_client = utf8mb4 */;
CREATE TABLE `DATA_FILTER_MAP` (
  `FILTER_ID` int NOT NULL AUTO_INCREMENT,
  `ROLE_ID` int NOT NULL,
  `DROPDOWN_ID` int NOT NULL,
  `DATA_FILTER_CONDITION` varchar(45) NOT NULL,
  `MAPPED_IDS` varchar(45) NOT NULL,
  `IS_DELETED` tinyint(1) DEFAULT '0',
  `INDEX_S` int NOT NULL,
  PRIMARY KEY (`FILTER_ID`)
) ENGINE=InnoDB AUTO_INCREMENT=16 DEFAULT CHARSET=latin1;
/*!40101 SET character_set_client = @saved_cs_client */;

--
-- Dumping data for table `DATA_FILTER_MAP`
--

LOCK TABLES `DATA_FILTER_MAP` WRITE;
/*!40000 ALTER TABLE `DATA_FILTER_MAP` DISABLE KEYS */;
INSERT INTO `DATA_FILTER_MAP` VALUES (1,4,3,'NOT IN','37',1,0),(2,6,10,'IN','107,116,104',1,0),(3,6,17,'NOT IN','155',1,1),(4,9,10,'IN','107,116,105',0,0),(5,9,17,'NOT IN','156',0,1),(6,88,10,'IN','107,116',0,0),(7,88,17,'NOT IN','156,407',0,1),(8,4,64,'IN','309',1,0),(9,85,10,'IN','107',0,0),(10,89,10,'IN','107',1,0),(11,89,24,'NOT IN','192',1,1),(12,89,17,'IN','158',1,0),(13,89,59,'IN','296',1,1),(14,89,76,'IN','333',1,0),(15,89,3,'IN','40',1,0);
/*!40000 ALTER TABLE `DATA_FILTER_MAP` ENABLE KEYS */;
UNLOCK TABLES;

--
-- Table structure for table `DRIP_SCHEDULE_TEMPLATE`
--

DROP TABLE IF EXISTS `DRIP_SCHEDULE_TEMPLATE`;
/*!40101 SET @saved_cs_client     = @@character_set_client */;
/*!50503 SET character_set_client = utf8mb4 */;
CREATE TABLE `DRIP_SCHEDULE_TEMPLATE` (
  `DRIP_ID` int NOT NULL AUTO_INCREMENT,
  `NAME` varchar(55) NOT NULL,
  `CAMPAIGN_ID` int NOT NULL,
  `TEMPLATE_ID` int NOT NULL,
  `SCHEDULE_ID` int NOT NULL,
  `FOLLOWUP_SCHEDULE_ID` int DEFAULT NULL,
  `SCHEDULE_TYPE` int NOT NULL,
  `SCHEDULE_VALUE` int NOT NULL,
  `SEQUENCE_ID` int NOT NULL,
  `STATUS` int NOT NULL,
  `IS_DELETED` tinyint(1) NOT NULL DEFAULT '0',
  `RULE_ID` int DEFAULT NULL,
  PRIMARY KEY (`DRIP_ID`),
  KEY `FK_drip_template_campaign_id` (`CAMPAIGN_ID`),
  KEY `FK_drip_template_id` (`TEMPLATE_ID`),
  KEY `FK_drip_template_schedular_id` (`SCHEDULE_ID`),
  KEY `FK_drip_template_followup_schedular_id` (`FOLLOWUP_SCHEDULE_ID`),
  KEY `fk_DSTRuleMaster` (`RULE_ID`),
  CONSTRAINT `fk_ DSTRuleMaster` FOREIGN KEY (`RULE_ID`) REFERENCES `RULE_MASTER` (`RULE_MASTER_ID`),
  CONSTRAINT `FK_drip_template_campaign_id` FOREIGN KEY (`CAMPAIGN_ID`) REFERENCES `CAMPAIGN` (`CAMPAIGN_ID`),
  CONSTRAINT `FK_drip_template_followup_schedular_id` FOREIGN KEY (`FOLLOWUP_SCHEDULE_ID`) REFERENCES `SCHEDULAR` (`SCHEDULAR_ID`),
  CONSTRAINT `FK_drip_template_id` FOREIGN KEY (`TEMPLATE_ID`) REFERENCES `TEMPLATE` (`TEMPLATE_ID`),
  CONSTRAINT `FK_drip_template_schedular_id` FOREIGN KEY (`SCHEDULE_ID`) REFERENCES `SCHEDULAR` (`SCHEDULAR_ID`)
) ENGINE=InnoDB AUTO_INCREMENT=33 DEFAULT CHARSET=latin1;
/*!40101 SET character_set_client = @saved_cs_client */;

--
-- Dumping data for table `DRIP_SCHEDULE_TEMPLATE`
--

LOCK TABLES `DRIP_SCHEDULE_TEMPLATE` WRITE;
/*!40000 ALTER TABLE `DRIP_SCHEDULE_TEMPLATE` DISABLE KEYS */;
/*!40000 ALTER TABLE `DRIP_SCHEDULE_TEMPLATE` ENABLE KEYS */;
UNLOCK TABLES;

--
-- Table structure for table `DYNAMIC_IMAGE_MASTER`
--

DROP TABLE IF EXISTS `DYNAMIC_IMAGE_MASTER`;
/*!40101 SET @saved_cs_client     = @@character_set_client */;
/*!50503 SET character_set_client = utf8mb4 */;
CREATE TABLE `DYNAMIC_IMAGE_MASTER` (
  `ID` int NOT NULL AUTO_INCREMENT,
  `NAME` varchar(150) NOT NULL,
  `LIST_ID` int NOT NULL,
  `USER_ID` int NOT NULL,
  `IS_ACTIVE` tinyint(1) NOT NULL DEFAULT '1',
  `BUSINESS_HIERARCHY_ID` int DEFAULT NULL,
  PRIMARY KEY (`ID`),
  KEY `fk_dimSubList` (`LIST_ID`),
  KEY `fk_user_id_idx` (`USER_ID`),
  KEY `fk_dimgmstr_BHeirarchy_idx` (`BUSINESS_HIERARCHY_ID`),
  CONSTRAINT `fk_dimgmstr_BHeirarchy` FOREIGN KEY (`BUSINESS_HIERARCHY_ID`) REFERENCES `BUSINESS_HIERARCHY` (`BUSINESS_HIERARCHY_ID`),
  CONSTRAINT `fk_dimSubList` FOREIGN KEY (`LIST_ID`) REFERENCES `SUB_LIST` (`LIST_ID`),
  CONSTRAINT `fk_user_id` FOREIGN KEY (`USER_ID`) REFERENCES `APP_USER` (`USER_ID`)
) ENGINE=InnoDB AUTO_INCREMENT=15 DEFAULT CHARSET=latin1;
/*!40101 SET character_set_client = @saved_cs_client */;

--
-- Dumping data for table `DYNAMIC_IMAGE_MASTER`
--

LOCK TABLES `DYNAMIC_IMAGE_MASTER` WRITE;
/*!40000 ALTER TABLE `DYNAMIC_IMAGE_MASTER` DISABLE KEYS */;
/*!40000 ALTER TABLE `DYNAMIC_IMAGE_MASTER` ENABLE KEYS */;
UNLOCK TABLES;

--
-- Table structure for table `DYNAMIC_REPORT`
--

DROP TABLE IF EXISTS `DYNAMIC_REPORT`;
/*!40101 SET @saved_cs_client     = @@character_set_client */;
/*!50503 SET character_set_client = utf8mb4 */;
CREATE TABLE `DYNAMIC_REPORT` (
  `ID` int NOT NULL AUTO_INCREMENT,
  `CHART_TYPE` int DEFAULT NULL,
  `FILTER_ID` int DEFAULT NULL,
  `BUSINESS_ID` int DEFAULT NULL,
  `BUSINESS_HIERARCHY_ID` int DEFAULT NULL,
  `IS_AVAILABLE` tinyint DEFAULT NULL,
  `IS_DELETED` tinyint DEFAULT NULL,
  `CHART_NAME` varchar(200) DEFAULT NULL,
  PRIMARY KEY (`ID`),
  KEY `BUSINESS_DETAIL_FK_idx` (`BUSINESS_ID`),
  KEY `BUSINESS_HIERARCHY_FK_idx` (`BUSINESS_HIERARCHY_ID`),
  CONSTRAINT `BUSINESS_DETAIL_DYN_REPFK` FOREIGN KEY (`BUSINESS_ID`) REFERENCES `BUSINESS_DETAILS` (`BUSINESS_DETAIL_ID`),
  CONSTRAINT `BUSINESS_HIERARCHY_DYN_REPFK` FOREIGN KEY (`BUSINESS_HIERARCHY_ID`) REFERENCES `BUSINESS_HIERARCHY` (`BUSINESS_HIERARCHY_ID`)
) ENGINE=InnoDB AUTO_INCREMENT=47 DEFAULT CHARSET=utf8mb4 COLLATE=utf8mb4_0900_ai_ci;
/*!40101 SET character_set_client = @saved_cs_client */;

--
-- Dumping data for table `DYNAMIC_REPORT`
--

LOCK TABLES `DYNAMIC_REPORT` WRITE;
/*!40000 ALTER TABLE `DYNAMIC_REPORT` DISABLE KEYS */;
INSERT INTO `DYNAMIC_REPORT` VALUES (46,3,NULL,9,22,1,1,'trial');
/*!40000 ALTER TABLE `DYNAMIC_REPORT` ENABLE KEYS */;
UNLOCK TABLES;

--
-- Table structure for table `DYNAMIC_REPORT_DETAILS`
--

DROP TABLE IF EXISTS `DYNAMIC_REPORT_DETAILS`;
/*!40101 SET @saved_cs_client     = @@character_set_client */;
/*!50503 SET character_set_client = utf8mb4 */;
CREATE TABLE `DYNAMIC_REPORT_DETAILS` (
  `DYNAMIC_REPORT_DETAILS_ID` int NOT NULL AUTO_INCREMENT,
  `DYNAMIC_REPORT_ID` int DEFAULT NULL,
  `COLLECTION_NAME` varchar(100) DEFAULT NULL,
  `PURPOSE` int DEFAULT NULL,
  `TYPE` int DEFAULT NULL,
  `METAID` varchar(45) DEFAULT NULL,
  `IS_DELETED` tinyint DEFAULT '0',
  `GROUPBY_LIST_ID` int DEFAULT NULL,
  `AGGREGATION_LIST_ID` int DEFAULT NULL,
  PRIMARY KEY (`DYNAMIC_REPORT_DETAILS_ID`),
  KEY `sub_listdyn_report_fk_idx` (`COLLECTION_NAME`),
  KEY `fk_DYNAMIC_REPORT_DETAILS_report_idx` (`DYNAMIC_REPORT_ID`),
  CONSTRAINT `fk_DYNAMIC_REPORT_DETAILS_report` FOREIGN KEY (`DYNAMIC_REPORT_ID`) REFERENCES `DYNAMIC_REPORT` (`ID`)
) ENGINE=InnoDB AUTO_INCREMENT=291 DEFAULT CHARSET=utf8mb4 COLLATE=utf8mb4_0900_ai_ci;
/*!40101 SET character_set_client = @saved_cs_client */;

--
-- Dumping data for table `DYNAMIC_REPORT_DETAILS`
--

LOCK TABLES `DYNAMIC_REPORT_DETAILS` WRITE;
/*!40000 ALTER TABLE `DYNAMIC_REPORT_DETAILS` DISABLE KEYS */;
INSERT INTO `DYNAMIC_REPORT_DETAILS` VALUES (289,46,NULL,1,1,NULL,0,NULL,-1),(290,46,'PTCLEADDETAILS85',2,NULL,'2158',0,85,NULL);
/*!40000 ALTER TABLE `DYNAMIC_REPORT_DETAILS` ENABLE KEYS */;
UNLOCK TABLES;

--
-- Table structure for table `EMAIL_ADDITIONAL_PARAM`
--

DROP TABLE IF EXISTS `EMAIL_ADDITIONAL_PARAM`;
/*!40101 SET @saved_cs_client     = @@character_set_client */;
/*!50503 SET character_set_client = utf8mb4 */;
CREATE TABLE `EMAIL_ADDITIONAL_PARAM` (
  `PARAM_ID` int NOT NULL AUTO_INCREMENT,
  `MAIL_SERVER_ID` int NOT NULL,
  `PARAM_NAME` varchar(45) NOT NULL,
  `STATUS` tinyint(1) NOT NULL,
  PRIMARY KEY (`PARAM_ID`),
  KEY `fk_EMAIL_ADDITIONAL_PARAM_1_idx` (`MAIL_SERVER_ID`),
  CONSTRAINT `fk_EMAIL_ADDITIONAL_PARAM_1` FOREIGN KEY (`MAIL_SERVER_ID`) REFERENCES `MAIL_SERVER_DETAIL` (`MAIL_SERVER_ID`)
) ENGINE=InnoDB AUTO_INCREMENT=2 DEFAULT CHARSET=latin1;
/*!40101 SET character_set_client = @saved_cs_client */;

--
-- Dumping data for table `EMAIL_ADDITIONAL_PARAM`
--

LOCK TABLES `EMAIL_ADDITIONAL_PARAM` WRITE;
/*!40000 ALTER TABLE `EMAIL_ADDITIONAL_PARAM` DISABLE KEYS */;
INSERT INTO `EMAIL_ADDITIONAL_PARAM` VALUES (1,1,'API_KEY',1);
/*!40000 ALTER TABLE `EMAIL_ADDITIONAL_PARAM` ENABLE KEYS */;
UNLOCK TABLES;

--
-- Table structure for table `EMAIL_ADDITIONAL_VALUE`
--

DROP TABLE IF EXISTS `EMAIL_ADDITIONAL_VALUE`;
/*!40101 SET @saved_cs_client     = @@character_set_client */;
/*!50503 SET character_set_client = utf8mb4 */;
CREATE TABLE `EMAIL_ADDITIONAL_VALUE` (
  `VALUE_ID` int NOT NULL AUTO_INCREMENT,
  `COMM_SETTING_ID` int NOT NULL,
  `PARAM_ID` int NOT NULL,
  `PARAM_VALUE` varchar(150) DEFAULT NULL,
  `IS_DELETED` tinyint DEFAULT '0',
  PRIMARY KEY (`VALUE_ID`),
  UNIQUE KEY `VALUE_ID_UNIQUE` (`VALUE_ID`),
  KEY `fk_EMAIL_ADDITIONAL_VALUE_1_idx` (`COMM_SETTING_ID`),
  KEY `fk_EMAIL_ADDITIONAL_VALUE_2_idx` (`PARAM_ID`),
  CONSTRAINT `fk_EMAIL_ADDITIONAL_VALUE_1` FOREIGN KEY (`COMM_SETTING_ID`) REFERENCES `COMMUNICATION_SETTING` (`COMM_SETTING_ID`),
  CONSTRAINT `fk_EMAIL_ADDITIONAL_VALUE_2` FOREIGN KEY (`PARAM_ID`) REFERENCES `EMAIL_ADDITIONAL_PARAM` (`PARAM_ID`)
) ENGINE=InnoDB DEFAULT CHARSET=latin1;
/*!40101 SET character_set_client = @saved_cs_client */;

--
-- Dumping data for table `EMAIL_ADDITIONAL_VALUE`
--

LOCK TABLES `EMAIL_ADDITIONAL_VALUE` WRITE;
/*!40000 ALTER TABLE `EMAIL_ADDITIONAL_VALUE` DISABLE KEYS */;
/*!40000 ALTER TABLE `EMAIL_ADDITIONAL_VALUE` ENABLE KEYS */;
UNLOCK TABLES;

--
-- Table structure for table `EMAIL_HISTORY`
--

DROP TABLE IF EXISTS `EMAIL_HISTORY`;
/*!40101 SET @saved_cs_client     = @@character_set_client */;
/*!50503 SET character_set_client = utf8mb4 */;
CREATE TABLE `EMAIL_HISTORY` (
  `ID` int NOT NULL AUTO_INCREMENT,
  `REFRENCE_TYPE` int DEFAULT NULL,
  `REFRENCE_ID` varchar(45) DEFAULT NULL,
  `RECIVED_BY` varchar(500) DEFAULT NULL,
  `SENT_BY` varchar(200) DEFAULT NULL,
  `SUBJECT` varchar(500) DEFAULT NULL,
  `DATE` datetime DEFAULT NULL,
  `MESSAGE` text,
  PRIMARY KEY (`ID`)
) ENGINE=InnoDB AUTO_INCREMENT=1416 DEFAULT CHARSET=latin1;
/*!40101 SET character_set_client = @saved_cs_client */;

--
-- Dumping data for table `EMAIL_HISTORY`
--

LOCK TABLES `EMAIL_HISTORY` WRITE;
/*!40000 ALTER TABLE `EMAIL_HISTORY` DISABLE KEYS */;
/*!40000 ALTER TABLE `EMAIL_HISTORY` ENABLE KEYS */;
UNLOCK TABLES;

--
-- Table structure for table `ENVIRONMENT_SETUP`
--

DROP TABLE IF EXISTS `ENVIRONMENT_SETUP`;
/*!40101 SET @saved_cs_client     = @@character_set_client */;
/*!50503 SET character_set_client = utf8mb4 */;
CREATE TABLE `ENVIRONMENT_SETUP` (
  `SETUP_ID` int NOT NULL AUTO_INCREMENT,
  `KEY_NAME` varchar(45) DEFAULT NULL,
  `KEY_VALUE` varchar(100) DEFAULT NULL,
  `ISACTIVE` tinyint(1) NOT NULL DEFAULT '1',
  PRIMARY KEY (`SETUP_ID`),
  UNIQUE KEY `KEY_NAME_UNIQUE` (`KEY_NAME`)
) ENGINE=InnoDB AUTO_INCREMENT=20 DEFAULT CHARSET=latin1;
/*!40101 SET character_set_client = @saved_cs_client */;

--
-- Dumping data for table `ENVIRONMENT_SETUP`
--

LOCK TABLES `ENVIRONMENT_SETUP` WRITE;
/*!40000 ALTER TABLE `ENVIRONMENT_SETUP` DISABLE KEYS */;
INSERT INTO `ENVIRONMENT_SETUP` VALUES (1,'MONGO_DB_HOST','localhost',1),(2,'MONGO_DB_PORT','27017',1),(3,'MONGO_DB_URI','mongodb://localhost/mydb',1),(4,'MONGO_DB_NAME','mydb',1),(5,'MONGO_DB_USER_NAME','eazycom',1),(6,'MONGO_DB_PASSWORD','password',1),(7,'EAZYCOM_APP_OWNER','Milano Connect',1),(8,'SCHEDULER_IP_ADDRESS','localhost',1),(9,'SCHEDULER_PORT','8080',1),(10,'EAZYCOM_APP_URL','http://localhost:8011/',1),(11,'SCHEDULER_APP_URL','http://localhost:8080/',1),(12,'UPLOADDATA_BATCH_PATH_LOCAL','/home/cb/Desktop/dataupload.sh',1),(13,'DATA_UPLOAD_BATCH_CALL_COMMAND_SERVER','ssh -p 22222 anand@192.168.23.42 \'sh /opt/dataupload.sh\'',1),(14,'DATA_UPLOAD_TO_SERVER_OR_DEV','1',1),(15,'OPEN_SERV_APP_URL','http://localhost:8014/',1),(16,'IMAGE_FILE_URL','http://localhost:8014/getImageFile?imageFileName={0}',1),(17,'DYNAMIC_IMAGE_URL','http://localhost:8014/getDynamicImage/{0}?subscriberId={1}',1),(18,'DYNAMIC_IMAGE_URL_USING_DYNAMIC_IMAGE_ID','http://localhost:8014/getDynamicImageFile?dynamicImageId={0}',1),(19,'TEMPLATE_IMAGE_URL_USING_IMAGE_ID','http://localhost:8014/getTemplateImageFile?imageId={0}',1);
/*!40000 ALTER TABLE `ENVIRONMENT_SETUP` ENABLE KEYS */;
UNLOCK TABLES;

--
-- Table structure for table `FILE_LOCATION_DETAIL`
--

DROP TABLE IF EXISTS `FILE_LOCATION_DETAIL`;
/*!40101 SET @saved_cs_client     = @@character_set_client */;
/*!50503 SET character_set_client = utf8mb4 */;
CREATE TABLE `FILE_LOCATION_DETAIL` (
  `FILE_LOCATION_ID` int NOT NULL AUTO_INCREMENT,
  `CREATION_DATE` datetime DEFAULT NULL,
  `FILE_LOCATION` varchar(200) NOT NULL,
  `FILE_NAME` varchar(100) NOT NULL,
  `FILE_STATE` varchar(45) NOT NULL,
  `FILE_TYPE` varchar(45) NOT NULL,
  `REFERENCE_ID` int NOT NULL,
  `USER_ID` int NOT NULL,
  PRIMARY KEY (`FILE_LOCATION_ID`),
  KEY `FK_ishaobmfe9y2hur11g98yx02m` (`USER_ID`),
  CONSTRAINT `FK_ishaobmfe9y2hur11g98yx02m` FOREIGN KEY (`USER_ID`) REFERENCES `APP_USER` (`USER_ID`)
) ENGINE=InnoDB AUTO_INCREMENT=1628 DEFAULT CHARSET=latin1;
/*!40101 SET character_set_client = @saved_cs_client */;

--
-- Dumping data for table `FILE_LOCATION_DETAIL`
--

LOCK TABLES `FILE_LOCATION_DETAIL` WRITE;
/*!40000 ALTER TABLE `FILE_LOCATION_DETAIL` DISABLE KEYS */;
INSERT INTO `FILE_LOCATION_DETAIL` VALUES (286,'2023-12-11 03:30:33','/mnt/data-upload-files/1491702287032652/','Dedup_Customer_File.csv','SAVED','USER_DATA',76,149),(287,'2023-12-11 03:36:20','/mnt/data-upload-files/1491702287379643/','Dedup_Customer_File.csv','SAVED','USER_DATA',76,149),(288,'2023-12-13 00:22:28','/mnt/data-upload-files/1491702448548422/','sampleDoc (93).csv','SAVED','USER_DATA',85,149),(289,'2023-12-13 00:25:42','/mnt/data-upload-files/1491702448741770/','sampleDoc (93).csv','SAVED','USER_DATA',85,149),(290,'2023-12-13 01:22:34','/mnt/data-upload-files/1491702452153957/','sampleDoc (93).csv','SAVED','USER_DATA',85,149),(291,'2023-12-13 02:10:54','/mnt/data-upload-files/1491702455053926/','sampleDoc (93).csv','SAVED','USER_DATA',85,149),(292,'2023-12-13 02:14:35','/mnt/data-upload-files/1491702455274620/','sampleDoc (93).csv','SAVED','USER_DATA',85,149),(293,'2023-12-13 12:45:53','/home/DEVUCMS/1491702493152596/','sampleDoc (93).csv','SAVED','USER_DATA',85,149),(294,'2023-12-13 13:45:52','/STFS0029M/1491702496752473/','Dedup_Customer_File.csv','SAVED','USER_DATA',76,149),(295,'2023-12-14 05:24:37','/mnt/DeDupFiles/Doc/','Dedup_Customer_File.csv','SAVED','USER_DATA',76,149),(296,'2023-12-13 16:29:35','/home/DEVUCMS/1491702506574710/','sampleDoc (94).csv','SAVED','USER_DATA',85,149),(297,'2023-12-13 21:36:51','/STFS0029M/1491702525011137/','sampleDoc (95).csv','SAVED','USER_DATA',85,149),(298,'2023-12-16 05:29:09','/STFS0029M/1491702726149369/','sampleDoc (98).csv','SAVED','USER_DATA',85,149),(299,'2023-12-18 16:25:23','C:\\Users\\cbt\\Documents\\doc1551702376555003\\','data module.csv','SAVED','USER_DATA',85,149),(300,'2023-12-18 16:29:25','/STFS0029M/migration/AUG/2023-08-07','CDMS_output.csv','SAVED','USER_DATA',85,149),(301,'2023-12-18 18:26:43','/STFS0029M/migration/SEP/2023-09-01','CDMS_output.csv','SAVED','USER_DATA',85,149),(302,'2023-12-18 18:32:50','/STFS0029M/migration/OCT/2023-10-05','CDMS_output.csv','SAVED','USER_DATA',85,149),(303,'2023-12-18 18:54:07','/STFS0029M/migration/OCT/2023-10-15/','CDMS_output.csv','SAVED','USER_DATA',85,149),(304,'2023-12-18 19:25:08','/STFS0029M/migration/AUG/2023-08-25','CDMS_output.csv','SAVED','USER_DATA',85,149),(305,'2023-12-18 19:27:41','/STFS0029M/migration/SEP/2023-09-16/','CDMS_output.csv','SAVED','USER_DATA',85,149),(306,'2023-12-18 19:32:57','/STFS0029M/migration/OCT/2023-10-16/','CDMS_output.csv','SAVED','USER_DATA',85,149),(307,'2023-12-18 19:41:22','/STFS0029M/migration/AUG/2023-08-22/','CDMS_output.csv','SAVED','USER_DATA',85,149),(308,'2023-12-18 19:44:12','/STFS0029M/migration/AUG/2023-08-29/','CDMS_output.csv','SAVED','USER_DATA',85,149),(309,'2023-12-18 19:47:37','/STFS0029M/BackupFiles/2023-08-01.zip','CDMS_output.csv','SAVED','USER_DATA',85,149),(310,'2023-12-18 20:05:13','/STFS0029M/migration/OCT/2023-10-08','CDMS_output.csv','SAVED','USER_DATA',85,149),(311,'2023-12-18 20:08:14','/STFS0029M/migration/SEP/2023-09-05','CDMS_output.csv','SAVED','USER_DATA',85,149),(312,'2023-12-18 20:13:19','/STFS0029M/migration/SEP/2023-09-12','CDMS_output.csv','SAVED','USER_DATA',85,149),(313,'2023-12-18 20:15:38','/STFS0029M/migration/OCT/2023-10-07/','CDMS_output.csv','SAVED','USER_DATA',85,149),(314,'2023-12-18 22:01:31','/STFS0029M/BackupFiles/2023-08-13.zip','CDMS_output.csv','SAVED','USER_DATA',76,149),(315,'2023-12-18 22:45:34','/STFS0029M/1491702961133708/','data (15).csv','SAVED','USER_DATA',85,149),(316,'2023-12-18 22:47:06','/STFS0029M/1491702961226006/','data (15).csv','SAVED','USER_DATA',85,149),(317,'2023-12-18 22:50:21','/STFS0029M/1491702961421495/','data (15).csv','SAVED','USER_DATA',85,149),(318,'2023-12-19 01:04:43','C:\\Users\\cbt\\Documents\\doc1551702376555003\\','data module.csv','SAVED','USER_DATA',75,149),(319,'2023-12-19 02:51:51','/STFS0029M/migration/OCT/2023-10-08/','CDMS_output.csv','SAVED','USER_DATA',85,149),(320,'2023-12-19 03:28:00','/STFS0029M/BackupFiles/2023-10-26.zip','CDMS_output.csv','SAVED','USER_DATA',85,149),(321,'2023-12-19 04:06:08','/STFS0029M/BackupFiles/2023-09-12.zip','CDMS_output.csv','SAVED','USER_DATA',76,149),(322,'2023-12-19 05:58:27','/STFS0029M/migration/AUG/2023-08-24/','CDMS_output.csv','SAVED','USER_DATA',76,149),(323,'2023-12-19 06:03:40','/STFS0029M/migration/OCT/2023-10-28/','CDMS_output.csv','SAVED','USER_DATA',76,149),(324,'2023-12-19 06:10:57','/STFS0029M/BackupFiles/2023-10-05.zip','CDMS_output.csv','SAVED','USER_DATA',76,149),(325,'2023-12-19 06:52:26','/STFS0029M/migration/SEP/2023-09-23/','CDMS_output.csv','SAVED','USER_DATA',76,149),(326,'2023-12-19 07:12:05','/STFS0029M/migration/AUG/2023-08-28/','CDMS_output.csv','SAVED','USER_DATA',76,149),(327,'2023-12-21 06:48:07','/STFS0029M/migration/AUG/2023-08-27/','CDMS_output.csv','SAVED','USER_DATA',76,149),(328,'2023-12-21 07:10:39','/STFS0029M/migration/OCT/2023-10-16/','CDMS_output.csv','SAVED','USER_DATA',76,149),(329,'2023-12-21 07:24:28','/STFS0029M/migration/AUG/2023-08-07/','frank.csv','SAVED','USER_DATA',76,149),(330,'2023-12-21 07:42:55','/STFS0029M/migration/AUG/2023-08-07/','frank.csv','SAVED','USER_DATA',76,149),(331,'2023-12-21 08:16:03','/STFS0029M/migration/AUG/2023-08-07/','frank.csv','SAVED','USER_DATA',76,149),(332,'2023-12-21 08:21:11','/STFS0029M/migration/AUG/2023-08-07/','frank.csv','SAVED','USER_DATA',76,149),(333,'2023-12-21 08:24:03','/STFS0029M/migration/AUG/2023-08-07/','frank.csv','SAVED','USER_DATA',76,149),(334,'2023-12-21 08:25:48','/STFS0029M/migration/AUG/','frank.csv','SAVED','USER_DATA',76,149),(335,'2023-12-21 08:28:13','/STFS0029M/migration/AUG/','frank.csv','SAVED','USER_DATA',76,149),(336,'2023-12-21 08:34:20','/STFS0029M/migration/AUG/','frank.csv','SAVED','USER_DATA',76,149),(337,'2023-12-21 08:39:21','/STFS0029M/migration/AUG/','frank.csv','SAVED','USER_DATA',76,149),(338,'2023-12-21 09:04:31','/STFS0029M/migration/AUG/2023-08-07/','CDMS_output.csv','SAVED','USER_DATA',76,149),(339,'2023-12-21 11:58:37','/STFS0029M/migration/SEP/2023-09-01/','CDMS_output.csv','SAVED','USER_DATA',76,149),(340,'2023-12-23 21:02:02','/STFS0029M/migration_data/AUG/2023-08-06/','CDMS_output.csv','SAVED','USER_DATA',76,149),(341,'2023-12-23 21:07:45','/STFS0029M/migration_data/AUG/2023-08-06/','CDMS_output.csv','SAVED','USER_DATA',76,149),(342,'2023-12-23 21:09:53','/STFS0029M/migration_data/SEP/2023-09-21/','CDMS_output.csv','SAVED','USER_DATA',76,149),(343,'2023-12-23 21:11:51','/STFS0029M/migration_data/OCT/2023-10-21/','CDMS_output.csv','SAVED','USER_DATA',76,149),(344,'2023-12-23 21:13:10','/STFS0029M/migration_data/AUG/2023-08-05/','CDMS_output.csv','SAVED','USER_DATA',76,149),(345,'2023-12-23 21:14:36','/STFS0029M/migration_data/SEP/2023-09-16/','CDMS_output.csv','SAVED','USER_DATA',76,149),(346,'2023-12-23 21:16:03','/STFS0029M/migration_data/AUG/2023-08-17/','CDMS_output.csv','SAVED','USER_DATA',76,149),(347,'2023-12-23 21:17:05','/STFS0029M/migration_data/OCT/2023-10-22/','CDMS_output.csv','SAVED','USER_DATA',76,149),(348,'2023-12-23 21:19:01','/STFS0029M/migration_data/SEP/2023-09-08/','CDMS_output.csv','SAVED','USER_DATA',76,149),(349,'2023-12-23 21:21:08','/STFS0029M/migration_data/OCT/2023-10-06/','CDMS_output.csv','SAVED','USER_DATA',76,149),(350,'2023-12-23 21:22:51','/STFS0029M/migration_data/AUG/2023-08-29/','CDMS_output.csv','SAVED','USER_DATA',76,149),(351,'2023-12-23 21:24:53','/STFS0029M/migration_data/OCT/2023-10-16/','CDMS_output.csv','SAVED','USER_DATA',76,149),(352,'2023-12-23 21:26:51','/STFS0029M/migration_data/OCT/2023-10-09/','CDMS_output.csv','SAVED','USER_DATA',76,149),(353,'2023-12-23 21:28:21','/STFS0029M/migration_data/AUG/2023-08-12/','CDMS_output.csv','SAVED','USER_DATA',76,149),(354,'2023-12-23 21:29:41','/STFS0029M/migration_data/SEP/2023-09-17/','CDMS_output.csv','SAVED','USER_DATA',76,149),(355,'2023-12-23 21:31:51','/STFS0029M/migration_data/SEP/2023-09-13/','CDMS_output.csv','SAVED','USER_DATA',76,149),(356,'2023-12-23 21:33:13','/STFS0029M/migration_data/SEP/2023-09-24/','CDMS_output.csv','SAVED','USER_DATA',76,149),(357,'2023-12-23 21:34:32','/STFS0029M/migration_data/OCT/2023-10-07/','CDMS_output.csv','SAVED','USER_DATA',76,149),(358,'2023-12-23 21:35:57','/STFS0029M/migration_data/AUG/2023-08-06/','CDMS_output.csv','SAVED','USER_DATA',76,149),(359,'2023-12-23 21:37:42','/STFS0029M/migration_data/AUG/2023-08-22/','CDMS_output.csv','SAVED','USER_DATA',76,149),(360,'2023-12-23 21:39:25','/STFS0029M/migration_data/AUG/2023-08-10/','CDMS_output.csv','SAVED','USER_DATA',76,149),(361,'2023-12-23 21:41:10','/STFS0029M/migration_data/AUG/2023-08-21/','CDMS_output.csv','SAVED','USER_DATA',76,149),(362,'2023-12-23 21:43:08','/STFS0029M/migration_data/OCT/2023-10-17/','CDMS_output.csv','SAVED','USER_DATA',76,149),(363,'2023-12-23 21:44:42','/STFS0029M/migration_data/AUG/2023-08-01/','CDMS_output.csv','SAVED','USER_DATA',76,149),(364,'2023-12-23 21:46:12','/STFS0029M/migration_data/AUG/2023-08-14/','CDMS_output.csv','SAVED','USER_DATA',76,149),(365,'2023-12-23 21:47:41','/STFS0029M/migration_data/AUG/2023-08-27/','CDMS_output.csv','SAVED','USER_DATA',76,149),(366,'2023-12-23 21:49:23','/STFS0029M/migration_data/SEP/2023-09-10/','CDMS_output.csv','SAVED','USER_DATA',76,149),(367,'2023-12-23 21:51:17','/STFS0029M/migration_data/SEP/2023-09-22/','CDMS_output.csv','SAVED','USER_DATA',76,149),(368,'2023-12-23 21:53:05','/STFS0029M/migration_data/SEP/2023-09-19/','CDMS_output.csv','SAVED','USER_DATA',76,149),(369,'2023-12-23 21:54:41','/STFS0029M/migration_data/OCT/2023-10-19/','CDMS_output.csv','SAVED','USER_DATA',76,149),(370,'2023-12-23 21:56:14','/STFS0029M/migration_data/OCT/2023-10-26/','CDMS_output.csv','SAVED','USER_DATA',76,149),(371,'2023-12-23 21:57:48','/STFS0029M/migration_data/OCT/2023-10-27/','CDMS_output.csv','SAVED','USER_DATA',76,149),(372,'2023-12-23 21:58:58','/STFS0029M/migration_data/AUG/2023-08-26/','CDMS_output.csv','SAVED','USER_DATA',76,149),(373,'2023-12-23 22:00:58','/STFS0029M/migration_data/OCT/2023-10-11/','CDMS_output.csv','SAVED','USER_DATA',76,149),(374,'2023-12-23 22:02:30','/STFS0029M/migration_data/AUG/2023-08-30/','CDMS_output.csv','SAVED','USER_DATA',76,149),(375,'2023-12-23 22:04:11','/STFS0029M/migration_data/OCT/2023-10-25/','CDMS_output.csv','SAVED','USER_DATA',76,149),(376,'2023-12-23 22:06:21','/STFS0029M/migration_data/OCT/2023-10-04/','CDMS_output.csv','SAVED','USER_DATA',76,149),(377,'2023-12-23 22:07:26','/STFS0029M/migration_data/AUG/2023-08-13/','CDMS_output.csv','SAVED','USER_DATA',76,149),(378,'2023-12-23 22:09:27','/STFS0029M/migration_data/SEP/2023-09-29/','CDMS_output.csv','SAVED','USER_DATA',76,149),(379,'2023-12-23 22:11:34','/STFS0029M/migration_data/OCT/2023-10-05/','CDMS_output.csv','SAVED','USER_DATA',76,149),(380,'2023-12-23 22:13:01','/STFS0029M/migration_data/OCT/2023-10-31/','CDMS_output.csv','SAVED','USER_DATA',76,149),(381,'2023-12-23 22:14:33','/STFS0029M/migration_data/AUG/2023-08-31/','CDMS_output.csv','SAVED','USER_DATA',76,149),(382,'2023-12-23 22:16:39','/STFS0029M/migration_data/SEP/2023-09-21/','CDMS_output.csv','SAVED','USER_DATA',76,149),(383,'2023-12-23 22:18:53','/STFS0029M/migration_data/SEP/2023-09-07/','CDMS_output.csv','SAVED','USER_DATA',76,149),(384,'2023-12-23 22:20:40','/STFS0029M/migration_data/AUG/2023-08-24/','CDMS_output.csv','SAVED','USER_DATA',76,149),(385,'2023-12-23 22:22:40','/STFS0029M/migration_data/OCT/2023-10-03/','CDMS_output.csv','SAVED','USER_DATA',76,149),(386,'2023-12-23 22:24:27','/STFS0029M/migration_data/OCT/2023-10-24/','CDMS_output.csv','SAVED','USER_DATA',76,149),(387,'2023-12-23 22:26:21','/STFS0029M/migration_data/OCT/2023-10-18/','CDMS_output.csv','SAVED','USER_DATA',76,149),(388,'2023-12-23 22:28:16','/STFS0029M/migration_data/SEP/2023-09-05/','CDMS_output.csv','SAVED','USER_DATA',76,149),(389,'2023-12-23 22:30:19','/STFS0029M/migration_data/SEP/2023-09-25/','CDMS_output.csv','SAVED','USER_DATA',76,149),(390,'2023-12-23 22:31:51','/STFS0029M/migration_data/AUG/2023-08-16/','CDMS_output.csv','SAVED','USER_DATA',76,149),(391,'2023-12-23 22:33:04','/STFS0029M/migration_data/OCT/2023-10-30/','CDMS_output.csv','SAVED','USER_DATA',76,149),(392,'2023-12-23 22:34:53','/STFS0029M/migration_data/OCT/2023-10-13/','CDMS_output.csv','SAVED','USER_DATA',76,149),(393,'2023-12-23 22:36:18','/STFS0029M/migration_data/AUG/2023-08-20/','CDMS_output.csv','SAVED','USER_DATA',76,149),(394,'2023-12-23 22:37:50','/STFS0029M/migration_data/AUG/2023-08-25/','CDMS_output.csv','SAVED','USER_DATA',76,149),(395,'2023-12-23 22:39:30','/STFS0029M/migration_data/AUG/2023-08-28/','CDMS_output.csv','SAVED','USER_DATA',76,149),(396,'2023-12-23 22:41:30','/STFS0029M/migration_data/AUG/2023-08-09/','CDMS_output.csv','SAVED','USER_DATA',76,149),(397,'2023-12-23 22:43:10','/STFS0029M/migration_data/SEP/2023-09-04/','CDMS_output.csv','SAVED','USER_DATA',76,149),(398,'2023-12-23 22:44:47','/STFS0029M/migration_data/AUG/2023-08-08/','CDMS_output.csv','SAVED','USER_DATA',76,149),(399,'2023-12-23 22:46:30','/STFS0029M/migration_data/AUG/2023-08-11/','CDMS_output.csv','SAVED','USER_DATA',76,149),(400,'2023-12-23 22:47:46','/STFS0029M/migration_data/AUG/2023-08-19/','CDMS_output.csv','SAVED','USER_DATA',76,149),(401,'2023-12-23 22:49:18','/STFS0029M/migration_data/SEP/2023-09-01/','CDMS_output.csv','SAVED','USER_DATA',76,149),(402,'2023-12-23 22:51:19','/STFS0029M/migration_data/AUG/2023-08-03/','CDMS_output.csv','SAVED','USER_DATA',76,149),(403,'2023-12-23 22:52:21','/STFS0029M/migration_data/OCT/2023-10-15/','CDMS_output.csv','SAVED','USER_DATA',76,149),(404,'2023-12-23 22:53:47','/STFS0029M/migration_data/SEP/2023-09-09/','CDMS_output.csv','SAVED','USER_DATA',76,149),(405,'2023-12-23 22:55:46','/STFS0029M/migration_data/SEP/2023-09-28/','CDMS_output.csv','SAVED','USER_DATA',76,149),(406,'2023-12-23 22:57:18','/STFS0029M/migration_data/AUG/2023-08-18/','CDMS_output.csv','SAVED','USER_DATA',76,149),(407,'2023-12-23 22:58:45','/STFS0029M/migration_data/OCT/2023-10-23/','CDMS_output.csv','SAVED','USER_DATA',76,149),(408,'2023-12-23 23:00:51','/STFS0029M/migration_data/SEP/2023-09-14/','CDMS_output.csv','SAVED','USER_DATA',76,149),(409,'2023-12-23 23:02:59','/STFS0029M/migration_data/SEP/2023-09-15/','CDMS_output.csv','SAVED','USER_DATA',76,149),(410,'2023-12-23 23:04:07','/STFS0029M/migration_data/OCT/2023-10-29/','CDMS_output.csv','SAVED','USER_DATA',76,149),(411,'2023-12-23 23:05:58','/STFS0029M/migration_data/SEP/2023-09-27/','CDMS_output.csv','SAVED','USER_DATA',76,149),(412,'2023-12-23 23:07:28','/STFS0029M/migration_data/AUG/2023-08-07/','CDMS_output.csv','SAVED','USER_DATA',76,149),(413,'2023-12-23 23:08:43','/STFS0029M/migration_data/OCT/2023-10-01/','CDMS_output.csv','SAVED','USER_DATA',76,149),(414,'2023-12-23 23:10:44','/STFS0029M/migration_data/OCT/2023-10-02/','CDMS_output.csv','SAVED','USER_DATA',76,149),(415,'2023-12-23 23:12:26','/STFS0029M/migration_data/AUG/2023-08-04/','CDMS_output.csv','SAVED','USER_DATA',76,149),(416,'2023-12-23 23:14:30','/STFS0029M/migration_data/SEP/2023-09-11/','CDMS_output.csv','SAVED','USER_DATA',76,149),(417,'2023-12-23 23:16:03','/STFS0029M/migration_data/OCT/2023-10-20/','CDMS_output.csv','SAVED','USER_DATA',76,149),(418,'2023-12-23 23:17:42','/STFS0029M/migration_data/AUG/2023-08-23/','CDMS_output.csv','SAVED','USER_DATA',76,149),(419,'2023-12-23 23:19:04','/STFS0029M/migration_data/OCT/2023-10-14/','CDMS_output.csv','SAVED','USER_DATA',76,149),(420,'2023-12-23 23:20:30','/STFS0029M/migration_data/AUG/2023-08-15/','CDMS_output.csv','SAVED','USER_DATA',76,149),(421,'2023-12-23 23:22:41','/STFS0029M/migration_data/SEP/2023-09-06/','CDMS_output.csv','SAVED','USER_DATA',76,149),(422,'2023-12-23 23:23:52','/STFS0029M/migration_data/OCT/2023-10-08/','CDMS_output.csv','SAVED','USER_DATA',76,149),(423,'2023-12-23 23:25:36','/STFS0029M/migration_data/SEP/2023-09-30/','CDMS_output.csv','SAVED','USER_DATA',76,149),(424,'2023-12-23 23:27:53','/STFS0029M/migration_data/SEP/2023-09-12/','CDMS_output.csv','SAVED','USER_DATA',76,149),(425,'2023-12-23 23:29:50','/STFS0029M/migration_data/SEP/2023-09-26/','CDMS_output.csv','SAVED','USER_DATA',76,149),(426,'2023-12-23 23:31:19','/STFS0029M/migration_data/SEP/2023-09-03/','CDMS_output.csv','SAVED','USER_DATA',76,149),(427,'2023-12-23 23:33:34','/STFS0029M/migration_data/SEP/2023-09-18/','CDMS_output.csv','SAVED','USER_DATA',76,149),(428,'2023-12-23 23:35:24','/STFS0029M/migration_data/AUG/2023-08-02/','CDMS_output.csv','SAVED','USER_DATA',76,149),(429,'2023-12-23 23:37:27','/STFS0029M/migration_data/OCT/2023-10-10/','CDMS_output.csv','SAVED','USER_DATA',76,149),(430,'2023-12-23 23:38:58','/STFS0029M/migration_data/SEP/2023-09-02/','CDMS_output.csv','SAVED','USER_DATA',76,149),(431,'2023-12-23 23:40:48','/STFS0029M/migration_data/SEP/2023-09-20/','CDMS_output.csv','SAVED','USER_DATA',76,149),(432,'2023-12-23 23:42:21','/STFS0029M/migration_data/SEP/2023-09-23/','CDMS_output.csv','SAVED','USER_DATA',76,149),(433,'2023-12-23 23:43:33','/STFS0029M/migration_data/OCT/2023-10-28/','CDMS_output.csv','SAVED','USER_DATA',76,149),(434,'2023-12-23 23:45:16','/STFS0029M/migration_data/OCT/2023-10-12/','CDMS_output.csv','SAVED','USER_DATA',76,149),(435,'2023-12-25 01:50:44','/STFS0029M/migration_data/SEP/2023-09-14//valid/','CDMS_output.csv','SAVED','USER_DATA',76,149),(436,'2023-12-25 01:52:44','/STFS0029M/migration_data/OCT/2023-10-03//valid/','CDMS_output.csv','SAVED','USER_DATA',76,149),(437,'2023-12-25 01:54:18','/STFS0029M/migration_data/OCT/2023-10-26//valid/','CDMS_output.csv','SAVED','USER_DATA',76,149),(438,'2023-12-25 01:55:47','/STFS0029M/migration_data/OCT/2023-10-23//valid/','CDMS_output.csv','SAVED','USER_DATA',76,149),(439,'2023-12-25 01:57:47','/STFS0029M/migration_data/AUG/2023-08-03//valid/','CDMS_output.csv','SAVED','USER_DATA',76,149),(440,'2023-12-25 01:59:16','/STFS0029M/migration_data/AUG/2023-08-27//valid/','CDMS_output.csv','SAVED','USER_DATA',76,149),(441,'2023-12-25 02:01:24','/STFS0029M/migration_data/OCT/2023-10-05//valid/','CDMS_output.csv','SAVED','USER_DATA',76,149),(442,'2023-12-25 02:03:23','/STFS0029M/migration_data/SEP/2023-09-26//valid/','CDMS_output.csv','SAVED','USER_DATA',76,149),(443,'2023-12-25 02:05:03','/STFS0029M/migration_data/AUG/2023-08-28//valid/','CDMS_output.csv','SAVED','USER_DATA',76,149),(444,'2023-12-25 02:06:46','/STFS0029M/migration_data/AUG/2023-08-04//valid/','CDMS_output.csv','SAVED','USER_DATA',76,149),(445,'2023-12-25 02:08:42','/STFS0029M/migration_data/SEP/2023-09-05//valid/','CDMS_output.csv','SAVED','USER_DATA',76,149),(446,'2023-12-25 02:10:17','/STFS0029M/migration_data/SEP/2023-09-10//valid/','CDMS_output.csv','SAVED','USER_DATA',76,149),(447,'2023-12-25 02:12:17','/STFS0029M/migration_data/SEP/2023-09-28//valid/','CDMS_output.csv','SAVED','USER_DATA',76,149),(448,'2023-12-25 02:13:34','/STFS0029M/migration_data/AUG/2023-08-19//valid/','CDMS_output.csv','SAVED','USER_DATA',76,149),(449,'2023-12-25 02:15:07','/STFS0029M/migration_data/SEP/2023-09-02//valid/','CDMS_output.csv','SAVED','USER_DATA',76,149),(450,'2023-12-25 02:17:15','/STFS0029M/migration_data/OCT/2023-10-06//valid/','CDMS_output.csv','SAVED','USER_DATA',76,149),(451,'2023-12-25 02:18:47','/STFS0029M/migration_data/AUG/2023-08-07//valid/','CDMS_output.csv','SAVED','USER_DATA',76,149),(452,'2023-12-25 02:20:21','/STFS0029M/migration_data/AUG/2023-08-18//valid/','CDMS_output.csv','SAVED','USER_DATA',76,149),(453,'2023-12-25 02:21:50','/STFS0029M/migration_data/AUG/2023-08-17//valid/','CDMS_output.csv','SAVED','USER_DATA',76,149),(454,'2023-12-25 02:23:19','/STFS0029M/migration_data/OCT/2023-10-31//valid/','CDMS_output.csv','SAVED','USER_DATA',76,149),(455,'2023-12-25 02:25:25','/STFS0029M/migration_data/OCT/2023-10-10//valid/','CDMS_output.csv','SAVED','USER_DATA',76,149),(456,'2023-12-25 02:26:57','/STFS0029M/migration_data/AUG/2023-08-14//valid/','CDMS_output.csv','SAVED','USER_DATA',76,149),(457,'2023-12-25 02:28:30','/STFS0029M/migration_data/AUG/2023-08-25//valid/','CDMS_output.csv','SAVED','USER_DATA',76,149),(458,'2023-12-25 02:29:59','/STFS0029M/migration_data/SEP/2023-09-09//valid/','CDMS_output.csv','SAVED','USER_DATA',76,149),(459,'2023-12-25 02:31:22','/STFS0029M/migration_data/SEP/2023-09-24//valid/','CDMS_output.csv','SAVED','USER_DATA',76,149),(460,'2023-12-25 02:33:42','/STFS0029M/migration_data/SEP/2023-09-12//valid/','CDMS_output.csv','SAVED','USER_DATA',76,149),(461,'2023-12-25 02:35:16','/STFS0029M/migration_data/OCT/2023-10-27//valid/','CDMS_output.csv','SAVED','USER_DATA',76,149),(462,'2023-12-25 02:37:03','/STFS0029M/migration_data/OCT/2023-10-12//valid/','CDMS_output.csv','SAVED','USER_DATA',76,149),(463,'2023-12-25 02:39:04','/STFS0029M/migration_data/OCT/2023-10-17//valid/','CDMS_output.csv','SAVED','USER_DATA',76,149),(464,'2023-12-25 02:40:58','/STFS0029M/migration_data/AUG/2023-08-02//valid/','CDMS_output.csv','SAVED','USER_DATA',76,149),(465,'2023-12-25 02:42:52','/STFS0029M/migration_data/SEP/2023-09-20//valid/','CDMS_output.csv','SAVED','USER_DATA',76,149),(466,'2023-12-25 02:45:00','/STFS0029M/migration_data/SEP/2023-09-21//valid/','CDMS_output.csv','SAVED','USER_DATA',76,149),(467,'2023-12-25 02:46:37','/STFS0029M/migration_data/OCT/2023-10-19//valid/','CDMS_output.csv','SAVED','USER_DATA',76,149),(468,'2023-12-25 02:47:43','/STFS0029M/migration_data/AUG/2023-08-13//valid/','CDMS_output.csv','SAVED','USER_DATA',76,149),(469,'2023-12-25 02:49:25','/STFS0029M/migration_data/SEP/2023-09-04//valid/','CDMS_output.csv','SAVED','USER_DATA',76,149),(470,'2023-12-25 02:51:40','/STFS0029M/migration_data/SEP/2023-09-06//valid/','CDMS_output.csv','SAVED','USER_DATA',76,149),(471,'2023-12-25 02:53:35','/STFS0029M/migration_data/OCT/2023-10-18//valid/','CDMS_output.csv','SAVED','USER_DATA',76,149),(472,'2023-12-25 02:55:47','/STFS0029M/migration_data/SEP/2023-09-07//valid/','CDMS_output.csv','SAVED','USER_DATA',76,149),(473,'2023-12-25 02:57:50','/STFS0029M/migration_data/OCT/2023-10-16//valid/','CDMS_output.csv','SAVED','USER_DATA',76,149),(474,'2023-12-25 02:59:52','/STFS0029M/migration_data/SEP/2023-09-29//valid/','CDMS_output.csv','SAVED','USER_DATA',76,149),(475,'2023-12-25 03:02:02','/STFS0029M/migration_data/SEP/2023-09-15//valid/','CDMS_output.csv','SAVED','USER_DATA',76,149),(476,'2023-12-25 03:05:23','/STFS0029M/migration_data/SEP/2023-09-17//valid/','CDMS_output.csv','SAVED','USER_DATA',76,149),(477,'2023-12-25 03:07:24','/STFS0029M/migration_data/AUG/2023-08-09//valid/','CDMS_output.csv','SAVED','USER_DATA',76,149),(478,'2023-12-25 03:08:56','/STFS0029M/migration_data/SEP/2023-09-03//valid/','CDMS_output.csv','SAVED','USER_DATA',76,149),(479,'2023-12-25 03:10:44','/STFS0029M/migration_data/AUG/2023-08-22//valid/','CDMS_output.csv','SAVED','USER_DATA',76,149),(480,'2023-12-25 03:12:55','/STFS0029M/migration_data/SEP/2023-09-13//valid/','CDMS_output.csv','SAVED','USER_DATA',76,149),(481,'2023-12-25 03:15:01','/STFS0029M/migration_data/SEP/2023-09-18//valid/','CDMS_output.csv','SAVED','USER_DATA',76,149),(482,'2023-12-25 03:16:34','/STFS0029M/migration_data/AUG/2023-08-12//valid/','CDMS_output.csv','SAVED','USER_DATA',76,149),(483,'2023-12-25 03:18:37','/STFS0029M/migration_data/OCT/2023-10-02//valid/','CDMS_output.csv','SAVED','USER_DATA',76,149),(484,'2023-12-25 03:20:34','/STFS0029M/migration_data/SEP/2023-09-22//valid/','CDMS_output.csv','SAVED','USER_DATA',76,149),(485,'2023-12-25 03:22:23','/STFS0029M/migration_data/OCT/2023-10-24//valid/','CDMS_output.csv','SAVED','USER_DATA',76,149),(486,'2023-12-25 03:23:46','/STFS0029M/migration_data/OCT/2023-10-07//valid/','CDMS_output.csv','SAVED','USER_DATA',76,149),(487,'2023-12-25 03:25:20','/STFS0029M/migration_data/AUG/2023-08-31//valid/','CDMS_output.csv','SAVED','USER_DATA',76,149),(488,'2023-12-25 03:26:48','/STFS0029M/migration_data/AUG/2023-08-06//valid/','CDMS_output.csv','SAVED','USER_DATA',76,149),(489,'2023-12-25 03:28:23','/STFS0029M/migration_data/OCT/2023-10-20//valid/','CDMS_output.csv','SAVED','USER_DATA',76,149),(490,'2023-12-25 03:29:33','/STFS0029M/migration_data/OCT/2023-10-29//valid/','CDMS_output.csv','SAVED','USER_DATA',76,149),(491,'2023-12-25 03:30:50','/STFS0029M/migration_data/OCT/2023-10-01//valid/','CDMS_output.csv','SAVED','USER_DATA',76,149),(492,'2023-12-25 03:32:32','/STFS0029M/migration_data/AUG/2023-08-08//valid/','CDMS_output.csv','SAVED','USER_DATA',76,149),(493,'2023-12-25 03:34:17','/STFS0029M/migration_data/AUG/2023-08-29//valid/','CDMS_output.csv','SAVED','USER_DATA',76,149),(494,'2023-12-25 03:35:29','/STFS0029M/migration_data/AUG/2023-08-26//valid/','CDMS_output.csv','SAVED','USER_DATA',76,149),(495,'2023-12-25 03:36:38','/STFS0029M/migration_data/OCT/2023-10-08//valid/','CDMS_output.csv','SAVED','USER_DATA',76,149),(496,'2023-12-25 03:38:00','/STFS0029M/migration_data/OCT/2023-10-21//valid/','CDMS_output.csv','SAVED','USER_DATA',76,149),(497,'2023-12-25 03:39:04','/STFS0029M/migration_data/OCT/2023-10-15//valid/','CDMS_output.csv','SAVED','USER_DATA',76,149),(498,'2023-12-25 03:41:09','/STFS0029M/migration_data/SEP/2023-09-25//valid/','CDMS_output.csv','SAVED','USER_DATA',76,149),(499,'2023-12-25 03:42:56','/STFS0029M/migration_data/AUG/2023-08-10//valid/','CDMS_output.csv','SAVED','USER_DATA',76,149),(500,'2023-12-25 03:44:55','/STFS0029M/migration_data/SEP/2023-09-08//valid/','CDMS_output.csv','SAVED','USER_DATA',76,149),(501,'2023-12-25 03:46:18','/STFS0029M/migration_data/OCT/2023-10-14//valid/','CDMS_output.csv','SAVED','USER_DATA',76,149),(502,'2023-12-25 03:48:05','/STFS0029M/migration_data/AUG/2023-08-11//valid/','CDMS_output.csv','SAVED','USER_DATA',76,149),(503,'2023-12-25 03:49:52','/STFS0029M/migration_data/AUG/2023-08-21//valid/','CDMS_output.csv','SAVED','USER_DATA',76,149),(504,'2023-12-25 03:51:27','/STFS0029M/migration_data/AUG/2023-08-16//valid/','CDMS_output.csv','SAVED','USER_DATA',76,149),(505,'2023-12-25 03:53:43','/STFS0029M/migration_data/OCT/2023-10-04//valid/','CDMS_output.csv','SAVED','USER_DATA',76,149),(506,'2023-12-25 03:55:42','/STFS0029M/migration_data/OCT/2023-10-09//valid/','CDMS_output.csv','SAVED','USER_DATA',76,149),(507,'2023-12-25 03:56:59','/STFS0029M/migration_data/OCT/2023-10-28//valid/','CDMS_output.csv','SAVED','USER_DATA',76,149),(508,'2023-12-25 03:58:49','/STFS0029M/migration_data/SEP/2023-09-30//valid/','CDMS_output.csv','SAVED','USER_DATA',76,149),(509,'2023-12-25 04:00:27','/STFS0029M/migration_data/AUG/2023-08-01//valid/','CDMS_output.csv','SAVED','USER_DATA',76,149),(510,'2023-12-25 04:02:10','/STFS0029M/migration_data/OCT/2023-10-25//valid/','CDMS_output.csv','SAVED','USER_DATA',76,149),(511,'2023-12-25 04:03:31','/STFS0029M/migration_data/AUG/2023-08-05//valid/','CDMS_output.csv','SAVED','USER_DATA',76,149),(512,'2023-12-25 04:05:20','/STFS0029M/migration_data/AUG/2023-08-24//valid/','CDMS_output.csv','SAVED','USER_DATA',76,149),(513,'2023-12-25 04:07:13','/STFS0029M/migration_data/OCT/2023-10-13//valid/','CDMS_output.csv','SAVED','USER_DATA',76,149),(514,'2023-12-25 04:09:06','/STFS0029M/migration_data/SEP/2023-09-19//valid/','CDMS_output.csv','SAVED','USER_DATA',76,149),(515,'2023-12-25 04:10:44','/STFS0029M/migration_data/SEP/2023-09-01//valid/','CDMS_output.csv','SAVED','USER_DATA',76,149),(516,'2023-12-25 04:12:49','/STFS0029M/migration_data/SEP/2023-09-11//valid/','CDMS_output.csv','SAVED','USER_DATA',76,149),(517,'2023-12-25 04:13:53','/STFS0029M/migration_data/OCT/2023-10-22//valid/','CDMS_output.csv','SAVED','USER_DATA',76,149),(518,'2023-12-25 04:15:22','/STFS0029M/migration_data/AUG/2023-08-15//valid/','CDMS_output.csv','SAVED','USER_DATA',76,149),(519,'2023-12-25 04:16:49','/STFS0029M/migration_data/AUG/2023-08-20//valid/','CDMS_output.csv','SAVED','USER_DATA',76,149),(520,'2023-12-25 04:18:45','/STFS0029M/migration_data/SEP/2023-09-27//valid/','CDMS_output.csv','SAVED','USER_DATA',76,149),(521,'2023-12-25 04:20:13','/STFS0029M/migration_data/SEP/2023-09-16//valid/','CDMS_output.csv','SAVED','USER_DATA',76,149),(522,'2023-12-25 04:21:30','/STFS0029M/migration_data/OCT/2023-10-30//valid/','CDMS_output.csv','SAVED','USER_DATA',76,149),(523,'2023-12-25 04:23:05','/STFS0029M/migration_data/AUG/2023-08-30//valid/','CDMS_output.csv','SAVED','USER_DATA',76,149),(524,'2023-12-25 04:24:42','/STFS0029M/migration_data/SEP/2023-09-23//valid/','CDMS_output.csv','SAVED','USER_DATA',76,149),(525,'2023-12-25 04:26:26','/STFS0029M/migration_data/AUG/2023-08-23//valid/','CDMS_output.csv','SAVED','USER_DATA',76,149),(526,'2023-12-26 06:36:20','/STFS0029M/migration_data/overall/valid/','CDMS_output.csv','SAVED','USER_DATA',76,149),(527,'2023-12-26 07:08:42','/STFS0029M/migration_data/overall/valid/','CDMS_output.csv','SAVED','USER_DATA',76,149),(528,'2023-12-26 08:42:58','/STFS0029M/migration_data/overall/valid','your_file.csv','SAVED','USER_DATA',76,149),(529,'2023-12-26 08:50:53','/STFS0029M/migration_data/overall/valid/','your_file.csv','SAVED','USER_DATA',76,149),(530,'2023-12-26 10:47:34','/STFS0029M/migration_data/overall/valid/','CDMS_output.csv','SAVED','USER_DATA',76,149),(531,'2023-12-26 10:57:33','/STFS0029M/migration_data/overall/valid/','CDMS_output.csv','SAVED','USER_DATA',76,149),(532,'2023-12-26 22:32:37','/STFS0029M/migration_data/overall/valid/','CDMS_output.csv','SAVED','USER_DATA',76,149),(533,'2023-12-26 22:51:14','/STFS0029M/migration/AUG/2023-08-07/','frank.csv','SAVED','USER_DATA',76,149),(534,'2023-12-26 22:53:44','/STFS0029M/migration_data/overall/valid/','CDMS_output.csv','SAVED','USER_DATA',76,149),(535,'2023-12-26 23:03:49','/STFS0029M/migration_data/overall/valid/','CDMS_output.csv','SAVED','USER_DATA',76,149),(536,'2023-12-26 23:16:44','/STFS0029M/migration_data/overall/valid/','CDMS_output.csv','SAVED','USER_DATA',76,149),(537,'2023-12-27 01:17:24','/STFS0029M/1501703661444200/','test 1.csv','SAVED','USER_DATA',76,150),(538,'2023-12-27 04:11:40','/STFS0029M/migration_data/overall/valid/','CDMS_output.csv','SAVED','USER_DATA',76,149),(539,'2023-12-27 04:47:51','/STFS0029M/migration_data/overall/valid/','CDMS_output.csv','SAVED','USER_DATA',76,149),(540,'2023-12-27 04:56:10','/STFS0029M/migration_data/overall/valid/','CDMS_output.csv','SAVED','USER_DATA',76,149),(541,'2023-12-27 05:03:31','/STFS0029M/migration_data/overall/valid/','CDMS_output.csv','SAVED','USER_DATA',76,149),(542,'2023-12-27 05:10:53','/STFS0029M/migration_data/overall/valid/','CDMS_output.csv','SAVED','USER_DATA',76,149),(543,'2023-12-27 06:52:43','/STFS0029M/migration_data/overall/valid/','CDMS_output.csv','SAVED','USER_DATA',76,149),(544,'2023-12-27 07:01:00','/STFS0029M/migration_data/overall/valid/','CDMS_output.csv','SAVED','USER_DATA',76,149),(545,'2023-12-27 07:45:09','/STFS0029M/migration_data/overall/valid/','CDMS_output.csv','SAVED','USER_DATA',76,149),(546,'2023-12-27 08:03:00','/STFS0029M/migration_data/overall/valid/','CDMS_output.csv','SAVED','USER_DATA',76,149),(547,'2023-12-27 08:19:25','/STFS0029M/migration_data/overall/valid/','CDMS_output.csv','SAVED','USER_DATA',76,149),(548,'2023-12-27 11:28:44','/STFS0029M/migration_data/AUG/2023-08-27//valid//','CDMS_output.csv','SAVED','USER_DATA',76,149),(549,'2023-12-27 11:51:21','/STFS0029M/migration_data/SEP/2023-09-09//valid//','CDMS_output.csv','SAVED','USER_DATA',76,149),(550,'2023-12-27 11:54:12','/STFS0029M/migration_data/OCT/2023-10-27//valid//','CDMS_output.csv','SAVED','USER_DATA',76,149),(551,'2023-12-27 11:57:59','/STFS0029M/migration_data/AUG/2023-08-09//valid//','CDMS_output.csv','SAVED','USER_DATA',76,149),(552,'2023-12-27 12:01:34','/STFS0029M/migration_data/SEP/2023-09-05//valid//','CDMS_output.csv','SAVED','USER_DATA',76,149),(553,'2023-12-27 12:05:08','/STFS0029M/migration_data/AUG/2023-08-02//valid//','CDMS_output.csv','SAVED','USER_DATA',76,149),(554,'2023-12-27 12:09:19','/STFS0029M/migration_data/OCT/2023-10-05//valid//','CDMS_output.csv','SAVED','USER_DATA',76,149),(555,'2023-12-27 12:12:27','/STFS0029M/migration_data/AUG/2023-08-08//valid//','CDMS_output.csv','SAVED','USER_DATA',76,149),(556,'2023-12-27 12:15:22','/STFS0029M/migration_data/SEP/2023-09-23//valid//','CDMS_output.csv','SAVED','USER_DATA',76,149),(557,'2023-12-27 12:19:10','/STFS0029M/migration_data/OCT/2023-10-18//valid//','CDMS_output.csv','SAVED','USER_DATA',76,149),(558,'2023-12-27 12:22:39','/STFS0029M/migration_data/SEP/2023-09-04//valid//','CDMS_output.csv','SAVED','USER_DATA',76,149),(559,'2023-12-27 12:26:51','/STFS0029M/migration_data/SEP/2023-09-14//valid//','CDMS_output.csv','SAVED','USER_DATA',76,149),(560,'2023-12-27 12:30:09','/STFS0029M/migration_data/AUG/2023-08-25//valid//','CDMS_output.csv','SAVED','USER_DATA',76,149),(561,'2023-12-27 12:32:44','/STFS0029M/migration_data/OCT/2023-10-01//valid//','CDMS_output.csv','SAVED','USER_DATA',76,149),(562,'2023-12-27 12:36:39','/STFS0029M/migration_data/SEP/2023-09-28//valid//','CDMS_output.csv','SAVED','USER_DATA',76,149),(563,'2023-12-27 12:41:08','/STFS0029M/migration_data/SEP/2023-09-13//valid//','CDMS_output.csv','SAVED','USER_DATA',76,149),(564,'2023-12-27 12:45:36','/STFS0029M/migration_data/SEP/2023-09-06//valid//','CDMS_output.csv','SAVED','USER_DATA',76,149),(565,'2023-12-27 12:49:51','/STFS0029M/migration_data/SEP/2023-09-25//valid//','CDMS_output.csv','SAVED','USER_DATA',76,149),(566,'2023-12-27 12:53:23','/STFS0029M/migration_data/AUG/2023-08-28//valid//','CDMS_output.csv','SAVED','USER_DATA',76,149),(567,'2023-12-27 12:55:47','/STFS0029M/migration_data/AUG/2023-08-13//valid//','CDMS_output.csv','SAVED','USER_DATA',76,149),(568,'2023-12-27 12:59:42','/STFS0029M/migration_data/AUG/2023-08-11//valid//','CDMS_output.csv','SAVED','USER_DATA',76,149),(569,'2023-12-27 13:03:28','/STFS0029M/migration_data/OCT/2023-10-25//valid//','CDMS_output.csv','SAVED','USER_DATA',76,149),(570,'2023-12-27 13:07:10','/STFS0029M/migration_data/SEP/2023-09-30//valid//','CDMS_output.csv','SAVED','USER_DATA',76,149),(571,'2023-12-27 13:11:34','/STFS0029M/migration_data/OCT/2023-10-17//valid//','CDMS_output.csv','SAVED','USER_DATA',76,149),(572,'2023-12-27 13:15:03','/STFS0029M/migration_data/AUG/2023-08-14//valid//','CDMS_output.csv','SAVED','USER_DATA',76,149),(573,'2023-12-27 13:17:47','/STFS0029M/migration_data/OCT/2023-10-08//valid//','CDMS_output.csv','SAVED','USER_DATA',76,149),(574,'2023-12-27 13:21:52','/STFS0029M/migration_data/AUG/2023-08-21//valid//','CDMS_output.csv','SAVED','USER_DATA',76,149),(575,'2023-12-27 13:26:30','/STFS0029M/migration_data/SEP/2023-09-18//valid//','CDMS_output.csv','SAVED','USER_DATA',76,149),(576,'2023-12-27 13:28:57','/STFS0029M/migration_data/OCT/2023-10-29//valid//','CDMS_output.csv','SAVED','USER_DATA',76,149),(577,'2023-12-27 13:33:02','/STFS0029M/migration_data/AUG/2023-08-29//valid//','CDMS_output.csv','SAVED','USER_DATA',76,149),(578,'2023-12-27 13:37:43','/STFS0029M/migration_data/SEP/2023-09-08//valid//','CDMS_output.csv','SAVED','USER_DATA',76,149),(579,'2023-12-27 13:41:31','/STFS0029M/migration_data/SEP/2023-09-10//valid//','CDMS_output.csv','SAVED','USER_DATA',76,149),(580,'2023-12-27 13:45:08','/STFS0029M/migration_data/AUG/2023-08-06//valid//','CDMS_output.csv','SAVED','USER_DATA',76,149),(581,'2023-12-27 13:48:12','/STFS0029M/migration_data/AUG/2023-08-26//valid//','CDMS_output.csv','SAVED','USER_DATA',76,149),(582,'2023-12-27 13:53:29','/STFS0029M/migration_data/OCT/2023-10-03//valid//','CDMS_output.csv','SAVED','USER_DATA',76,149),(583,'2023-12-27 13:57:52','/STFS0029M/migration_data/OCT/2023-10-16//valid//','CDMS_output.csv','SAVED','USER_DATA',76,149),(584,'2023-12-27 14:02:11','/STFS0029M/migration_data/SEP/2023-09-27//valid//','CDMS_output.csv','SAVED','USER_DATA',76,149),(585,'2023-12-27 14:05:14','/STFS0029M/migration_data/OCT/2023-10-07//valid//','CDMS_output.csv','SAVED','USER_DATA',76,149),(586,'2023-12-27 14:09:22','/STFS0029M/migration_data/OCT/2023-10-13//valid//','CDMS_output.csv','SAVED','USER_DATA',76,149),(587,'2023-12-27 14:12:51','/STFS0029M/migration_data/OCT/2023-10-23//valid//','CDMS_output.csv','SAVED','USER_DATA',76,149),(588,'2023-12-27 14:18:16','/STFS0029M/migration_data/SEP/2023-09-12//valid//','CDMS_output.csv','SAVED','USER_DATA',76,149),(589,'2023-12-27 14:22:00','/STFS0029M/migration_data/OCT/2023-10-20//valid//','CDMS_output.csv','SAVED','USER_DATA',76,149),(590,'2023-12-27 14:26:28','/STFS0029M/migration_data/AUG/2023-08-24//valid//','CDMS_output.csv','SAVED','USER_DATA',76,149),(591,'2023-12-27 14:30:03','/STFS0029M/migration_data/AUG/2023-08-27//valid//','CDMS_output.csv','SAVED','USER_DATA',76,149),(592,'2023-12-27 14:33:15','/STFS0029M/migration_data/AUG/2023-08-19//valid//','CDMS_output.csv','SAVED','USER_DATA',76,149),(593,'2023-12-27 14:38:23','/STFS0029M/migration_data/SEP/2023-09-21//valid//','CDMS_output.csv','SAVED','USER_DATA',76,149),(594,'2023-12-27 14:41:49','/STFS0029M/migration_data/SEP/2023-09-24//valid//','CDMS_output.csv','SAVED','USER_DATA',76,149),(595,'2023-12-27 14:45:10','/STFS0029M/migration_data/OCT/2023-10-14//valid//','CDMS_output.csv','SAVED','USER_DATA',76,149),(596,'2023-12-27 14:48:51','/STFS0029M/migration_data/SEP/2023-09-02//valid//','CDMS_output.csv','SAVED','USER_DATA',76,149),(597,'2023-12-27 14:53:00','/STFS0029M/migration_data/AUG/2023-08-23//valid//','CDMS_output.csv','SAVED','USER_DATA',76,149),(598,'2023-12-27 14:56:13','/STFS0029M/migration_data/OCT/2023-10-30//valid//','CDMS_output.csv','SAVED','USER_DATA',76,149),(599,'2023-12-27 15:01:31','/STFS0029M/migration_data/SEP/2023-09-15//valid//','CDMS_output.csv','SAVED','USER_DATA',76,149),(600,'2023-12-27 15:06:31','/STFS0029M/migration_data/OCT/2023-10-09//valid//','CDMS_output.csv','SAVED','USER_DATA',76,149),(601,'2023-12-27 15:12:07','/STFS0029M/migration_data/SEP/2023-09-07//valid//','CDMS_output.csv','SAVED','USER_DATA',76,149),(602,'2023-12-27 15:17:48','/STFS0029M/migration_data/OCT/2023-10-06//valid//','CDMS_output.csv','SAVED','USER_DATA',76,149),(603,'2023-12-27 15:21:53','/STFS0029M/migration_data/AUG/2023-08-07//valid//','CDMS_output.csv','SAVED','USER_DATA',76,149),(604,'2023-12-27 15:24:58','/STFS0029M/migration_data/OCT/2023-10-28//valid//','CDMS_output.csv','SAVED','USER_DATA',76,149),(605,'2023-12-27 15:28:50','/STFS0029M/migration_data/AUG/2023-08-16//valid//','CDMS_output.csv','SAVED','USER_DATA',76,149),(606,'2023-12-27 15:32:15','/STFS0029M/migration_data/SEP/2023-09-17//valid//','CDMS_output.csv','SAVED','USER_DATA',76,149),(607,'2023-12-27 15:37:36','/STFS0029M/migration_data/AUG/2023-08-03//valid//','CDMS_output.csv','SAVED','USER_DATA',76,149),(608,'2023-12-27 15:42:39','/STFS0029M/migration_data/SEP/2023-09-22//valid//','CDMS_output.csv','SAVED','USER_DATA',76,149),(609,'2023-12-27 15:46:49','/STFS0029M/migration_data/AUG/2023-08-12//valid//','CDMS_output.csv','SAVED','USER_DATA',76,149),(610,'2023-12-27 15:51:15','/STFS0029M/migration_data/OCT/2023-10-19//valid//','CDMS_output.csv','SAVED','USER_DATA',76,149),(611,'2023-12-27 15:56:02','/STFS0029M/migration_data/OCT/2023-10-12//valid//','CDMS_output.csv','SAVED','USER_DATA',76,149),(612,'2023-12-27 15:58:46','/STFS0029M/migration_data/OCT/2023-10-15//valid//','CDMS_output.csv','SAVED','USER_DATA',76,149),(613,'2023-12-27 16:02:33','/STFS0029M/migration_data/AUG/2023-08-17//valid//','CDMS_output.csv','SAVED','USER_DATA',76,149),(614,'2023-12-27 16:08:32','/STFS0029M/migration_data/OCT/2023-10-10//valid//','CDMS_output.csv','SAVED','USER_DATA',76,149),(615,'2023-12-27 16:13:58','/STFS0029M/migration_data/OCT/2023-10-11//valid//','CDMS_output.csv','SAVED','USER_DATA',76,149),(616,'2023-12-27 16:18:15','/STFS0029M/migration_data/AUG/2023-08-18//valid//','CDMS_output.csv','SAVED','USER_DATA',76,149),(617,'2023-12-27 16:23:48','/STFS0029M/migration_data/SEP/2023-09-11//valid//','CDMS_output.csv','SAVED','USER_DATA',76,149),(618,'2023-12-27 16:27:21','/STFS0029M/migration_data/AUG/2023-08-20//valid//','CDMS_output.csv','SAVED','USER_DATA',76,149),(619,'2023-12-27 16:31:41','/STFS0029M/migration_data/AUG/2023-08-31//valid//','CDMS_output.csv','SAVED','USER_DATA',76,149),(620,'2023-12-27 16:37:04','/STFS0029M/migration_data/SEP/2023-09-20//valid//','CDMS_output.csv','SAVED','USER_DATA',76,149),(621,'2023-12-27 16:41:17','/STFS0029M/migration_data/AUG/2023-08-15//valid//','CDMS_output.csv','SAVED','USER_DATA',76,149),(622,'2023-12-27 16:47:13','/STFS0029M/migration_data/OCT/2023-10-02//valid//','CDMS_output.csv','SAVED','USER_DATA',76,149),(623,'2023-12-27 16:51:07','/STFS0029M/migration_data/SEP/2023-09-16//valid//','CDMS_output.csv','SAVED','USER_DATA',76,149),(624,'2023-12-27 16:56:16','/STFS0029M/migration_data/AUG/2023-08-10//valid//','CDMS_output.csv','SAVED','USER_DATA',76,149),(625,'2023-12-27 17:00:50','/STFS0029M/migration_data/OCT/2023-10-26//valid//','CDMS_output.csv','SAVED','USER_DATA',76,149),(626,'2023-12-27 17:05:27','/STFS0029M/migration_data/SEP/2023-09-01//valid//','CDMS_output.csv','SAVED','USER_DATA',76,149),(627,'2023-12-27 17:09:19','/STFS0029M/migration_data/AUG/2023-08-05//valid//','CDMS_output.csv','SAVED','USER_DATA',76,149),(628,'2023-12-27 17:12:20','/STFS0029M/migration_data/OCT/2023-10-22//valid//','CDMS_output.csv','SAVED','USER_DATA',76,149),(629,'2023-12-27 17:16:54','/STFS0029M/migration_data/AUG/2023-08-01//valid//','CDMS_output.csv','SAVED','USER_DATA',76,149),(630,'2023-12-27 17:21:53','/STFS0029M/migration_data/AUG/2023-08-04//valid//','CDMS_output.csv','SAVED','USER_DATA',76,149),(631,'2023-12-27 17:27:12','/STFS0029M/migration_data/SEP/2023-09-19//valid//','CDMS_output.csv','SAVED','USER_DATA',76,149),(632,'2023-12-27 17:32:23','/STFS0029M/migration_data/OCT/2023-10-24//valid//','CDMS_output.csv','SAVED','USER_DATA',76,149),(633,'2023-12-27 17:36:59','/STFS0029M/migration_data/OCT/2023-10-31//valid//','CDMS_output.csv','SAVED','USER_DATA',76,149),(634,'2023-12-27 17:40:29','/STFS0029M/migration_data/OCT/2023-10-21//valid//','CDMS_output.csv','SAVED','USER_DATA',76,149),(635,'2023-12-27 17:47:16','/STFS0029M/migration_data/OCT/2023-10-04//valid//','CDMS_output.csv','SAVED','USER_DATA',76,149),(636,'2023-12-27 17:51:46','/STFS0029M/migration_data/AUG/2023-08-30//valid//','CDMS_output.csv','SAVED','USER_DATA',76,149),(637,'2023-12-27 17:56:13','/STFS0029M/migration_data/SEP/2023-09-03//valid//','CDMS_output.csv','SAVED','USER_DATA',76,149),(638,'2023-12-27 18:02:30','/STFS0029M/migration_data/SEP/2023-09-29//valid//','CDMS_output.csv','SAVED','USER_DATA',76,149),(639,'2023-12-27 18:07:59','/STFS0029M/migration_data/AUG/2023-08-22//valid//','CDMS_output.csv','SAVED','USER_DATA',76,149),(640,'2023-12-27 18:13:33','/STFS0029M/migration_data/SEP/2023-09-26//valid//','CDMS_output.csv','SAVED','USER_DATA',76,149),(641,'2023-12-28 09:11:24','/STFS0029M/migration_data/AUG/2023-08-01//valid//','CDMS_output.csv','SAVED','USER_DATA',76,149),(642,'2023-12-28 09:33:30','/STFS0029M/migration_data/AUG/2023-08-01//valid//','CDMS_output.csv','SAVED','USER_DATA',76,149),(643,'2023-12-28 09:37:45','/STFS0029M/migration_data/AUG/2023-08-01//valid//','CDMS_output.csv','SAVED','USER_DATA',76,149),(644,'2023-12-28 09:40:50','/STFS0029M/migration_data/AUG/2023-08-01//valid//','CDMS_output.csv','SAVED','USER_DATA',76,149),(645,'2023-12-28 09:50:12','/STFS0029M/migration_data/SEP/2023-09-13//valid//','CDMS_output.csv','SAVED','USER_DATA',76,149),(646,'2023-12-28 09:52:32','/STFS0029M/migration_data/AUG/2023-08-03//valid//','CDMS_output.csv','SAVED','USER_DATA',76,149),(647,'2023-12-28 09:55:03','/STFS0029M/migration_data/SEP/2023-09-21//valid//','CDMS_output.csv','SAVED','USER_DATA',76,149),(648,'2023-12-28 09:57:44','/STFS0029M/migration_data/SEP/2023-09-07//valid//','CDMS_output.csv','SAVED','USER_DATA',76,149),(649,'2023-12-28 10:00:13','/STFS0029M/migration_data/SEP/2023-09-08//valid//','CDMS_output.csv','SAVED','USER_DATA',76,149),(650,'2023-12-28 10:02:11','/STFS0029M/migration_data/AUG/2023-08-07//valid//','CDMS_output.csv','SAVED','USER_DATA',76,149),(651,'2023-12-28 10:04:12','/STFS0029M/migration_data/AUG/2023-08-18//valid//','CDMS_output.csv','SAVED','USER_DATA',76,149),(652,'2023-12-28 10:06:08','/STFS0029M/migration_data/SEP/2023-09-02//valid//','CDMS_output.csv','SAVED','USER_DATA',76,149),(653,'2023-12-28 10:08:02','/STFS0029M/migration_data/AUG/2023-08-17//valid//','CDMS_output.csv','SAVED','USER_DATA',76,149),(654,'2023-12-28 10:09:55','/STFS0029M/migration_data/AUG/2023-08-06//valid//','CDMS_output.csv','SAVED','USER_DATA',76,149),(655,'2023-12-28 10:12:34','/STFS0029M/migration_data/SEP/2023-09-28//valid//','CDMS_output.csv','SAVED','USER_DATA',76,149),(656,'2023-12-28 10:14:26','/STFS0029M/migration_data/OCT/2023-10-14//valid//','CDMS_output.csv','SAVED','USER_DATA',76,149),(657,'2023-12-28 10:17:06','/STFS0029M/migration_data/SEP/2023-09-26//valid//','CDMS_output.csv','SAVED','USER_DATA',76,149),(658,'2023-12-28 10:19:52','/STFS0029M/migration_data/OCT/2023-10-17//valid//','CDMS_output.csv','SAVED','USER_DATA',76,149),(659,'2023-12-28 10:22:25','/STFS0029M/migration_data/AUG/2023-08-24//valid//','CDMS_output.csv','SAVED','USER_DATA',76,149),(660,'2023-12-28 10:24:51','/STFS0029M/migration_data/AUG/2023-08-04//valid//','CDMS_output.csv','SAVED','USER_DATA',76,149),(661,'2023-12-28 10:26:29','/STFS0029M/migration_data/OCT/2023-10-08//valid//','CDMS_output.csv','SAVED','USER_DATA',76,149),(662,'2023-12-28 10:29:13','/STFS0029M/migration_data/AUG/2023-08-02//valid//','CDMS_output.csv','SAVED','USER_DATA',76,149),(663,'2023-12-28 10:31:31','/STFS0029M/migration_data/AUG/2023-08-30//valid//','CDMS_output.csv','SAVED','USER_DATA',76,149),(664,'2023-12-28 10:33:13','/STFS0029M/migration_data/AUG/2023-08-13//valid//','CDMS_output.csv','SAVED','USER_DATA',76,149),(665,'2023-12-28 10:35:33','/STFS0029M/migration_data/OCT/2023-10-26//valid//','CDMS_output.csv','SAVED','USER_DATA',76,149),(666,'2023-12-28 10:37:46','/STFS0029M/migration_data/OCT/2023-10-31//valid//','CDMS_output.csv','SAVED','USER_DATA',76,149),(667,'2023-12-28 10:39:52','/STFS0029M/migration_data/SEP/2023-09-16//valid//','CDMS_output.csv','SAVED','USER_DATA',76,149),(668,'2023-12-28 10:42:36','/STFS0029M/migration_data/OCT/2023-10-24//valid//','CDMS_output.csv','SAVED','USER_DATA',76,149),(669,'2023-12-28 10:44:47','/STFS0029M/migration_data/AUG/2023-08-20//valid//','CDMS_output.csv','SAVED','USER_DATA',76,149),(670,'2023-12-28 10:47:41','/STFS0029M/migration_data/OCT/2023-10-18//valid//','CDMS_output.csv','SAVED','USER_DATA',76,149),(671,'2023-12-28 10:50:50','/STFS0029M/migration_data/SEP/2023-09-29//valid//','CDMS_output.csv','SAVED','USER_DATA',76,149),(672,'2023-12-28 10:54:12','/STFS0029M/migration_data/SEP/2023-09-14//valid//','CDMS_output.csv','SAVED','USER_DATA',76,149),(673,'2023-12-28 10:56:47','/STFS0029M/migration_data/OCT/2023-10-20//valid//','CDMS_output.csv','SAVED','USER_DATA',76,149),(674,'2023-12-28 10:59:22','/STFS0029M/migration_data/OCT/2023-10-19//valid//','CDMS_output.csv','SAVED','USER_DATA',76,149),(675,'2023-12-28 11:02:53','/STFS0029M/migration_data/OCT/2023-10-10//valid//','CDMS_output.csv','SAVED','USER_DATA',76,149),(676,'2023-12-28 11:07:35','/STFS0029M/migration_data/OCT/2023-10-02//valid//','CDMS_output.csv','SAVED','USER_DATA',76,149),(677,'2023-12-28 11:11:17','/STFS0029M/migration_data/AUG/2023-08-28//valid//','CDMS_output.csv','SAVED','USER_DATA',76,149),(678,'2023-12-28 11:15:20','/STFS0029M/migration_data/AUG/2023-08-11//valid//','CDMS_output.csv','SAVED','USER_DATA',76,149),(679,'2023-12-28 11:18:54','/STFS0029M/migration_data/SEP/2023-09-01//valid//','CDMS_output.csv','SAVED','USER_DATA',76,149),(680,'2023-12-28 11:22:20','/STFS0029M/migration_data/AUG/2023-08-15//valid//','CDMS_output.csv','SAVED','USER_DATA',76,149),(681,'2023-12-28 11:25:13','/STFS0029M/migration_data/AUG/2023-08-19//valid//','CDMS_output.csv','SAVED','USER_DATA',76,149),(682,'2023-12-28 11:30:07','/STFS0029M/migration_data/OCT/2023-10-06//valid//','CDMS_output.csv','SAVED','USER_DATA',76,149),(683,'2023-12-28 11:33:46','/STFS0029M/migration_data/SEP/2023-09-03//valid//','CDMS_output.csv','SAVED','USER_DATA',76,149),(684,'2023-12-28 11:36:21','/STFS0029M/migration_data/OCT/2023-10-15//valid//','CDMS_output.csv','SAVED','USER_DATA',76,149),(685,'2023-12-28 11:39:02','/STFS0029M/migration_data/OCT/2023-10-28//valid//','CDMS_output.csv','SAVED','USER_DATA',76,149),(686,'2023-12-28 11:43:46','/STFS0029M/migration_data/SEP/2023-09-18//valid//','CDMS_output.csv','SAVED','USER_DATA',76,149),(687,'2023-12-28 11:46:33','/STFS0029M/migration_data/OCT/2023-10-30//valid//','CDMS_output.csv','SAVED','USER_DATA',76,149),(688,'2023-12-28 11:51:04','/STFS0029M/migration_data/SEP/2023-09-22//valid//','CDMS_output.csv','SAVED','USER_DATA',76,149),(689,'2023-12-28 11:56:18','/STFS0029M/migration_data/OCT/2023-10-04//valid//','CDMS_output.csv','SAVED','USER_DATA',76,149),(690,'2023-12-28 12:01:29','/STFS0029M/migration_data/OCT/2023-10-05//valid//','CDMS_output.csv','SAVED','USER_DATA',76,149),(691,'2023-12-28 12:05:40','/STFS0029M/migration_data/AUG/2023-08-22//valid//','CDMS_output.csv','SAVED','USER_DATA',76,149),(692,'2023-12-28 12:10:54','/STFS0029M/migration_data/SEP/2023-09-12//valid//','CDMS_output.csv','SAVED','USER_DATA',76,149),(693,'2023-12-28 12:14:44','/STFS0029M/migration_data/SEP/2023-09-19//valid//','CDMS_output.csv','SAVED','USER_DATA',76,149),(694,'2023-12-28 12:18:55','/STFS0029M/migration_data/OCT/2023-10-25//valid//','CDMS_output.csv','SAVED','USER_DATA',76,149),(695,'2023-12-28 12:23:41','/STFS0029M/migration_data/SEP/2023-09-11//valid//','CDMS_output.csv','SAVED','USER_DATA',76,149),(696,'2023-12-28 12:27:20','/STFS0029M/migration_data/SEP/2023-09-10//valid//','CDMS_output.csv','SAVED','USER_DATA',76,149),(697,'2023-12-28 12:31:11','/STFS0029M/migration_data/AUG/2023-08-31//valid//','CDMS_output.csv','SAVED','USER_DATA',76,149),(698,'2023-12-28 12:35:00','/STFS0029M/migration_data/AUG/2023-08-14//valid//','CDMS_output.csv','SAVED','USER_DATA',76,149),(699,'2023-12-28 12:38:10','/STFS0029M/migration_data/SEP/2023-09-17//valid//','CDMS_output.csv','SAVED','USER_DATA',76,149),(700,'2023-12-28 12:43:12','/STFS0029M/migration_data/AUG/2023-08-09//valid//','CDMS_output.csv','SAVED','USER_DATA',76,149),(701,'2023-12-28 12:48:47','/STFS0029M/migration_data/SEP/2023-09-06//valid//','CDMS_output.csv','SAVED','USER_DATA',76,149),(702,'2023-12-28 12:53:30','/STFS0029M/migration_data/OCT/2023-10-12//valid//','CDMS_output.csv','SAVED','USER_DATA',76,149),(703,'2023-12-28 12:58:45','/STFS0029M/migration_data/OCT/2023-10-16//valid//','CDMS_output.csv','SAVED','USER_DATA',76,149),(704,'2023-12-28 13:04:08','/STFS0029M/migration_data/SEP/2023-09-15//valid//','CDMS_output.csv','SAVED','USER_DATA',76,149),(705,'2023-12-28 13:08:35','/STFS0029M/migration_data/SEP/2023-09-04//valid//','CDMS_output.csv','SAVED','USER_DATA',76,149),(706,'2023-12-28 13:12:57','/STFS0029M/migration_data/AUG/2023-08-29//valid//','CDMS_output.csv','SAVED','USER_DATA',76,149),(707,'2023-12-28 13:17:45','/STFS0029M/migration_data/SEP/2023-09-20//valid//','CDMS_output.csv','SAVED','USER_DATA',76,149),(708,'2023-12-28 13:22:08','/STFS0029M/migration_data/AUG/2023-08-23//valid//','CDMS_output.csv','SAVED','USER_DATA',76,149),(709,'2023-12-28 13:26:03','/STFS0029M/migration_data/OCT/2023-10-23//valid//','CDMS_output.csv','SAVED','USER_DATA',76,149),(710,'2023-12-28 13:29:40','/STFS0029M/migration_data/OCT/2023-10-07//valid//','CDMS_output.csv','SAVED','USER_DATA',76,149),(711,'2023-12-28 13:33:34','/STFS0029M/migration_data/SEP/2023-09-23//valid//','CDMS_output.csv','SAVED','USER_DATA',76,149),(712,'2023-12-28 13:38:09','/STFS0029M/migration_data/AUG/2023-08-21//valid//','CDMS_output.csv','SAVED','USER_DATA',76,149),(713,'2023-12-28 13:43:29','/STFS0029M/migration_data/OCT/2023-10-03//valid//','CDMS_output.csv','SAVED','USER_DATA',76,149),(714,'2023-12-28 13:47:29','/STFS0029M/migration_data/AUG/2023-08-12//valid//','CDMS_output.csv','SAVED','USER_DATA',76,149),(715,'2023-12-28 13:51:16','/STFS0029M/migration_data/SEP/2023-09-09//valid//','CDMS_output.csv','SAVED','USER_DATA',76,149),(716,'2023-12-28 13:53:55','/STFS0029M/migration_data/OCT/2023-10-22//valid//','CDMS_output.csv','SAVED','USER_DATA',76,149),(717,'2023-12-28 14:01:26','/STFS0029M/migration_data/OCT/2023-10-09//valid//','CDMS_output.csv','SAVED','USER_DATA',76,149),(718,'2023-12-28 14:05:53','/STFS0029M/migration_data/OCT/2023-10-01//valid//','CDMS_output.csv','SAVED','USER_DATA',76,149),(719,'2023-12-28 14:10:28','/STFS0029M/migration_data/OCT/2023-10-21//valid//','CDMS_output.csv','SAVED','USER_DATA',76,149),(720,'2023-12-28 14:15:08','/STFS0029M/migration_data/SEP/2023-09-24//valid//','CDMS_output.csv','SAVED','USER_DATA',76,149),(721,'2023-12-28 14:21:32','/STFS0029M/migration_data/SEP/2023-09-27//valid//','CDMS_output.csv','SAVED','USER_DATA',76,149),(722,'2023-12-28 14:27:03','/STFS0029M/migration_data/OCT/2023-10-27//valid//','CDMS_output.csv','SAVED','USER_DATA',76,149),(723,'2023-12-28 14:30:53','/STFS0029M/migration_data/AUG/2023-08-26//valid//','CDMS_output.csv','SAVED','USER_DATA',76,149),(724,'2023-12-28 14:36:06','/STFS0029M/migration_data/AUG/2023-08-27//valid//','CDMS_output.csv','SAVED','USER_DATA',76,149),(725,'2023-12-28 14:41:38','/STFS0029M/migration_data/AUG/2023-08-25//valid//','CDMS_output.csv','SAVED','USER_DATA',76,149),(726,'2023-12-28 14:47:51','/STFS0029M/migration_data/OCT/2023-10-13//valid//','CDMS_output.csv','SAVED','USER_DATA',76,149),(727,'2023-12-28 14:54:39','/STFS0029M/migration_data/SEP/2023-09-05//valid//','CDMS_output.csv','SAVED','USER_DATA',76,149),(728,'2023-12-28 15:00:28','/STFS0029M/migration_data/AUG/2023-08-08//valid//','CDMS_output.csv','SAVED','USER_DATA',76,149),(729,'2023-12-28 15:06:01','/STFS0029M/migration_data/AUG/2023-08-16//valid//','CDMS_output.csv','SAVED','USER_DATA',76,149),(730,'2023-12-28 15:13:13','/STFS0029M/migration_data/OCT/2023-10-11//valid//','CDMS_output.csv','SAVED','USER_DATA',76,149),(731,'2023-12-28 15:17:34','/STFS0029M/migration_data/OCT/2023-10-29//valid//','CDMS_output.csv','SAVED','USER_DATA',76,149),(732,'2023-12-28 15:24:05','/STFS0029M/migration_data/AUG/2023-08-10//valid//','CDMS_output.csv','SAVED','USER_DATA',76,149),(733,'2023-12-28 15:28:58','/STFS0029M/migration_data/AUG/2023-08-05//valid//','CDMS_output.csv','SAVED','USER_DATA',76,149),(734,'2023-12-28 15:35:16','/STFS0029M/migration_data/SEP/2023-09-30//valid//','CDMS_output.csv','SAVED','USER_DATA',76,149),(735,'2023-12-28 15:42:45','/STFS0029M/migration_data/SEP/2023-09-25//valid//','CDMS_output.csv','SAVED','USER_DATA',76,149),(736,'2024-01-03 14:02:12','/STFS0029M/migration_transaction/2023-08-12//valid//','CORPORATE_TXN_BENE_CDMS_output.csv','SAVED','USER_DATA',76,149),(737,'2024-01-03 14:33:10','/STFS0029M/migration_transaction/2023-08-12//valid//','CORPORATE_TXN_SENDER_CDMS_output.csv','SAVED','USER_DATA',76,149),(738,'2024-01-03 23:13:07','/STFS0029M/migration_transaction/2023-10-16//valid//','CORPORATE_TXN_BENE_CDMS_output.csv','SAVED','USER_DATA',76,149),(739,'2024-01-03 23:14:47','/STFS0029M/migration_transaction/2023-09-26//valid//','CORPORATE_TXN_BENE_CDMS_output.csv','SAVED','USER_DATA',76,149),(740,'2024-01-03 23:16:31','/STFS0029M/migration_transaction/2023-08-13//valid//','CORPORATE_TXN_BENE_CDMS_output.csv','SAVED','USER_DATA',76,149),(741,'2024-01-03 23:25:59','/STFS0029M/migration_transaction/2023-08-14//valid//','CORPORATE_TXN_BENE_CDMS_output.csv','SAVED','USER_DATA',76,149),(742,'2024-01-03 23:28:49','/STFS0029M/migration_transaction/2023-09-02//valid//','CORPORATE_TXN_BENE_CDMS_output.csv','SAVED','USER_DATA',76,149),(743,'2024-01-03 23:30:23','/STFS0029M/migration_transaction/2023-10-25//valid//','CORPORATE_TXN_BENE_CDMS_output.csv','SAVED','USER_DATA',76,149),(744,'2024-01-03 23:40:43','/STFS0029M/migration_transaction/2023-08-02//valid//','CORPORATE_TXN_BENE_CDMS_output.csv','SAVED','USER_DATA',76,149),(745,'2024-01-04 00:22:05','/STFS0029M/migration_transaction/2023-10-29//valid//','CORPORATE_TXN_BENE_CDMS_output.csv','SAVED','USER_DATA',76,149),(746,'2024-01-04 00:23:42','/STFS0029M/migration_transaction/2023-10-29//valid//','CORPORATE_TXN_BENE_CDMS_output.csv','SAVED','USER_DATA',76,149),(747,'2024-01-04 00:25:56','/STFS0029M/migration_transaction/2023-09-09//valid//','CORPORATE_TXN_BENE_CDMS_output.csv','SAVED','USER_DATA',76,149),(748,'2024-01-04 01:16:53','/STFS0029M/1491704352612890/','CUSTOMER_sample.csv','SAVED','USER_DATA',85,149),(749,'2024-01-04 01:22:38','/STFS0029M/1491704352958034/','CDMS_output(dup).csv','SAVED','USER_DATA',85,149),(750,'2024-01-04 03:27:52','/STFS0029M/migration_transaction/2023-09-25//valid//','CORPORATE_TXN_BENE_CDMS_output.csv','SAVED','USER_DATA',76,149),(751,'2024-01-04 03:28:54','/STFS0029M/migration_transaction/2023-08-23//valid//','CORPORATE_TXN_BENE_CDMS_output.csv','SAVED','USER_DATA',76,149),(752,'2024-01-04 03:35:07','/STFS0029M/migration_transaction/2023-10-06//valid//','TO_BANK_OUTWARD_TXN_BENE_CDMS_output.csv','SAVED','USER_DATA',76,149),(753,'2024-01-04 03:39:10','/STFS0029M/migration_transaction/2023-10-24//valid//','CORPORATE_TXN_BENE_CDMS_output.csv','SAVED','USER_DATA',76,149),(754,'2024-01-04 03:40:37','/STFS0029M/migration_transaction/2023-10-29//valid//','CORPORATE_TXN_BENE_CDMS_output.csv','SAVED','USER_DATA',76,149),(755,'2024-01-04 03:43:21','/STFS0029M/migration_transaction/2023-09-07//valid//','CORPORATE_TXN_BENE_CDMS_output.csv','SAVED','USER_DATA',76,149),(756,'2024-01-04 03:49:14','/STFS0029M/migration_transaction/2023-10-27//valid//','CORPORATE_TXN_BENE_CDMS_output.csv','SAVED','USER_DATA',76,149),(757,'2024-01-04 04:10:27','/STFS0029M/1491704363026888/','CUSTOMER(dummy).csv','SAVED','USER_DATA',85,149),(758,'2024-01-04 04:12:49','/STFS0029M/1491704363169013/','CUSTOMER(dummy).csv','SAVED','USER_DATA',85,149),(759,'2024-01-04 04:34:17','/STFS0029M/1491704364456769/','CUSTOMER(dummy).csv','SAVED','USER_DATA',85,149),(760,'2024-01-04 04:35:41','/STFS0029M/1491704364540952/','CUSTOMER(dummy).csv','SAVED','USER_DATA',85,149),(761,'2024-01-04 05:13:44','/STFS0029M/migration_transaction/2023-10-07//valid//','CORPORATE_TXN_BENE_CDMS_output.csv','SAVED','USER_DATA',76,149),(762,'2024-01-04 05:16:55','/STFS0029M/migration_transaction/2023-09-04//valid//','CORPORATE_TXN_BENE_CDMS_output.csv','SAVED','USER_DATA',76,149),(763,'2024-01-04 05:20:16','/STFS0029M/migration_transaction/2023-09-10//valid//','CORPORATE_TXN_BENE_CDMS_output.csv','SAVED','USER_DATA',76,149),(764,'2024-01-04 06:16:30','/STFS0029M/migration_transaction/2023-10-31//valid//','CORPORATE_TXN_BENE_CDMS_output.csv','SAVED','USER_DATA',76,149),(765,'2024-01-04 06:23:40','/STFS0029M/migration_transaction/2023-10-02//valid//','CORPORATE_TXN_BENE_CDMS_output.csv','SAVED','USER_DATA',76,149),(766,'2024-01-04 08:15:44','/STFS0029M/migration_transaction/2023-08-11//valid//','CORPORATE_TXN_BENE_CDMS_output.csv','SAVED','USER_DATA',76,149),(767,'2024-01-04 13:10:00','/STFS0029M/migration_transaction/2023-08-20//valid//','CORPORATE_TXN_BENE_CDMS_output.csv','SAVED','USER_DATA',76,149),(768,'2024-01-04 13:27:39','/STFS0029M/migration_transaction/2023-08-20//valid//','CORPORATE_TXN_SENDER_CDMS_output.csv','SAVED','USER_DATA',76,149),(769,'2024-01-04 20:47:06','/STFS0029M/migration_transaction/2023-09-03//valid//','CORPORATE_TXN_BENE_CDMS_output.csv','SAVED','USER_DATA',76,149),(770,'2024-01-04 21:08:10','/STFS0029M/migration_transaction/2023-09-03//valid//','CORPORATE_TXN_SENDER_CDMS_output.csv','SAVED','USER_DATA',76,149),(771,'2024-01-05 06:47:18','/STFS0029M/migration_transaction/2023-09-08//valid//','CORPORATE_TXN_BENE_CDMS_output.csv','SAVED','USER_DATA',76,149),(772,'2024-01-05 07:01:10','/STFS0029M/migration_transaction/2023-09-08//valid//','CORPORATE_TXN_SENDER_CDMS_output.csv','SAVED','USER_DATA',76,149),(773,'2024-01-05 07:49:53','/STFS0029M/migration_transaction/2023-10-16//valid//','CORPORATE_TXN_BENE_CDMS_output.csv','SAVED','USER_DATA',76,149),(774,'2024-01-05 07:51:19','/STFS0029M/migration_transaction/2023-10-16//valid//','CORPORATE_TXN_SENDER_CDMS_output.csv','SAVED','USER_DATA',76,149),(775,'2024-01-05 14:34:14','/STFS0029M/migration_data/AUG/2023-08-30//valid//','CDMS_output.csv','SAVED','USER_DATA',76,149),(776,'2024-01-05 14:36:39','/STFS0029M/migration_data/OCT/2023-10-04//valid//','CDMS_output.csv','SAVED','USER_DATA',76,149),(777,'2024-01-05 14:40:00','/STFS0029M/migration_data/SEP/2023-09-07//valid//','CDMS_output.csv','SAVED','USER_DATA',76,149),(778,'2024-01-05 14:41:37','/STFS0029M/migration_data/SEP/2023-09-26//valid//','CDMS_output.csv','SAVED','USER_DATA',76,149),(779,'2024-01-05 14:42:37','/STFS0029M/migration_data/OCT/2023-10-30//valid//','CDMS_output.csv','SAVED','USER_DATA',76,149),(780,'2024-01-05 14:43:40','/STFS0029M/migration_data/OCT/2023-10-01//valid//','CDMS_output.csv','SAVED','USER_DATA',76,149),(781,'2024-01-05 14:45:37','/STFS0029M/migration_data/SEP/2023-09-12//valid//','CDMS_output.csv','SAVED','USER_DATA',76,149),(782,'2024-01-05 14:47:25','/STFS0029M/migration_data/OCT/2023-10-05//valid//','CDMS_output.csv','SAVED','USER_DATA',76,149),(783,'2024-01-05 14:48:40','/STFS0029M/migration_data/AUG/2023-08-27//valid//','CDMS_output.csv','SAVED','USER_DATA',76,149),(784,'2024-01-05 14:50:08','/STFS0029M/migration_data/AUG/2023-08-23//valid//','CDMS_output.csv','SAVED','USER_DATA',76,149),(785,'2024-01-05 14:51:40','/STFS0029M/migration_data/OCT/2023-10-13//valid//','CDMS_output.csv','SAVED','USER_DATA',76,149),(786,'2024-01-05 14:52:59','/STFS0029M/migration_data/AUG/2023-08-30//valid//','CDMS_output.csv','SAVED','USER_DATA',76,149),(787,'2024-01-05 14:54:29','/STFS0029M/migration_data/AUG/2023-08-24//valid//','CDMS_output.csv','SAVED','USER_DATA',76,149),(788,'2024-01-05 14:55:42','/STFS0029M/migration_data/AUG/2023-08-06//valid//','CDMS_output.csv','SAVED','USER_DATA',76,149),(789,'2024-01-05 14:57:31','/STFS0029M/migration_data/OCT/2023-10-06//valid//','CDMS_output.csv','SAVED','USER_DATA',76,149),(790,'2024-01-05 14:58:29','/STFS0029M/migration_data/OCT/2023-10-29//valid//','CDMS_output.csv','SAVED','USER_DATA',76,149),(791,'2024-01-05 14:59:22','/STFS0029M/migration_data/OCT/2023-10-22//valid//','CDMS_output.csv','SAVED','USER_DATA',76,149),(792,'2024-01-05 15:00:40','/STFS0029M/migration_data/AUG/2023-08-07//valid//','CDMS_output.csv','SAVED','USER_DATA',76,149),(793,'2024-01-05 15:02:00','/STFS0029M/migration_data/SEP/2023-09-02//valid//','CDMS_output.csv','SAVED','USER_DATA',76,149),(794,'2024-01-05 15:03:42','/STFS0029M/migration_data/SEP/2023-09-28//valid//','CDMS_output.csv','SAVED','USER_DATA',76,149),(795,'2024-01-05 15:05:00','/STFS0029M/migration_data/AUG/2023-08-16//valid//','CDMS_output.csv','SAVED','USER_DATA',76,149),(796,'2024-01-05 15:06:47','/STFS0029M/migration_data/OCT/2023-10-10//valid//','CDMS_output.csv','SAVED','USER_DATA',76,149),(797,'2024-01-05 15:08:09','/STFS0029M/migration_data/OCT/2023-10-27//valid//','CDMS_output.csv','SAVED','USER_DATA',76,149),(798,'2024-01-05 15:09:47','/STFS0029M/migration_data/SEP/2023-09-22//valid//','CDMS_output.csv','SAVED','USER_DATA',76,149),(799,'2024-01-05 15:11:33','/STFS0029M/migration_data/OCT/2023-10-02//valid//','CDMS_output.csv','SAVED','USER_DATA',76,149),(800,'2024-01-05 15:13:02','/STFS0029M/migration_data/AUG/2023-08-22//valid//','CDMS_output.csv','SAVED','USER_DATA',76,149),(801,'2024-01-05 15:14:47','/STFS0029M/migration_data/SEP/2023-09-15//valid//','CDMS_output.csv','SAVED','USER_DATA',76,149),(802,'2024-01-05 15:16:20','/STFS0029M/migration_data/AUG/2023-08-10//valid//','CDMS_output.csv','SAVED','USER_DATA',76,149),(803,'2024-01-05 15:17:31','/STFS0029M/migration_data/SEP/2023-09-16//valid//','CDMS_output.csv','SAVED','USER_DATA',76,149),(804,'2024-01-05 15:19:12','/STFS0029M/migration_data/OCT/2023-10-11//valid//','CDMS_output.csv','SAVED','USER_DATA',76,149),(805,'2024-01-05 15:20:21','/STFS0029M/migration_data/SEP/2023-09-24//valid//','CDMS_output.csv','SAVED','USER_DATA',76,149),(806,'2024-01-05 15:21:26','/STFS0029M/migration_data/AUG/2023-08-19//valid//','CDMS_output.csv','SAVED','USER_DATA',76,149),(807,'2024-01-05 15:23:12','/STFS0029M/migration_data/SEP/2023-09-13//valid//','CDMS_output.csv','SAVED','USER_DATA',76,149),(808,'2024-01-05 15:24:48','/STFS0029M/migration_data/OCT/2023-10-09//valid//','CDMS_output.csv','SAVED','USER_DATA',76,149),(809,'2024-01-05 15:25:56','/STFS0029M/migration_data/OCT/2023-10-14//valid//','CDMS_output.csv','SAVED','USER_DATA',76,149),(810,'2024-01-05 15:26:59','/STFS0029M/migration_data/OCT/2023-10-21//valid//','CDMS_output.csv','SAVED','USER_DATA',76,149),(811,'2024-01-05 15:28:49','/STFS0029M/migration_data/SEP/2023-09-06//valid//','CDMS_output.csv','SAVED','USER_DATA',76,149),(812,'2024-01-05 15:30:17','/STFS0029M/migration_data/AUG/2023-08-04//valid//','CDMS_output.csv','SAVED','USER_DATA',76,149),(813,'2024-01-05 15:31:33','/STFS0029M/migration_data/AUG/2023-08-17//valid//','CDMS_output.csv','SAVED','USER_DATA',76,149),(814,'2024-01-05 15:32:52','/STFS0029M/migration_data/OCT/2023-10-20//valid//','CDMS_output.csv','SAVED','USER_DATA',76,149),(815,'2024-01-05 15:33:52','/STFS0029M/migration_data/OCT/2023-10-28//valid//','CDMS_output.csv','SAVED','USER_DATA',76,149),(816,'2024-01-05 15:35:36','/STFS0029M/migration_data/SEP/2023-09-14//valid//','CDMS_output.csv','SAVED','USER_DATA',76,149),(817,'2024-01-05 15:37:10','/STFS0029M/migration_data/AUG/2023-08-02//valid//','CDMS_output.csv','SAVED','USER_DATA',76,149),(818,'2024-01-05 15:38:50','/STFS0029M/migration_data/SEP/2023-09-18//valid//','CDMS_output.csv','SAVED','USER_DATA',76,149),(819,'2024-01-05 15:40:17','/STFS0029M/migration_data/AUG/2023-08-29//valid//','CDMS_output.csv','SAVED','USER_DATA',76,149),(820,'2024-01-05 15:41:47','/STFS0029M/migration_data/OCT/2023-10-24//valid//','CDMS_output.csv','SAVED','USER_DATA',76,149),(821,'2024-01-05 15:43:22','/STFS0029M/migration_data/SEP/2023-09-19//valid//','CDMS_output.csv','SAVED','USER_DATA',76,149),(822,'2024-01-05 15:44:21','/STFS0029M/migration_data/AUG/2023-08-26//valid//','CDMS_output.csv','SAVED','USER_DATA',76,149),(823,'2024-01-05 15:45:44','/STFS0029M/migration_data/OCT/2023-10-19//valid//','CDMS_output.csv','SAVED','USER_DATA',76,149),(824,'2024-01-05 15:47:13','/STFS0029M/migration_data/SEP/2023-09-04//valid//','CDMS_output.csv','SAVED','USER_DATA',76,149),(825,'2024-01-05 15:48:33','/STFS0029M/migration_data/SEP/2023-09-03//valid//','CDMS_output.csv','SAVED','USER_DATA',76,149),(826,'2024-01-05 15:49:50','/STFS0029M/migration_data/AUG/2023-08-12//valid//','CDMS_output.csv','SAVED','USER_DATA',76,149),(827,'2024-01-05 15:51:25','/STFS0029M/migration_data/OCT/2023-10-12//valid//','CDMS_output.csv','SAVED','USER_DATA',76,149),(828,'2024-01-05 15:52:44','/STFS0029M/migration_data/AUG/2023-08-25//valid//','CDMS_output.csv','SAVED','USER_DATA',76,149),(829,'2024-01-05 15:54:18','/STFS0029M/migration_data/SEP/2023-09-20//valid//','CDMS_output.csv','SAVED','USER_DATA',76,149),(830,'2024-01-05 15:56:01','/STFS0029M/migration_data/SEP/2023-09-25//valid//','CDMS_output.csv','SAVED','USER_DATA',76,149),(831,'2024-01-05 15:56:57','/STFS0029M/migration_data/AUG/2023-08-13//valid//','CDMS_output.csv','SAVED','USER_DATA',76,149),(832,'2024-01-05 15:58:14','/STFS0029M/migration_data/SEP/2023-09-10//valid//','CDMS_output.csv','SAVED','USER_DATA',76,149),(833,'2024-01-05 16:00:06','/STFS0029M/migration_data/OCT/2023-10-04//valid//','CDMS_output.csv','SAVED','USER_DATA',76,149),(834,'2024-01-05 16:01:28','/STFS0029M/migration_data/SEP/2023-09-01//valid//','CDMS_output.csv','SAVED','USER_DATA',76,149),(835,'2024-01-05 16:03:10','/STFS0029M/migration_data/SEP/2023-09-29//valid//','CDMS_output.csv','SAVED','USER_DATA',76,149),(836,'2024-01-05 16:04:32','/STFS0029M/migration_data/AUG/2023-08-14//valid//','CDMS_output.csv','SAVED','USER_DATA',76,149),(837,'2024-01-05 16:06:14','/STFS0029M/migration_data/AUG/2023-08-09//valid//','CDMS_output.csv','SAVED','USER_DATA',76,149),(838,'2024-01-05 16:07:54','/STFS0029M/migration_data/SEP/2023-09-11//valid//','CDMS_output.csv','SAVED','USER_DATA',76,149),(839,'2024-01-05 16:09:19','/STFS0029M/migration_data/OCT/2023-10-25//valid//','CDMS_output.csv','SAVED','USER_DATA',76,149),(840,'2024-01-05 16:10:37','/STFS0029M/migration_data/AUG/2023-08-18//valid//','CDMS_output.csv','SAVED','USER_DATA',76,149),(841,'2024-01-05 16:11:34','/STFS0029M/migration_data/OCT/2023-10-15//valid//','CDMS_output.csv','SAVED','USER_DATA',76,149),(842,'2024-01-05 16:12:46','/STFS0029M/migration_data/AUG/2023-08-15//valid//','CDMS_output.csv','SAVED','USER_DATA',76,149),(843,'2024-01-05 16:14:01','/STFS0029M/migration_data/OCT/2023-10-23//valid//','CDMS_output.csv','SAVED','USER_DATA',76,149),(844,'2024-01-05 16:15:17','/STFS0029M/migration_data/SEP/2023-09-09//valid//','CDMS_output.csv','SAVED','USER_DATA',76,149),(845,'2024-01-05 16:16:45','/STFS0029M/migration_data/SEP/2023-09-30//valid//','CDMS_output.csv','SAVED','USER_DATA',76,149),(846,'2024-01-05 16:18:08','/STFS0029M/migration_data/AUG/2023-08-28//valid//','CDMS_output.csv','SAVED','USER_DATA',76,149),(847,'2024-01-05 16:19:53','/STFS0029M/migration_data/SEP/2023-09-21//valid//','CDMS_output.csv','SAVED','USER_DATA',76,149),(848,'2024-01-05 16:21:22','/STFS0029M/migration_data/AUG/2023-08-21//valid//','CDMS_output.csv','SAVED','USER_DATA',76,149),(849,'2024-01-05 16:22:39','/STFS0029M/migration_data/SEP/2023-09-23//valid//','CDMS_output.csv','SAVED','USER_DATA',76,149),(850,'2024-01-05 16:24:03','/STFS0029M/migration_data/AUG/2023-08-01//valid//','CDMS_output.csv','SAVED','USER_DATA',76,149),(851,'2024-01-05 16:25:44','/STFS0029M/migration_data/OCT/2023-10-18//valid//','CDMS_output.csv','SAVED','USER_DATA',76,149),(852,'2024-01-05 16:27:08','/STFS0029M/migration_data/AUG/2023-08-08//valid//','CDMS_output.csv','SAVED','USER_DATA',76,149),(853,'2024-01-05 16:28:20','/STFS0029M/migration_data/AUG/2023-08-20//valid//','CDMS_output.csv','SAVED','USER_DATA',76,149),(854,'2024-01-05 16:29:37','/STFS0029M/migration_data/AUG/2023-08-31//valid//','CDMS_output.csv','SAVED','USER_DATA',76,149),(855,'2024-01-05 16:31:15','/STFS0029M/migration_data/SEP/2023-09-05//valid//','CDMS_output.csv','SAVED','USER_DATA',76,149),(856,'2024-01-05 16:32:32','/STFS0029M/migration_data/OCT/2023-10-31//valid//','CDMS_output.csv','SAVED','USER_DATA',76,149),(857,'2024-01-05 16:33:50','/STFS0029M/migration_data/OCT/2023-10-26//valid//','CDMS_output.csv','SAVED','USER_DATA',76,149),(858,'2024-01-05 16:35:35','/STFS0029M/migration_data/OCT/2023-10-03//valid//','CDMS_output.csv','SAVED','USER_DATA',76,149),(859,'2024-01-05 16:37:15','/STFS0029M/migration_data/SEP/2023-09-08//valid//','CDMS_output.csv','SAVED','USER_DATA',76,149),(860,'2024-01-05 16:38:55','/STFS0029M/migration_data/AUG/2023-08-03//valid//','CDMS_output.csv','SAVED','USER_DATA',76,149),(861,'2024-01-05 16:40:41','/STFS0029M/migration_data/OCT/2023-10-17//valid//','CDMS_output.csv','SAVED','USER_DATA',76,149),(862,'2024-01-05 16:42:15','/STFS0029M/migration_data/SEP/2023-09-27//valid//','CDMS_output.csv','SAVED','USER_DATA',76,149),(863,'2024-01-05 16:43:22','/STFS0029M/migration_data/OCT/2023-10-07//valid//','CDMS_output.csv','SAVED','USER_DATA',76,149),(864,'2024-01-05 16:44:28','/STFS0029M/migration_data/SEP/2023-09-17//valid//','CDMS_output.csv','SAVED','USER_DATA',76,149),(865,'2024-01-05 16:45:27','/STFS0029M/migration_data/OCT/2023-10-08//valid//','CDMS_output.csv','SAVED','USER_DATA',76,149),(866,'2024-01-05 16:46:55','/STFS0029M/migration_data/AUG/2023-08-11//valid//','CDMS_output.csv','SAVED','USER_DATA',76,149),(867,'2024-01-05 16:48:43','/STFS0029M/migration_data/OCT/2023-10-16//valid//','CDMS_output.csv','SAVED','USER_DATA',76,149),(868,'2024-01-05 16:49:50','/STFS0029M/migration_data/AUG/2023-08-05//valid//','CDMS_output.csv','SAVED','USER_DATA',76,149),(869,'2024-01-05 23:15:37','/STFS0029M/migration_data/AUG/2023-08-05//valid//','CDMS_output.csv','SAVED','USER_DATA',76,149),(870,'2024-01-05 23:16:49','/STFS0029M/migration_data/AUG/2023-08-17//valid//','CDMS_output.csv','SAVED','USER_DATA',76,149),(871,'2024-01-05 23:18:02','/STFS0029M/migration_data/SEP/2023-09-09//valid//','CDMS_output.csv','SAVED','USER_DATA',76,149),(872,'2024-01-05 23:19:17','/STFS0029M/migration_data/OCT/2023-10-14//valid//','CDMS_output.csv','SAVED','USER_DATA',76,149),(873,'2024-01-05 23:21:14','/STFS0029M/migration_data/SEP/2023-09-06//valid//','CDMS_output.csv','SAVED','USER_DATA',76,149),(874,'2024-01-05 23:22:46','/STFS0029M/migration_data/AUG/2023-08-04//valid//','CDMS_output.csv','SAVED','USER_DATA',76,149),(875,'2024-01-05 23:24:42','/STFS0029M/migration_data/SEP/2023-09-07//valid//','CDMS_output.csv','SAVED','USER_DATA',76,149),(876,'2024-01-05 23:26:17','/STFS0029M/migration_data/AUG/2023-08-18//valid//','CDMS_output.csv','SAVED','USER_DATA',76,149),(877,'2024-01-05 23:28:20','/STFS0029M/migration_data/SEP/2023-09-18//valid//','CDMS_output.csv','SAVED','USER_DATA',76,149),(878,'2024-01-05 23:30:21','/STFS0029M/migration_data/OCT/2023-10-18//valid//','CDMS_output.csv','SAVED','USER_DATA',76,149),(879,'2024-01-05 23:32:12','/STFS0029M/migration_data/AUG/2023-08-22//valid//','CDMS_output.csv','SAVED','USER_DATA',76,149),(880,'2024-01-05 23:34:10','/STFS0029M/migration_data/AUG/2023-08-11//valid//','CDMS_output.csv','SAVED','USER_DATA',76,149),(881,'2024-01-05 23:36:28','/STFS0029M/migration_data/SEP/2023-09-21//valid//','CDMS_output.csv','SAVED','USER_DATA',76,149),(882,'2024-01-05 23:38:57','/STFS0029M/migration_data/SEP/2023-09-13//valid//','CDMS_output.csv','SAVED','USER_DATA',76,149),(883,'2024-01-05 23:41:06','/STFS0029M/migration_data/OCT/2023-10-12//valid//','CDMS_output.csv','SAVED','USER_DATA',76,149),(884,'2024-01-05 23:42:32','/STFS0029M/migration_data/OCT/2023-10-30//valid//','CDMS_output.csv','SAVED','USER_DATA',76,149),(885,'2024-01-05 23:44:40','/STFS0029M/migration_data/AUG/2023-08-21//valid//','CDMS_output.csv','SAVED','USER_DATA',76,149),(886,'2024-01-05 23:46:24','/STFS0029M/migration_data/SEP/2023-09-16//valid//','CDMS_output.csv','SAVED','USER_DATA',76,149),(887,'2024-01-05 23:47:49','/STFS0029M/migration_data/OCT/2023-10-08//valid//','CDMS_output.csv','SAVED','USER_DATA',76,149),(888,'2024-01-05 23:50:14','/STFS0029M/migration_data/OCT/2023-10-09//valid//','CDMS_output.csv','SAVED','USER_DATA',76,149),(889,'2024-01-05 23:52:15','/STFS0029M/migration_data/OCT/2023-10-19//valid//','CDMS_output.csv','SAVED','USER_DATA',76,149),(890,'2024-01-05 23:55:10','/STFS0029M/migration_data/OCT/2023-10-04//valid//','CDMS_output.csv','SAVED','USER_DATA',76,149),(891,'2024-01-05 23:56:50','/STFS0029M/migration_data/OCT/2023-10-01//valid//','CDMS_output.csv','SAVED','USER_DATA',76,149),(892,'2024-01-05 23:58:36','/STFS0029M/migration_data/OCT/2023-10-21//valid//','CDMS_output.csv','SAVED','USER_DATA',76,149),(893,'2024-01-06 00:01:17','/STFS0029M/migration_data/SEP/2023-09-28//valid//','CDMS_output.csv','SAVED','USER_DATA',76,149),(894,'2024-01-06 00:04:06','/STFS0029M/migration_data/SEP/2023-09-25//valid//','CDMS_output.csv','SAVED','USER_DATA',76,149),(895,'2024-01-06 00:06:41','/STFS0029M/migration_data/AUG/2023-08-24//valid//','CDMS_output.csv','SAVED','USER_DATA',76,149),(896,'2024-01-06 00:09:40','/STFS0029M/migration_data/OCT/2023-10-16//valid//','CDMS_output.csv','SAVED','USER_DATA',76,149),(897,'2024-01-06 00:12:00','/STFS0029M/migration_data/AUG/2023-08-25//valid//','CDMS_output.csv','SAVED','USER_DATA',76,149),(898,'2024-01-06 00:14:20','/STFS0029M/migration_data/SEP/2023-09-23//valid//','CDMS_output.csv','SAVED','USER_DATA',76,149),(899,'2024-01-06 00:16:50','/STFS0029M/migration_data/OCT/2023-10-20//valid//','CDMS_output.csv','SAVED','USER_DATA',76,149),(900,'2024-01-06 00:19:23','/STFS0029M/migration_data/AUG/2023-08-30//valid//','CDMS_output.csv','SAVED','USER_DATA',76,149),(901,'2024-01-06 00:22:26','/STFS0029M/migration_data/SEP/2023-09-22//valid//','CDMS_output.csv','SAVED','USER_DATA',76,149),(902,'2024-01-06 00:25:03','/STFS0029M/migration_data/AUG/2023-08-14//valid//','CDMS_output.csv','SAVED','USER_DATA',76,149),(903,'2024-01-06 00:27:55','/STFS0029M/migration_data/AUG/2023-08-23//valid//','CDMS_output.csv','SAVED','USER_DATA',76,149),(904,'2024-01-06 00:30:33','/STFS0029M/migration_data/SEP/2023-09-03//valid//','CDMS_output.csv','SAVED','USER_DATA',76,149),(905,'2024-01-06 00:34:11','/STFS0029M/migration_data/AUG/2023-08-09//valid//','CDMS_output.csv','SAVED','USER_DATA',76,149),(906,'2024-01-06 00:38:07','/STFS0029M/migration_data/OCT/2023-10-06//valid//','CDMS_output.csv','SAVED','USER_DATA',76,149),(907,'2024-01-06 00:41:59','/STFS0029M/migration_data/SEP/2023-09-15//valid//','CDMS_output.csv','SAVED','USER_DATA',76,149),(908,'2024-01-06 00:45:34','/STFS0029M/migration_data/OCT/2023-10-13//valid//','CDMS_output.csv','SAVED','USER_DATA',76,149),(909,'2024-01-06 00:49:33','/STFS0029M/migration_data/OCT/2023-10-11//valid//','CDMS_output.csv','SAVED','USER_DATA',76,149),(910,'2024-01-06 00:52:36','/STFS0029M/migration_data/AUG/2023-08-15//valid//','CDMS_output.csv','SAVED','USER_DATA',76,149),(911,'2024-01-06 00:56:05','/STFS0029M/migration_data/SEP/2023-09-19//valid//','CDMS_output.csv','SAVED','USER_DATA',76,149),(912,'2024-01-06 00:58:55','/STFS0029M/migration_data/SEP/2023-09-24//valid//','CDMS_output.csv','SAVED','USER_DATA',76,149),(913,'2024-01-06 01:01:19','/STFS0029M/migration_data/AUG/2023-08-26//valid//','CDMS_output.csv','SAVED','USER_DATA',76,149),(914,'2024-01-06 01:05:37','/STFS0029M/migration_data/OCT/2023-10-17//valid//','CDMS_output.csv','SAVED','USER_DATA',76,149),(915,'2024-01-06 01:08:50','/STFS0029M/migration_data/AUG/2023-08-31//valid//','CDMS_output.csv','SAVED','USER_DATA',76,149),(916,'2024-01-06 01:13:26','/STFS0029M/migration_data/OCT/2023-10-02//valid//','CDMS_output.csv','SAVED','USER_DATA',76,149),(917,'2024-01-06 01:16:54','/STFS0029M/migration_data/OCT/2023-10-27//valid//','CDMS_output.csv','SAVED','USER_DATA',76,149),(918,'2024-01-06 01:20:26','/STFS0029M/migration_data/AUG/2023-08-12//valid//','CDMS_output.csv','SAVED','USER_DATA',76,149),(919,'2024-01-06 01:25:24','/STFS0029M/migration_data/OCT/2023-10-05//valid//','CDMS_output.csv','SAVED','USER_DATA',76,149),(920,'2024-01-06 01:28:54','/STFS0029M/migration_data/OCT/2023-10-31//valid//','CDMS_output.csv','SAVED','USER_DATA',76,149),(921,'2024-01-06 01:33:02','/STFS0029M/migration_data/SEP/2023-09-04//valid//','CDMS_output.csv','SAVED','USER_DATA',76,149),(922,'2024-01-06 01:37:53','/STFS0029M/migration_data/SEP/2023-09-11//valid//','CDMS_output.csv','SAVED','USER_DATA',76,149),(923,'2024-01-06 01:42:55','/STFS0029M/migration_data/OCT/2023-10-03//valid//','CDMS_output.csv','SAVED','USER_DATA',76,149),(924,'2024-01-06 01:47:36','/STFS0029M/migration_data/AUG/2023-08-02//valid//','CDMS_output.csv','SAVED','USER_DATA',76,149),(925,'2024-01-06 01:51:27','/STFS0029M/migration_data/AUG/2023-08-16//valid//','CDMS_output.csv','SAVED','USER_DATA',76,149),(926,'2024-01-06 01:55:20','/STFS0029M/migration_data/AUG/2023-08-27//valid//','CDMS_output.csv','SAVED','USER_DATA',76,149),(927,'2024-01-06 02:00:39','/STFS0029M/migration_data/AUG/2023-08-03//valid//','CDMS_output.csv','SAVED','USER_DATA',76,149),(928,'2024-01-06 02:04:47','/STFS0029M/migration_data/SEP/2023-09-10//valid//','CDMS_output.csv','SAVED','USER_DATA',76,149),(929,'2024-01-06 02:07:47','/STFS0029M/migration_data/OCT/2023-10-15//valid//','CDMS_output.csv','SAVED','USER_DATA',76,149),(930,'2024-01-06 02:10:52','/STFS0029M/migration_data/AUG/2023-08-13//valid//','CDMS_output.csv','SAVED','USER_DATA',76,149),(931,'2024-01-06 02:13:59','/STFS0029M/migration_data/OCT/2023-10-29//valid//','CDMS_output.csv','SAVED','USER_DATA',76,149),(932,'2024-01-06 02:20:05','/STFS0029M/migration_data/SEP/2023-09-12//valid//','CDMS_output.csv','SAVED','USER_DATA',76,149),(933,'2024-01-06 02:23:22','/STFS0029M/migration_data/OCT/2023-10-28//valid//','CDMS_output.csv','SAVED','USER_DATA',76,149),(934,'2024-01-06 02:28:28','/STFS0029M/migration_data/OCT/2023-10-24//valid//','CDMS_output.csv','SAVED','USER_DATA',76,149),(935,'2024-01-06 02:32:29','/STFS0029M/migration_data/AUG/2023-08-20//valid//','CDMS_output.csv','SAVED','USER_DATA',76,149),(936,'2024-01-06 02:37:13','/STFS0029M/migration_data/SEP/2023-09-01//valid//','CDMS_output.csv','SAVED','USER_DATA',76,149),(937,'2024-01-06 02:42:19','/STFS0029M/migration_data/SEP/2023-09-30//valid//','CDMS_output.csv','SAVED','USER_DATA',76,149),(938,'2024-01-06 02:46:22','/STFS0029M/migration_data/OCT/2023-10-07//valid//','CDMS_output.csv','SAVED','USER_DATA',76,149),(939,'2024-01-06 02:50:33','/STFS0029M/migration_data/AUG/2023-08-06//valid//','CDMS_output.csv','SAVED','USER_DATA',76,149),(940,'2024-01-06 02:55:15','/STFS0029M/migration_data/OCT/2023-10-23//valid//','CDMS_output.csv','SAVED','USER_DATA',76,149),(941,'2024-01-07 09:08:50','/STFS0029M/migration_data/AUG/2023-08-08//valid//','CDMS_output.csv','SAVED','USER_DATA',76,149),(942,'2024-01-07 09:10:22','/STFS0029M/migration_data/SEP/2023-09-30//valid//','CDMS_output.csv','SAVED','USER_DATA',76,149),(943,'2024-01-07 09:12:24','/STFS0029M/migration_data/SEP/2023-09-06//valid//','CDMS_output.csv','SAVED','USER_DATA',76,149),(944,'2024-01-07 09:13:53','/STFS0029M/migration_data/AUG/2023-08-14//valid//','CDMS_output.csv','SAVED','USER_DATA',76,149),(945,'2024-01-07 09:15:19','/STFS0029M/migration_data/AUG/2023-08-27//valid//','CDMS_output.csv','SAVED','USER_DATA',76,149),(946,'2024-01-07 09:16:29','/STFS0029M/migration_data/AUG/2023-08-26//valid//','CDMS_output.csv','SAVED','USER_DATA',76,149),(947,'2024-01-07 09:18:23','/STFS0029M/migration_data/SEP/2023-09-26//valid//','CDMS_output.csv','SAVED','USER_DATA',76,149),(948,'2024-01-07 09:19:40','/STFS0029M/migration_data/AUG/2023-08-19//valid//','CDMS_output.csv','SAVED','USER_DATA',76,149),(949,'2024-01-07 09:21:40','/STFS0029M/migration_data/AUG/2023-08-03//valid//','CDMS_output.csv','SAVED','USER_DATA',76,149),(950,'2024-01-07 09:23:42','/STFS0029M/migration_data/SEP/2023-09-18//valid//','CDMS_output.csv','SAVED','USER_DATA',76,149),(951,'2024-01-07 09:25:17','/STFS0029M/migration_data/SEP/2023-09-02//valid//','CDMS_output.csv','SAVED','USER_DATA',76,149),(952,'2024-01-07 09:26:27','/STFS0029M/migration_data/OCT/2023-10-15//valid//','CDMS_output.csv','SAVED','USER_DATA',76,149),(953,'2024-01-07 09:28:09','/STFS0029M/migration_data/SEP/2023-09-01//valid//','CDMS_output.csv','SAVED','USER_DATA',76,149),(954,'2024-01-07 09:29:40','/STFS0029M/migration_data/OCT/2023-10-14//valid//','CDMS_output.csv','SAVED','USER_DATA',76,149),(955,'2024-01-07 09:31:59','/STFS0029M/migration_data/SEP/2023-09-14//valid//','CDMS_output.csv','SAVED','USER_DATA',76,149),(956,'2024-01-07 09:34:17','/STFS0029M/migration_data/OCT/2023-10-02//valid//','CDMS_output.csv','SAVED','USER_DATA',76,149),(957,'2024-01-07 09:36:18','/STFS0029M/migration_data/OCT/2023-10-25//valid//','CDMS_output.csv','SAVED','USER_DATA',76,149),(958,'2024-01-07 09:37:52','/STFS0029M/migration_data/SEP/2023-09-17//valid//','CDMS_output.csv','SAVED','USER_DATA',76,149),(959,'2024-01-07 09:40:05','/STFS0029M/migration_data/OCT/2023-10-13//valid//','CDMS_output.csv','SAVED','USER_DATA',76,149),(960,'2024-01-07 09:42:11','/STFS0029M/migration_data/AUG/2023-08-11//valid//','CDMS_output.csv','SAVED','USER_DATA',76,149),(961,'2024-01-07 09:44:22','/STFS0029M/migration_data/AUG/2023-08-22//valid//','CDMS_output.csv','SAVED','USER_DATA',76,149),(962,'2024-01-07 09:46:49','/STFS0029M/migration_data/OCT/2023-10-09//valid//','CDMS_output.csv','SAVED','USER_DATA',76,149),(963,'2024-01-07 09:48:29','/STFS0029M/migration_data/OCT/2023-10-21//valid//','CDMS_output.csv','SAVED','USER_DATA',76,149),(964,'2024-01-07 09:50:57','/STFS0029M/migration_data/SEP/2023-09-27//valid//','CDMS_output.csv','SAVED','USER_DATA',76,149),(965,'2024-01-07 09:53:30','/STFS0029M/migration_data/SEP/2023-09-22//valid//','CDMS_output.csv','SAVED','USER_DATA',76,149),(966,'2024-01-07 09:56:23','/STFS0029M/migration_data/SEP/2023-09-13//valid//','CDMS_output.csv','SAVED','USER_DATA',76,149),(967,'2024-01-07 09:59:54','/STFS0029M/migration_data/OCT/2023-10-20//valid//','CDMS_output.csv','SAVED','USER_DATA',76,149),(968,'2024-01-07 10:01:50','/STFS0029M/migration_data/SEP/2023-09-24//valid//','CDMS_output.csv','SAVED','USER_DATA',76,149),(969,'2024-01-07 10:03:31','/STFS0029M/migration_data/AUG/2023-08-13//valid//','CDMS_output.csv','SAVED','USER_DATA',76,149),(970,'2024-01-07 10:06:52','/STFS0029M/migration_data/OCT/2023-10-04//valid//','CDMS_output.csv','SAVED','USER_DATA',76,149),(971,'2024-01-07 10:08:54','/STFS0029M/migration_data/AUG/2023-08-05//valid//','CDMS_output.csv','SAVED','USER_DATA',76,149),(972,'2024-01-07 10:12:07','/STFS0029M/migration_data/OCT/2023-10-17//valid//','CDMS_output.csv','SAVED','USER_DATA',76,149),(973,'2024-01-07 10:15:29','/STFS0029M/migration_data/SEP/2023-09-21//valid//','CDMS_output.csv','SAVED','USER_DATA',76,149),(974,'2024-01-07 10:18:17','/STFS0029M/migration_data/AUG/2023-08-28//valid//','CDMS_output.csv','SAVED','USER_DATA',76,149),(975,'2024-01-07 10:21:20','/STFS0029M/migration_data/OCT/2023-10-24//valid//','CDMS_output.csv','SAVED','USER_DATA',76,149),(976,'2024-01-07 10:24:52','/STFS0029M/migration_data/SEP/2023-09-11//valid//','CDMS_output.csv','SAVED','USER_DATA',76,149),(977,'2024-01-07 10:28:16','/STFS0029M/migration_data/SEP/2023-09-20//valid//','CDMS_output.csv','SAVED','USER_DATA',76,149),(978,'2024-01-07 10:30:29','/STFS0029M/migration_data/OCT/2023-10-28//valid//','CDMS_output.csv','SAVED','USER_DATA',76,149),(979,'2024-01-07 10:34:18','/STFS0029M/migration_data/SEP/2023-09-25//valid//','CDMS_output.csv','SAVED','USER_DATA',76,149),(980,'2024-01-07 10:37:19','/STFS0029M/migration_data/AUG/2023-08-25//valid//','CDMS_output.csv','SAVED','USER_DATA',76,149),(981,'2024-01-07 10:41:06','/STFS0029M/migration_data/OCT/2023-10-18//valid//','CDMS_output.csv','SAVED','USER_DATA',76,149),(982,'2024-01-07 10:44:45','/STFS0029M/migration_data/AUG/2023-08-24//valid//','CDMS_output.csv','SAVED','USER_DATA',76,149),(983,'2024-01-07 10:47:54','/STFS0029M/migration_data/OCT/2023-10-27//valid//','CDMS_output.csv','SAVED','USER_DATA',76,149),(984,'2024-01-07 10:50:21','/STFS0029M/migration_data/OCT/2023-10-08//valid//','CDMS_output.csv','SAVED','USER_DATA',76,149),(985,'2024-01-07 10:54:09','/STFS0029M/migration_data/SEP/2023-09-19//valid//','CDMS_output.csv','SAVED','USER_DATA',76,149),(986,'2024-01-07 10:58:48','/STFS0029M/migration_data/OCT/2023-10-10//valid//','CDMS_output.csv','SAVED','USER_DATA',76,149),(987,'2024-01-07 11:03:05','/STFS0029M/migration_data/AUG/2023-08-09//valid//','CDMS_output.csv','SAVED','USER_DATA',76,149),(988,'2024-01-07 11:06:52','/STFS0029M/migration_data/AUG/2023-08-23//valid//','CDMS_output.csv','SAVED','USER_DATA',76,149),(989,'2024-01-07 11:10:31','/STFS0029M/migration_data/OCT/2023-10-19//valid//','CDMS_output.csv','SAVED','USER_DATA',76,149),(990,'2024-01-07 11:15:43','/STFS0029M/migration_data/SEP/2023-09-12//valid//','CDMS_output.csv','SAVED','USER_DATA',76,149),(991,'2024-01-07 11:19:17','/STFS0029M/migration_data/AUG/2023-08-16//valid//','CDMS_output.csv','SAVED','USER_DATA',76,149),(992,'2024-01-07 11:23:07','/STFS0029M/migration_data/AUG/2023-08-07//valid//','CDMS_output.csv','SAVED','USER_DATA',76,149),(993,'2024-01-07 11:26:45','/STFS0029M/migration_data/AUG/2023-08-12//valid//','CDMS_output.csv','SAVED','USER_DATA',76,149),(994,'2024-01-07 11:30:32','/STFS0029M/migration_data/SEP/2023-09-23//valid//','CDMS_output.csv','SAVED','USER_DATA',76,149),(995,'2024-01-07 11:35:22','/STFS0029M/migration_data/SEP/2023-09-29//valid//','CDMS_output.csv','SAVED','USER_DATA',76,149),(996,'2024-01-07 11:39:40','/STFS0029M/migration_data/SEP/2023-09-04//valid//','CDMS_output.csv','SAVED','USER_DATA',76,149),(997,'2024-01-07 11:43:25','/STFS0029M/migration_data/SEP/2023-09-03//valid//','CDMS_output.csv','SAVED','USER_DATA',76,149),(998,'2024-01-07 11:48:17','/STFS0029M/migration_data/AUG/2023-08-02//valid//','CDMS_output.csv','SAVED','USER_DATA',76,149),(999,'2024-01-07 11:52:05','/STFS0029M/migration_data/AUG/2023-08-31//valid//','CDMS_output.csv','SAVED','USER_DATA',76,149),(1000,'2024-01-07 11:56:58','/STFS0029M/migration_data/OCT/2023-10-12//valid//','CDMS_output.csv','SAVED','USER_DATA',76,149),(1001,'2024-01-07 12:02:27','/STFS0029M/migration_data/SEP/2023-09-28//valid//','CDMS_output.csv','SAVED','USER_DATA',76,149),(1002,'2024-01-07 12:07:54','/STFS0029M/migration_data/SEP/2023-09-08//valid//','CDMS_output.csv','SAVED','USER_DATA',76,149),(1003,'2024-01-07 12:13:34','/STFS0029M/migration_data/OCT/2023-10-03//valid//','CDMS_output.csv','SAVED','USER_DATA',76,149),(1004,'2024-01-07 12:17:34','/STFS0029M/migration_data/SEP/2023-09-10//valid//','CDMS_output.csv','SAVED','USER_DATA',76,149),(1005,'2024-01-07 12:21:20','/STFS0029M/migration_data/AUG/2023-08-20//valid//','CDMS_output.csv','SAVED','USER_DATA',76,149),(1006,'2024-01-07 12:25:42','/STFS0029M/migration_data/AUG/2023-08-30//valid//','CDMS_output.csv','SAVED','USER_DATA',76,149),(1007,'2024-01-07 12:31:46','/STFS0029M/migration_data/OCT/2023-10-05//valid//','CDMS_output.csv','SAVED','USER_DATA',76,149),(1008,'2024-01-07 12:36:55','/STFS0029M/migration_data/AUG/2023-08-29//valid//','CDMS_output.csv','SAVED','USER_DATA',76,149),(1009,'2024-01-07 12:42:03','/STFS0029M/migration_data/AUG/2023-08-21//valid//','CDMS_output.csv','SAVED','USER_DATA',76,149),(1010,'2024-01-07 12:46:44','/STFS0029M/migration_data/AUG/2023-08-18//valid//','CDMS_output.csv','SAVED','USER_DATA',76,149),(1011,'2024-01-07 12:51:08','/STFS0029M/migration_data/AUG/2023-08-17//valid//','CDMS_output.csv','SAVED','USER_DATA',76,149),(1012,'2024-01-07 12:55:45','/STFS0029M/migration_data/OCT/2023-10-23//valid//','CDMS_output.csv','SAVED','USER_DATA',76,149),(1013,'2024-01-07 13:01:08','/STFS0029M/migration_data/AUG/2023-08-04//valid//','CDMS_output.csv','SAVED','USER_DATA',76,149),(1014,'2024-01-07 13:06:38','/STFS0029M/migration_data/AUG/2023-08-10//valid//','CDMS_output.csv','SAVED','USER_DATA',76,149),(1015,'2024-01-07 13:10:57','/STFS0029M/migration_data/AUG/2023-08-06//valid//','CDMS_output.csv','SAVED','USER_DATA',76,149),(1016,'2024-01-07 13:15:51','/STFS0029M/migration_data/OCT/2023-10-31//valid//','CDMS_output.csv','SAVED','USER_DATA',76,149),(1017,'2024-01-07 13:19:45','/STFS0029M/migration_data/OCT/2023-10-30//valid//','CDMS_output.csv','SAVED','USER_DATA',76,149),(1018,'2024-01-07 13:26:33','/STFS0029M/migration_data/SEP/2023-09-15//valid//','CDMS_output.csv','SAVED','USER_DATA',76,149),(1019,'2024-01-07 13:31:40','/STFS0029M/migration_data/SEP/2023-09-16//valid//','CDMS_output.csv','SAVED','USER_DATA',76,149),(1020,'2024-01-07 13:38:59','/STFS0029M/migration_data/SEP/2023-09-07//valid//','CDMS_output.csv','SAVED','USER_DATA',76,149),(1021,'2024-01-07 13:45:50','/STFS0029M/migration_data/OCT/2023-10-16//valid//','CDMS_output.csv','SAVED','USER_DATA',76,149),(1022,'2024-01-07 13:50:03','/STFS0029M/migration_data/OCT/2023-10-01//valid//','CDMS_output.csv','SAVED','USER_DATA',76,149),(1023,'2024-01-07 13:53:52','/STFS0029M/migration_data/OCT/2023-10-29//valid//','CDMS_output.csv','SAVED','USER_DATA',76,149),(1024,'2024-01-07 13:59:04','/STFS0029M/migration_data/AUG/2023-08-15//valid//','CDMS_output.csv','SAVED','USER_DATA',76,149),(1025,'2024-01-07 14:06:51','/STFS0029M/migration_data/OCT/2023-10-06//valid//','CDMS_output.csv','SAVED','USER_DATA',76,149),(1026,'2024-01-07 14:10:35','/STFS0029M/migration_data/OCT/2023-10-22//valid//','CDMS_output.csv','SAVED','USER_DATA',76,149),(1027,'2024-01-07 14:17:15','/STFS0029M/migration_data/SEP/2023-09-05//valid//','CDMS_output.csv','SAVED','USER_DATA',76,149),(1028,'2024-01-07 14:23:12','/STFS0029M/migration_data/AUG/2023-08-01//valid//','CDMS_output.csv','SAVED','USER_DATA',76,149),(1029,'2024-01-07 14:28:31','/STFS0029M/migration_data/SEP/2023-09-09//valid//','CDMS_output.csv','SAVED','USER_DATA',76,149),(1030,'2024-01-07 14:35:50','/STFS0029M/migration_data/OCT/2023-10-11//valid//','CDMS_output.csv','SAVED','USER_DATA',76,149),(1031,'2024-01-07 14:40:55','/STFS0029M/migration_data/OCT/2023-10-07//valid//','CDMS_output.csv','SAVED','USER_DATA',76,149),(1032,'2024-01-07 23:43:47','/STFS0029M/migration_data/SEP/2023-09-12//valid//','CDMS_output.csv','SAVED','USER_DATA',76,149),(1033,'2024-01-08 00:00:00','/STFS0029M/migration_data/SEP/2023-09-14//valid//','CDMS_output.csv','SAVED','USER_DATA',76,149),(1034,'2024-01-08 00:16:12','/STFS0029M/migration_data/AUG/2023-08-10//valid//','CDMS_output.csv','SAVED','USER_DATA',76,149),(1035,'2024-01-08 03:04:29','/STFS0029M/migration_transaction/2023-08-12//valid//','CORPORATE_TXN_BENE_CDMS_output.csv','SAVED','USER_DATA',85,149),(1036,'2024-01-08 03:29:49','/STFS0029M/migration_transaction/2023-08-12//valid//','CORPORATE_TXN_SENDER_CDMS_output.csv','SAVED','USER_DATA',85,149),(1037,'2024-01-08 11:07:29','/STFS0029M/migration_transaction/2023-09-23//valid//','CORPORATE_TXN_BENE_CDMS_output.csv','SAVED','USER_DATA',85,149),(1038,'2024-01-08 11:17:42','/STFS0029M/migration_transaction/2023-08-29//valid//','CORPORATE_TXN_BENE_CDMS_output.csv','SAVED','USER_DATA',85,149),(1039,'2024-01-08 11:21:31','/STFS0029M/migration_transaction/2023-08-29//valid//','CORPORATE_TXN_SENDER_CDMS_output.csv','SAVED','USER_DATA',85,149),(1040,'2024-01-08 11:27:14','/STFS0029M/migration_transaction/2023-08-29//valid//','DOMESTIC_INWARD_TXN_BENE_CDMS_output.csv','SAVED','USER_DATA',85,149),(1041,'2024-01-08 11:32:15','/STFS0029M/migration_transaction/2023-08-29//valid//','DOMESTIC_INWARD_TXN_SENDER_CDMS_output.csv','SAVED','USER_DATA',85,149),(1042,'2024-01-08 11:35:16','/STFS0029M/migration_transaction/2023-08-25//valid//','CORPORATE_TXN_BENE_CDMS_output.csv','SAVED','USER_DATA',85,149),(1043,'2024-01-08 11:37:35','/STFS0029M/migration_transaction/2023-08-29//valid//','DOMESTIC_OUTWARD_TXN_BENE_CDMS_output.csv','SAVED','USER_DATA',85,149),(1044,'2024-01-08 11:40:10','/STFS0029M/migration_transaction/2023-09-08//valid//','CORPORATE_TXN_BENE_CDMS_output.csv','SAVED','USER_DATA',85,149),(1045,'2024-01-08 13:35:13','/STFS0029M/migration_transaction/2023-10-06//valid//','TO_BANK_OUTWARD_TXN_BENE_CDMS_output.csv','SAVED','USER_DATA',85,149),(1046,'2024-01-08 13:35:39','/STFS0029M/migration_transaction/2023-10-06//valid//','TO_BANK_OUTWARD_TXN_SENDER_CDMS_output.csv','SAVED','USER_DATA',85,149),(1047,'2024-01-08 13:41:12','/STFS0029M/migration_transaction/2023-10-06//valid//','CORPORATE_TXN_BENE_CDMS_output.csv','SAVED','USER_DATA',85,149),(1048,'2024-01-08 13:46:23','/STFS0029M/migration_transaction/2023-10-06//valid//','CORPORATE_TXN_SENDER_CDMS_output.csv','SAVED','USER_DATA',85,149),(1049,'2024-01-08 13:55:59','/STFS0029M/migration_transaction/2023-09-02//valid//','CORPORATE_TXN_BENE_CDMS_output.csv','SAVED','USER_DATA',85,149),(1050,'2024-01-08 14:04:36','/STFS0029M/migration_transaction/2023-10-18//valid//','CORPORATE_TXN_BENE_CDMS_output.csv','SAVED','USER_DATA',85,149),(1051,'2024-01-09 01:35:24','/STFS0029M/migration_transaction/2023-09-24//valid//','CORPORATE_TXN_BENE_CDMS_output.csv','SAVED','USER_DATA',85,149),(1052,'2024-01-09 01:38:57','/STFS0029M/migration_transaction/2023-08-18//valid//','CORPORATE_TXN_BENE_CDMS_output.csv','SAVED','USER_DATA',85,149),(1053,'2024-01-09 01:41:01','/STFS0029M/migration_transaction/2023-09-01//valid//','CORPORATE_TXN_BENE_CDMS_output.csv','SAVED','USER_DATA',85,149),(1054,'2024-01-09 01:49:08','/STFS0029M/migration_transaction/2023-10-20//valid//','CORPORATE_TXN_BENE_CDMS_output.csv','SAVED','USER_DATA',85,149),(1055,'2024-01-09 02:07:38','/STFS0029M/migration_transaction/2023-09-07//valid//','CORPORATE_TXN_BENE_CDMS_output.csv','SAVED','USER_DATA',85,149),(1056,'2024-01-09 02:27:49','/STFS0029M/migration_transaction/2023-09-22//valid//','CORPORATE_TXN_BENE_CDMS_output.csv','SAVED','USER_DATA',85,149),(1057,'2024-01-09 02:30:59','/STFS0029M/migration_transaction/2023-08-23//valid//','CORPORATE_TXN_BENE_CDMS_output.csv','SAVED','USER_DATA',85,149),(1058,'2024-01-09 03:17:32','/STFS0029M/migration_transaction/2023-10-23//valid//','CORPORATE_TXN_BENE_CDMS_output.csv','SAVED','USER_DATA',85,149),(1059,'2024-01-09 03:46:41','/STFS0029M/migration_transaction/2023-08-22//valid//','CORPORATE_TXN_BENE_CDMS_output.csv','SAVED','USER_DATA',85,149),(1060,'2024-01-09 03:51:18','/STFS0029M/migration_transaction/2023-08-22//valid//','CORPORATE_TXN_SENDER_CDMS_output.csv','SAVED','USER_DATA',85,149),(1061,'2024-01-09 05:59:45','/STFS0029M/migration_transaction/2023-08-24//valid//','TO_BANK_OUTWARD_TXN_SENDER_CDMS_output.csv','SAVED','USER_DATA',85,149),(1062,'2024-01-09 11:42:00','/STFS0029M/migration_transaction/2023-10-08//valid//','CORPORATE_TXN_BENE_CDMS_output.csv','SAVED','USER_DATA',85,149),(1063,'2024-01-09 11:57:02','/STFS0029M/migration_transaction/2023-10-08//valid//','CORPORATE_TXN_SENDER_CDMS_output.csv','SAVED','USER_DATA',85,149),(1064,'2024-01-09 12:58:28','/STFS0029M/migration_transaction/2023-10-08//valid//','DOMESTIC_INWARD_TXN_BENE_CDMS_output.csv','SAVED','USER_DATA',85,149),(1065,'2024-01-09 14:09:53','/STFS0029M/migration_transaction/2023-10-08//valid//','INTERNATIONAL_INWARD_TXN_BENE_CDMS_output.csv','SAVED','USER_DATA',85,149),(1066,'2024-01-09 14:17:07','/STFS0029M/migration_transaction/2023-10-08//valid//','INTERNATIONAL_OUTWARD_TXN_BENE_CDMS_output.csv','SAVED','USER_DATA',85,149),(1067,'2024-01-09 14:24:09','/STFS0029M/migration_transaction/2023-10-08//valid//','TO_BANK_OUTWARD_TXN_BENE_CDMS_output.csv','SAVED','USER_DATA',85,149),(1068,'2024-01-09 14:31:17','/STFS0029M/migration_transaction/2023-10-08//valid//','TO_BANK_OUTWARD_TXN_SENDER_CDMS_output.csv','SAVED','USER_DATA',85,149),(1069,'2024-01-10 09:12:34','/STFS0029M/migration_data/AUG/2023-08-10//valid//','CDMS_output.csv','SAVED','USER_DATA',76,149),(1070,'2024-01-10 09:18:02','/STFS0029M/migration_transaction/2023-10-08/valid/','CORPORATE_TXN_BENE_CDMS_output.csv','SAVED','USER_DATA',85,149),(1071,'2024-01-10 09:18:51','/STFS0029M/migration_transaction/2023-10-08/valid/','CORPORATE_TXN_BENE_CDMS_output.csv','SAVED','USER_DATA',85,149),(1072,'2024-01-10 09:19:43','/STFS0029M/migration_transaction/2023-10-08/valid/','CORPORATE_TXN_BENE_CDMS_output.csv','SAVED','USER_DATA',85,149),(1073,'2024-01-10 09:30:08','/STFS0029M/migration_data/AUG/2023-08-10//valid//','CDMS_output.csv','SAVED','USER_DATA',76,149),(1074,'2024-01-10 09:35:19','/STFS0029M/migration_data/AUG/2023-08-07//valid//','CDMS_output.csv','SAVED','USER_DATA',76,149),(1075,'2024-01-10 09:42:18','/STFS0029M/migration_data/SEP/2023-09-12//valid//','CDMS_output.csv','SAVED','USER_DATA',76,149),(1076,'2024-01-10 09:49:02','/STFS0029M/migration_data/SEP/2023-09-14//valid//','CDMS_output.csv','SAVED','USER_DATA',76,149),(1077,'2024-01-10 21:35:48','/STFS0029M/migration_transaction/2023-09-07//valid//','CORPORATE_TXN_BENE_CDMS_output.csv','SAVED','USER_DATA',85,149),(1078,'2024-01-10 21:36:39','/STFS0029M/migration_transaction/2023-09-07//valid//','CORPORATE_TXN_SENDER_CDMS_output.csv','SAVED','USER_DATA',85,149),(1079,'2024-01-10 21:37:47','/STFS0029M/migration_transaction/2023-09-07//valid//','DEDUP_ACCIDENT_INSURANCE_CDMS_output.csv','SAVED','USER_DATA',85,149),(1080,'2024-01-10 21:47:05','/STFS0029M/migration_transaction/2023-09-07//valid//','DEDUP_E-LOADING_CDMS_output.csv','SAVED','USER_DATA',85,149),(1081,'2024-01-10 21:48:07','/STFS0029M/migration_transaction/2023-09-07//valid//','DOMESTIC_INWARD_TXN_BENE_CDMS_output.csv','SAVED','USER_DATA',85,149),(1082,'2024-01-10 21:49:08','/STFS0029M/migration_transaction/2023-09-07//valid//','DOMESTIC_INWARD_TXN_SENDER_CDMS_output.csv','SAVED','USER_DATA',85,149),(1083,'2024-01-10 21:50:08','/STFS0029M/migration_transaction/2023-09-07//valid//','DOMESTIC_OUTWARD_TXN_BENE_CDMS_output.csv','SAVED','USER_DATA',85,149),(1084,'2024-01-10 21:51:09','/STFS0029M/migration_transaction/2023-09-07//valid//','DOMESTIC_OUTWARD_TXN_SENDER_CDMS_output.csv','SAVED','USER_DATA',85,149),(1085,'2024-01-10 21:52:08','/STFS0029M/migration_transaction/2023-09-07//valid//','INTERNATIONAL_INWARD_TXN_BENE_CDMS_output.csv','SAVED','USER_DATA',85,149),(1086,'2024-01-10 21:53:08','/STFS0029M/migration_transaction/2023-09-07//valid//','INTERNATIONAL_INWARD_TXN_SENDER_CDMS_output.csv','SAVED','USER_DATA',85,149),(1087,'2024-01-10 21:53:13','/STFS0029M/migration_transaction/2023-09-07//valid//','INTERNATIONAL_OUTWARD_TXN_BENE_CDMS_output.csv','SAVED','USER_DATA',85,149),(1088,'2024-01-10 21:53:18','/STFS0029M/migration_transaction/2023-09-07//valid//','INTERNATIONAL_OUTWARD_TXN_SENDER_CDMS_output.csv','SAVED','USER_DATA',85,149),(1089,'2024-01-10 21:53:29','/STFS0029M/migration_transaction/2023-09-07//valid//','MC_BOUGHT_FROM_CUSTOMER_CDMS_output.csv','SAVED','USER_DATA',85,149),(1090,'2024-01-10 21:54:21','/STFS0029M/migration_transaction/2023-09-07//valid//','PAWNING_TRANSACTION_CDMS_output.csv','SAVED','USER_DATA',85,149),(1091,'2024-01-10 21:54:33','/STFS0029M/migration_transaction/2023-09-07//valid//','TO_BANK_OUTWARD_TXN_BENE_CDMS_output.csv','SAVED','USER_DATA',85,149),(1092,'2024-01-10 21:54:46','/STFS0029M/migration_transaction/2023-09-07//valid//','TO_BANK_OUTWARD_TXN_SENDER_CDMS_output.csv','SAVED','USER_DATA',85,149),(1093,'2024-01-10 21:54:57','/STFS0029M/migration_transaction/2023-08-10//valid//','CORPORATE_TXN_BENE_CDMS_output.csv','SAVED','USER_DATA',85,149),(1094,'2024-01-10 22:12:00','/STFS0029M/migration_transaction/2023-08-11//valid//','CORPORATE_TXN_BENE_CDMS_output.csv','SAVED','USER_DATA',85,149),(1095,'2024-01-10 22:24:08','/STFS0029M/migration_transaction/2023-08-11//valid//','CORPORATE_TXN_SENDER_CDMS_output.csv','SAVED','USER_DATA',85,149),(1096,'2024-01-10 22:28:33','/STFS0029M/migration_transaction/2023-08-11//valid//','DEDUP_ACCIDENT_INSURANCE_CDMS_output.csv','SAVED','USER_DATA',85,149),(1097,'2024-01-10 22:51:38','/STFS0029M/migration_transaction/2023-08-11//valid//','DOMESTIC_INWARD_TXN_BENE_CDMS_output.csv','SAVED','USER_DATA',85,149),(1098,'2024-01-10 23:13:39','/STFS0029M/migration_transaction/2023-08-11//valid//','DOMESTIC_INWARD_TXN_SENDER_CDMS_output.csv','SAVED','USER_DATA',85,149),(1099,'2024-01-10 23:37:08','/STFS0029M/migration_transaction/2023-08-11//valid//','DOMESTIC_OUTWARD_TXN_BENE_CDMS_output.csv','SAVED','USER_DATA',85,149),(1100,'2024-01-10 23:59:15','/STFS0029M/migration_transaction/2023-08-11//valid//','DOMESTIC_OUTWARD_TXN_SENDER_CDMS_output.csv','SAVED','USER_DATA',85,149),(1101,'2024-01-11 00:09:25','/STFS0029M/migration_transaction/2023-08-11//valid//','INTERNATIONAL_INWARD_TXN_BENE_CDMS_output.csv','SAVED','USER_DATA',85,149),(1102,'2024-01-11 00:16:05','/STFS0029M/migration_transaction/2023-08-11//valid//','INTERNATIONAL_OUTWARD_TXN_BENE_CDMS_output.csv','SAVED','USER_DATA',85,149),(1103,'2024-01-11 00:16:10','/STFS0029M/migration_transaction/2023-08-11//valid//','INTERNATIONAL_OUTWARD_TXN_SENDER_CDMS_output.csv','SAVED','USER_DATA',85,149),(1104,'2024-01-11 00:16:23','/STFS0029M/migration_transaction/2023-08-11//valid//','MC_BOUGHT_FROM_CUSTOMER_CDMS_output.csv','SAVED','USER_DATA',85,149),(1105,'2024-01-11 00:21:13','/STFS0029M/migration_transaction/2023-08-11//valid//','PAWNING_TRANSACTION_CDMS_output.csv','SAVED','USER_DATA',85,149),(1106,'2024-01-11 00:21:21','/STFS0029M/migration_transaction/2023-08-11//valid//','TO_BANK_OUTWARD_TXN_BENE_CDMS_output.csv','SAVED','USER_DATA',85,149),(1107,'2024-01-11 00:21:33','/STFS0029M/migration_transaction/2023-08-11//valid//','TO_BANK_OUTWARD_TXN_SENDER_CDMS_output.csv','SAVED','USER_DATA',85,149),(1108,'2024-01-11 00:32:27','/STFS0029M/migration_transaction/2023-08-09//valid//','CORPORATE_TXN_BENE_CDMS_output.csv','SAVED','USER_DATA',85,149),(1109,'2024-01-11 00:44:57','/STFS0029M/migration_transaction/2023-08-09//valid//','CORPORATE_TXN_SENDER_CDMS_output.csv','SAVED','USER_DATA',85,149),(1110,'2024-01-11 00:49:24','/STFS0029M/migration_transaction/2023-08-09//valid//','DEDUP_ACCIDENT_INSURANCE_CDMS_output.csv','SAVED','USER_DATA',85,149),(1111,'2024-01-11 01:11:40','/STFS0029M/migration_transaction/2023-08-09//valid//','DOMESTIC_INWARD_TXN_BENE_CDMS_output.csv','SAVED','USER_DATA',85,149),(1112,'2024-01-11 01:33:16','/STFS0029M/migration_transaction/2023-08-09//valid//','DOMESTIC_INWARD_TXN_SENDER_CDMS_output.csv','SAVED','USER_DATA',85,149),(1113,'2024-01-11 01:55:23','/STFS0029M/migration_transaction/2023-08-09//valid//','DOMESTIC_OUTWARD_TXN_BENE_CDMS_output.csv','SAVED','USER_DATA',85,149),(1114,'2024-01-11 02:16:07','/STFS0029M/migration_transaction/2023-08-09//valid//','DOMESTIC_OUTWARD_TXN_SENDER_CDMS_output.csv','SAVED','USER_DATA',85,149),(1115,'2024-01-11 16:21:22','/STFS0029M/migration_data//overall//','valid_CDMS.csv','SAVED','USER_DATA',76,149),(1116,'2024-01-11 02:33:16','/STFS0029M/migration_transaction/2023-08-09//valid//','INTERNATIONAL_INWARD_TXN_SENDER_CDMS_output.csv','SAVED','USER_DATA',85,149),(1117,'2024-01-11 02:33:21','/STFS0029M/migration_transaction/2023-08-09//valid//','INTERNATIONAL_OUTWARD_TXN_BENE_CDMS_output.csv','SAVED','USER_DATA',85,149),(1118,'2024-01-11 02:33:26','/STFS0029M/migration_transaction/2023-08-09//valid//','INTERNATIONAL_OUTWARD_TXN_SENDER_CDMS_output.csv','SAVED','USER_DATA',85,149),(1119,'2024-01-11 02:33:44','/STFS0029M/migration_transaction/2023-08-09//valid//','MC_BOUGHT_FROM_CUSTOMER_CDMS_output.csv','SAVED','USER_DATA',85,149),(1120,'2024-01-11 02:37:42','/STFS0029M/migration_transaction/2023-08-09//valid//','PAWNING_TRANSACTION_CDMS_output.csv','SAVED','USER_DATA',85,149),(1121,'2024-01-11 02:37:55','/STFS0029M/migration_transaction/2023-08-09//valid//','TO_BANK_OUTWARD_TXN_BENE_CDMS_output.csv','SAVED','USER_DATA',85,149),(1122,'2024-01-11 02:38:13','/STFS0029M/migration_transaction/2023-08-09//valid//','TO_BANK_OUTWARD_TXN_SENDER_CDMS_output.csv','SAVED','USER_DATA',85,149),(1123,'2024-01-11 02:47:21','/STFS0029M/migration_transaction/2023-10-12//valid//','CORPORATE_TXN_BENE_CDMS_output.csv','SAVED','USER_DATA',85,149),(1124,'2024-01-11 02:57:16','/STFS0029M/migration_transaction/2023-10-12//valid//','CORPORATE_TXN_SENDER_CDMS_output.csv','SAVED','USER_DATA',85,149),(1125,'2024-01-11 03:00:33','/STFS0029M/migration_transaction/2023-10-12//valid//','DEDUP_ACCIDENT_INSURANCE_CDMS_output.csv','SAVED','USER_DATA',85,149),(1126,'2024-01-11 03:25:50','/STFS0029M/migration_transaction/2023-10-12//valid//','DOMESTIC_INWARD_TXN_BENE_CDMS_output.csv','SAVED','USER_DATA',85,149),(1127,'2024-01-11 03:37:01','/STFS0029M/migration_transaction/2023-10-12//valid//','DOMESTIC_INWARD_TXN_SENDER_CDMS_output.csv','SAVED','USER_DATA',85,149),(1128,'2024-01-11 03:57:07','/STFS0029M/migration_transaction/2023-10-12//valid//','DOMESTIC_OUTWARD_TXN_BENE_CDMS_output.csv','SAVED','USER_DATA',85,149),(1129,'2024-01-11 04:09:49','/STFS0029M/migration_transaction/2023-10-12//valid//','DOMESTIC_OUTWARD_TXN_SENDER_CDMS_output.csv','SAVED','USER_DATA',85,149),(1130,'2024-01-11 04:12:34','/STFS0029M/migration_transaction/2023-10-12//valid//','INTERNATIONAL_INWARD_TXN_BENE_CDMS_output.csv','SAVED','USER_DATA',85,149),(1131,'2024-01-11 04:15:53','/STFS0029M/migration_transaction/2023-10-12//valid//','INTERNATIONAL_OUTWARD_TXN_BENE_CDMS_output.csv','SAVED','USER_DATA',85,149),(1132,'2024-01-11 04:15:54','/STFS0029M/migration_transaction/2023-10-12//valid//','INTERNATIONAL_OUTWARD_TXN_SENDER_CDMS_output.csv','SAVED','USER_DATA',85,149),(1133,'2024-01-11 04:15:57','/STFS0029M/migration_transaction/2023-10-12//valid//','MC_BOUGHT_FROM_CUSTOMER_CDMS_output.csv','SAVED','USER_DATA',85,149),(1134,'2024-01-11 04:17:28','/STFS0029M/migration_transaction/2023-10-12//valid//','PAWNING_TRANSACTION_CDMS_output.csv','SAVED','USER_DATA',85,149),(1135,'2024-01-11 04:17:33','/STFS0029M/migration_transaction/2023-10-12//valid//','TO_BANK_OUTWARD_TXN_BENE_CDMS_output.csv','SAVED','USER_DATA',85,149),(1136,'2024-01-11 04:17:38','/STFS0029M/migration_transaction/2023-10-12//valid//','TO_BANK_OUTWARD_TXN_SENDER_CDMS_output.csv','SAVED','USER_DATA',85,149),(1137,'2024-01-11 04:24:33','/STFS0029M/migration_transaction/2023-09-24//valid//','CORPORATE_TXN_SENDER_CDMS_output.csv','SAVED','USER_DATA',85,149),(1138,'2024-01-11 04:25:24','/STFS0029M/migration_transaction/2023-09-24//valid//','DEDUP_ACCIDENT_INSURANCE_CDMS_output.csv','SAVED','USER_DATA',85,149),(1139,'2024-01-11 05:36:16','/STFS0029M/migration_transaction/2023-09-24//valid//','INTERNATIONAL_INWARD_TXN_SENDER_CDMS_output.csv','SAVED','USER_DATA',85,149),(1140,'2024-01-11 05:36:20','/STFS0029M/migration_transaction/2023-09-24//valid//','INTERNATIONAL_OUTWARD_TXN_BENE_CDMS_output.csv','SAVED','USER_DATA',85,149),(1141,'2024-01-11 05:36:25','/STFS0029M/migration_transaction/2023-09-24//valid//','INTERNATIONAL_OUTWARD_TXN_SENDER_CDMS_output.csv','SAVED','USER_DATA',85,149),(1142,'2024-01-11 05:36:35','/STFS0029M/migration_transaction/2023-09-24//valid//','MC_BOUGHT_FROM_CUSTOMER_CDMS_output.csv','SAVED','USER_DATA',85,149),(1143,'2024-01-11 05:39:13','/STFS0029M/migration_transaction/2023-09-24//valid//','PAWNING_TRANSACTION_CDMS_output.csv','SAVED','USER_DATA',85,149),(1144,'2024-01-11 05:39:19','/STFS0029M/migration_transaction/2023-09-24//valid//','TO_BANK_OUTWARD_TXN_BENE_CDMS_output.csv','SAVED','USER_DATA',85,149),(1145,'2024-01-11 05:39:25','/STFS0029M/migration_transaction/2023-09-24//valid//','TO_BANK_OUTWARD_TXN_SENDER_CDMS_output.csv','SAVED','USER_DATA',85,149),(1146,'2024-01-11 05:45:26','/STFS0029M/migration_transaction/2023-10-10//valid//','CORPORATE_TXN_BENE_CDMS_output.csv','SAVED','USER_DATA',85,149),(1147,'2024-01-11 05:52:16','/STFS0029M/migration_transaction/2023-10-10//valid//','CORPORATE_TXN_SENDER_CDMS_output.csv','SAVED','USER_DATA',85,149),(1148,'2024-01-11 05:54:40','/STFS0029M/migration_transaction/2023-10-10//valid//','DEDUP_ACCIDENT_INSURANCE_CDMS_output.csv','SAVED','USER_DATA',85,149),(1149,'2024-01-11 06:34:29','/STFS0029M/migration_transaction/2023-10-10//valid//','DOMESTIC_INWARD_TXN_BENE_CDMS_output.csv','SAVED','USER_DATA',85,149),(1150,'2024-01-11 07:22:46','/STFS0029M/migration_transaction/2023-10-10//valid//','DOMESTIC_INWARD_TXN_SENDER_CDMS_output.csv','SAVED','USER_DATA',85,149),(1151,'2024-01-11 08:21:03','/STFS0029M/migration_transaction/2023-10-10//valid//','DOMESTIC_OUTWARD_TXN_BENE_CDMS_output.csv','SAVED','USER_DATA',85,149),(1152,'2024-01-11 22:31:14','/STFS0029M/migration_data//overall//','valid_CDMS.csv','SAVED','USER_DATA',76,149),(1153,'2024-01-11 08:34:23','/STFS0029M/migration_transaction/2023-10-10//valid//','DOMESTIC_OUTWARD_TXN_SENDER_CDMS_output.csv','SAVED','USER_DATA',85,149),(1154,'2024-01-11 08:37:26','/STFS0029M/migration_transaction/2023-10-10//valid//','INTERNATIONAL_INWARD_TXN_BENE_CDMS_output.csv','SAVED','USER_DATA',85,149),(1155,'2024-01-11 08:41:02','/STFS0029M/migration_transaction/2023-10-10//valid//','INTERNATIONAL_INWARD_TXN_SENDER_CDMS_output.csv','SAVED','USER_DATA',85,149),(1156,'2024-01-11 08:41:03','/STFS0029M/migration_transaction/2023-10-10//valid//','INTERNATIONAL_OUTWARD_TXN_BENE_CDMS_output.csv','SAVED','USER_DATA',85,149),(1157,'2024-01-11 08:41:04','/STFS0029M/migration_transaction/2023-10-10//valid//','INTERNATIONAL_OUTWARD_TXN_SENDER_CDMS_output.csv','SAVED','USER_DATA',85,149),(1158,'2024-01-11 08:41:08','/STFS0029M/migration_transaction/2023-10-10//valid//','MC_BOUGHT_FROM_CUSTOMER_CDMS_output.csv','SAVED','USER_DATA',85,149),(1159,'2024-01-11 08:42:38','/STFS0029M/migration_transaction/2023-10-10//valid//','PAWNING_TRANSACTION_CDMS_output.csv','SAVED','USER_DATA',85,149),(1160,'2024-01-11 08:42:42','/STFS0029M/migration_transaction/2023-10-10//valid//','TO_BANK_OUTWARD_TXN_BENE_CDMS_output.csv','SAVED','USER_DATA',85,149),(1161,'2024-01-11 08:42:47','/STFS0029M/migration_transaction/2023-10-10//valid//','TO_BANK_OUTWARD_TXN_SENDER_CDMS_output.csv','SAVED','USER_DATA',85,149),(1162,'2024-01-11 08:51:22','/STFS0029M/migration_transaction/2023-09-21//valid//','CORPORATE_TXN_SENDER_CDMS_output.csv','SAVED','USER_DATA',85,149),(1163,'2024-01-11 08:52:29','/STFS0029M/migration_transaction/2023-09-21//valid//','DEDUP_ACCIDENT_INSURANCE_CDMS_output.csv','SAVED','USER_DATA',85,149),(1164,'2024-01-11 09:26:58','/STFS0029M/migration_transaction/2023-09-21//valid//','DOMESTIC_INWARD_TXN_SENDER_CDMS_output.csv','SAVED','USER_DATA',85,149),(1165,'2024-01-11 09:56:29','/STFS0029M/migration_transaction/2023-09-21//valid//','INTERNATIONAL_INWARD_TXN_SENDER_CDMS_output.csv','SAVED','USER_DATA',85,149),(1166,'2024-01-11 09:56:30','/STFS0029M/migration_transaction/2023-09-21//valid//','INTERNATIONAL_OUTWARD_TXN_BENE_CDMS_output.csv','SAVED','USER_DATA',85,149),(1167,'2024-01-11 09:56:32','/STFS0029M/migration_transaction/2023-09-21//valid//','INTERNATIONAL_OUTWARD_TXN_SENDER_CDMS_output.csv','SAVED','USER_DATA',85,149),(1168,'2024-01-11 09:56:36','/STFS0029M/migration_transaction/2023-09-21//valid//','MC_BOUGHT_FROM_CUSTOMER_CDMS_output.csv','SAVED','USER_DATA',85,149),(1169,'2024-01-11 09:58:20','/STFS0029M/migration_transaction/2023-09-21//valid//','PAWNING_TRANSACTION_CDMS_output.csv','SAVED','USER_DATA',85,149),(1170,'2024-01-11 09:58:24','/STFS0029M/migration_transaction/2023-09-21//valid//','TO_BANK_OUTWARD_TXN_BENE_CDMS_output.csv','SAVED','USER_DATA',85,149),(1171,'2024-01-11 09:58:29','/STFS0029M/migration_transaction/2023-09-21//valid//','TO_BANK_OUTWARD_TXN_SENDER_CDMS_output.csv','SAVED','USER_DATA',85,149),(1172,'2024-01-11 10:00:11','/STFS0029M/migration_transaction/2023-09-18//valid//','CORPORATE_TXN_BENE_CDMS_output.csv','SAVED','USER_DATA',85,149),(1173,'2024-01-11 10:02:16','/STFS0029M/migration_transaction/2023-09-18//valid//','CORPORATE_TXN_SENDER_CDMS_output.csv','SAVED','USER_DATA',85,149),(1174,'2024-01-11 10:03:26','/STFS0029M/migration_transaction/2023-09-18//valid//','DEDUP_ACCIDENT_INSURANCE_CDMS_output.csv','SAVED','USER_DATA',85,149),(1175,'2024-01-11 10:48:57','/STFS0029M/migration_transaction/2023-09-18//valid//','DOMESTIC_INWARD_TXN_SENDER_CDMS_output.csv','SAVED','USER_DATA',85,149),(1176,'2024-01-11 11:46:36','/STFS0029M/migration_transaction/2023-09-18//valid//','DOMESTIC_OUTWARD_TXN_BENE_CDMS_output.csv','SAVED','USER_DATA',85,149),(1177,'2024-01-11 12:50:42','/STFS0029M/migration_transaction/2023-09-18//valid//','DOMESTIC_OUTWARD_TXN_SENDER_CDMS_output.csv','SAVED','USER_DATA',85,149),(1178,'2024-01-11 13:07:21','/STFS0029M/migration_transaction/2023-09-18//valid//','INTERNATIONAL_INWARD_TXN_BENE_CDMS_output.csv','SAVED','USER_DATA',85,149),(1179,'2024-01-11 13:24:27','/STFS0029M/migration_transaction/2023-09-18//valid//','INTERNATIONAL_INWARD_TXN_SENDER_CDMS_output.csv','SAVED','USER_DATA',85,149),(1180,'2024-01-11 13:24:37','/STFS0029M/migration_transaction/2023-09-18//valid//','INTERNATIONAL_OUTWARD_TXN_BENE_CDMS_output.csv','SAVED','USER_DATA',85,149),(1181,'2024-01-11 13:24:49','/STFS0029M/migration_transaction/2023-09-18//valid//','INTERNATIONAL_OUTWARD_TXN_SENDER_CDMS_output.csv','SAVED','USER_DATA',85,149),(1182,'2024-01-11 13:25:13','/STFS0029M/migration_transaction/2023-09-18//valid//','MC_BOUGHT_FROM_CUSTOMER_CDMS_output.csv','SAVED','USER_DATA',85,149),(1183,'2024-01-12 03:25:27','/STFS0029M/migration_transaction/2023-08-23//valid//','CORPORATE_TXN_BENE_CDMS_output.csv','SAVED','USER_DATA',76,149),(1184,'2024-01-11 13:29:33','/STFS0029M/migration_transaction/2023-09-18//valid//','PAWNING_TRANSACTION_CDMS_output.csv','SAVED','USER_DATA',85,149),(1185,'2024-01-11 13:29:37','/STFS0029M/migration_transaction/2023-09-18//valid//','TO_BANK_OUTWARD_TXN_BENE_CDMS_output.csv','SAVED','USER_DATA',85,149),(1186,'2024-01-11 13:29:42','/STFS0029M/migration_transaction/2023-09-18//valid//','TO_BANK_OUTWARD_TXN_SENDER_CDMS_output.csv','SAVED','USER_DATA',85,149),(1187,'2024-01-11 13:33:57','/STFS0029M/migration_transaction/2023-08-24//valid//','CORPORATE_TXN_BENE_CDMS_output.csv','SAVED','USER_DATA',85,149),(1188,'2024-01-11 13:38:02','/STFS0029M/migration_transaction/2023-08-24//valid//','CORPORATE_TXN_SENDER_CDMS_output.csv','SAVED','USER_DATA',85,149),(1189,'2024-01-11 13:38:59','/STFS0029M/migration_transaction/2023-08-24//valid//','DEDUP_ACCIDENT_INSURANCE_CDMS_output.csv','SAVED','USER_DATA',85,149),(1190,'2024-01-11 13:50:03','/STFS0029M/migration_transaction/2023-08-24//valid//','DOMESTIC_INWARD_TXN_BENE_CDMS_output.csv','SAVED','USER_DATA',85,149),(1191,'2024-01-11 14:00:40','/STFS0029M/migration_transaction/2023-08-24//valid//','DOMESTIC_INWARD_TXN_SENDER_CDMS_output.csv','SAVED','USER_DATA',85,149),(1192,'2024-01-11 14:12:07','/STFS0029M/migration_transaction/2023-08-24//valid//','DOMESTIC_OUTWARD_TXN_BENE_CDMS_output.csv','SAVED','USER_DATA',85,149),(1193,'2024-01-11 14:22:33','/STFS0029M/migration_transaction/2023-08-24//valid//','DOMESTIC_OUTWARD_TXN_SENDER_CDMS_output.csv','SAVED','USER_DATA',85,149),(1194,'2024-01-11 14:25:01','/STFS0029M/migration_transaction/2023-08-24//valid//','INTERNATIONAL_INWARD_TXN_BENE_CDMS_output.csv','SAVED','USER_DATA',85,149),(1195,'2024-01-11 14:27:51','/STFS0029M/migration_transaction/2023-08-24//valid//','INTERNATIONAL_INWARD_TXN_SENDER_CDMS_output.csv','SAVED','USER_DATA',85,149),(1196,'2024-01-11 14:27:52','/STFS0029M/migration_transaction/2023-08-24//valid//','INTERNATIONAL_OUTWARD_TXN_BENE_CDMS_output.csv','SAVED','USER_DATA',85,149),(1197,'2024-01-11 14:27:53','/STFS0029M/migration_transaction/2023-08-24//valid//','INTERNATIONAL_OUTWARD_TXN_SENDER_CDMS_output.csv','SAVED','USER_DATA',85,149),(1198,'2024-01-11 14:27:57','/STFS0029M/migration_transaction/2023-08-24//valid//','MC_BOUGHT_FROM_CUSTOMER_CDMS_output.csv','SAVED','USER_DATA',85,149),(1199,'2024-01-11 14:30:05','/STFS0029M/migration_transaction/2023-08-24//valid//','PAWNING_TRANSACTION_CDMS_output.csv','SAVED','USER_DATA',85,149),(1200,'2024-01-11 14:30:10','/STFS0029M/migration_transaction/2023-08-24//valid//','TO_BANK_OUTWARD_TXN_BENE_CDMS_output.csv','SAVED','USER_DATA',85,149),(1201,'2024-01-11 14:30:16','/STFS0029M/migration_transaction/2023-08-24//valid//','TO_BANK_OUTWARD_TXN_SENDER_CDMS_output.csv','SAVED','USER_DATA',85,149),(1202,'2024-01-11 14:30:17','/STFS0029M/migration_transaction/2023-08-28//valid//','INTERNATIONAL_OUTWARD_TXN_SENDER_CDMS_output.csv','SAVED','USER_DATA',85,149),(1203,'2024-01-11 14:30:21','/STFS0029M/migration_transaction/2023-08-28//valid//','MC_BOUGHT_FROM_CUSTOMER_CDMS_output.csv','SAVED','USER_DATA',85,149),(1204,'2024-01-11 14:32:10','/STFS0029M/migration_transaction/2023-08-28//valid//','PAWNING_TRANSACTION_CDMS_output.csv','SAVED','USER_DATA',85,149),(1205,'2024-01-11 14:32:16','/STFS0029M/migration_transaction/2023-08-28//valid//','TO_BANK_OUTWARD_TXN_BENE_CDMS_output.csv','SAVED','USER_DATA',85,149),(1206,'2024-01-11 14:32:23','/STFS0029M/migration_transaction/2023-08-28//valid//','TO_BANK_OUTWARD_TXN_SENDER_CDMS_output.csv','SAVED','USER_DATA',85,149),(1207,'2024-01-11 14:36:11','/STFS0029M/migration_transaction/2023-08-28//valid//','CORPORATE_TXN_BENE_CDMS_output.csv','SAVED','USER_DATA',85,149),(1208,'2024-01-11 14:39:58','/STFS0029M/migration_transaction/2023-08-28//valid//','CORPORATE_TXN_SENDER_CDMS_output.csv','SAVED','USER_DATA',85,149),(1209,'2024-01-11 14:40:59','/STFS0029M/migration_transaction/2023-08-28//valid//','DEDUP_ACCIDENT_INSURANCE_CDMS_output.csv','SAVED','USER_DATA',85,149),(1210,'2024-01-11 14:52:30','/STFS0029M/migration_transaction/2023-08-28//valid//','DOMESTIC_INWARD_TXN_BENE_CDMS_output.csv','SAVED','USER_DATA',85,149),(1211,'2024-01-11 15:03:48','/STFS0029M/migration_transaction/2023-08-28//valid//','DOMESTIC_INWARD_TXN_SENDER_CDMS_output.csv','SAVED','USER_DATA',85,149),(1212,'2024-01-11 15:14:56','/STFS0029M/migration_transaction/2023-08-28//valid//','DOMESTIC_OUTWARD_TXN_BENE_CDMS_output.csv','SAVED','USER_DATA',85,149),(1213,'2024-01-11 15:28:43','/STFS0029M/migration_transaction/2023-08-28//valid//','INTERNATIONAL_INWARD_TXN_BENE_CDMS_output.csv','SAVED','USER_DATA',85,149),(1214,'2024-01-11 15:33:24','/STFS0029M/migration_transaction/2023-08-28//valid//','INTERNATIONAL_OUTWARD_TXN_BENE_CDMS_output.csv','SAVED','USER_DATA',85,149),(1215,'2024-01-11 15:33:29','/STFS0029M/migration_transaction/2023-09-30//valid//','TO_BANK_OUTWARD_TXN_SENDER_CDMS_output.csv','SAVED','USER_DATA',85,149),(1216,'2024-01-11 15:42:07','/STFS0029M/migration_transaction/2023-09-30//valid//','DEDUP_ACCIDENT_INSURANCE_CDMS_output.csv','SAVED','USER_DATA',85,149),(1217,'2024-01-11 16:49:33','/STFS0029M/migration_transaction/2023-09-30//valid//','INTERNATIONAL_INWARD_TXN_BENE_CDMS_output.csv','SAVED','USER_DATA',85,149),(1218,'2024-01-11 16:55:01','/STFS0029M/migration_transaction/2023-09-30//valid//','INTERNATIONAL_OUTWARD_TXN_BENE_CDMS_output.csv','SAVED','USER_DATA',85,149),(1219,'2024-01-11 16:55:02','/STFS0029M/migration_transaction/2023-09-30//valid//','INTERNATIONAL_OUTWARD_TXN_SENDER_CDMS_output.csv','SAVED','USER_DATA',85,149),(1220,'2024-01-11 16:55:06','/STFS0029M/migration_transaction/2023-09-30//valid//','MC_BOUGHT_FROM_CUSTOMER_CDMS_output.csv','SAVED','USER_DATA',85,149),(1221,'2024-01-11 16:56:28','/STFS0029M/migration_transaction/2023-09-30//valid//','PAWNING_TRANSACTION_CDMS_output.csv','SAVED','USER_DATA',85,149),(1222,'2024-01-11 16:56:32','/STFS0029M/migration_transaction/2023-09-30//valid//','TO_BANK_OUTWARD_TXN_BENE_CDMS_output.csv','SAVED','USER_DATA',85,149),(1223,'2024-01-11 17:54:37','/STFS0029M/migration_transaction/2023-08-18//valid//','INTERNATIONAL_INWARD_TXN_BENE_CDMS_output.csv','SAVED','USER_DATA',85,149),(1224,'2024-01-11 17:57:46','/STFS0029M/migration_transaction/2023-08-18//valid//','INTERNATIONAL_OUTWARD_TXN_BENE_CDMS_output.csv','SAVED','USER_DATA',85,149),(1225,'2024-01-11 17:57:47','/STFS0029M/migration_transaction/2023-08-18//valid//','INTERNATIONAL_OUTWARD_TXN_SENDER_CDMS_output.csv','SAVED','USER_DATA',85,149),(1226,'2024-01-11 17:57:51','/STFS0029M/migration_transaction/2023-08-18//valid//','MC_BOUGHT_FROM_CUSTOMER_CDMS_output.csv','SAVED','USER_DATA',85,149),(1227,'2024-01-11 17:59:41','/STFS0029M/migration_transaction/2023-08-18//valid//','TO_BANK_OUTWARD_TXN_BENE_CDMS_output.csv','SAVED','USER_DATA',85,149),(1228,'2024-01-11 17:59:48','/STFS0029M/migration_transaction/2023-08-18//valid//','TO_BANK_OUTWARD_TXN_SENDER_CDMS_output.csv','SAVED','USER_DATA',85,149),(1229,'2024-01-11 18:06:03','/STFS0029M/migration_transaction/2023-10-08//valid//','CORPORATE_TXN_SENDER_CDMS_output.csv','SAVED','USER_DATA',85,149),(1230,'2024-01-11 19:02:24','/STFS0029M/migration_transaction/2023-10-08//valid//','INTERNATIONAL_OUTWARD_TXN_BENE_CDMS_output.csv','SAVED','USER_DATA',85,149),(1231,'2024-01-11 19:02:25','/STFS0029M/migration_transaction/2023-10-08//valid//','INTERNATIONAL_OUTWARD_TXN_SENDER_CDMS_output.csv','SAVED','USER_DATA',85,149),(1232,'2024-01-11 19:03:31','/STFS0029M/migration_transaction/2023-10-08//valid//','TO_BANK_OUTWARD_TXN_BENE_CDMS_output.csv','SAVED','USER_DATA',85,149),(1233,'2024-01-11 19:03:34','/STFS0029M/migration_transaction/2023-10-08//valid//','TO_BANK_OUTWARD_TXN_SENDER_CDMS_output.csv','SAVED','USER_DATA',85,149),(1234,'2024-01-11 19:04:43','/STFS0029M/migration_transaction/2023-10-23//valid//','CORPORATE_TXN_BENE_CDMS_output.csv','SAVED','USER_DATA',85,149),(1235,'2024-01-11 19:06:54','/STFS0029M/migration_transaction/2023-10-23//valid//','DEDUP_ACCIDENT_INSURANCE_CDMS_output.csv','SAVED','USER_DATA',85,149),(1236,'2024-01-11 19:59:26','/STFS0029M/migration_transaction/2023-10-23//valid//','INTERNATIONAL_INWARD_TXN_SENDER_CDMS_output.csv','SAVED','USER_DATA',85,149),(1237,'2024-01-11 19:59:27','/STFS0029M/migration_transaction/2023-10-23//valid//','INTERNATIONAL_OUTWARD_TXN_BENE_CDMS_output.csv','SAVED','USER_DATA',85,149),(1238,'2024-01-11 19:59:28','/STFS0029M/migration_transaction/2023-10-23//valid//','INTERNATIONAL_OUTWARD_TXN_SENDER_CDMS_output.csv','SAVED','USER_DATA',85,149),(1239,'2024-01-11 19:59:32','/STFS0029M/migration_transaction/2023-10-23//valid//','MC_BOUGHT_FROM_CUSTOMER_CDMS_output.csv','SAVED','USER_DATA',85,149),(1240,'2024-01-11 20:01:13','/STFS0029M/migration_transaction/2023-10-23//valid//','PAWNING_TRANSACTION_CDMS_output.csv','SAVED','USER_DATA',85,149),(1241,'2024-01-11 20:01:15','/STFS0029M/migration_transaction/2023-10-23//valid//','TO_BANK_OUTWARD_TXN_BENE_CDMS_output.csv','SAVED','USER_DATA',85,149),(1242,'2024-01-11 20:01:16','/STFS0029M/migration_transaction/2023-10-23//valid//','TO_BANK_OUTWARD_TXN_SENDER_CDMS_output.csv','SAVED','USER_DATA',85,149),(1243,'2024-01-11 20:03:56','/STFS0029M/migration_transaction/2023-10-22//valid//','CORPORATE_TXN_BENE_CDMS_output.csv','SAVED','USER_DATA',85,149),(1244,'2024-01-11 20:07:01','/STFS0029M/migration_transaction/2023-10-22//valid//','DEDUP_ACCIDENT_INSURANCE_CDMS_output.csv','SAVED','USER_DATA',85,149),(1245,'2024-01-11 21:01:19','/STFS0029M/migration_transaction/2023-10-22//valid//','INTERNATIONAL_INWARD_TXN_SENDER_CDMS_output.csv','SAVED','USER_DATA',85,149),(1246,'2024-01-11 21:01:20','/STFS0029M/migration_transaction/2023-10-22//valid//','INTERNATIONAL_OUTWARD_TXN_BENE_CDMS_output.csv','SAVED','USER_DATA',85,149),(1247,'2024-01-11 21:01:21','/STFS0029M/migration_transaction/2023-10-22//valid//','INTERNATIONAL_OUTWARD_TXN_SENDER_CDMS_output.csv','SAVED','USER_DATA',85,149),(1248,'2024-01-11 21:01:25','/STFS0029M/migration_transaction/2023-10-22//valid//','MC_BOUGHT_FROM_CUSTOMER_CDMS_output.csv','SAVED','USER_DATA',85,149),(1249,'2024-01-11 21:02:31','/STFS0029M/migration_transaction/2023-10-22//valid//','PAWNING_TRANSACTION_CDMS_output.csv','SAVED','USER_DATA',85,149),(1250,'2024-01-11 21:51:03','/STFS0029M/migration_transaction/2023-10-19//valid//','INTERNATIONAL_OUTWARD_TXN_BENE_CDMS_output.csv','SAVED','USER_DATA',85,149),(1251,'2024-01-11 21:51:04','/STFS0029M/migration_transaction/2023-10-19//valid//','INTERNATIONAL_OUTWARD_TXN_SENDER_CDMS_output.csv','SAVED','USER_DATA',85,149),(1252,'2024-01-11 21:51:08','/STFS0029M/migration_transaction/2023-10-19//valid//','MC_BOUGHT_FROM_CUSTOMER_CDMS_output.csv','SAVED','USER_DATA',85,149),(1253,'2024-01-11 21:54:09','/STFS0029M/migration_transaction/2023-10-19//valid//','TO_BANK_OUTWARD_TXN_BENE_CDMS_output.csv','SAVED','USER_DATA',85,149),(1254,'2024-01-11 21:54:12','/STFS0029M/migration_transaction/2023-10-19//valid//','TO_BANK_OUTWARD_TXN_SENDER_CDMS_output.csv','SAVED','USER_DATA',85,149),(1255,'2024-01-11 22:46:23','/STFS0029M/migration_transaction/2023-09-22//valid//','INTERNATIONAL_INWARD_TXN_SENDER_CDMS_output.csv','SAVED','USER_DATA',85,149),(1256,'2024-01-11 22:46:24','/STFS0029M/migration_transaction/2023-09-22//valid//','INTERNATIONAL_OUTWARD_TXN_BENE_CDMS_output.csv','SAVED','USER_DATA',85,149),(1257,'2024-01-11 22:46:25','/STFS0029M/migration_transaction/2023-09-22//valid//','INTERNATIONAL_OUTWARD_TXN_SENDER_CDMS_output.csv','SAVED','USER_DATA',85,149),(1258,'2024-01-11 22:46:29','/STFS0029M/migration_transaction/2023-09-22//valid//','MC_BOUGHT_FROM_CUSTOMER_CDMS_output.csv','SAVED','USER_DATA',85,149),(1259,'2024-01-11 22:47:57','/STFS0029M/migration_transaction/2023-09-22//valid//','PAWNING_TRANSACTION_CDMS_output.csv','SAVED','USER_DATA',85,149),(1260,'2024-01-11 22:48:01','/STFS0029M/migration_transaction/2023-09-22//valid//','TO_BANK_OUTWARD_TXN_BENE_CDMS_output.csv','SAVED','USER_DATA',85,149),(1261,'2024-01-11 22:48:05','/STFS0029M/migration_transaction/2023-09-22//valid//','TO_BANK_OUTWARD_TXN_SENDER_CDMS_output.csv','SAVED','USER_DATA',85,149),(1262,'2024-01-11 22:54:55','/STFS0029M/migration_transaction/2023-09-05//valid//','DEDUP_ACCIDENT_INSURANCE_CDMS_output.csv','SAVED','USER_DATA',85,149),(1263,'2024-01-12 00:22:35','/STFS0029M/migration_transaction/2023-09-05//valid//','DOMESTIC_OUTWARD_TXN_BENE_CDMS_output.csv','SAVED','USER_DATA',85,149),(1264,'2024-01-12 00:52:19','/STFS0029M/migration_transaction/2023-09-05//valid//','INTERNATIONAL_OUTWARD_TXN_BENE_CDMS_output.csv','SAVED','USER_DATA',85,149),(1265,'2024-01-12 00:52:24','/STFS0029M/migration_transaction/2023-09-05//valid//','INTERNATIONAL_OUTWARD_TXN_SENDER_CDMS_output.csv','SAVED','USER_DATA',85,149),(1266,'2024-01-12 01:50:58','/STFS0029M/migration_transaction/2023-09-13//valid//','INTERNATIONAL_OUTWARD_TXN_SENDER_CDMS_output.csv','SAVED','USER_DATA',85,149),(1267,'2024-01-12 02:53:08','/STFS0029M/migration_transaction/2023-09-12//valid//','TO_BANK_OUTWARD_TXN_SENDER_CDMS_output.csv','SAVED','USER_DATA',85,149),(1268,'2024-01-12 05:12:14','/STFS0029M/migration_transaction/2023-08-29//valid//','DOMESTIC_OUTWARD_TXN_BENE_CDMS_output.csv','SAVED','USER_DATA',85,149),(1269,'2024-01-12 06:00:08','/STFS0029M/migration_transaction/2023-08-29//valid//','DOMESTIC_OUTWARD_TXN_SENDER_CDMS_output.csv','SAVED','USER_DATA',85,149),(1270,'2024-01-12 06:18:16','/STFS0029M/migration_transaction/2023-08-29//valid//','INTERNATIONAL_INWARD_TXN_BENE_CDMS_output.csv','SAVED','USER_DATA',85,149),(1271,'2024-01-12 06:35:52','/STFS0029M/migration_transaction/2023-08-29//valid//','INTERNATIONAL_INWARD_TXN_SENDER_CDMS_output.csv','SAVED','USER_DATA',85,149),(1272,'2024-01-12 06:36:01','/STFS0029M/migration_transaction/2023-08-29//valid//','INTERNATIONAL_OUTWARD_TXN_BENE_CDMS_output.csv','SAVED','USER_DATA',85,149),(1273,'2024-01-12 06:36:10','/STFS0029M/migration_transaction/2023-08-29//valid//','INTERNATIONAL_OUTWARD_TXN_SENDER_CDMS_output.csv','SAVED','USER_DATA',85,149),(1274,'2024-01-12 06:36:31','/STFS0029M/migration_transaction/2023-08-29//valid//','MC_BOUGHT_FROM_CUSTOMER_CDMS_output.csv','SAVED','USER_DATA',85,149),(1275,'2024-01-12 06:43:22','/STFS0029M/migration_transaction/2023-08-29//valid//','PAWNING_TRANSACTION_CDMS_output.csv','SAVED','USER_DATA',85,149),(1276,'2024-01-12 06:43:34','/STFS0029M/migration_transaction/2023-08-29//valid//','TO_BANK_OUTWARD_TXN_BENE_CDMS_output.csv','SAVED','USER_DATA',85,149),(1277,'2024-01-12 06:43:52','/STFS0029M/migration_transaction/2023-08-29//valid//','TO_BANK_OUTWARD_TXN_SENDER_CDMS_output.csv','SAVED','USER_DATA',85,149),(1278,'2024-01-12 07:00:01','/STFS0029M/migration_transaction/2023-08-19//valid//','CORPORATE_TXN_BENE_CDMS_output.csv','SAVED','USER_DATA',85,149),(1279,'2024-01-12 07:00:55','/STFS0029M/migration_transaction/2023-10-08/valid/','CORPORATE_TXN_BENE_CDMS_output.csv','SAVED','USER_DATA',85,149),(1280,'2024-01-12 07:01:14','/STFS0029M/migration_transaction/2023-10-08/valid/','CORPORATE_TXN_BENE_CDMS_output.csv','SAVED','USER_DATA',85,149),(1281,'2024-01-12 07:02:58','/STFS0029M/migration_transaction/2023-10-08/valid/','CORPORATE_TXN_BENE_CDMS_output.csv','SAVED','USER_DATA',85,149),(1282,'2024-01-12 07:03:30','/STFS0029M/migration_transaction/2023-10-08/valid/','CORPORATE_TXN_BENE_CDMS_output.csv','SAVED','USER_DATA',85,149),(1283,'2024-01-12 07:03:43','/STFS0029M/migration_transaction/2023-10-08/valid/','CORPORATE_TXN_BENE_CDMS_output.csv','SAVED','USER_DATA',85,149),(1284,'2024-01-12 07:10:07','/STFS0029M/migration_transaction/2023-10-08/valid/','CORPORATE_TXN_BENE_CDMS_output.csv','SAVED','USER_DATA',85,149),(1285,'2024-01-12 07:10:42','/STFS0029M/migration_transaction/2023-10-08/valid/','CORPORATE_TXN_BENE_CDMS_output.csv','SAVED','USER_DATA',85,149),(1286,'2024-01-12 07:11:49','/STFS0029M/migration_transaction/2023-10-08/valid/','CORPORATE_TXN_BENE_CDMS_output.csv','SAVED','USER_DATA',85,149),(1287,'2024-01-12 07:13:20','/STFS0029M/migration_transaction/2023-10-08/valid/','CORPORATE_TXN_BENE_CDMS_output.csv','SAVED','USER_DATA',85,149),(1288,'2024-01-12 07:17:20','/STFS0029M/migration_transaction/2023-08-19//valid//','CORPORATE_TXN_SENDER_CDMS_output.csv','SAVED','USER_DATA',85,149),(1289,'2024-01-12 07:20:33','/STFS0029M/migration_transaction/2023-08-19//valid//','DEDUP_ACCIDENT_INSURANCE_CDMS_output.csv','SAVED','USER_DATA',85,149),(1290,'2024-01-12 07:20:41','/STFS0029M/migration_transaction/2023-10-08/valid/','CORPORATE_TXN_BENE_CDMS_output.csv','SAVED','USER_DATA',85,149),(1291,'2024-01-12 07:29:03','/STFS0029M/migration_transaction/2023-10-08/valid/','CORPORATE_TXN_BENE_CDMS_output.csv','SAVED','USER_DATA',85,149),(1292,'2024-01-12 07:34:41','/STFS0029M/migration_transaction/2023-10-08/valid/','CORPORATE_TXN_BENE_CDMS_output.csv','SAVED','USER_DATA',85,149),(1293,'2024-01-12 07:36:27','/STFS0029M/migration_transaction/2023-10-08/valid/','CORPORATE_TXN_BENE_CDMS_output.csv','SAVED','USER_DATA',85,149),(1294,'2024-01-12 09:27:12','/STFS0029M/migration_transaction/2023-08-19//valid//','DOMESTIC_INWARD_TXN_SENDER_CDMS_output.csv','SAVED','USER_DATA',85,149),(1295,'2024-01-12 12:02:27','/STFS0029M/migration_transaction/2023-08-19//valid//','DOMESTIC_OUTWARD_TXN_SENDER_CDMS_output.csv','SAVED','USER_DATA',85,149),(1296,'2024-01-12 12:30:06','/STFS0029M/migration_transaction/2023-08-19//valid//','INTERNATIONAL_INWARD_TXN_BENE_CDMS_output.csv','SAVED','USER_DATA',85,149),(1297,'2024-01-12 12:58:02','/STFS0029M/migration_transaction/2023-08-19//valid//','INTERNATIONAL_INWARD_TXN_SENDER_CDMS_output.csv','SAVED','USER_DATA',85,149),(1298,'2024-01-12 12:58:21','/STFS0029M/migration_transaction/2023-08-19//valid//','INTERNATIONAL_OUTWARD_TXN_BENE_CDMS_output.csv','SAVED','USER_DATA',85,149),(1299,'2024-01-12 12:58:41','/STFS0029M/migration_transaction/2023-08-19//valid//','INTERNATIONAL_OUTWARD_TXN_SENDER_CDMS_output.csv','SAVED','USER_DATA',85,149),(1300,'2024-01-12 12:59:25','/STFS0029M/migration_transaction/2023-08-19//valid//','MC_BOUGHT_FROM_CUSTOMER_CDMS_output.csv','SAVED','USER_DATA',85,149),(1301,'2024-01-12 13:11:01','/STFS0029M/migration_transaction/2023-08-19//valid//','PAWNING_TRANSACTION_CDMS_output.csv','SAVED','USER_DATA',85,149),(1302,'2024-01-12 13:11:49','/STFS0029M/migration_transaction/2023-08-19//valid//','TO_BANK_OUTWARD_TXN_BENE_CDMS_output.csv','SAVED','USER_DATA',85,149),(1303,'2024-01-12 13:12:33','/STFS0029M/migration_transaction/2023-08-19//valid//','TO_BANK_OUTWARD_TXN_SENDER_CDMS_output.csv','SAVED','USER_DATA',85,149),(1304,'2024-01-12 13:57:11','/STFS0029M/migration_transaction/2023-10-04//valid//','CORPORATE_TXN_BENE_CDMS_output.csv','SAVED','USER_DATA',85,149),(1305,'2024-01-12 14:41:26','/STFS0029M/migration_transaction/2023-10-04//valid//','CORPORATE_TXN_SENDER_CDMS_output.csv','SAVED','USER_DATA',85,149),(1306,'2024-01-12 14:53:07','/STFS0029M/migration_transaction/2023-10-04//valid//','DEDUP_ACCIDENT_INSURANCE_CDMS_output.csv','SAVED','USER_DATA',85,149),(1307,'2024-01-12 17:34:30','/STFS0029M/migration_transaction/2023-10-04//valid//','DOMESTIC_INWARD_TXN_BENE_CDMS_output.csv','SAVED','USER_DATA',85,149),(1308,'2024-01-12 23:31:59','/STFS0029M/migration_transaction/2023-10-04//valid//','DOMESTIC_OUTWARD_TXN_BENE_CDMS_output.csv','SAVED','USER_DATA',85,149),(1309,'2024-01-13 16:14:07','/STFS0029M/migration_data//overall//','valid_CDMS.csv','SAVED','USER_DATA',76,149),(1310,'2024-01-13 02:27:21','/STFS0029M/migration_transaction/2023-10-04//valid//','DOMESTIC_OUTWARD_TXN_SENDER_CDMS_output.csv','SAVED','USER_DATA',85,149),(1311,'2024-01-13 02:31:51','/STFS0029M/migration_transaction/2023-10-04//valid//','INTERNATIONAL_INWARD_TXN_BENE_CDMS_output.csv','SAVED','USER_DATA',85,149),(1312,'2024-01-13 02:37:10','/STFS0029M/migration_transaction/2023-10-04//valid//','INTERNATIONAL_INWARD_TXN_SENDER_CDMS_output.csv','SAVED','USER_DATA',85,149),(1313,'2024-01-13 02:37:11','/STFS0029M/migration_transaction/2023-10-04//valid//','INTERNATIONAL_OUTWARD_TXN_BENE_CDMS_output.csv','SAVED','USER_DATA',85,149),(1314,'2024-01-13 02:37:12','/STFS0029M/migration_transaction/2023-10-04//valid//','INTERNATIONAL_OUTWARD_TXN_SENDER_CDMS_output.csv','SAVED','USER_DATA',85,149),(1315,'2024-01-13 02:37:16','/STFS0029M/migration_transaction/2023-10-04//valid//','MC_BOUGHT_FROM_CUSTOMER_CDMS_output.csv','SAVED','USER_DATA',85,149),(1316,'2024-01-13 02:38:44','/STFS0029M/migration_transaction/2023-10-04//valid//','PAWNING_TRANSACTION_CDMS_output.csv','SAVED','USER_DATA',85,149),(1317,'2024-01-13 02:38:49','/STFS0029M/migration_transaction/2023-10-04//valid//','TO_BANK_OUTWARD_TXN_BENE_CDMS_output.csv','SAVED','USER_DATA',85,149),(1318,'2024-01-13 02:38:54','/STFS0029M/migration_transaction/2023-10-04//valid//','TO_BANK_OUTWARD_TXN_SENDER_CDMS_output.csv','SAVED','USER_DATA',85,149),(1319,'2024-01-13 02:41:14','/STFS0029M/migration_transaction/2023-08-23//valid//','CORPORATE_TXN_BENE_CDMS_output.csv','SAVED','USER_DATA',85,149),(1320,'2024-01-13 02:43:36','/STFS0029M/migration_transaction/2023-08-23//valid//','CORPORATE_TXN_SENDER_CDMS_output.csv','SAVED','USER_DATA',85,149),(1321,'2024-01-13 02:44:35','/STFS0029M/migration_transaction/2023-08-23//valid//','DEDUP_ACCIDENT_INSURANCE_CDMS_output.csv','SAVED','USER_DATA',85,149),(1322,'2024-01-13 03:41:09','/STFS0029M/migration_transaction/2023-08-23//valid//','DOMESTIC_OUTWARD_TXN_BENE_CDMS_output.csv','SAVED','USER_DATA',85,149),(1323,'2024-01-13 04:11:33','/STFS0029M/migration_transaction/2023-08-23//valid//','DOMESTIC_OUTWARD_TXN_SENDER_CDMS_output.csv','SAVED','USER_DATA',85,149),(1324,'2024-01-13 04:19:27','/STFS0029M/migration_transaction/2023-08-23//valid//','INTERNATIONAL_INWARD_TXN_BENE_CDMS_output.csv','SAVED','USER_DATA',85,149),(1325,'2024-01-13 04:27:43','/STFS0029M/migration_transaction/2023-08-23//valid//','INTERNATIONAL_INWARD_TXN_SENDER_CDMS_output.csv','SAVED','USER_DATA',85,149),(1326,'2024-01-13 04:27:48','/STFS0029M/migration_transaction/2023-08-23//valid//','INTERNATIONAL_OUTWARD_TXN_BENE_CDMS_output.csv','SAVED','USER_DATA',85,149),(1327,'2024-01-13 04:27:55','/STFS0029M/migration_transaction/2023-08-23//valid//','INTERNATIONAL_OUTWARD_TXN_SENDER_CDMS_output.csv','SAVED','USER_DATA',85,149),(1328,'2024-01-13 04:28:08','/STFS0029M/migration_transaction/2023-08-23//valid//','MC_BOUGHT_FROM_CUSTOMER_CDMS_output.csv','SAVED','USER_DATA',85,149),(1329,'2024-01-13 04:33:09','/STFS0029M/migration_transaction/2023-08-23//valid//','PAWNING_TRANSACTION_CDMS_output.csv','SAVED','USER_DATA',85,149),(1330,'2024-01-13 04:33:25','/STFS0029M/migration_transaction/2023-08-23//valid//','TO_BANK_OUTWARD_TXN_BENE_CDMS_output.csv','SAVED','USER_DATA',85,149),(1331,'2024-01-13 04:33:42','/STFS0029M/migration_transaction/2023-08-23//valid//','TO_BANK_OUTWARD_TXN_SENDER_CDMS_output.csv','SAVED','USER_DATA',85,149),(1332,'2024-01-13 04:48:58','/STFS0029M/migration_transaction/2023-09-06//valid//','CORPORATE_TXN_BENE_CDMS_output.csv','SAVED','USER_DATA',85,149),(1333,'2024-01-13 05:04:33','/STFS0029M/migration_transaction/2023-09-06//valid//','CORPORATE_TXN_SENDER_CDMS_output.csv','SAVED','USER_DATA',85,149),(1334,'2024-01-13 05:08:28','/STFS0029M/migration_transaction/2023-09-06//valid//','DEDUP_ACCIDENT_INSURANCE_CDMS_output.csv','SAVED','USER_DATA',85,149),(1335,'2024-01-13 06:05:48','/STFS0029M/migration_transaction/2023-09-06//valid//','DOMESTIC_INWARD_TXN_BENE_CDMS_output.csv','SAVED','USER_DATA',85,149),(1336,'2024-01-13 08:16:51','/STFS0029M/migration_transaction/2023-09-06//valid//','DOMESTIC_OUTWARD_TXN_BENE_CDMS_output.csv','SAVED','USER_DATA',85,149),(1337,'2024-01-13 09:23:19','/STFS0029M/migration_transaction/2023-09-06//valid//','DOMESTIC_OUTWARD_TXN_SENDER_CDMS_output.csv','SAVED','USER_DATA',85,149),(1338,'2024-01-13 09:45:55','/STFS0029M/migration_transaction/2023-09-06//valid//','INTERNATIONAL_INWARD_TXN_BENE_CDMS_output.csv','SAVED','USER_DATA',85,149),(1339,'2024-01-13 10:07:55','/STFS0029M/migration_transaction/2023-09-06//valid//','INTERNATIONAL_INWARD_TXN_SENDER_CDMS_output.csv','SAVED','USER_DATA',85,149),(1340,'2024-01-13 10:08:06','/STFS0029M/migration_transaction/2023-09-06//valid//','INTERNATIONAL_OUTWARD_TXN_BENE_CDMS_output.csv','SAVED','USER_DATA',85,149),(1341,'2024-01-13 10:08:17','/STFS0029M/migration_transaction/2023-09-06//valid//','INTERNATIONAL_OUTWARD_TXN_SENDER_CDMS_output.csv','SAVED','USER_DATA',85,149),(1342,'2024-01-13 10:08:41','/STFS0029M/migration_transaction/2023-09-06//valid//','MC_BOUGHT_FROM_CUSTOMER_CDMS_output.csv','SAVED','USER_DATA',85,149),(1343,'2024-01-13 10:15:42','/STFS0029M/migration_transaction/2023-09-06//valid//','PAWNING_TRANSACTION_CDMS_output.csv','SAVED','USER_DATA',85,149),(1344,'2024-01-13 10:16:06','/STFS0029M/migration_transaction/2023-09-06//valid//','TO_BANK_OUTWARD_TXN_BENE_CDMS_output.csv','SAVED','USER_DATA',85,149),(1345,'2024-01-13 10:16:33','/STFS0029M/migration_transaction/2023-09-06//valid//','TO_BANK_OUTWARD_TXN_SENDER_CDMS_output.csv','SAVED','USER_DATA',85,149),(1346,'2024-01-13 10:35:43','/STFS0029M/migration_transaction/2023-09-03//valid//','CORPORATE_TXN_BENE_CDMS_output.csv','SAVED','USER_DATA',85,149),(1347,'2024-01-13 10:55:19','/STFS0029M/migration_transaction/2023-09-03//valid//','CORPORATE_TXN_SENDER_CDMS_output.csv','SAVED','USER_DATA',85,149),(1348,'2024-01-13 10:59:59','/STFS0029M/migration_transaction/2023-09-03//valid//','DEDUP_ACCIDENT_INSURANCE_CDMS_output.csv','SAVED','USER_DATA',85,149),(1349,'2024-01-13 12:21:23','/STFS0029M/migration_transaction/2023-09-03//valid//','DOMESTIC_INWARD_TXN_BENE_CDMS_output.csv','SAVED','USER_DATA',85,149),(1350,'2024-01-13 13:37:20','/STFS0029M/migration_transaction/2023-09-03//valid//','DOMESTIC_INWARD_TXN_SENDER_CDMS_output.csv','SAVED','USER_DATA',85,149),(1351,'2024-01-13 14:55:40','/STFS0029M/migration_transaction/2023-09-03//valid//','DOMESTIC_OUTWARD_TXN_BENE_CDMS_output.csv','SAVED','USER_DATA',85,149),(1352,'2024-01-13 16:05:42','/STFS0029M/migration_transaction/2023-09-03//valid//','DOMESTIC_OUTWARD_TXN_SENDER_CDMS_output.csv','SAVED','USER_DATA',85,149),(1353,'2024-01-13 16:21:53','/STFS0029M/migration_transaction/2023-09-03//valid//','INTERNATIONAL_INWARD_TXN_BENE_CDMS_output.csv','SAVED','USER_DATA',85,149),(1354,'2024-01-13 16:38:05','/STFS0029M/migration_transaction/2023-09-03//valid//','INTERNATIONAL_INWARD_TXN_SENDER_CDMS_output.csv','SAVED','USER_DATA',85,149),(1355,'2024-01-13 16:38:11','/STFS0029M/migration_transaction/2023-09-03//valid//','INTERNATIONAL_OUTWARD_TXN_BENE_CDMS_output.csv','SAVED','USER_DATA',85,149),(1356,'2024-01-13 16:38:17','/STFS0029M/migration_transaction/2023-09-03//valid//','INTERNATIONAL_OUTWARD_TXN_SENDER_CDMS_output.csv','SAVED','USER_DATA',85,149),(1357,'2024-01-13 16:38:30','/STFS0029M/migration_transaction/2023-09-03//valid//','MC_BOUGHT_FROM_CUSTOMER_CDMS_output.csv','SAVED','USER_DATA',85,149),(1358,'2024-01-13 16:41:41','/STFS0029M/migration_transaction/2023-09-03//valid//','PAWNING_TRANSACTION_CDMS_output.csv','SAVED','USER_DATA',85,149),(1359,'2024-01-13 16:58:51','/STFS0029M/migration_transaction/2023-08-01//valid//','CORPORATE_TXN_BENE_CDMS_output.csv','SAVED','USER_DATA',85,149),(1360,'2024-01-13 17:15:47','/STFS0029M/migration_transaction/2023-08-01//valid//','CORPORATE_TXN_SENDER_CDMS_output.csv','SAVED','USER_DATA',85,149),(1361,'2024-01-13 17:21:52','/STFS0029M/migration_transaction/2023-08-01//valid//','DEDUP_ACCIDENT_INSURANCE_CDMS_output.csv','SAVED','USER_DATA',85,149),(1362,'2024-01-13 17:56:30','/STFS0029M/migration_transaction/2023-08-01//valid//','DOMESTIC_INWARD_TXN_BENE_CDMS_output.csv','SAVED','USER_DATA',85,149),(1363,'2024-01-13 18:29:40','/STFS0029M/migration_transaction/2023-08-01//valid//','DOMESTIC_INWARD_TXN_SENDER_CDMS_output.csv','SAVED','USER_DATA',85,149),(1364,'2024-01-13 19:05:26','/STFS0029M/migration_transaction/2023-08-01//valid//','DOMESTIC_OUTWARD_TXN_BENE_CDMS_output.csv','SAVED','USER_DATA',85,149),(1365,'2024-01-13 19:48:30','/STFS0029M/migration_transaction/2023-08-01//valid//','INTERNATIONAL_INWARD_TXN_BENE_CDMS_output.csv','SAVED','USER_DATA',85,149),(1366,'2024-01-13 20:06:03','/STFS0029M/migration_transaction/2023-08-01//valid//','INTERNATIONAL_INWARD_TXN_SENDER_CDMS_output.csv','SAVED','USER_DATA',85,149),(1367,'2024-01-13 20:06:13','/STFS0029M/migration_transaction/2023-08-01//valid//','INTERNATIONAL_OUTWARD_TXN_BENE_CDMS_output.csv','SAVED','USER_DATA',85,149),(1368,'2024-01-13 20:06:24','/STFS0029M/migration_transaction/2023-08-01//valid//','INTERNATIONAL_OUTWARD_TXN_SENDER_CDMS_output.csv','SAVED','USER_DATA',85,149),(1369,'2024-01-13 20:06:47','/STFS0029M/migration_transaction/2023-08-01//valid//','MC_BOUGHT_FROM_CUSTOMER_CDMS_output.csv','SAVED','USER_DATA',85,149),(1370,'2024-01-13 20:13:08','/STFS0029M/migration_transaction/2023-08-01//valid//','PAWNING_TRANSACTION_CDMS_output.csv','SAVED','USER_DATA',85,149),(1371,'2024-01-13 20:13:34','/STFS0029M/migration_transaction/2023-08-01//valid//','TO_BANK_OUTWARD_TXN_BENE_CDMS_output.csv','SAVED','USER_DATA',85,149),(1372,'2024-01-13 20:13:59','/STFS0029M/migration_transaction/2023-08-01//valid//','TO_BANK_OUTWARD_TXN_SENDER_CDMS_output.csv','SAVED','USER_DATA',85,149),(1373,'2024-01-13 20:37:40','/STFS0029M/migration_transaction/2023-09-29//valid//','CORPORATE_TXN_BENE_CDMS_output.csv','SAVED','USER_DATA',85,149),(1374,'2024-01-13 20:59:52','/STFS0029M/migration_transaction/2023-09-29//valid//','CORPORATE_TXN_SENDER_CDMS_output.csv','SAVED','USER_DATA',85,149),(1375,'2024-01-13 21:05:07','/STFS0029M/migration_transaction/2023-09-29//valid//','DEDUP_ACCIDENT_INSURANCE_CDMS_output.csv','SAVED','USER_DATA',85,149),(1376,'2024-01-13 22:04:59','/STFS0029M/migration_transaction/2023-09-29//valid//','DOMESTIC_INWARD_TXN_BENE_CDMS_output.csv','SAVED','USER_DATA',85,149),(1377,'2024-01-13 23:01:22','/STFS0029M/migration_transaction/2023-09-29//valid//','DOMESTIC_INWARD_TXN_SENDER_CDMS_output.csv','SAVED','USER_DATA',85,149),(1378,'2024-01-14 00:10:05','/STFS0029M/migration_transaction/2023-09-29//valid//','DOMESTIC_OUTWARD_TXN_BENE_CDMS_output.csv','SAVED','USER_DATA',85,149),(1379,'2024-01-14 01:09:49','/STFS0029M/migration_transaction/2023-09-29//valid//','DOMESTIC_OUTWARD_TXN_SENDER_CDMS_output.csv','SAVED','USER_DATA',85,149),(1380,'2024-01-14 01:32:37','/STFS0029M/migration_transaction/2023-09-29//valid//','INTERNATIONAL_INWARD_TXN_BENE_CDMS_output.csv','SAVED','USER_DATA',85,149),(1381,'2024-01-14 01:54:40','/STFS0029M/migration_transaction/2023-09-29//valid//','INTERNATIONAL_INWARD_TXN_SENDER_CDMS_output.csv','SAVED','USER_DATA',85,149),(1382,'2024-01-14 01:54:51','/STFS0029M/migration_transaction/2023-09-29//valid//','INTERNATIONAL_OUTWARD_TXN_BENE_CDMS_output.csv','SAVED','USER_DATA',85,149),(1383,'2024-01-14 01:55:02','/STFS0029M/migration_transaction/2023-09-29//valid//','INTERNATIONAL_OUTWARD_TXN_SENDER_CDMS_output.csv','SAVED','USER_DATA',85,149),(1384,'2024-01-14 01:55:24','/STFS0029M/migration_transaction/2023-09-29//valid//','MC_BOUGHT_FROM_CUSTOMER_CDMS_output.csv','SAVED','USER_DATA',85,149),(1385,'2024-01-14 02:02:07','/STFS0029M/migration_transaction/2023-09-29//valid//','PAWNING_TRANSACTION_CDMS_output.csv','SAVED','USER_DATA',85,149),(1386,'2024-01-14 02:02:33','/STFS0029M/migration_transaction/2023-09-29//valid//','TO_BANK_OUTWARD_TXN_BENE_CDMS_output.csv','SAVED','USER_DATA',85,149),(1387,'2024-01-14 02:03:22','/STFS0029M/migration_transaction/2023-09-29//valid//','TO_BANK_OUTWARD_TXN_SENDER_CDMS_output.csv','SAVED','USER_DATA',85,149),(1388,'2024-01-14 02:25:39','/STFS0029M/migration_transaction/2023-08-10//valid//','CORPORATE_TXN_BENE_CDMS_output.csv','SAVED','USER_DATA',85,149),(1389,'2024-01-14 02:48:48','/STFS0029M/migration_transaction/2023-08-10//valid//','CORPORATE_TXN_SENDER_CDMS_output.csv','SAVED','USER_DATA',85,149),(1390,'2024-01-14 02:57:03','/STFS0029M/migration_transaction/2023-08-10//valid//','DEDUP_ACCIDENT_INSURANCE_CDMS_output.csv','SAVED','USER_DATA',85,149),(1391,'2024-01-14 03:40:58','/STFS0029M/migration_transaction/2023-08-10//valid//','DOMESTIC_INWARD_TXN_BENE_CDMS_output.csv','SAVED','USER_DATA',85,149),(1392,'2024-01-14 04:23:21','/STFS0029M/migration_transaction/2023-08-10//valid//','DOMESTIC_INWARD_TXN_SENDER_CDMS_output.csv','SAVED','USER_DATA',85,149),(1393,'2024-01-14 05:10:09','/STFS0029M/migration_transaction/2023-08-10//valid//','DOMESTIC_OUTWARD_TXN_BENE_CDMS_output.csv','SAVED','USER_DATA',85,149),(1394,'2024-01-14 05:52:47','/STFS0029M/migration_transaction/2023-08-10//valid//','DOMESTIC_OUTWARD_TXN_SENDER_CDMS_output.csv','SAVED','USER_DATA',85,149),(1395,'2024-01-14 06:11:21','/STFS0029M/migration_transaction/2023-08-10//valid//','INTERNATIONAL_INWARD_TXN_BENE_CDMS_output.csv','SAVED','USER_DATA',85,149),(1396,'2024-01-14 06:29:55','/STFS0029M/migration_transaction/2023-08-10//valid//','INTERNATIONAL_INWARD_TXN_SENDER_CDMS_output.csv','SAVED','USER_DATA',85,149),(1397,'2024-01-14 06:30:05','/STFS0029M/migration_transaction/2023-08-10//valid//','INTERNATIONAL_OUTWARD_TXN_BENE_CDMS_output.csv','SAVED','USER_DATA',85,149),(1398,'2024-01-14 06:30:16','/STFS0029M/migration_transaction/2023-08-10//valid//','INTERNATIONAL_OUTWARD_TXN_SENDER_CDMS_output.csv','SAVED','USER_DATA',85,149),(1399,'2024-01-14 06:30:38','/STFS0029M/migration_transaction/2023-08-10//valid//','MC_BOUGHT_FROM_CUSTOMER_CDMS_output.csv','SAVED','USER_DATA',85,149),(1400,'2024-01-14 06:37:28','/STFS0029M/migration_transaction/2023-08-10//valid//','PAWNING_TRANSACTION_CDMS_output.csv','SAVED','USER_DATA',85,149),(1401,'2024-01-14 06:37:53','/STFS0029M/migration_transaction/2023-08-10//valid//','TO_BANK_OUTWARD_TXN_BENE_CDMS_output.csv','SAVED','USER_DATA',85,149),(1402,'2024-01-14 06:38:30','/STFS0029M/migration_transaction/2023-08-10//valid//','TO_BANK_OUTWARD_TXN_SENDER_CDMS_output.csv','SAVED','USER_DATA',85,149),(1403,'2024-01-14 07:51:13','/STFS0029M/migration_transaction/2023-10-17//valid//','DOMESTIC_INWARD_TXN_BENE_CDMS_output.csv','SAVED','USER_DATA',85,149),(1404,'2024-01-14 09:04:23','/STFS0029M/migration_transaction/2023-10-17//valid//','DOMESTIC_INWARD_TXN_SENDER_CDMS_output.csv','SAVED','USER_DATA',85,149),(1405,'2024-01-14 09:48:17','/STFS0029M/migration_transaction/2023-10-17//valid//','DOMESTIC_OUTWARD_TXN_BENE_CDMS_output.csv','SAVED','USER_DATA',85,149),(1406,'2024-01-14 10:28:30','/STFS0029M/migration_transaction/2023-10-17//valid//','DOMESTIC_OUTWARD_TXN_SENDER_CDMS_output.csv','SAVED','USER_DATA',85,149),(1407,'2024-01-14 10:37:59','/STFS0029M/migration_transaction/2023-10-17//valid//','INTERNATIONAL_INWARD_TXN_BENE_CDMS_output.csv','SAVED','USER_DATA',85,149),(1408,'2024-01-14 10:47:40','/STFS0029M/migration_transaction/2023-10-17//valid//','INTERNATIONAL_INWARD_TXN_SENDER_CDMS_output.csv','SAVED','USER_DATA',85,149),(1409,'2024-01-14 10:47:46','/STFS0029M/migration_transaction/2023-10-17//valid//','INTERNATIONAL_OUTWARD_TXN_BENE_CDMS_output.csv','SAVED','USER_DATA',85,149),(1410,'2024-01-14 10:47:52','/STFS0029M/migration_transaction/2023-10-17//valid//','INTERNATIONAL_OUTWARD_TXN_SENDER_CDMS_output.csv','SAVED','USER_DATA',85,149),(1411,'2024-01-14 10:48:06','/STFS0029M/migration_transaction/2023-10-17//valid//','MC_BOUGHT_FROM_CUSTOMER_CDMS_output.csv','SAVED','USER_DATA',85,149),(1412,'2024-01-14 10:52:32','/STFS0029M/migration_transaction/2023-10-17//valid//','PAWNING_TRANSACTION_CDMS_output.csv','SAVED','USER_DATA',85,149),(1413,'2024-01-14 10:52:40','/STFS0029M/migration_transaction/2023-10-17//valid//','TO_BANK_OUTWARD_TXN_BENE_CDMS_output.csv','SAVED','USER_DATA',85,149),(1414,'2024-01-14 10:52:49','/STFS0029M/migration_transaction/2023-10-17//valid//','TO_BANK_OUTWARD_TXN_SENDER_CDMS_output.csv','SAVED','USER_DATA',85,149),(1415,'2024-01-14 10:56:45','/STFS0029M/migration_transaction/2023-10-17//valid//','CORPORATE_TXN_BENE_CDMS_output.csv','SAVED','USER_DATA',85,149),(1416,'2024-01-14 11:03:41','/STFS0029M/migration_transaction/2023-10-17//valid//','CORPORATE_TXN_SENDER_CDMS_output.csv','SAVED','USER_DATA',85,149),(1417,'2024-01-14 11:08:17','/STFS0029M/migration_transaction/2023-10-17//valid//','DEDUP_ACCIDENT_INSURANCE_CDMS_output.csv','SAVED','USER_DATA',85,149),(1418,'2024-01-14 11:18:45','/STFS0029M/migration_transaction/2023-10-02//valid//','CORPORATE_TXN_BENE_CDMS_output.csv','SAVED','USER_DATA',85,149),(1419,'2024-01-14 11:28:24','/STFS0029M/migration_transaction/2023-10-02//valid//','CORPORATE_TXN_SENDER_CDMS_output.csv','SAVED','USER_DATA',85,149),(1420,'2024-01-14 11:34:30','/STFS0029M/migration_transaction/2023-10-02//valid//','DEDUP_ACCIDENT_INSURANCE_CDMS_output.csv','SAVED','USER_DATA',85,149),(1421,'2024-01-14 13:00:33','/STFS0029M/migration_transaction/2023-10-02//valid//','DOMESTIC_INWARD_TXN_BENE_CDMS_output.csv','SAVED','USER_DATA',85,149),(1422,'2024-01-14 14:19:46','/STFS0029M/migration_transaction/2023-10-02//valid//','DOMESTIC_INWARD_TXN_SENDER_CDMS_output.csv','SAVED','USER_DATA',85,149),(1423,'2024-01-14 15:38:07','/STFS0029M/migration_transaction/2023-10-02//valid//','DOMESTIC_OUTWARD_TXN_BENE_CDMS_output.csv','SAVED','USER_DATA',85,149),(1424,'2024-01-14 16:36:18','/STFS0029M/migration_transaction/2023-10-02//valid//','DOMESTIC_OUTWARD_TXN_SENDER_CDMS_output.csv','SAVED','USER_DATA',85,149),(1425,'2024-01-14 16:53:59','/STFS0029M/migration_transaction/2023-10-02//valid//','INTERNATIONAL_INWARD_TXN_BENE_CDMS_output.csv','SAVED','USER_DATA',85,149),(1426,'2024-01-14 17:12:02','/STFS0029M/migration_transaction/2023-10-02//valid//','INTERNATIONAL_INWARD_TXN_SENDER_CDMS_output.csv','SAVED','USER_DATA',85,149),(1427,'2024-01-14 17:12:09','/STFS0029M/migration_transaction/2023-10-02//valid//','INTERNATIONAL_OUTWARD_TXN_BENE_CDMS_output.csv','SAVED','USER_DATA',85,149),(1428,'2024-01-14 17:12:14','/STFS0029M/migration_transaction/2023-10-02//valid//','INTERNATIONAL_OUTWARD_TXN_SENDER_CDMS_output.csv','SAVED','USER_DATA',85,149),(1429,'2024-01-14 17:12:28','/STFS0029M/migration_transaction/2023-10-02//valid//','MC_BOUGHT_FROM_CUSTOMER_CDMS_output.csv','SAVED','USER_DATA',85,149),(1430,'2024-01-14 17:17:05','/STFS0029M/migration_transaction/2023-10-02//valid//','PAWNING_TRANSACTION_CDMS_output.csv','SAVED','USER_DATA',85,149),(1431,'2024-01-14 17:17:21','/STFS0029M/migration_transaction/2023-10-02//valid//','TO_BANK_OUTWARD_TXN_BENE_CDMS_output.csv','SAVED','USER_DATA',85,149),(1432,'2024-01-14 17:17:43','/STFS0029M/migration_transaction/2023-10-02//valid//','TO_BANK_OUTWARD_TXN_SENDER_CDMS_output.csv','SAVED','USER_DATA',85,149),(1433,'2024-01-14 17:27:12','/STFS0029M/migration_transaction/2023-08-15//valid//','CORPORATE_TXN_BENE_CDMS_output.csv','SAVED','USER_DATA',85,149),(1434,'2024-01-14 17:36:51','/STFS0029M/migration_transaction/2023-08-15//valid//','CORPORATE_TXN_SENDER_CDMS_output.csv','SAVED','USER_DATA',85,149),(1435,'2024-01-14 17:41:05','/STFS0029M/migration_transaction/2023-08-15//valid//','DEDUP_ACCIDENT_INSURANCE_CDMS_output.csv','SAVED','USER_DATA',85,149),(1436,'2024-01-14 18:10:39','/STFS0029M/migration_transaction/2023-08-15//valid//','DOMESTIC_INWARD_TXN_BENE_CDMS_output.csv','SAVED','USER_DATA',85,149),(1437,'2024-01-14 18:39:06','/STFS0029M/migration_transaction/2023-08-15//valid//','DOMESTIC_INWARD_TXN_SENDER_CDMS_output.csv','SAVED','USER_DATA',85,149),(1438,'2024-01-14 19:11:49','/STFS0029M/migration_transaction/2023-08-15//valid//','DOMESTIC_OUTWARD_TXN_BENE_CDMS_output.csv','SAVED','USER_DATA',85,149),(1439,'2024-01-14 19:41:53','/STFS0029M/migration_transaction/2023-08-15//valid//','DOMESTIC_OUTWARD_TXN_SENDER_CDMS_output.csv','SAVED','USER_DATA',85,149),(1440,'2024-01-14 19:52:19','/STFS0029M/migration_transaction/2023-08-15//valid//','INTERNATIONAL_INWARD_TXN_BENE_CDMS_output.csv','SAVED','USER_DATA',85,149),(1441,'2024-01-14 20:02:52','/STFS0029M/migration_transaction/2023-08-15//valid//','INTERNATIONAL_INWARD_TXN_SENDER_CDMS_output.csv','SAVED','USER_DATA',85,149),(1442,'2024-01-14 20:02:57','/STFS0029M/migration_transaction/2023-08-15//valid//','INTERNATIONAL_OUTWARD_TXN_BENE_CDMS_output.csv','SAVED','USER_DATA',85,149),(1443,'2024-01-14 20:03:03','/STFS0029M/migration_transaction/2023-08-15//valid//','INTERNATIONAL_OUTWARD_TXN_SENDER_CDMS_output.csv','SAVED','USER_DATA',85,149),(1444,'2024-01-14 20:03:17','/STFS0029M/migration_transaction/2023-08-15//valid//','MC_BOUGHT_FROM_CUSTOMER_CDMS_output.csv','SAVED','USER_DATA',85,149),(1445,'2024-01-14 20:08:09','/STFS0029M/migration_transaction/2023-08-15//valid//','PAWNING_TRANSACTION_CDMS_output.csv','SAVED','USER_DATA',85,149),(1446,'2024-01-14 20:08:24','/STFS0029M/migration_transaction/2023-08-15//valid//','TO_BANK_OUTWARD_TXN_BENE_CDMS_output.csv','SAVED','USER_DATA',85,149),(1447,'2024-01-14 20:08:45','/STFS0029M/migration_transaction/2023-08-15//valid//','TO_BANK_OUTWARD_TXN_SENDER_CDMS_output.csv','SAVED','USER_DATA',85,149),(1448,'2024-01-14 20:23:11','/STFS0029M/migration_transaction/2023-08-04//valid//','CORPORATE_TXN_BENE_CDMS_output.csv','SAVED','USER_DATA',85,149),(1449,'2024-01-14 20:37:26','/STFS0029M/migration_transaction/2023-08-04//valid//','CORPORATE_TXN_SENDER_CDMS_output.csv','SAVED','USER_DATA',85,149),(1450,'2024-01-14 20:43:02','/STFS0029M/migration_transaction/2023-08-04//valid//','DEDUP_ACCIDENT_INSURANCE_CDMS_output.csv','SAVED','USER_DATA',85,149),(1451,'2024-01-14 21:09:11','/STFS0029M/migration_transaction/2023-08-04//valid//','DOMESTIC_INWARD_TXN_BENE_CDMS_output.csv','SAVED','USER_DATA',85,149),(1452,'2024-01-14 21:34:29','/STFS0029M/migration_transaction/2023-08-04//valid//','DOMESTIC_INWARD_TXN_SENDER_CDMS_output.csv','SAVED','USER_DATA',85,149),(1453,'2024-01-14 22:01:04','/STFS0029M/migration_transaction/2023-08-04//valid//','DOMESTIC_OUTWARD_TXN_BENE_CDMS_output.csv','SAVED','USER_DATA',85,149),(1454,'2024-01-14 22:25:45','/STFS0029M/migration_transaction/2023-08-04//valid//','DOMESTIC_OUTWARD_TXN_SENDER_CDMS_output.csv','SAVED','USER_DATA',85,149),(1455,'2024-01-14 22:39:34','/STFS0029M/migration_transaction/2023-08-04//valid//','INTERNATIONAL_INWARD_TXN_BENE_CDMS_output.csv','SAVED','USER_DATA',85,149),(1456,'2024-01-14 22:53:33','/STFS0029M/migration_transaction/2023-08-04//valid//','INTERNATIONAL_INWARD_TXN_SENDER_CDMS_output.csv','SAVED','USER_DATA',85,149),(1457,'2024-01-14 22:53:39','/STFS0029M/migration_transaction/2023-08-04//valid//','INTERNATIONAL_OUTWARD_TXN_BENE_CDMS_output.csv','SAVED','USER_DATA',85,149),(1458,'2024-01-14 22:53:44','/STFS0029M/migration_transaction/2023-08-04//valid//','INTERNATIONAL_OUTWARD_TXN_SENDER_CDMS_output.csv','SAVED','USER_DATA',85,149),(1459,'2024-01-14 22:53:58','/STFS0029M/migration_transaction/2023-08-04//valid//','MC_BOUGHT_FROM_CUSTOMER_CDMS_output.csv','SAVED','USER_DATA',85,149),(1460,'2024-01-14 22:58:18','/STFS0029M/migration_transaction/2023-08-04//valid//','PAWNING_TRANSACTION_CDMS_output.csv','SAVED','USER_DATA',85,149),(1461,'2024-01-14 22:58:33','/STFS0029M/migration_transaction/2023-08-04//valid//','TO_BANK_OUTWARD_TXN_BENE_CDMS_output.csv','SAVED','USER_DATA',85,149),(1462,'2024-01-14 22:58:49','/STFS0029M/migration_transaction/2023-08-04//valid//','TO_BANK_OUTWARD_TXN_SENDER_CDMS_output.csv','SAVED','USER_DATA',85,149),(1463,'2024-01-14 23:07:26','/STFS0029M/migration_transaction/2023-09-14//valid//','INTERNATIONAL_INWARD_TXN_BENE_CDMS_output.csv','SAVED','USER_DATA',85,149),(1464,'2024-01-14 23:16:02','/STFS0029M/migration_transaction/2023-09-14//valid//','INTERNATIONAL_INWARD_TXN_SENDER_CDMS_output.csv','SAVED','USER_DATA',85,149),(1465,'2024-01-14 23:16:08','/STFS0029M/migration_transaction/2023-09-14//valid//','INTERNATIONAL_OUTWARD_TXN_BENE_CDMS_output.csv','SAVED','USER_DATA',85,149),(1466,'2024-01-14 23:16:14','/STFS0029M/migration_transaction/2023-09-14//valid//','INTERNATIONAL_OUTWARD_TXN_SENDER_CDMS_output.csv','SAVED','USER_DATA',85,149),(1467,'2024-01-14 23:16:27','/STFS0029M/migration_transaction/2023-09-14//valid//','MC_BOUGHT_FROM_CUSTOMER_CDMS_output.csv','SAVED','USER_DATA',85,149),(1468,'2024-01-14 23:20:47','/STFS0029M/migration_transaction/2023-09-14//valid//','PAWNING_TRANSACTION_CDMS_output.csv','SAVED','USER_DATA',85,149),(1469,'2024-01-14 23:21:02','/STFS0029M/migration_transaction/2023-09-14//valid//','TO_BANK_OUTWARD_TXN_BENE_CDMS_output.csv','SAVED','USER_DATA',85,149),(1470,'2024-01-14 23:21:17','/STFS0029M/migration_transaction/2023-09-14//valid//','TO_BANK_OUTWARD_TXN_SENDER_CDMS_output.csv','SAVED','USER_DATA',85,149),(1471,'2024-01-14 23:33:24','/STFS0029M/migration_transaction/2023-09-14//valid//','CORPORATE_TXN_BENE_CDMS_output.csv','SAVED','USER_DATA',85,149),(1472,'2024-01-14 23:46:07','/STFS0029M/migration_transaction/2023-09-14//valid//','CORPORATE_TXN_SENDER_CDMS_output.csv','SAVED','USER_DATA',85,149),(1473,'2024-01-14 23:48:59','/STFS0029M/migration_transaction/2023-09-14//valid//','DEDUP_ACCIDENT_INSURANCE_CDMS_output.csv','SAVED','USER_DATA',85,149),(1474,'2024-01-15 00:22:52','/STFS0029M/migration_transaction/2023-09-14//valid//','DOMESTIC_INWARD_TXN_BENE_CDMS_output.csv','SAVED','USER_DATA',85,149),(1475,'2024-01-15 00:55:51','/STFS0029M/migration_transaction/2023-09-14//valid//','DOMESTIC_INWARD_TXN_SENDER_CDMS_output.csv','SAVED','USER_DATA',85,149),(1476,'2024-01-15 01:30:52','/STFS0029M/migration_transaction/2023-09-14//valid//','DOMESTIC_OUTWARD_TXN_BENE_CDMS_output.csv','SAVED','USER_DATA',85,149),(1477,'2024-01-15 02:02:47','/STFS0029M/migration_transaction/2023-09-14//valid//','DOMESTIC_OUTWARD_TXN_SENDER_CDMS_output.csv','SAVED','USER_DATA',85,149),(1478,'2024-01-15 02:08:37','/STFS0029M/migration_transaction/2023-08-22//valid//','CORPORATE_TXN_BENE_CDMS_output.csv','SAVED','USER_DATA',85,149),(1479,'2024-01-15 02:15:45','/STFS0029M/migration_transaction/2023-08-22//valid//','CORPORATE_TXN_SENDER_CDMS_output.csv','SAVED','USER_DATA',85,149),(1480,'2024-01-15 02:18:31','/STFS0029M/migration_transaction/2023-08-22//valid//','DEDUP_ACCIDENT_INSURANCE_CDMS_output.csv','SAVED','USER_DATA',85,149),(1481,'2024-01-15 02:55:40','/STFS0029M/migration_transaction/2023-08-22//valid//','DOMESTIC_INWARD_TXN_BENE_CDMS_output.csv','SAVED','USER_DATA',85,149),(1482,'2024-01-15 03:31:51','/STFS0029M/migration_transaction/2023-08-22//valid//','DOMESTIC_INWARD_TXN_SENDER_CDMS_output.csv','SAVED','USER_DATA',85,149),(1483,'2024-01-15 04:09:03','/STFS0029M/migration_transaction/2023-08-22//valid//','DOMESTIC_OUTWARD_TXN_BENE_CDMS_output.csv','SAVED','USER_DATA',85,149),(1484,'2024-01-15 04:43:34','/STFS0029M/migration_transaction/2023-08-22//valid//','DOMESTIC_OUTWARD_TXN_SENDER_CDMS_output.csv','SAVED','USER_DATA',85,149),(1485,'2024-01-15 04:52:53','/STFS0029M/migration_transaction/2023-08-22//valid//','INTERNATIONAL_INWARD_TXN_BENE_CDMS_output.csv','SAVED','USER_DATA',85,149),(1486,'2024-01-15 05:02:06','/STFS0029M/migration_transaction/2023-08-22//valid//','INTERNATIONAL_INWARD_TXN_SENDER_CDMS_output.csv','SAVED','USER_DATA',85,149),(1487,'2024-01-15 05:02:12','/STFS0029M/migration_transaction/2023-08-22//valid//','INTERNATIONAL_OUTWARD_TXN_BENE_CDMS_output.csv','SAVED','USER_DATA',85,149),(1488,'2024-01-15 05:02:18','/STFS0029M/migration_transaction/2023-08-22//valid//','INTERNATIONAL_OUTWARD_TXN_SENDER_CDMS_output.csv','SAVED','USER_DATA',85,149),(1489,'2024-01-15 05:02:34','/STFS0029M/migration_transaction/2023-08-22//valid//','MC_BOUGHT_FROM_CUSTOMER_CDMS_output.csv','SAVED','USER_DATA',85,149),(1490,'2024-01-15 05:07:03','/STFS0029M/migration_transaction/2023-08-22//valid//','PAWNING_TRANSACTION_CDMS_output.csv','SAVED','USER_DATA',85,149),(1491,'2024-01-15 05:07:11','/STFS0029M/migration_transaction/2023-08-22//valid//','TO_BANK_OUTWARD_TXN_BENE_CDMS_output.csv','SAVED','USER_DATA',85,149),(1492,'2024-01-15 05:07:18','/STFS0029M/migration_transaction/2023-08-22//valid//','TO_BANK_OUTWARD_TXN_SENDER_CDMS_output.csv','SAVED','USER_DATA',85,149),(1493,'2024-01-15 05:18:41','/STFS0029M/migration_transaction/2023-08-26//valid//','CORPORATE_TXN_BENE_CDMS_output.csv','SAVED','USER_DATA',85,149),(1494,'2024-01-15 05:30:55','/STFS0029M/migration_transaction/2023-08-26//valid//','CORPORATE_TXN_SENDER_CDMS_output.csv','SAVED','USER_DATA',85,149),(1495,'2024-01-15 05:33:47','/STFS0029M/migration_transaction/2023-08-26//valid//','DEDUP_ACCIDENT_INSURANCE_CDMS_output.csv','SAVED','USER_DATA',85,149),(1496,'2024-01-15 06:16:24','/STFS0029M/migration_transaction/2023-08-26//valid//','DOMESTIC_INWARD_TXN_BENE_CDMS_output.csv','SAVED','USER_DATA',85,149),(1497,'2024-01-15 06:54:40','/STFS0029M/migration_transaction/2023-08-26//valid//','DOMESTIC_INWARD_TXN_SENDER_CDMS_output.csv','SAVED','USER_DATA',85,149),(1498,'2024-01-15 07:39:29','/STFS0029M/migration_transaction/2023-08-26//valid//','DOMESTIC_OUTWARD_TXN_BENE_CDMS_output.csv','SAVED','USER_DATA',85,149),(1499,'2024-01-15 08:20:11','/STFS0029M/migration_transaction/2023-08-26//valid//','DOMESTIC_OUTWARD_TXN_SENDER_CDMS_output.csv','SAVED','USER_DATA',85,149),(1500,'2024-01-15 08:31:10','/STFS0029M/migration_transaction/2023-08-26//valid//','INTERNATIONAL_INWARD_TXN_BENE_CDMS_output.csv','SAVED','USER_DATA',85,149),(1501,'2024-01-15 08:42:25','/STFS0029M/migration_transaction/2023-08-26//valid//','INTERNATIONAL_INWARD_TXN_SENDER_CDMS_output.csv','SAVED','USER_DATA',85,149),(1502,'2024-01-15 08:42:31','/STFS0029M/migration_transaction/2023-08-26//valid//','INTERNATIONAL_OUTWARD_TXN_BENE_CDMS_output.csv','SAVED','USER_DATA',85,149),(1503,'2024-01-15 08:42:37','/STFS0029M/migration_transaction/2023-08-26//valid//','INTERNATIONAL_OUTWARD_TXN_SENDER_CDMS_output.csv','SAVED','USER_DATA',85,149),(1504,'2024-01-15 08:42:51','/STFS0029M/migration_transaction/2023-08-26//valid//','MC_BOUGHT_FROM_CUSTOMER_CDMS_output.csv','SAVED','USER_DATA',85,149),(1505,'2024-01-15 08:47:13','/STFS0029M/migration_transaction/2023-08-26//valid//','PAWNING_TRANSACTION_CDMS_output.csv','SAVED','USER_DATA',85,149),(1506,'2024-01-15 08:47:29','/STFS0029M/migration_transaction/2023-08-26//valid//','TO_BANK_OUTWARD_TXN_BENE_CDMS_output.csv','SAVED','USER_DATA',85,149),(1507,'2024-01-15 08:47:45','/STFS0029M/migration_transaction/2023-08-26//valid//','TO_BANK_OUTWARD_TXN_SENDER_CDMS_output.csv','SAVED','USER_DATA',85,149),(1508,'2024-01-15 09:01:13','/STFS0029M/migration_transaction/2023-08-08//valid//','CORPORATE_TXN_BENE_CDMS_output.csv','SAVED','USER_DATA',85,149),(1509,'2024-01-15 09:15:02','/STFS0029M/migration_transaction/2023-08-08//valid//','CORPORATE_TXN_SENDER_CDMS_output.csv','SAVED','USER_DATA',85,149),(1510,'2024-01-15 09:20:13','/STFS0029M/migration_transaction/2023-08-08//valid//','DEDUP_ACCIDENT_INSURANCE_CDMS_output.csv','SAVED','USER_DATA',85,149),(1511,'2024-01-15 10:16:34','/STFS0029M/migration_transaction/2023-08-08//valid//','DOMESTIC_INWARD_TXN_BENE_CDMS_output.csv','SAVED','USER_DATA',85,149),(1512,'2024-01-15 11:19:20','/STFS0029M/migration_transaction/2023-08-08//valid//','DOMESTIC_INWARD_TXN_SENDER_CDMS_output.csv','SAVED','USER_DATA',85,149),(1513,'2024-01-15 12:23:05','/STFS0029M/migration_transaction/2023-08-08//valid//','DOMESTIC_OUTWARD_TXN_BENE_CDMS_output.csv','SAVED','USER_DATA',85,149),(1514,'2024-01-15 13:20:06','/STFS0029M/migration_transaction/2023-08-08//valid//','DOMESTIC_OUTWARD_TXN_SENDER_CDMS_output.csv','SAVED','USER_DATA',85,149),(1515,'2024-01-15 13:38:41','/STFS0029M/migration_transaction/2023-08-08//valid//','INTERNATIONAL_INWARD_TXN_BENE_CDMS_output.csv','SAVED','USER_DATA',85,149),(1516,'2024-01-15 13:57:09','/STFS0029M/migration_transaction/2023-08-08//valid//','INTERNATIONAL_INWARD_TXN_SENDER_CDMS_output.csv','SAVED','USER_DATA',85,149),(1517,'2024-01-15 13:57:20','/STFS0029M/migration_transaction/2023-08-08//valid//','INTERNATIONAL_OUTWARD_TXN_BENE_CDMS_output.csv','SAVED','USER_DATA',85,149),(1518,'2024-01-15 13:57:31','/STFS0029M/migration_transaction/2023-08-08//valid//','INTERNATIONAL_OUTWARD_TXN_SENDER_CDMS_output.csv','SAVED','USER_DATA',85,149),(1519,'2024-01-15 13:58:06','/STFS0029M/migration_transaction/2023-08-08//valid//','MC_BOUGHT_FROM_CUSTOMER_CDMS_output.csv','SAVED','USER_DATA',85,149),(1520,'2024-01-15 13:58:31','/STFS0029M/migration_transaction/2023-08-08//valid//','TO_BANK_OUTWARD_TXN_BENE_CDMS_output.csv','SAVED','USER_DATA',85,149),(1521,'2024-01-15 13:59:08','/STFS0029M/migration_transaction/2023-08-08//valid//','TO_BANK_OUTWARD_TXN_SENDER_CDMS_output.csv','SAVED','USER_DATA',85,149),(1522,'2024-01-15 14:18:18','/STFS0029M/migration_transaction/2023-09-09//valid//','CORPORATE_TXN_BENE_CDMS_output.csv','SAVED','USER_DATA',85,149),(1523,'2024-01-15 14:38:54','/STFS0029M/migration_transaction/2023-09-09//valid//','CORPORATE_TXN_SENDER_CDMS_output.csv','SAVED','USER_DATA',85,149),(1524,'2024-01-15 14:43:09','/STFS0029M/migration_transaction/2023-09-09//valid//','DEDUP_ACCIDENT_INSURANCE_CDMS_output.csv','SAVED','USER_DATA',85,149),(1525,'2024-01-15 15:50:05','/STFS0029M/migration_transaction/2023-09-09//valid//','DOMESTIC_INWARD_TXN_BENE_CDMS_output.csv','SAVED','USER_DATA',85,149),(1526,'2024-01-15 16:52:28','/STFS0029M/migration_transaction/2023-09-09//valid//','DOMESTIC_INWARD_TXN_SENDER_CDMS_output.csv','SAVED','USER_DATA',85,149),(1527,'2024-01-15 18:06:15','/STFS0029M/migration_transaction/2023-09-09//valid//','DOMESTIC_OUTWARD_TXN_BENE_CDMS_output.csv','SAVED','USER_DATA',85,149),(1528,'2024-01-15 19:11:33','/STFS0029M/migration_transaction/2023-09-09//valid//','DOMESTIC_OUTWARD_TXN_SENDER_CDMS_output.csv','SAVED','USER_DATA',85,149),(1529,'2024-01-15 19:22:39','/STFS0029M/migration_transaction/2023-09-09//valid//','INTERNATIONAL_INWARD_TXN_BENE_CDMS_output.csv','SAVED','USER_DATA',85,149),(1530,'2024-01-15 19:34:04','/STFS0029M/migration_transaction/2023-09-09//valid//','INTERNATIONAL_INWARD_TXN_SENDER_CDMS_output.csv','SAVED','USER_DATA',85,149),(1531,'2024-01-15 19:34:10','/STFS0029M/migration_transaction/2023-09-09//valid//','INTERNATIONAL_OUTWARD_TXN_BENE_CDMS_output.csv','SAVED','USER_DATA',85,149),(1532,'2024-01-15 19:34:16','/STFS0029M/migration_transaction/2023-09-09//valid//','INTERNATIONAL_OUTWARD_TXN_SENDER_CDMS_output.csv','SAVED','USER_DATA',85,149),(1533,'2024-01-15 19:34:29','/STFS0029M/migration_transaction/2023-09-09//valid//','MC_BOUGHT_FROM_CUSTOMER_CDMS_output.csv','SAVED','USER_DATA',85,149),(1534,'2024-01-15 19:37:44','/STFS0029M/migration_transaction/2023-09-09//valid//','PAWNING_TRANSACTION_CDMS_output.csv','SAVED','USER_DATA',85,149),(1535,'2024-01-15 19:37:58','/STFS0029M/migration_transaction/2023-09-09//valid//','TO_BANK_OUTWARD_TXN_BENE_CDMS_output.csv','SAVED','USER_DATA',85,149),(1536,'2024-01-15 19:38:13','/STFS0029M/migration_transaction/2023-09-09//valid//','TO_BANK_OUTWARD_TXN_SENDER_CDMS_output.csv','SAVED','USER_DATA',85,149),(1537,'2024-01-15 19:47:33','/STFS0029M/migration_transaction/2023-10-09//valid//','CORPORATE_TXN_BENE_CDMS_output.csv','SAVED','USER_DATA',85,149),(1538,'2024-01-15 19:57:54','/STFS0029M/migration_transaction/2023-10-09//valid//','CORPORATE_TXN_SENDER_CDMS_output.csv','SAVED','USER_DATA',85,149),(1539,'2024-01-15 20:00:42','/STFS0029M/migration_transaction/2023-10-09//valid//','DEDUP_ACCIDENT_INSURANCE_CDMS_output.csv','SAVED','USER_DATA',85,149),(1540,'2024-01-15 20:42:33','/STFS0029M/migration_transaction/2023-10-09//valid//','DOMESTIC_INWARD_TXN_BENE_CDMS_output.csv','SAVED','USER_DATA',85,149),(1541,'2024-01-15 21:23:04','/STFS0029M/migration_transaction/2023-10-09//valid//','DOMESTIC_INWARD_TXN_SENDER_CDMS_output.csv','SAVED','USER_DATA',85,149),(1542,'2024-01-15 22:04:42','/STFS0029M/migration_transaction/2023-10-09//valid//','DOMESTIC_OUTWARD_TXN_BENE_CDMS_output.csv','SAVED','USER_DATA',85,149),(1543,'2024-01-15 22:43:23','/STFS0029M/migration_transaction/2023-10-09//valid//','DOMESTIC_OUTWARD_TXN_SENDER_CDMS_output.csv','SAVED','USER_DATA',85,149),(1544,'2024-01-15 22:54:50','/STFS0029M/migration_transaction/2023-10-09//valid//','INTERNATIONAL_INWARD_TXN_BENE_CDMS_output.csv','SAVED','USER_DATA',85,149),(1545,'2024-01-15 23:06:28','/STFS0029M/migration_transaction/2023-10-09//valid//','INTERNATIONAL_INWARD_TXN_SENDER_CDMS_output.csv','SAVED','USER_DATA',85,149),(1546,'2024-01-15 23:06:34','/STFS0029M/migration_transaction/2023-10-09//valid//','INTERNATIONAL_OUTWARD_TXN_BENE_CDMS_output.csv','SAVED','USER_DATA',85,149),(1547,'2024-01-15 23:06:39','/STFS0029M/migration_transaction/2023-10-09//valid//','INTERNATIONAL_OUTWARD_TXN_SENDER_CDMS_output.csv','SAVED','USER_DATA',85,149),(1548,'2024-01-15 23:06:53','/STFS0029M/migration_transaction/2023-10-09//valid//','MC_BOUGHT_FROM_CUSTOMER_CDMS_output.csv','SAVED','USER_DATA',85,149),(1549,'2024-01-15 23:11:37','/STFS0029M/migration_transaction/2023-10-09//valid//','PAWNING_TRANSACTION_CDMS_output.csv','SAVED','USER_DATA',85,149),(1550,'2024-01-15 23:11:52','/STFS0029M/migration_transaction/2023-10-09//valid//','TO_BANK_OUTWARD_TXN_BENE_CDMS_output.csv','SAVED','USER_DATA',85,149),(1551,'2024-01-15 23:12:07','/STFS0029M/migration_transaction/2023-10-09//valid//','TO_BANK_OUTWARD_TXN_SENDER_CDMS_output.csv','SAVED','USER_DATA',85,149),(1552,'2024-01-15 23:22:04','/STFS0029M/migration_transaction/2023-09-01//valid//','CORPORATE_TXN_BENE_CDMS_output.csv','SAVED','USER_DATA',85,149),(1553,'2024-01-15 23:32:16','/STFS0029M/migration_transaction/2023-09-01//valid//','CORPORATE_TXN_SENDER_CDMS_output.csv','SAVED','USER_DATA',85,149),(1554,'2024-01-15 23:35:55','/STFS0029M/migration_transaction/2023-09-01//valid//','DEDUP_ACCIDENT_INSURANCE_CDMS_output.csv','SAVED','USER_DATA',85,149),(1555,'2024-01-16 00:25:56','/STFS0029M/migration_transaction/2023-09-01//valid//','DOMESTIC_INWARD_TXN_BENE_CDMS_output.csv','SAVED','USER_DATA',85,149),(1556,'2024-01-16 01:13:51','/STFS0029M/migration_transaction/2023-09-01//valid//','DOMESTIC_INWARD_TXN_SENDER_CDMS_output.csv','SAVED','USER_DATA',85,149),(1557,'2024-01-16 02:30:46','/STFS0029M/migration_transaction/2023-09-01//valid//','DOMESTIC_OUTWARD_TXN_BENE_CDMS_output.csv','SAVED','USER_DATA',85,149),(1558,'2024-01-16 03:54:22','/STFS0029M/migration_transaction/2023-09-01//valid//','DOMESTIC_OUTWARD_TXN_SENDER_CDMS_output.csv','SAVED','USER_DATA',85,149),(1559,'2024-01-16 04:28:21','/STFS0029M/migration_transaction/2023-09-01//valid//','INTERNATIONAL_INWARD_TXN_SENDER_CDMS_output.csv','SAVED','USER_DATA',85,149),(1560,'2024-01-16 04:28:32','/STFS0029M/migration_transaction/2023-09-01//valid//','INTERNATIONAL_OUTWARD_TXN_BENE_CDMS_output.csv','SAVED','USER_DATA',85,149),(1561,'2024-01-16 04:28:44','/STFS0029M/migration_transaction/2023-09-01//valid//','INTERNATIONAL_OUTWARD_TXN_SENDER_CDMS_output.csv','SAVED','USER_DATA',85,149),(1562,'2024-01-16 04:29:08','/STFS0029M/migration_transaction/2023-09-01//valid//','MC_BOUGHT_FROM_CUSTOMER_CDMS_output.csv','SAVED','USER_DATA',85,149),(1563,'2024-01-16 04:36:26','/STFS0029M/migration_transaction/2023-09-01//valid//','PAWNING_TRANSACTION_CDMS_output.csv','SAVED','USER_DATA',85,149),(1564,'2024-01-16 04:36:40','/STFS0029M/migration_transaction/2023-09-01//valid//','TO_BANK_OUTWARD_TXN_BENE_CDMS_output.csv','SAVED','USER_DATA',85,149),(1565,'2024-01-16 04:36:53','/STFS0029M/migration_transaction/2023-09-01//valid//','TO_BANK_OUTWARD_TXN_SENDER_CDMS_output.csv','SAVED','USER_DATA',85,149),(1566,'2024-01-16 05:02:35','/STFS0029M/migration_transaction/2023-08-02//valid//','CORPORATE_TXN_BENE_CDMS_output.csv','SAVED','USER_DATA',85,149),(1567,'2024-01-16 05:29:00','/STFS0029M/migration_transaction/2023-08-02//valid//','CORPORATE_TXN_SENDER_CDMS_output.csv','SAVED','USER_DATA',85,149),(1568,'2024-01-16 05:39:09','/STFS0029M/migration_transaction/2023-08-02//valid//','DEDUP_ACCIDENT_INSURANCE_CDMS_output.csv','SAVED','USER_DATA',85,149),(1569,'2024-01-16 06:34:50','/STFS0029M/migration_transaction/2023-08-02//valid//','DOMESTIC_INWARD_TXN_BENE_CDMS_output.csv','SAVED','USER_DATA',85,149),(1570,'2024-01-16 07:28:19','/STFS0029M/migration_transaction/2023-08-02//valid//','DOMESTIC_INWARD_TXN_SENDER_CDMS_output.csv','SAVED','USER_DATA',85,149),(1571,'2024-01-16 08:26:02','/STFS0029M/migration_transaction/2023-08-02//valid//','DOMESTIC_OUTWARD_TXN_BENE_CDMS_output.csv','SAVED','USER_DATA',85,149),(1572,'2024-01-16 09:15:23','/STFS0029M/migration_transaction/2023-08-02//valid//','DOMESTIC_OUTWARD_TXN_SENDER_CDMS_output.csv','SAVED','USER_DATA',85,149),(1573,'2024-01-16 09:41:28','/STFS0029M/migration_transaction/2023-08-02//valid//','INTERNATIONAL_INWARD_TXN_BENE_CDMS_output.csv','SAVED','USER_DATA',85,149),(1574,'2024-01-16 10:07:20','/STFS0029M/migration_transaction/2023-08-02//valid//','INTERNATIONAL_INWARD_TXN_SENDER_CDMS_output.csv','SAVED','USER_DATA',85,149),(1575,'2024-01-16 10:07:31','/STFS0029M/migration_transaction/2023-08-02//valid//','INTERNATIONAL_OUTWARD_TXN_BENE_CDMS_output.csv','SAVED','USER_DATA',85,149),(1576,'2024-01-16 10:07:41','/STFS0029M/migration_transaction/2023-08-02//valid//','INTERNATIONAL_OUTWARD_TXN_SENDER_CDMS_output.csv','SAVED','USER_DATA',85,149),(1577,'2024-01-16 10:08:05','/STFS0029M/migration_transaction/2023-08-02//valid//','MC_BOUGHT_FROM_CUSTOMER_CDMS_output.csv','SAVED','USER_DATA',85,149),(1578,'2024-01-16 10:14:55','/STFS0029M/migration_transaction/2023-08-02//valid//','PAWNING_TRANSACTION_CDMS_output.csv','SAVED','USER_DATA',85,149),(1579,'2024-01-16 10:15:21','/STFS0029M/migration_transaction/2023-08-02//valid//','TO_BANK_OUTWARD_TXN_BENE_CDMS_output.csv','SAVED','USER_DATA',85,149),(1580,'2024-01-16 10:15:46','/STFS0029M/migration_transaction/2023-08-02//valid//','TO_BANK_OUTWARD_TXN_SENDER_CDMS_output.csv','SAVED','USER_DATA',85,149),(1581,'2024-01-16 10:35:56','/STFS0029M/migration_transaction/2023-10-01//valid//','CORPORATE_TXN_BENE_CDMS_output.csv','SAVED','USER_DATA',85,149),(1582,'2024-01-16 10:56:46','/STFS0029M/migration_transaction/2023-10-01//valid//','CORPORATE_TXN_SENDER_CDMS_output.csv','SAVED','USER_DATA',85,149),(1583,'2024-01-16 11:01:04','/STFS0029M/migration_transaction/2023-10-01//valid//','DEDUP_ACCIDENT_INSURANCE_CDMS_output.csv','SAVED','USER_DATA',85,149),(1584,'2024-01-16 12:29:56','/STFS0029M/migration_transaction/2023-10-01//valid//','DOMESTIC_INWARD_TXN_BENE_CDMS_output.csv','SAVED','USER_DATA',85,149),(1585,'2024-01-16 13:56:32','/STFS0029M/migration_transaction/2023-10-01//valid//','DOMESTIC_INWARD_TXN_SENDER_CDMS_output.csv','SAVED','USER_DATA',85,149),(1586,'2024-01-16 15:28:12','/STFS0029M/migration_transaction/2023-10-01//valid//','DOMESTIC_OUTWARD_TXN_BENE_CDMS_output.csv','SAVED','USER_DATA',85,149),(1587,'2024-01-16 16:50:22','/STFS0029M/migration_transaction/2023-10-01//valid//','DOMESTIC_OUTWARD_TXN_SENDER_CDMS_output.csv','SAVED','USER_DATA',85,149),(1588,'2024-01-16 17:07:00','/STFS0029M/migration_transaction/2023-10-01//valid//','INTERNATIONAL_INWARD_TXN_BENE_CDMS_output.csv','SAVED','USER_DATA',85,149),(1589,'2024-01-16 17:23:48','/STFS0029M/migration_transaction/2023-10-01//valid//','INTERNATIONAL_INWARD_TXN_SENDER_CDMS_output.csv','SAVED','USER_DATA',85,149),(1590,'2024-01-16 17:23:54','/STFS0029M/migration_transaction/2023-10-01//valid//','INTERNATIONAL_OUTWARD_TXN_BENE_CDMS_output.csv','SAVED','USER_DATA',85,149),(1591,'2024-01-16 17:23:59','/STFS0029M/migration_transaction/2023-10-01//valid//','INTERNATIONAL_OUTWARD_TXN_SENDER_CDMS_output.csv','SAVED','USER_DATA',85,149),(1592,'2024-01-16 17:24:12','/STFS0029M/migration_transaction/2023-10-01//valid//','MC_BOUGHT_FROM_CUSTOMER_CDMS_output.csv','SAVED','USER_DATA',85,149),(1593,'2024-01-16 17:27:07','/STFS0029M/migration_transaction/2023-10-01//valid//','PAWNING_TRANSACTION_CDMS_output.csv','SAVED','USER_DATA',85,149),(1594,'2024-01-16 17:27:15','/STFS0029M/migration_transaction/2023-10-01//valid//','TO_BANK_OUTWARD_TXN_BENE_CDMS_output.csv','SAVED','USER_DATA',85,149),(1595,'2024-01-16 17:27:28','/STFS0029M/migration_transaction/2023-10-01//valid//','TO_BANK_OUTWARD_TXN_SENDER_CDMS_output.csv','SAVED','USER_DATA',85,149),(1596,'2024-01-16 17:37:04','/STFS0029M/migration_transaction/2023-08-17//valid//','CORPORATE_TXN_BENE_CDMS_output.csv','SAVED','USER_DATA',85,149),(1597,'2024-01-16 17:47:11','/STFS0029M/migration_transaction/2023-08-17//valid//','CORPORATE_TXN_SENDER_CDMS_output.csv','SAVED','USER_DATA',85,149),(1598,'2024-01-16 17:50:13','/STFS0029M/migration_transaction/2023-08-17//valid//','DEDUP_ACCIDENT_INSURANCE_CDMS_output.csv','SAVED','USER_DATA',85,149),(1599,'2024-01-16 18:33:24','/STFS0029M/migration_transaction/2023-08-17//valid//','DOMESTIC_INWARD_TXN_BENE_CDMS_output.csv','SAVED','USER_DATA',85,149),(1600,'2024-01-16 19:14:55','/STFS0029M/migration_transaction/2023-08-17//valid//','DOMESTIC_INWARD_TXN_SENDER_CDMS_output.csv','SAVED','USER_DATA',85,149),(1601,'2024-01-16 19:56:45','/STFS0029M/migration_transaction/2023-08-17//valid//','DOMESTIC_OUTWARD_TXN_BENE_CDMS_output.csv','SAVED','USER_DATA',85,149),(1602,'2024-01-16 20:35:29','/STFS0029M/migration_transaction/2023-08-17//valid//','DOMESTIC_OUTWARD_TXN_SENDER_CDMS_output.csv','SAVED','USER_DATA',85,149),(1603,'2024-01-16 20:44:47','/STFS0029M/migration_transaction/2023-08-17//valid//','INTERNATIONAL_INWARD_TXN_BENE_CDMS_output.csv','SAVED','USER_DATA',85,149),(1604,'2024-01-16 20:54:15','/STFS0029M/migration_transaction/2023-08-17//valid//','INTERNATIONAL_INWARD_TXN_SENDER_CDMS_output.csv','SAVED','USER_DATA',85,149),(1605,'2024-01-16 20:54:21','/STFS0029M/migration_transaction/2023-08-17//valid//','INTERNATIONAL_OUTWARD_TXN_BENE_CDMS_output.csv','SAVED','USER_DATA',85,149),(1606,'2024-01-16 20:54:27','/STFS0029M/migration_transaction/2023-08-17//valid//','INTERNATIONAL_OUTWARD_TXN_SENDER_CDMS_output.csv','SAVED','USER_DATA',85,149),(1607,'2024-01-16 20:54:41','/STFS0029M/migration_transaction/2023-08-17//valid//','MC_BOUGHT_FROM_CUSTOMER_CDMS_output.csv','SAVED','USER_DATA',85,149),(1608,'2024-01-16 20:59:33','/STFS0029M/migration_transaction/2023-08-17//valid//','PAWNING_TRANSACTION_CDMS_output.csv','SAVED','USER_DATA',85,149),(1609,'2024-01-16 20:59:49','/STFS0029M/migration_transaction/2023-08-17//valid//','TO_BANK_OUTWARD_TXN_BENE_CDMS_output.csv','SAVED','USER_DATA',85,149),(1610,'2024-01-16 21:00:10','/STFS0029M/migration_transaction/2023-08-17//valid//','TO_BANK_OUTWARD_TXN_SENDER_CDMS_output.csv','SAVED','USER_DATA',85,149),(1611,'2024-01-16 21:03:59','/STFS0029M/migration_transaction/2023-10-24//valid//','CORPORATE_TXN_BENE_CDMS_output.csv','SAVED','USER_DATA',85,149),(1612,'2024-01-16 21:08:56','/STFS0029M/migration_transaction/2023-10-24//valid//','CORPORATE_TXN_SENDER_CDMS_output.csv','SAVED','USER_DATA',85,149),(1613,'2024-01-16 21:11:31','/STFS0029M/migration_transaction/2023-10-24//valid//','DEDUP_ACCIDENT_INSURANCE_CDMS_output.csv','SAVED','USER_DATA',85,149),(1614,'2024-01-16 21:48:09','/STFS0029M/migration_transaction/2023-10-24//valid//','DOMESTIC_INWARD_TXN_BENE_CDMS_output.csv','SAVED','USER_DATA',85,149),(1615,'2024-01-16 22:23:27','/STFS0029M/migration_transaction/2023-10-24//valid//','DOMESTIC_INWARD_TXN_SENDER_CDMS_output.csv','SAVED','USER_DATA',85,149),(1616,'2024-01-16 23:25:04','/STFS0029M/migration_transaction/2023-10-24//valid//','DOMESTIC_OUTWARD_TXN_BENE_CDMS_output.csv','SAVED','USER_DATA',85,149),(1617,'2024-01-17 00:22:30','/STFS0029M/migration_transaction/2023-10-24//valid//','DOMESTIC_OUTWARD_TXN_SENDER_CDMS_output.csv','SAVED','USER_DATA',85,149),(1618,'2024-01-17 00:37:58','/STFS0029M/migration_transaction/2023-10-24//valid//','INTERNATIONAL_INWARD_TXN_BENE_CDMS_output.csv','SAVED','USER_DATA',85,149),(1619,'2024-01-17 00:53:18','/STFS0029M/migration_transaction/2023-10-24//valid//','INTERNATIONAL_INWARD_TXN_SENDER_CDMS_output.csv','SAVED','USER_DATA',85,149),(1620,'2024-01-17 00:53:30','/STFS0029M/migration_transaction/2023-10-24//valid//','INTERNATIONAL_OUTWARD_TXN_BENE_CDMS_output.csv','SAVED','USER_DATA',85,149),(1621,'2024-01-17 00:53:41','/STFS0029M/migration_transaction/2023-10-24//valid//','INTERNATIONAL_OUTWARD_TXN_SENDER_CDMS_output.csv','SAVED','USER_DATA',85,149),(1622,'2024-01-17 00:54:07','/STFS0029M/migration_transaction/2023-10-24//valid//','MC_BOUGHT_FROM_CUSTOMER_CDMS_output.csv','SAVED','USER_DATA',85,149),(1623,'2024-01-17 01:01:41','/STFS0029M/migration_transaction/2023-10-24//valid//','PAWNING_TRANSACTION_CDMS_output.csv','SAVED','USER_DATA',85,149),(1624,'2024-01-17 01:01:55','/STFS0029M/migration_transaction/2023-10-24//valid//','TO_BANK_OUTWARD_TXN_BENE_CDMS_output.csv','SAVED','USER_DATA',85,149),(1625,'2024-01-17 01:02:11','/STFS0029M/migration_transaction/2023-10-24//valid//','TO_BANK_OUTWARD_TXN_SENDER_CDMS_output.csv','SAVED','USER_DATA',85,149),(1626,'2024-01-17 01:31:02','/STFS0029M/migration_transaction/2023-08-16//valid//','CORPORATE_TXN_BENE_CDMS_output.csv','SAVED','USER_DATA',85,149),(1627,'2024-01-19 17:35:36','/STFS0029M/migration_data//overall//','valid_CDMS.csv','SAVED','USER_DATA',76,149);
/*!40000 ALTER TABLE `FILE_LOCATION_DETAIL` ENABLE KEYS */;
UNLOCK TABLES;

--
-- Table structure for table `JOB_REPEAT_ON`
--

DROP TABLE IF EXISTS `JOB_REPEAT_ON`;
/*!40101 SET @saved_cs_client     = @@character_set_client */;
/*!50503 SET character_set_client = utf8mb4 */;
CREATE TABLE `JOB_REPEAT_ON` (
  `JOB_REPEAT_ON_ID` int NOT NULL AUTO_INCREMENT,
  `TIME_OF_DAY` time DEFAULT NULL,
  `DAYS_OF_WEEK` varchar(20) DEFAULT NULL,
  `DAY_OF_MONTH` int DEFAULT NULL,
  `WEEK_OF_MONTH` int DEFAULT NULL,
  `MONTH_OF_YEAR` int DEFAULT NULL,
  PRIMARY KEY (`JOB_REPEAT_ON_ID`)
) ENGINE=InnoDB AUTO_INCREMENT=1714 DEFAULT CHARSET=latin1;
/*!40101 SET character_set_client = @saved_cs_client */;

--
-- Dumping data for table `JOB_REPEAT_ON`
--

LOCK TABLES `JOB_REPEAT_ON` WRITE;
/*!40000 ALTER TABLE `JOB_REPEAT_ON` DISABLE KEYS */;
INSERT INTO `JOB_REPEAT_ON` VALUES (1,NULL,'',NULL,NULL,NULL),(2,NULL,'',NULL,NULL,NULL),(3,NULL,'',NULL,NULL,NULL),(4,NULL,'',NULL,NULL,NULL),(5,NULL,'',NULL,NULL,NULL),(6,NULL,'',NULL,NULL,NULL),(7,NULL,'',NULL,NULL,NULL),(8,NULL,'',NULL,NULL,NULL),(9,NULL,'',NULL,NULL,NULL),(10,NULL,'',NULL,NULL,NULL),(11,NULL,'',NULL,NULL,NULL),(12,NULL,'',NULL,NULL,NULL),(13,NULL,'',NULL,NULL,NULL),(14,NULL,'',NULL,NULL,NULL),(15,NULL,'',NULL,NULL,NULL),(16,NULL,'',NULL,NULL,NULL),(17,NULL,'',NULL,NULL,NULL),(18,NULL,'',NULL,NULL,NULL),(19,NULL,'',NULL,NULL,NULL),(20,NULL,'',NULL,NULL,NULL),(21,NULL,'',NULL,NULL,NULL),(22,NULL,'',NULL,NULL,NULL),(23,NULL,'',NULL,NULL,NULL),(24,NULL,'',NULL,NULL,NULL),(25,NULL,'',NULL,NULL,NULL),(26,NULL,'',NULL,NULL,NULL),(27,NULL,'',NULL,NULL,NULL),(28,NULL,'',NULL,NULL,NULL),(29,'06:00:00',NULL,17,4,8),(30,'06:00:00',NULL,17,4,8),(31,NULL,'',NULL,NULL,NULL),(32,NULL,'',NULL,NULL,NULL),(33,NULL,'',NULL,NULL,NULL),(34,NULL,'',NULL,NULL,NULL),(35,NULL,'',NULL,NULL,NULL),(36,NULL,'',NULL,NULL,NULL),(37,NULL,'',NULL,NULL,NULL),(38,NULL,'',NULL,NULL,NULL),(39,NULL,'',NULL,NULL,NULL),(40,NULL,'',NULL,NULL,NULL),(41,'12:48:00','',20,3,8),(42,NULL,'',NULL,NULL,NULL),(43,NULL,'',NULL,NULL,NULL),(44,NULL,'',NULL,NULL,NULL),(45,NULL,'',NULL,NULL,NULL),(46,NULL,'',NULL,NULL,NULL),(47,NULL,'',NULL,NULL,NULL),(48,NULL,'',NULL,NULL,NULL),(49,NULL,'',NULL,NULL,NULL),(50,NULL,'',NULL,NULL,NULL),(51,NULL,'',NULL,NULL,NULL),(52,NULL,'',NULL,NULL,NULL),(53,'10:30:00','',25,4,8),(54,'18:30:00','',26,4,8),(55,'18:30:00','',26,4,8),(56,NULL,'',NULL,NULL,NULL),(57,NULL,'',NULL,NULL,NULL),(58,'18:45:00','',26,4,8),(59,'18:45:00','',26,4,8),(60,'18:45:00','',26,4,8),(61,NULL,'',NULL,NULL,NULL),(62,NULL,'',NULL,NULL,NULL),(63,NULL,'',NULL,NULL,NULL),(64,NULL,'',NULL,NULL,NULL),(65,NULL,'',NULL,NULL,NULL),(66,NULL,'',NULL,NULL,NULL),(67,NULL,'',NULL,NULL,NULL),(68,NULL,'',NULL,NULL,NULL),(69,NULL,'',NULL,NULL,NULL),(70,'10:20:00','',26,4,8),(71,'10:25:00','',26,4,8),(72,'10:25:00','',26,4,8),(73,'11:15:00','',26,4,8),(74,'11:45:00','',26,4,8),(75,'11:45:00','',26,4,8),(76,NULL,'',NULL,NULL,NULL),(77,NULL,'',NULL,NULL,NULL),(78,'11:45:00','',26,4,8),(79,NULL,'',NULL,NULL,NULL),(80,NULL,'',NULL,NULL,NULL),(81,NULL,'',NULL,NULL,NULL),(82,NULL,'',NULL,NULL,NULL),(83,NULL,'',NULL,NULL,NULL),(84,NULL,'',NULL,NULL,NULL),(85,NULL,'',NULL,NULL,NULL),(86,NULL,'',NULL,NULL,NULL),(87,NULL,'',NULL,NULL,NULL),(88,NULL,'',NULL,NULL,NULL),(89,NULL,'',NULL,NULL,NULL),(90,NULL,'',NULL,NULL,NULL),(91,NULL,'',NULL,NULL,NULL),(92,NULL,'',NULL,NULL,NULL),(93,NULL,'',NULL,NULL,NULL),(94,NULL,'',NULL,NULL,NULL),(95,NULL,'',NULL,NULL,NULL),(96,NULL,'',NULL,NULL,NULL),(97,NULL,'',NULL,NULL,NULL),(98,'16:31:00','',27,4,8),(99,'16:31:00','',27,4,8),(100,'16:40:00','',27,4,8),(101,'16:40:00','',27,4,8),(102,NULL,'',NULL,NULL,NULL),(103,NULL,'',NULL,NULL,NULL),(104,NULL,'',NULL,NULL,NULL),(105,NULL,'',NULL,NULL,NULL),(106,NULL,'',NULL,NULL,NULL),(107,NULL,'',NULL,NULL,NULL),(108,NULL,'',NULL,NULL,NULL),(109,NULL,'',NULL,NULL,NULL),(110,NULL,'',NULL,NULL,NULL),(111,NULL,'',NULL,NULL,NULL),(112,NULL,'',NULL,NULL,NULL),(113,NULL,'',NULL,NULL,NULL),(114,NULL,'',NULL,NULL,NULL),(115,NULL,'',NULL,NULL,NULL),(116,'13:45:00','',29,4,8),(117,'03:39:00','',9,2,9),(118,NULL,'',NULL,NULL,NULL),(119,'13:49:00','',29,4,8),(120,NULL,'',NULL,NULL,NULL),(121,NULL,'',NULL,NULL,NULL),(122,NULL,'',NULL,NULL,NULL),(123,'07:05:00','',30,5,8),(124,'07:05:00','',30,5,8),(125,NULL,'',NULL,NULL,NULL),(126,NULL,'',NULL,NULL,NULL),(127,NULL,'',NULL,NULL,NULL),(128,NULL,'',NULL,NULL,NULL),(129,NULL,'',NULL,NULL,NULL),(130,NULL,'',NULL,NULL,NULL),(131,NULL,'',NULL,NULL,NULL),(132,NULL,'',NULL,NULL,NULL),(133,NULL,'',NULL,NULL,NULL),(134,NULL,'',NULL,NULL,NULL),(135,NULL,'',NULL,NULL,NULL),(136,NULL,'',NULL,NULL,NULL),(137,NULL,'',NULL,NULL,NULL),(138,NULL,'',NULL,NULL,NULL),(139,NULL,'',NULL,NULL,NULL),(140,NULL,'',NULL,NULL,NULL),(141,NULL,'',NULL,NULL,NULL),(142,NULL,'',NULL,NULL,NULL),(143,NULL,'',NULL,NULL,NULL),(144,NULL,'',NULL,NULL,NULL),(145,NULL,'',NULL,NULL,NULL),(146,NULL,'',NULL,NULL,NULL),(147,NULL,'',NULL,NULL,NULL),(148,NULL,'',NULL,NULL,NULL),(149,NULL,'',NULL,NULL,NULL),(150,NULL,'',NULL,NULL,NULL),(151,NULL,'',NULL,NULL,NULL),(152,NULL,'',NULL,NULL,NULL),(153,NULL,'',NULL,NULL,NULL),(154,'04:40:00','',10,2,9),(155,'08:44:00','',18,3,9),(156,NULL,'',NULL,NULL,NULL),(157,NULL,'',NULL,NULL,NULL),(158,'01:37:00','',4,1,9),(159,'09:45:00','',3,1,9),(160,'00:36:00','',4,1,9),(161,'01:37:00','',4,1,9),(162,'01:37:00','',4,1,9),(163,'01:37:00','',11,2,9),(164,NULL,'',NULL,NULL,NULL),(165,NULL,'',NULL,NULL,NULL),(166,NULL,'',NULL,NULL,NULL),(167,NULL,'',NULL,NULL,NULL),(168,NULL,'',NULL,NULL,NULL),(169,NULL,'',NULL,NULL,NULL),(170,NULL,'',NULL,NULL,NULL),(171,NULL,'',NULL,NULL,NULL),(172,NULL,'',NULL,NULL,NULL),(173,NULL,'',NULL,NULL,NULL),(174,NULL,'',NULL,NULL,NULL),(175,NULL,'',NULL,NULL,NULL),(176,NULL,'',NULL,NULL,NULL),(177,'21:22:00','',4,1,9),(178,NULL,'',NULL,NULL,NULL),(179,NULL,'',NULL,NULL,NULL),(180,NULL,'',NULL,NULL,NULL),(181,NULL,'',NULL,NULL,NULL),(182,NULL,'',NULL,NULL,NULL),(183,NULL,'',NULL,NULL,NULL),(184,NULL,'',NULL,NULL,NULL),(185,NULL,'',NULL,NULL,NULL),(186,NULL,'',NULL,NULL,NULL),(187,NULL,'',NULL,NULL,NULL),(188,NULL,'',NULL,NULL,NULL),(189,NULL,'',NULL,NULL,NULL),(190,'14:05:00','',4,1,9),(191,'14:05:00','',4,1,9),(192,'14:30:00','',4,1,9),(193,NULL,'',NULL,NULL,NULL),(194,'14:30:00','',4,1,9),(195,'14:45:00','2',4,1,9),(196,NULL,'',NULL,NULL,NULL),(197,NULL,'',NULL,NULL,NULL),(198,NULL,'',NULL,NULL,NULL),(199,NULL,'',NULL,NULL,NULL),(200,NULL,'',NULL,NULL,NULL),(201,NULL,'',NULL,NULL,NULL),(202,NULL,'',NULL,NULL,NULL),(203,NULL,'',NULL,NULL,NULL),(204,NULL,'',NULL,NULL,NULL),(205,NULL,'',NULL,NULL,NULL),(206,NULL,'',NULL,NULL,NULL),(207,NULL,'',NULL,NULL,NULL),(208,'21:48:00','',8,2,9),(209,NULL,'',NULL,NULL,NULL),(210,NULL,'',NULL,NULL,NULL),(211,'03:39:00','',9,2,9),(212,NULL,'',NULL,NULL,NULL),(213,NULL,'',NULL,NULL,NULL),(214,NULL,'',NULL,NULL,NULL),(215,NULL,'',NULL,NULL,NULL),(216,NULL,'',NULL,NULL,NULL),(217,'14:33:00','',8,2,9),(218,'14:33:00','',8,2,9),(219,'15:05:00','3',8,2,9),(220,'04:40:00','',9,2,9),(221,NULL,'',NULL,NULL,NULL),(222,NULL,'',NULL,NULL,NULL),(223,'05:41:00','',11,2,9),(224,'05:41:00','',11,2,9),(225,NULL,'',NULL,NULL,NULL),(226,NULL,'',NULL,NULL,NULL),(227,'06:10:00','',11,2,9),(228,'06:29:00','',11,2,9),(229,'18:30:00','',12,2,9),(230,'18:30:00','',12,2,9),(231,NULL,'',NULL,NULL,NULL),(232,'04:40:00','',9,2,9),(233,NULL,'',NULL,NULL,NULL),(234,NULL,'',NULL,NULL,NULL),(235,NULL,'',NULL,NULL,NULL),(236,'07:28:00','',12,2,9),(237,'09:31:00','6',11,2,9),(238,NULL,'',NULL,NULL,NULL),(239,NULL,'',NULL,NULL,NULL),(240,NULL,'',NULL,NULL,NULL),(241,NULL,'',NULL,NULL,NULL),(242,NULL,'',NULL,NULL,NULL),(243,NULL,'',NULL,NULL,NULL),(244,NULL,'',NULL,NULL,NULL),(245,NULL,'',NULL,NULL,NULL),(246,'05:41:00',NULL,12,2,9),(247,'17:18:00',NULL,11,2,9),(248,NULL,'',NULL,NULL,NULL),(249,NULL,'',NULL,NULL,NULL),(250,NULL,'',NULL,NULL,NULL),(251,NULL,'',NULL,NULL,NULL),(252,NULL,'',NULL,NULL,NULL),(253,'10:15:00',NULL,12,2,9),(254,'10:15:00',NULL,13,3,9),(255,'11:15:00',NULL,12,2,9),(256,NULL,'',NULL,NULL,NULL),(257,NULL,'',NULL,NULL,NULL),(258,NULL,'',NULL,NULL,NULL),(259,NULL,'',NULL,NULL,NULL),(260,'14:13:00','',14,3,9),(261,'14:15:00','2',14,3,9),(262,NULL,'',NULL,NULL,NULL),(263,NULL,'',NULL,NULL,NULL),(264,NULL,'',NULL,NULL,NULL),(265,NULL,'',NULL,NULL,NULL),(266,'11:47:00',NULL,22,4,9),(267,NULL,'',NULL,NULL,NULL),(268,NULL,'',NULL,NULL,NULL),(269,NULL,'',NULL,NULL,NULL),(270,NULL,'',NULL,NULL,NULL),(271,'05:41:00','',16,3,9),(272,'10:00:00','',16,3,9),(273,NULL,'',NULL,NULL,NULL),(274,NULL,'',NULL,NULL,NULL),(275,NULL,'',NULL,NULL,NULL),(276,NULL,'',NULL,NULL,NULL),(277,NULL,'',NULL,NULL,NULL),(278,'00:35:00','',18,3,9),(279,'14:50:00','',16,3,9),(280,NULL,'',NULL,NULL,NULL),(281,'15:06:00','',16,3,9),(282,NULL,'',NULL,NULL,NULL),(283,NULL,'',NULL,NULL,NULL),(284,NULL,'',NULL,NULL,NULL),(285,NULL,'',NULL,NULL,NULL),(286,NULL,'',NULL,NULL,NULL),(287,'10:51:00','',17,3,9),(288,'11:47:00',NULL,22,4,9),(289,NULL,'',NULL,NULL,NULL),(290,'11:47:00',NULL,22,4,9),(291,'11:47:00',NULL,22,4,9),(292,'13:45:00','',17,3,9),(293,'13:45:00','',17,3,9),(294,'11:47:00',NULL,22,4,9),(295,NULL,'',NULL,NULL,NULL),(296,NULL,'',NULL,NULL,NULL),(297,'13:45:00','',17,3,9),(298,NULL,'',NULL,NULL,NULL),(299,NULL,'',NULL,NULL,NULL),(300,NULL,'',NULL,NULL,NULL),(301,'11:47:00',NULL,22,4,9),(302,'09:45:00','',18,3,9),(303,NULL,'',NULL,NULL,NULL),(304,NULL,'',NULL,NULL,NULL),(305,NULL,'',NULL,NULL,NULL),(306,'16:48:00','',18,3,9),(307,'09:45:00','',19,3,9),(308,'13:40:00','',18,3,9),(309,'09:45:00','',19,3,9),(310,NULL,'',NULL,NULL,NULL),(311,NULL,'',NULL,NULL,NULL),(312,NULL,'',NULL,NULL,NULL),(313,NULL,'',NULL,NULL,NULL),(314,'05:54:34','',19,3,9),(315,NULL,'',19,3,9),(316,NULL,'',NULL,NULL,NULL),(317,NULL,'',NULL,NULL,NULL),(318,'07:05:00',NULL,19,3,9),(319,'07:05:00',NULL,20,4,9),(320,'07:20:00',NULL,19,3,9),(321,'07:20:00',NULL,20,4,9),(322,NULL,'',NULL,NULL,NULL),(323,NULL,'',NULL,NULL,NULL),(324,'09:45:00','',19,3,9),(325,NULL,'',NULL,NULL,NULL),(326,NULL,'',NULL,NULL,NULL),(327,'12:48:00','',19,3,9),(328,NULL,'',NULL,NULL,NULL),(329,NULL,'',NULL,NULL,NULL),(330,'06:42:00','',20,4,9),(331,'10:46:00','',20,4,9),(332,'06:42:00','',20,4,9),(333,'06:35:00','',20,4,9),(334,'06:40:00','',20,4,9),(335,'06:41:00','',20,4,9),(336,NULL,'',NULL,NULL,NULL),(337,NULL,'',NULL,NULL,NULL),(338,NULL,'',NULL,NULL,NULL),(339,NULL,'',NULL,NULL,NULL),(340,NULL,'',NULL,NULL,NULL),(341,NULL,'',NULL,NULL,NULL),(342,NULL,'',NULL,NULL,NULL),(343,NULL,'',NULL,NULL,NULL),(344,NULL,'',NULL,NULL,NULL),(345,NULL,'',NULL,NULL,NULL),(346,NULL,'',NULL,NULL,NULL),(347,NULL,'',NULL,NULL,NULL),(348,NULL,'',NULL,NULL,NULL),(349,NULL,'',NULL,NULL,NULL),(350,NULL,'',NULL,NULL,NULL),(351,NULL,'',NULL,NULL,NULL),(352,NULL,'',NULL,NULL,NULL),(353,NULL,'',NULL,NULL,NULL),(354,NULL,'',NULL,NULL,NULL),(355,NULL,'',NULL,NULL,NULL),(356,NULL,'',NULL,NULL,NULL),(357,NULL,'',NULL,NULL,NULL),(358,NULL,'',NULL,NULL,NULL),(359,NULL,'',NULL,NULL,NULL),(360,NULL,'',NULL,NULL,NULL),(361,NULL,'',NULL,NULL,NULL),(362,NULL,'',NULL,NULL,NULL),(363,NULL,'',NULL,NULL,NULL),(364,NULL,'',NULL,NULL,NULL),(365,NULL,'',NULL,NULL,NULL),(366,NULL,'',NULL,NULL,NULL),(367,NULL,'',NULL,NULL,NULL),(368,NULL,'',NULL,NULL,NULL),(369,NULL,'',NULL,NULL,NULL),(370,NULL,'',NULL,NULL,NULL),(371,NULL,'',NULL,NULL,NULL),(372,NULL,'',NULL,NULL,NULL),(373,NULL,'',NULL,NULL,NULL),(374,NULL,'',NULL,NULL,NULL),(375,NULL,'',NULL,NULL,NULL),(376,NULL,'',NULL,NULL,NULL),(377,NULL,'',NULL,NULL,NULL),(378,NULL,'',NULL,NULL,NULL),(379,NULL,'',NULL,NULL,NULL),(380,NULL,'',NULL,NULL,NULL),(381,NULL,'',NULL,NULL,NULL),(382,NULL,'',NULL,NULL,NULL),(383,NULL,'',NULL,NULL,NULL),(384,NULL,'',NULL,NULL,NULL),(385,NULL,'',NULL,NULL,NULL),(386,'13:25:00',NULL,21,4,1),(387,'13:25:00',NULL,23,4,1),(388,'13:25:00',NULL,25,5,1),(389,NULL,'',NULL,NULL,NULL),(390,NULL,'',NULL,NULL,NULL),(391,'18:30:00','',25,5,1),(392,NULL,'',NULL,NULL,NULL),(393,NULL,'',NULL,NULL,NULL),(394,NULL,'',NULL,NULL,NULL),(395,NULL,'',NULL,NULL,NULL),(396,NULL,'',NULL,NULL,NULL),(397,NULL,'',NULL,NULL,NULL),(398,NULL,'',NULL,NULL,NULL),(399,NULL,'',NULL,NULL,NULL),(400,NULL,'',NULL,NULL,NULL),(401,NULL,'',NULL,NULL,NULL),(402,NULL,'',NULL,NULL,NULL),(403,NULL,'',NULL,NULL,NULL),(404,NULL,'',NULL,NULL,NULL),(405,NULL,'',NULL,NULL,NULL),(406,NULL,'',NULL,NULL,NULL),(407,NULL,'',NULL,NULL,NULL),(408,NULL,'',NULL,NULL,NULL),(409,NULL,'',NULL,NULL,NULL),(416,'11:15:00',NULL,29,5,1),(417,NULL,'',NULL,NULL,NULL),(418,NULL,'',NULL,NULL,NULL),(419,NULL,'',NULL,NULL,NULL),(420,NULL,'',NULL,NULL,NULL),(421,'14:08:00','',8,2,2),(422,NULL,'',NULL,NULL,NULL),(423,'23:35:00','',6,1,2),(424,'23:35:00','',6,1,2),(425,NULL,'',NULL,NULL,NULL),(426,NULL,'',NULL,NULL,NULL),(427,NULL,'',NULL,NULL,NULL),(428,'21:33:00','',6,1,2),(429,NULL,'',NULL,NULL,NULL),(430,NULL,'',NULL,NULL,NULL),(431,NULL,'',NULL,NULL,NULL),(432,NULL,'',NULL,NULL,NULL),(433,NULL,'',NULL,NULL,NULL),(434,NULL,'',NULL,NULL,NULL),(435,NULL,'',NULL,NULL,NULL),(436,NULL,'',NULL,NULL,NULL),(437,NULL,'',NULL,NULL,NULL),(438,NULL,'',NULL,NULL,NULL),(439,'07:28:06','',8,2,2),(440,'05:41:00',NULL,12,2,2),(441,'05:41:00',NULL,14,3,2),(442,'05:41:00',NULL,16,3,2),(443,NULL,'',NULL,NULL,NULL),(444,NULL,'',NULL,NULL,NULL),(445,NULL,'',NULL,NULL,NULL),(446,NULL,'',NULL,NULL,NULL),(447,NULL,'',NULL,NULL,NULL),(448,NULL,'',NULL,NULL,NULL),(449,'06:33:31','',16,3,2),(450,'06:42:24','',16,3,2),(451,NULL,'',NULL,NULL,NULL),(452,NULL,'',NULL,NULL,NULL),(453,NULL,'',NULL,NULL,NULL),(454,NULL,'',NULL,NULL,NULL),(455,NULL,'',NULL,NULL,NULL),(456,NULL,'',NULL,NULL,NULL),(457,'07:08:57','',21,4,2),(458,NULL,'',NULL,NULL,NULL),(459,NULL,'',NULL,NULL,NULL),(460,NULL,'',NULL,NULL,NULL),(461,NULL,'',NULL,NULL,NULL),(462,NULL,'',NULL,NULL,NULL),(463,'11:35:45','',24,4,2),(464,NULL,'',NULL,NULL,NULL),(465,NULL,'',NULL,NULL,NULL),(466,NULL,'',NULL,NULL,NULL),(467,NULL,'',NULL,NULL,NULL),(468,NULL,'',NULL,NULL,NULL),(469,NULL,'',NULL,NULL,NULL),(470,NULL,'',NULL,NULL,NULL),(471,NULL,'',NULL,NULL,NULL),(472,NULL,'',NULL,NULL,NULL),(473,NULL,'',NULL,NULL,NULL),(474,NULL,'',NULL,NULL,NULL),(475,'12:15:57','',4,1,3),(476,'11:33:00',NULL,5,1,3),(477,NULL,'',NULL,NULL,NULL),(478,NULL,'',NULL,NULL,NULL),(479,NULL,'',NULL,NULL,NULL),(480,NULL,'',NULL,NULL,NULL),(481,'10:30:00','',18,3,3),(482,NULL,'',NULL,NULL,NULL),(483,NULL,'',NULL,NULL,NULL),(484,NULL,'',NULL,NULL,NULL),(485,NULL,'',NULL,NULL,NULL),(486,NULL,'',NULL,NULL,NULL),(487,NULL,'',NULL,NULL,NULL),(488,NULL,'',NULL,NULL,NULL),(489,NULL,'',NULL,NULL,NULL),(490,NULL,'',NULL,NULL,NULL),(491,NULL,'',NULL,NULL,NULL),(492,NULL,'',NULL,NULL,NULL),(493,NULL,'',NULL,NULL,NULL),(494,NULL,'',NULL,NULL,NULL),(495,NULL,'',NULL,NULL,NULL),(496,NULL,'',NULL,NULL,NULL),(497,NULL,'',NULL,NULL,NULL),(498,'07:00:00','',27,5,4),(499,'07:00:00','',27,5,4),(500,NULL,'',NULL,NULL,NULL),(501,NULL,'',NULL,NULL,NULL),(502,NULL,'',NULL,NULL,NULL),(503,'07:48:00','',10,2,4),(504,NULL,'',NULL,NULL,NULL),(505,'07:49:00','',10,2,4),(506,NULL,'',NULL,NULL,NULL),(507,NULL,'',NULL,NULL,NULL),(508,NULL,'',NULL,NULL,NULL),(509,NULL,'',NULL,NULL,NULL),(510,'07:43:00',NULL,13,3,4),(511,NULL,'',NULL,NULL,NULL),(512,NULL,'',NULL,NULL,NULL),(513,'18:30:00','',13,3,4),(514,NULL,'',NULL,NULL,NULL),(515,NULL,'',NULL,NULL,NULL),(516,'07:32:00','',26,5,4),(517,'07:32:00','',26,5,4),(518,NULL,'',NULL,NULL,NULL),(519,NULL,'',NULL,NULL,NULL),(520,NULL,'',NULL,NULL,NULL),(521,NULL,'',NULL,NULL,NULL),(522,NULL,'',NULL,NULL,NULL),(523,NULL,'',NULL,NULL,NULL),(524,NULL,'',NULL,NULL,NULL),(525,NULL,'',NULL,NULL,NULL),(526,NULL,'',NULL,NULL,NULL),(527,NULL,'',NULL,NULL,NULL),(528,NULL,'',NULL,NULL,NULL),(529,'10:10:00',NULL,30,5,4),(530,'10:10:00','',30,5,4),(531,NULL,'',NULL,NULL,NULL),(532,NULL,'',NULL,NULL,NULL),(533,NULL,'',NULL,NULL,NULL),(534,NULL,'',NULL,NULL,NULL),(535,NULL,'',NULL,NULL,NULL),(536,NULL,'',NULL,NULL,NULL),(537,NULL,'',NULL,NULL,NULL),(538,NULL,'',NULL,NULL,NULL),(539,NULL,'',NULL,NULL,NULL),(540,NULL,'',NULL,NULL,NULL),(541,NULL,'',NULL,NULL,NULL),(542,NULL,'',NULL,NULL,NULL),(543,NULL,'',NULL,NULL,NULL),(544,NULL,'',NULL,NULL,NULL),(545,NULL,'',NULL,NULL,NULL),(546,NULL,'',NULL,NULL,NULL),(547,NULL,'',NULL,NULL,NULL),(548,'08:35:20','',16,3,5),(549,NULL,'',16,3,5),(550,NULL,'',16,3,5),(551,NULL,'',NULL,NULL,NULL),(552,NULL,'',NULL,NULL,NULL),(553,NULL,'',NULL,NULL,NULL),(554,NULL,'',NULL,NULL,NULL),(555,NULL,'',NULL,NULL,NULL),(556,NULL,'',NULL,NULL,NULL),(557,'08:49:00','',16,3,5),(560,NULL,'',NULL,NULL,NULL),(561,NULL,'',NULL,NULL,NULL),(562,NULL,'',NULL,NULL,NULL),(563,NULL,'',NULL,NULL,NULL),(564,'13:50:00','',16,3,5),(569,NULL,'',NULL,NULL,NULL),(570,NULL,'',NULL,NULL,NULL),(571,NULL,'',NULL,NULL,NULL),(572,NULL,'',NULL,NULL,NULL),(574,'13:49:00',NULL,17,4,5),(575,NULL,'',NULL,NULL,NULL),(576,NULL,'',NULL,NULL,NULL),(577,NULL,'',NULL,NULL,NULL),(578,NULL,'',NULL,NULL,NULL),(579,NULL,'',NULL,NULL,NULL),(580,NULL,'',NULL,NULL,NULL),(581,NULL,'',NULL,NULL,NULL),(582,NULL,'',NULL,NULL,NULL),(583,NULL,'',NULL,NULL,NULL),(584,NULL,'',NULL,NULL,NULL),(585,NULL,'',NULL,NULL,NULL),(586,NULL,'',NULL,NULL,NULL),(587,NULL,'',NULL,NULL,NULL),(588,NULL,'',NULL,NULL,NULL),(589,NULL,'',NULL,NULL,NULL),(590,NULL,'',NULL,NULL,NULL),(591,NULL,'',NULL,NULL,NULL),(592,NULL,'',NULL,NULL,NULL),(593,NULL,'',NULL,NULL,NULL),(594,NULL,'',NULL,NULL,NULL),(595,NULL,'',NULL,NULL,NULL),(596,NULL,'',NULL,NULL,NULL),(597,NULL,'',NULL,NULL,NULL),(598,NULL,'',NULL,NULL,NULL),(599,NULL,'',NULL,NULL,NULL),(600,NULL,'',NULL,NULL,NULL),(601,NULL,'',NULL,NULL,NULL),(602,'15:00:00','',6,2,7),(603,'15:00:00','',6,2,7),(604,'15:00:00','',6,2,7),(605,'15:00:00','',6,2,7),(606,'15:01:00','',6,2,7),(607,'14:00:00','',9,2,7),(608,'14:00:00','',9,2,7),(609,'14:00:00','',9,2,7),(610,'14:00:00','',9,2,7),(611,'14:00:00','',9,2,7),(612,'14:00:00','',9,2,7),(613,'14:00:00','',9,2,7),(614,'14:00:00','',9,2,7),(615,'14:00:00','',9,2,7),(616,'14:00:00','',9,2,7),(617,'04:21:00','',16,3,8),(618,NULL,'',NULL,NULL,NULL),(619,NULL,'',NULL,NULL,NULL),(620,NULL,'',NULL,NULL,NULL),(621,NULL,'',NULL,NULL,NULL),(622,NULL,'',NULL,NULL,NULL),(623,NULL,'',NULL,NULL,NULL),(624,NULL,'',NULL,NULL,NULL),(625,NULL,'',NULL,NULL,NULL),(626,NULL,'',NULL,NULL,NULL),(627,NULL,'',NULL,NULL,NULL),(628,NULL,'',NULL,NULL,NULL),(629,NULL,'',NULL,NULL,NULL),(630,NULL,'',NULL,NULL,NULL),(634,'05:15:00',NULL,17,3,8),(635,'05:15:00',NULL,18,3,8),(636,NULL,'',NULL,NULL,NULL),(637,NULL,'',NULL,NULL,NULL),(638,NULL,'',NULL,NULL,NULL),(639,NULL,'',NULL,NULL,NULL),(640,NULL,'',NULL,NULL,NULL),(641,NULL,'',NULL,NULL,NULL),(642,'12:52:00',NULL,19,3,8),(643,'12:52:00',NULL,19,3,8),(644,NULL,'',NULL,NULL,NULL),(645,NULL,'',NULL,NULL,NULL),(646,NULL,'',NULL,NULL,NULL),(647,NULL,'',NULL,NULL,NULL),(648,NULL,'',NULL,NULL,NULL),(649,NULL,'',NULL,NULL,NULL),(650,NULL,'',NULL,NULL,NULL),(651,NULL,'',NULL,NULL,NULL),(652,NULL,'',NULL,NULL,NULL),(653,NULL,'',NULL,NULL,NULL),(654,NULL,'',NULL,NULL,NULL),(655,NULL,'',NULL,NULL,NULL),(656,NULL,'',NULL,NULL,NULL),(657,NULL,'',NULL,NULL,NULL),(658,'09:32:03','',27,4,8),(659,NULL,'',27,4,8),(660,NULL,'',27,4,8),(661,NULL,'',27,4,8),(662,NULL,'',NULL,NULL,NULL),(663,NULL,'',NULL,NULL,NULL),(664,'11:50:00','',1,1,9),(665,'11:50:00','',1,1,9),(666,'12:30:00','',1,1,9),(667,'11:50:00','',1,1,9),(668,NULL,'',NULL,NULL,NULL),(669,NULL,'',NULL,NULL,NULL),(670,NULL,'',NULL,NULL,NULL),(671,'13:16:19','',1,1,9),(672,NULL,'',1,1,9),(673,NULL,'',NULL,NULL,NULL),(674,NULL,'',NULL,NULL,NULL),(675,NULL,'',NULL,NULL,NULL),(676,NULL,'',NULL,NULL,NULL),(677,NULL,'',NULL,NULL,NULL),(678,NULL,'',NULL,NULL,NULL),(679,'17:15:00','',19,4,10),(680,'17:15:00','',19,4,10),(681,'17:15:00','',19,4,10),(682,'14:10:00','',27,5,10),(683,'14:00:00','',27,5,10),(684,'14:00:00','',26,5,10),(685,'01:37:00','',4,1,11),(686,'01:37:00','',4,1,11),(687,'04:40:00','',5,1,1),(688,'04:40:00','',5,1,1),(689,'04:40:00','',5,1,1),(690,NULL,'',NULL,NULL,NULL),(691,'04:35:00','',3,1,1),(692,NULL,'',NULL,NULL,NULL),(693,NULL,'',NULL,NULL,NULL),(694,NULL,'',NULL,NULL,NULL),(695,NULL,'',NULL,NULL,NULL),(696,NULL,'',NULL,NULL,NULL),(697,NULL,'',NULL,NULL,NULL),(698,NULL,'',NULL,NULL,NULL),(699,NULL,'',NULL,NULL,NULL),(700,NULL,'',NULL,NULL,NULL),(701,NULL,'',NULL,NULL,NULL),(702,NULL,'',NULL,NULL,NULL),(703,NULL,'',NULL,NULL,NULL),(704,NULL,'',NULL,NULL,NULL),(705,NULL,'',NULL,NULL,NULL),(706,NULL,'',NULL,NULL,NULL),(707,NULL,'',NULL,NULL,NULL),(708,NULL,'',NULL,NULL,NULL),(709,NULL,'',NULL,NULL,NULL),(710,NULL,'',NULL,NULL,NULL),(711,NULL,'',NULL,NULL,NULL),(712,'12:52:17','',8,2,2),(713,NULL,'',NULL,NULL,NULL),(714,NULL,'',NULL,NULL,NULL),(715,'06:42:00','',9,2,2),(716,'06:42:00','',9,2,2),(717,'06:42:00','',9,2,2),(718,NULL,'',NULL,NULL,NULL),(719,NULL,'',NULL,NULL,NULL),(720,NULL,'',NULL,NULL,NULL),(721,NULL,'',NULL,NULL,NULL),(722,'08:17:05','',11,2,2),(723,NULL,'',NULL,NULL,NULL),(724,'11:09:46','',1,1,3),(725,NULL,'',NULL,NULL,NULL),(726,'11:08:46','',1,1,3),(727,'11:17:09','',1,1,3),(728,'11:18:13','',1,1,3),(729,'11:23:57','',1,1,3),(730,NULL,'',NULL,NULL,NULL),(731,NULL,'',NULL,NULL,NULL),(732,'12:46:35','',1,1,3),(733,NULL,'',NULL,NULL,NULL),(734,NULL,'',NULL,NULL,NULL),(735,NULL,'',NULL,NULL,NULL),(736,NULL,'',NULL,NULL,NULL),(737,NULL,'',NULL,NULL,NULL),(738,'12:53:02','',8,2,2),(739,'05:41:00','',11,2,3),(740,'05:35:00','',11,2,3),(741,'06:42:00','',11,2,3),(742,NULL,'',NULL,NULL,NULL),(743,NULL,'',NULL,NULL,NULL),(744,'05:33:00','',15,3,3),(745,'06:30:00','',15,3,3),(746,'18:31:00','',15,3,3),(747,NULL,'',NULL,NULL,NULL),(748,NULL,'',NULL,NULL,NULL),(749,NULL,'',NULL,NULL,NULL),(750,'04:30:00','',23,4,3),(751,'04:30:00','',23,4,3),(752,'04:30:00','',23,4,3),(753,'04:30:00','',23,4,3),(754,'04:30:00','',23,4,3),(755,NULL,'',NULL,NULL,NULL),(756,'07:39:00','',28,5,3),(757,'05:33:00','',30,5,3),(758,'05:34:00','',30,5,3),(759,'05:35:00','',30,5,3),(760,'05:35:00','',30,5,3),(761,NULL,'',NULL,NULL,NULL),(762,NULL,'',NULL,NULL,NULL),(763,'05:41:00','',7,2,4),(764,'05:40:00','',7,2,4),(765,'06:30:00','',8,2,4),(766,'05:30:00','',8,2,4),(767,'05:30:00','',18,4,4),(768,NULL,'',NULL,NULL,NULL),(769,NULL,'',NULL,NULL,NULL),(770,'06:34:00','',21,4,4),(771,'06:34:00','',21,4,4),(772,'06:34:00','',21,4,4),(773,'05:32:00','',21,4,4),(774,'06:31:00','',21,4,4),(775,'05:34:00','',21,4,4),(776,'06:31:00','',25,5,4),(777,'04:52:00','',25,5,4),(778,'04:52:00','',25,5,4),(779,'05:33:00','',25,5,4),(780,NULL,'',NULL,NULL,NULL),(781,NULL,'',NULL,NULL,NULL),(782,'05:25:03','',22,4,3),(783,'10:48:02','',23,4,3),(784,'08:50:00','',5,1,5),(785,'08:50:00','',5,1,5),(786,'09:32:00','',6,1,5),(787,NULL,'',NULL,NULL,NULL),(788,NULL,'',NULL,NULL,NULL),(789,NULL,'',NULL,NULL,NULL),(790,NULL,'',NULL,NULL,NULL),(791,NULL,'',NULL,NULL,NULL),(792,NULL,'',NULL,NULL,NULL),(793,'06:30:00','',24,4,5),(794,'08:30:00','',24,4,5),(795,'06:31:00','',24,4,5),(796,'05:30:00','',24,4,5),(797,'05:45:00','',24,4,5),(798,'04:53:00','',24,4,5),(799,'04:53:00','',25,4,5),(800,'04:40:00','',25,4,5),(801,'07:43:00','',25,4,5),(802,'04:40:00','',25,4,5),(803,'05:30:00','',26,4,5),(804,'04:34:00','',8,2,6),(805,NULL,'',NULL,NULL,NULL),(806,'04:40:00','',9,2,6),(807,'04:40:00','',9,2,6),(808,'04:40:00','',9,2,6),(809,'04:40:00','',9,2,6),(810,'04:31:00','',13,3,6),(811,NULL,'',NULL,NULL,NULL),(812,NULL,'',NULL,NULL,NULL),(813,'04:32:00','',15,3,11),(814,'04:32:00','',15,3,11),(815,'11:32:00','2',18,3,11),(816,'12:30:00','',28,5,12),(817,'12:40:00','',28,5,12),(818,'12:40:00','',28,5,12),(819,'12:40:00','',28,5,12),(820,'12:40:00','',28,5,12),(821,'12:40:00','',28,5,12),(822,'12:40:00','',28,5,12),(823,'12:40:00','',28,5,12),(824,'12:43:00','',28,5,12),(825,NULL,'',NULL,NULL,NULL),(826,'12:43:00','',28,5,12),(827,'12:45:00','',29,5,12),(828,'12:45:00','',28,5,12),(829,'12:45:00','',28,5,12),(830,'12:48:00','',28,5,12),(831,'12:48:00','',28,5,12),(832,'12:48:00','',28,5,12),(833,'12:48:00','',28,5,12),(834,NULL,'',NULL,NULL,NULL),(835,'15:05:00','',28,5,12),(836,'15:51:00','',28,5,12),(837,'15:51:00','',28,5,12),(838,NULL,'',NULL,NULL,NULL),(839,NULL,'',NULL,NULL,NULL),(840,'10:25:11','',10,3,1),(841,'12:24:39','',10,3,1),(842,'09:54:58','',13,3,1),(843,'10:15:11','',13,3,1),(844,'10:37:11','',13,3,1),(845,'10:44:28','',13,3,1),(846,'10:46:36','',13,3,1),(847,'12:34:06','',13,3,1),(848,'12:42:07','',13,3,1),(849,'11:08:47','',17,4,1),(850,'11:13:25','',17,4,1),(851,'11:27:48','',17,4,1),(852,'11:32:03','',17,4,1),(853,'11:39:39','',17,4,1),(854,'12:22:14','',17,4,1),(855,'12:24:01','',17,4,1),(856,'12:54:29','',17,4,1),(857,'12:55:49','',17,4,1),(858,'13:01:32','',17,4,1),(859,'13:02:21','',17,4,1),(860,'13:33:57','',17,4,1),(861,'13:34:02','',17,4,1),(862,NULL,'',NULL,NULL,NULL),(863,NULL,'',NULL,NULL,NULL),(864,NULL,'',NULL,NULL,NULL),(865,NULL,'',NULL,NULL,NULL),(866,NULL,'',NULL,NULL,NULL),(867,NULL,'',NULL,NULL,NULL),(868,NULL,'',NULL,NULL,NULL),(869,NULL,'',NULL,NULL,NULL),(870,NULL,'',NULL,NULL,NULL),(871,'14:50:00',NULL,17,3,1),(881,'06:03:00',NULL,18,3,1),(882,'09:19:33','',23,5,1),(883,'12:01:11','',7,2,2),(884,'12:52:06','',7,2,2),(885,'12:52:13','',7,2,2),(886,'12:52:21','',7,2,2),(887,'13:46:24','',7,2,2),(888,'05:02:35','',9,3,2),(889,'05:09:07','',9,3,2),(890,'05:11:01','',9,3,2),(891,'12:51:45','',10,3,2),(892,'05:09:05','',13,3,2),(893,'05:28:30','',13,3,2),(894,'05:57:00','',10,3,2),(895,'08:53:23','',14,3,2),(896,'08:55:45','',14,3,2),(897,NULL,'',NULL,NULL,NULL),(898,'05:44:05','',24,5,2),(899,NULL,'',NULL,NULL,NULL),(900,'13:47:52','',1,2,3),(901,'13:51:53','',1,2,3),(902,NULL,'',NULL,NULL,NULL),(903,NULL,'',NULL,NULL,NULL),(904,'11:09:02','',2,2,3),(905,'11:09:08','',2,2,3),(906,NULL,'',NULL,NULL,NULL),(907,NULL,'',NULL,NULL,NULL),(908,'14:23:57','',2,2,3),(909,NULL,'',NULL,NULL,NULL),(910,NULL,'',NULL,NULL,NULL),(911,NULL,'',NULL,NULL,NULL),(912,'15:00:00','',2,1,3),(913,'15:01:39','',2,2,3),(914,NULL,'',NULL,NULL,NULL),(915,'08:45:00','',25,4,4),(916,'10:46:00','',26,4,4),(917,NULL,'',NULL,NULL,NULL),(918,NULL,'',NULL,NULL,NULL),(919,'13:19:00','',3,1,5),(920,NULL,'',NULL,NULL,NULL),(921,NULL,'',NULL,NULL,NULL),(922,NULL,'',NULL,NULL,NULL),(923,'14:00:00','',3,1,5),(924,'14:03:00','4',3,1,5),(925,'14:03:00','4',3,1,5),(926,'14:03:00','4',3,1,5),(927,'14:01:00','',3,1,5),(928,NULL,'',NULL,NULL,NULL),(929,'01:32:00','',6,1,5),(930,NULL,'',NULL,NULL,NULL),(931,NULL,'',NULL,NULL,NULL),(932,NULL,'',NULL,NULL,NULL),(933,NULL,'',NULL,NULL,NULL),(934,'11:32:59','',10,3,4),(935,'11:33:21','',10,3,4),(936,'11:35:33','',10,3,4),(937,'11:37:15','',10,3,4),(938,NULL,'',NULL,NULL,NULL),(939,NULL,'',NULL,NULL,NULL),(940,NULL,'',NULL,NULL,NULL),(941,NULL,'',NULL,NULL,NULL),(942,NULL,'',NULL,NULL,NULL),(943,NULL,'',NULL,NULL,NULL),(944,NULL,'',NULL,NULL,NULL),(945,NULL,'',NULL,NULL,NULL),(946,NULL,'',NULL,NULL,NULL),(947,'13:49:00','',10,2,5),(948,NULL,'',NULL,NULL,NULL),(949,NULL,'',NULL,NULL,NULL),(950,NULL,'',NULL,NULL,NULL),(951,NULL,'',NULL,NULL,NULL),(952,NULL,'',NULL,NULL,NULL),(953,NULL,'',NULL,NULL,NULL),(954,NULL,'',NULL,NULL,NULL),(955,NULL,'',NULL,NULL,NULL),(956,'07:50:30','',12,3,4),(957,'08:47:43','',12,3,4),(958,'08:50:16','',12,3,4),(959,'20:34:15',NULL,18,4,11),(960,'20:35:12',NULL,18,4,11),(961,'20:17:25',NULL,19,4,11),(962,'20:24:53',NULL,19,4,11),(963,'20:33:27',NULL,19,4,11),(964,'20:14:07',NULL,19,4,11),(965,'20:21:16',NULL,19,4,11),(966,'20:16:21',NULL,19,4,11),(967,'20:17:53',NULL,19,4,11),(968,'20:21:40',NULL,19,4,11),(969,'20:25:45',NULL,19,4,11),(970,'20:13:30',NULL,19,4,11),(971,'20:57:06',NULL,20,4,11),(972,'20:37:18',NULL,21,4,11),(973,'20:16:30',NULL,21,4,11),(974,'20:18:02',NULL,21,4,11),(975,'20:24:31',NULL,21,4,11),(976,'20:48:20',NULL,22,4,11),(977,'20:50:45',NULL,22,4,11),(978,'20:07:57',NULL,22,4,11),(979,'20:05:35',NULL,22,4,11),(980,'20:22:27',NULL,22,4,11),(981,'20:42:26',NULL,22,4,11),(982,'14:41:31',NULL,24,5,11),(983,'15:11:46',NULL,24,5,11),(984,'15:23:03',NULL,24,5,11),(985,'15:47:11',NULL,24,5,11),(986,'16:13:10',NULL,24,5,11),(987,'06:14:42',NULL,24,5,11),(988,'06:16:31',NULL,24,5,11),(989,'06:17:46',NULL,24,5,11),(990,'07:32:26',NULL,24,5,11),(991,'07:35:23',NULL,24,5,11),(992,'07:35:34',NULL,24,5,11),(993,'07:35:44',NULL,24,5,11),(994,'07:36:47',NULL,24,5,11),(995,'07:40:12',NULL,24,5,11),(996,'08:25:47',NULL,24,5,11),(997,'02:43:04',NULL,25,5,11),(998,'06:59:30',NULL,25,5,11),(999,'07:28:25',NULL,25,5,11),(1000,'07:33:44',NULL,25,5,11),(1001,'07:36:02',NULL,25,5,11),(1002,'08:36:01',NULL,25,5,11),(1003,'09:06:18',NULL,25,5,11),(1004,'09:30:58',NULL,25,5,11),(1005,'09:34:06',NULL,25,5,11),(1006,'09:49:15',NULL,25,5,11),(1007,'09:58:23',NULL,25,5,11),(1008,'13:02:43',NULL,26,5,11),(1009,'08:11:08',NULL,26,5,11),(1010,'08:12:23',NULL,26,5,11),(1011,'08:22:42',NULL,26,5,11),(1012,'09:04:27',NULL,26,5,11),(1013,'10:01:47',NULL,27,5,11),(1014,'11:18:48',NULL,27,5,11),(1015,'11:21:56',NULL,27,5,11),(1016,'14:48:29',NULL,27,5,11),(1017,'15:34:40',NULL,27,5,11),(1018,'17:25:11',NULL,27,5,11),(1019,'17:29:50',NULL,27,5,11),(1020,'18:43:12',NULL,27,5,11),(1021,'20:39:15',NULL,27,5,11),(1022,'07:06:27',NULL,27,5,11),(1023,'08:34:40',NULL,27,5,11),(1024,'09:00:07',NULL,27,5,11),(1025,'09:00:28',NULL,27,5,11),(1026,'09:02:47',NULL,27,5,11),(1027,'09:03:16',NULL,27,5,11),(1028,'09:17:04',NULL,27,5,11),(1029,'10:00:55',NULL,28,5,11),(1030,'11:13:15',NULL,28,5,11),(1031,'11:26:28',NULL,28,5,11),(1032,'11:29:33',NULL,28,5,11),(1033,'12:09:02',NULL,28,5,11),(1034,'12:22:34',NULL,28,5,11),(1035,'12:45:44',NULL,28,5,11),(1036,'13:57:42',NULL,28,5,11),(1037,'14:01:05',NULL,28,5,11),(1038,'14:47:53',NULL,28,5,11),(1039,'15:26:24',NULL,28,5,11),(1040,'15:28:08',NULL,28,5,11),(1041,'15:31:01',NULL,28,5,11),(1042,'15:31:20',NULL,28,5,11),(1043,'15:31:33',NULL,28,5,11),(1044,'16:19:20',NULL,28,5,11),(1045,'16:37:36',NULL,28,5,11),(1046,'17:06:11',NULL,28,5,11),(1047,'17:35:53',NULL,28,5,11),(1048,'17:45:23',NULL,28,5,11),(1049,'17:45:24',NULL,28,5,11),(1050,'19:29:22',NULL,28,5,11),(1051,'21:10:55',NULL,28,5,11),(1052,'21:11:59',NULL,28,5,11),(1053,'22:40:32',NULL,28,5,11),(1054,'22:42:17',NULL,28,5,11),(1055,'00:18:51',NULL,28,5,11),(1056,'00:59:53',NULL,28,5,11),(1057,'01:47:07',NULL,28,5,11),(1058,'02:13:46',NULL,28,5,11),(1059,'02:37:55',NULL,28,5,11),(1060,'02:42:45',NULL,28,5,11),(1061,'04:19:55',NULL,28,5,11),(1062,'04:43:33',NULL,28,5,11),(1063,'06:01:46',NULL,28,5,11),(1064,'06:16:07',NULL,28,5,11),(1065,'06:22:05',NULL,28,5,11),(1066,'07:33:30',NULL,28,5,11),(1067,'09:44:20',NULL,28,5,11),(1068,'09:45:54',NULL,28,5,11),(1069,'10:12:52',NULL,29,5,11),(1070,'11:02:28',NULL,29,5,11),(1071,'11:43:55',NULL,29,5,11),(1072,'14:17:49',NULL,29,5,11),(1073,'14:19:40',NULL,29,5,11),(1074,'15:24:12',NULL,29,5,11),(1075,'15:26:29',NULL,29,5,11),(1076,'15:37:42',NULL,29,5,11),(1077,'15:38:15',NULL,29,5,11),(1078,'15:38:53',NULL,29,5,11),(1079,'15:40:22',NULL,29,5,11),(1080,'16:42:05',NULL,29,5,11),(1081,'16:42:39',NULL,29,5,11),(1082,'16:43:31',NULL,29,5,11),(1083,'19:29:29',NULL,29,5,11),(1084,'04:42:13',NULL,29,5,11),(1085,'04:42:48',NULL,29,5,11),(1086,'07:00:08',NULL,29,5,11),(1087,'07:01:00',NULL,29,5,11),(1088,'07:01:20',NULL,29,5,11),(1089,'07:44:10',NULL,29,5,11),(1090,'08:13:30',NULL,29,5,11),(1091,'08:20:51',NULL,29,5,11),(1092,'08:21:18',NULL,29,5,11),(1093,'09:22:57',NULL,29,5,11),(1094,'09:46:51',NULL,29,5,11),(1095,'10:03:08',NULL,30,5,11),(1096,'10:15:39',NULL,30,5,11),(1097,'10:17:50',NULL,30,5,11),(1098,'10:18:53',NULL,30,5,11),(1099,'10:28:25',NULL,30,5,11),(1100,'11:02:52',NULL,30,5,11),(1101,'11:54:13',NULL,30,5,11),(1102,'12:57:52',NULL,30,5,11),(1103,'13:15:06',NULL,30,5,11),(1104,'13:15:50',NULL,30,5,11),(1105,'13:16:13',NULL,30,5,11),(1106,'13:17:21',NULL,30,5,11),(1107,'13:20:44',NULL,30,5,11),(1108,'13:23:15',NULL,30,5,11),(1109,'13:24:45',NULL,30,5,11),(1110,'13:30:29',NULL,30,5,11),(1111,'13:42:37',NULL,30,5,11),(1112,'13:49:07',NULL,30,5,11),(1113,'15:19:36',NULL,30,5,11),(1114,'15:53:03',NULL,30,5,11),(1115,'17:01:08',NULL,30,5,11),(1116,'17:01:09',NULL,30,5,11),(1117,'17:07:15',NULL,30,5,11),(1118,'12:57:34',NULL,31,6,11),(1119,'13:00:04',NULL,31,6,11),(1120,'13:09:43',NULL,31,6,11),(1121,'13:24:09',NULL,31,6,11),(1122,'13:33:09',NULL,31,6,11),(1123,'13:35:26',NULL,31,6,11),(1124,'13:47:42',NULL,31,6,11),(1125,'13:57:46',NULL,31,6,11),(1126,'13:58:46',NULL,31,6,11),(1127,'14:02:23',NULL,31,6,11),(1128,'14:21:59',NULL,31,6,11),(1129,'14:23:30',NULL,31,6,11),(1130,'14:23:56',NULL,31,6,11),(1131,'14:45:40',NULL,31,6,11),(1132,'15:17:35',NULL,31,6,11),(1133,'15:24:12',NULL,31,6,11),(1134,'15:25:59',NULL,31,6,11),(1135,'15:27:09',NULL,31,6,11),(1136,'15:28:43',NULL,31,6,11),(1137,'15:30:16',NULL,31,6,11),(1138,'15:31:04',NULL,31,6,11),(1139,'15:31:15',NULL,31,6,11),(1140,'15:31:30',NULL,31,6,11),(1141,'15:38:42',NULL,31,6,11),(1142,'15:53:50',NULL,31,6,11),(1143,'15:54:28',NULL,31,6,11),(1144,'16:36:23',NULL,31,6,11),(1145,'16:36:42',NULL,31,6,11),(1146,'16:39:22',NULL,31,6,11),(1147,'16:48:23',NULL,31,6,11),(1148,'18:05:09',NULL,31,6,11),(1149,'18:41:20',NULL,31,6,11),(1150,'18:47:33',NULL,31,6,11),(1151,'19:07:30',NULL,31,6,11),(1152,'19:08:33',NULL,31,6,11),(1153,'19:25:41',NULL,31,6,11),(1154,'21:31:16',NULL,2,1,0),(1155,'06:33:55',NULL,2,1,0),(1156,'06:34:31',NULL,2,1,0),(1157,'07:01:50',NULL,2,1,0),(1158,'07:04:36',NULL,2,1,0),(1159,'07:06:12',NULL,2,1,0),(1160,'07:10:02',NULL,2,1,0),(1161,'07:14:09',NULL,2,1,0),(1162,'07:20:02',NULL,2,1,0),(1163,'07:23:44',NULL,2,1,0),(1164,'07:50:12',NULL,2,1,0),(1165,'07:51:51',NULL,2,1,0),(1166,'08:05:41',NULL,2,1,0),(1167,'08:09:00',NULL,2,1,0),(1168,'08:19:56',NULL,2,1,0),(1169,'08:44:25',NULL,2,1,0),(1170,'08:46:02',NULL,2,1,0),(1171,'08:47:41',NULL,2,1,0),(1172,'08:48:16',NULL,2,1,0),(1173,'09:06:16',NULL,2,1,0),(1174,'09:10:29',NULL,2,1,0),(1175,'09:21:50',NULL,2,1,0),(1176,'09:35:45',NULL,2,1,0),(1177,'09:38:17',NULL,2,1,0),(1178,'09:40:07',NULL,2,1,0),(1179,'09:40:34',NULL,2,1,0),(1180,'09:44:32',NULL,2,1,0),(1181,'09:46:47',NULL,2,1,0),(1182,'09:47:52',NULL,2,1,0),(1183,'10:08:55',NULL,3,1,0),(1184,'10:10:12',NULL,3,1,0),(1185,'10:28:57',NULL,3,1,0),(1186,'10:31:16',NULL,3,1,0),(1187,'11:07:30',NULL,3,1,0),(1188,'11:29:28',NULL,3,1,0),(1189,'11:32:57',NULL,3,1,0),(1190,'11:37:34',NULL,3,1,0),(1191,'11:38:22',NULL,3,1,0),(1192,'11:41:29',NULL,3,1,0),(1193,'11:42:00',NULL,3,1,0),(1194,'11:42:25',NULL,3,1,0),(1195,'11:45:33',NULL,3,1,0),(1196,'11:50:04',NULL,3,1,0),(1197,'11:50:15',NULL,3,1,0),(1198,'11:50:41',NULL,3,1,0),(1199,'12:01:17',NULL,3,1,0),(1200,'12:13:57',NULL,3,1,0),(1201,'12:18:23',NULL,3,1,0),(1202,'12:35:05',NULL,3,1,0),(1203,'13:39:23',NULL,3,1,0),(1204,'13:42:43',NULL,3,1,0),(1205,'13:43:03',NULL,3,1,0),(1206,'13:46:59',NULL,3,1,0),(1207,'13:59:01',NULL,3,1,0),(1208,'14:57:03',NULL,3,1,0),(1209,'15:27:15',NULL,3,1,0),(1210,'15:32:04',NULL,3,1,0),(1211,'16:42:30',NULL,3,1,0),(1212,'17:12:52',NULL,3,1,0),(1213,'17:15:59',NULL,3,1,0),(1214,'17:21:25',NULL,3,1,0),(1215,'17:22:00',NULL,3,1,0),(1216,'17:27:36',NULL,3,1,0),(1217,'17:32:40',NULL,3,1,0),(1218,'17:34:46',NULL,3,1,0),(1219,'17:35:20',NULL,3,1,0),(1220,'17:36:27',NULL,3,1,0),(1221,'17:36:32',NULL,3,1,0),(1222,'17:41:23',NULL,3,1,0),(1223,'17:42:53',NULL,3,1,0),(1224,'17:43:14',NULL,3,1,0),(1225,'17:44:48',NULL,3,1,0),(1226,'18:05:22',NULL,3,1,0),(1227,'18:18:01',NULL,3,1,0),(1228,'18:26:04',NULL,3,1,0),(1229,'18:31:26',NULL,3,1,0),(1230,'18:38:21',NULL,3,1,0),(1231,'18:38:52',NULL,3,1,0),(1232,'18:39:44',NULL,3,1,0),(1233,'18:45:04',NULL,3,1,0),(1234,'18:48:48',NULL,3,1,0),(1235,'18:50:08',NULL,3,1,0),(1236,'22:53:27',NULL,3,1,0),(1237,'23:31:04',NULL,3,1,0),(1238,'05:44:54',NULL,3,1,0),(1239,'06:30:50',NULL,3,1,0),(1240,'06:59:07',NULL,3,1,0),(1241,'06:59:15',NULL,3,1,0),(1242,'07:06:46',NULL,3,1,0),(1243,'07:06:53',NULL,3,1,0),(1244,'07:07:34',NULL,3,1,0),(1245,'07:39:15',NULL,3,1,0),(1246,'07:39:23',NULL,3,1,0),(1247,'07:39:31',NULL,3,1,0),(1248,'08:15:31',NULL,3,1,0),(1249,'08:16:12',NULL,3,1,0),(1250,'08:51:41',NULL,3,1,0),(1251,'08:52:58',NULL,3,1,0),(1252,'09:21:25',NULL,3,1,0),(1253,'09:22:43',NULL,3,1,0),(1254,'09:36:24',NULL,3,1,0),(1255,'09:39:16',NULL,3,1,0),(1256,'09:39:32',NULL,3,1,0),(1257,'09:42:41',NULL,3,1,0),(1258,'09:44:27',NULL,3,1,0),(1259,'09:58:32',NULL,3,1,0),(1260,'10:45:32',NULL,4,1,0),(1261,'11:02:03',NULL,4,1,0),(1262,'11:03:34',NULL,4,1,0),(1263,'11:05:15',NULL,4,1,0),(1264,'11:06:03',NULL,4,1,0),(1265,'11:36:39',NULL,4,1,0),(1266,'12:03:35',NULL,4,1,0),(1267,'12:03:53',NULL,4,1,0),(1268,'13:44:52',NULL,4,1,0),(1269,'13:46:16',NULL,4,1,0),(1270,'13:46:25',NULL,4,1,0),(1271,'13:55:46',NULL,4,1,0),(1272,'14:00:39',NULL,4,1,0),(1273,'14:01:30',NULL,4,1,0),(1274,'14:04:55',NULL,4,1,0),(1275,'14:06:00',NULL,4,1,0),(1276,'14:11:54',NULL,4,1,0),(1277,'14:12:50',NULL,4,1,0),(1278,'14:13:14',NULL,4,1,0),(1279,'14:14:40',NULL,4,1,0),(1280,'14:31:41',NULL,4,1,0),(1281,'14:59:21',NULL,4,1,0),(1282,'15:17:59',NULL,4,1,0),(1283,'15:23:56',NULL,4,1,0),(1284,'15:45:33',NULL,4,1,0),(1285,'15:45:58',NULL,4,1,0),(1286,'15:47:27',NULL,4,1,0),(1287,'15:48:02',NULL,4,1,0),(1288,'16:31:22',NULL,4,1,0),(1289,'16:32:17',NULL,4,1,0),(1290,'16:35:41',NULL,4,1,0),(1291,'17:28:12',NULL,4,1,0),(1292,'17:29:55',NULL,4,1,0),(1293,'17:32:05',NULL,4,1,0),(1294,'17:33:09',NULL,4,1,0),(1295,'17:36:49',NULL,4,1,0),(1296,'17:37:19',NULL,4,1,0),(1297,'17:38:18',NULL,4,1,0),(1298,'17:38:40',NULL,4,1,0),(1299,'17:40:20',NULL,4,1,0),(1300,'17:40:36',NULL,4,1,0),(1301,'17:40:51',NULL,4,1,0),(1302,'17:41:25',NULL,4,1,0),(1303,'17:43:05',NULL,4,1,0),(1304,'17:45:54',NULL,4,1,0),(1305,'17:46:48',NULL,4,1,0),(1306,'17:52:56',NULL,4,1,0),(1307,'17:53:32',NULL,4,1,0),(1308,'17:54:26',NULL,4,1,0),(1309,'18:10:04',NULL,4,1,0),(1310,'18:10:26',NULL,4,1,0),(1311,'18:12:04',NULL,4,1,0),(1312,'18:13:52',NULL,4,1,0),(1313,'18:23:19',NULL,4,1,0),(1314,'18:50:47',NULL,4,1,0),(1315,'18:54:28',NULL,4,1,0),(1316,'18:55:23',NULL,4,1,0),(1317,'21:33:28',NULL,4,1,0),(1318,'22:35:15',NULL,4,1,0),(1319,'00:58:37',NULL,4,1,0),(1320,'05:17:43',NULL,4,1,0),(1321,'05:17:58',NULL,4,1,0),(1322,'05:20:37',NULL,4,1,0),(1323,'05:22:27',NULL,4,1,0),(1324,'05:22:40',NULL,4,1,0),(1325,'05:23:47',NULL,4,1,0),(1326,'05:24:10',NULL,4,1,0),(1327,'05:24:30',NULL,4,1,0),(1328,'05:24:47',NULL,4,1,0),(1329,'05:25:18',NULL,4,1,0),(1330,'05:26:47',NULL,4,1,0),(1331,'08:10:39',NULL,4,1,0),(1332,'08:53:18',NULL,4,1,0),(1333,'09:16:51',NULL,4,1,0),(1334,'09:17:07',NULL,4,1,0),(1335,'09:25:56',NULL,4,1,0),(1336,'09:45:59',NULL,4,1,0),(1337,'09:55:12',NULL,4,1,0),(1338,'10:04:08',NULL,5,1,0),(1339,'10:14:25',NULL,5,1,0),(1340,'10:15:52',NULL,5,1,0),(1341,'10:25:56',NULL,5,1,0),(1342,'10:31:15',NULL,5,1,0),(1343,'10:33:44',NULL,5,1,0),(1344,'11:09:21',NULL,5,1,0),(1345,'11:09:38',NULL,5,1,0),(1346,'11:10:24',NULL,5,1,0),(1347,'11:10:48',NULL,5,1,0),(1348,'11:51:57',NULL,5,1,0),(1349,'12:15:16',NULL,5,1,0),(1350,'12:35:38',NULL,5,1,0),(1351,'12:41:28',NULL,5,1,0),(1352,'13:38:45',NULL,5,1,0),(1353,'13:39:14',NULL,5,1,0),(1354,'13:50:09',NULL,5,1,0),(1355,'14:09:09',NULL,5,1,0),(1356,'14:19:55',NULL,5,1,0),(1357,'14:22:48',NULL,5,1,0),(1358,'14:48:05',NULL,5,1,0),(1359,'14:55:08',NULL,5,1,0),(1360,'14:56:26',NULL,5,1,0),(1361,'14:57:16',NULL,5,1,0),(1362,'14:58:06',NULL,5,1,0),(1363,'15:00:07',NULL,5,1,0),(1364,'15:01:30',NULL,5,1,0),(1365,'15:02:52',NULL,5,1,0),(1366,'15:07:12',NULL,5,1,0),(1367,'15:12:26',NULL,5,1,0),(1368,'15:13:20',NULL,5,1,0),(1369,'15:14:18',NULL,5,1,0),(1370,'15:18:06',NULL,5,1,0),(1371,'15:19:35',NULL,5,1,0),(1372,'15:49:41',NULL,5,1,0),(1373,'16:16:43',NULL,5,1,0),(1374,'16:31:19',NULL,5,1,0),(1375,'16:34:22',NULL,5,1,0),(1376,'16:34:57',NULL,5,1,0),(1377,'17:08:46',NULL,5,1,0),(1378,'17:23:15',NULL,5,1,0),(1379,'18:06:12',NULL,5,1,0),(1380,'21:01:31',NULL,5,1,0),(1381,'21:02:29',NULL,5,1,0),(1382,'21:12:57',NULL,5,1,0),(1383,'23:07:13',NULL,5,1,0),(1384,'04:45:51',NULL,5,1,0),(1385,'04:46:18',NULL,5,1,0),(1386,'04:49:20',NULL,5,1,0),(1387,'04:49:22',NULL,5,1,0),(1388,'04:49:54',NULL,5,1,0),(1389,'04:50:05',NULL,5,1,0),(1390,'04:51:20',NULL,5,1,0),(1391,'04:54:27',NULL,5,1,0),(1392,'04:54:52',NULL,5,1,0),(1393,'04:57:15',NULL,5,1,0),(1394,'04:58:07',NULL,5,1,0),(1395,'05:30:58',NULL,5,1,0),(1396,'05:31:11',NULL,5,1,0),(1397,'05:40:43',NULL,5,1,0),(1398,'05:41:08',NULL,5,1,0),(1399,'05:45:11',NULL,5,1,0),(1400,'05:45:57',NULL,5,1,0),(1401,'05:46:30',NULL,5,1,0),(1402,'05:46:41',NULL,5,1,0),(1403,'05:48:36',NULL,5,1,0),(1404,'05:48:55',NULL,5,1,0),(1405,'05:50:16',NULL,5,1,0),(1406,'05:51:15',NULL,5,1,0),(1407,'05:52:28',NULL,5,1,0),(1408,'05:53:56',NULL,5,1,0),(1409,'06:14:03',NULL,5,1,0),(1410,'08:06:15',NULL,5,1,0),(1411,'08:09:07',NULL,5,1,0),(1412,'08:09:54',NULL,5,1,0),(1413,'08:18:28',NULL,5,1,0),(1414,'08:22:39',NULL,5,1,0),(1415,'08:44:58',NULL,5,1,0),(1416,'08:51:12',NULL,5,1,0),(1417,'09:09:51',NULL,5,1,0),(1418,'09:11:50',NULL,5,1,0),(1419,'09:16:58',NULL,5,1,0),(1420,'09:17:12',NULL,5,1,0),(1421,'09:20:30',NULL,5,1,0),(1422,'09:25:27',NULL,5,1,0),(1423,'09:26:01',NULL,5,1,0),(1424,'09:47:09',NULL,5,1,0),(1425,'09:51:04',NULL,5,1,0),(1426,'10:06:25',NULL,6,1,0),(1427,'10:06:39',NULL,6,1,0),(1428,'10:09:17',NULL,6,1,0),(1429,'10:25:31',NULL,6,1,0),(1430,'11:00:43',NULL,6,1,0),(1431,'16:35:53',NULL,6,1,0),(1432,'16:39:28',NULL,6,1,0),(1433,'16:59:09',NULL,6,1,0),(1434,'17:34:40',NULL,6,1,0),(1435,'19:15:22',NULL,6,1,0),(1436,'06:49:42',NULL,6,1,0),(1437,'06:51:11',NULL,6,1,0),(1438,'06:53:52',NULL,6,1,0),(1439,'07:03:22',NULL,6,1,0),(1440,'08:21:44',NULL,6,1,0),(1441,'08:22:45',NULL,6,1,0),(1442,'08:23:08',NULL,6,1,0),(1443,'08:31:56',NULL,6,1,0),(1444,'08:36:10',NULL,6,1,0),(1445,'08:41:25',NULL,6,1,0),(1446,'09:15:39',NULL,6,1,0),(1447,'12:43:30',NULL,7,2,0),(1448,'12:52:34',NULL,7,2,0),(1449,'17:14:16',NULL,8,2,0),(1450,'18:29:50',NULL,8,2,0),(1451,'06:13:02',NULL,8,2,0),(1452,'06:23:37',NULL,8,2,0),(1453,'06:24:28',NULL,8,2,0),(1454,'06:25:14',NULL,8,2,0),(1455,'06:28:24',NULL,8,2,0),(1456,'06:39:09',NULL,8,2,0),(1457,'07:02:43',NULL,8,2,0),(1458,'07:05:25',NULL,8,2,0),(1459,'07:06:14',NULL,8,2,0),(1460,'07:24:52',NULL,8,2,0),(1461,'07:27:21',NULL,8,2,0),(1462,'07:30:27',NULL,8,2,0),(1463,'07:32:18',NULL,8,2,0),(1464,'07:39:03',NULL,8,2,0),(1465,'08:24:17',NULL,8,2,0),(1466,'09:08:05',NULL,8,2,0),(1467,'11:24:53',NULL,9,2,0),(1468,'11:25:48',NULL,9,2,0),(1469,'11:26:28',NULL,9,2,0),(1470,'11:27:31',NULL,9,2,0),(1471,'11:27:54',NULL,9,2,0),(1472,'11:28:13',NULL,9,2,0),(1473,'11:28:32',NULL,9,2,0),(1474,'11:29:36',NULL,9,2,0),(1475,'11:31:53',NULL,9,2,0),(1476,'12:03:21',NULL,9,2,0),(1477,'12:39:53',NULL,9,2,0),(1478,'12:40:14',NULL,9,2,0),(1479,'13:09:43',NULL,9,2,0),(1480,'13:27:04',NULL,9,2,0),(1481,'13:39:31',NULL,9,2,0),(1482,'13:40:57',NULL,9,2,0),(1483,'14:16:37',NULL,9,2,0),(1484,'14:50:00',NULL,9,2,0),(1485,'15:20:20',NULL,9,2,0),(1486,'16:07:49',NULL,9,2,0),(1487,'16:08:42',NULL,9,2,0),(1488,'16:43:55',NULL,9,2,0),(1489,'16:47:01',NULL,9,2,0),(1490,'16:47:03',NULL,9,2,0),(1491,'16:49:56',NULL,9,2,0),(1492,'17:03:09',NULL,9,2,0),(1493,'17:37:11',NULL,9,2,0),(1494,'17:47:12',NULL,9,2,0),(1495,'17:48:39',NULL,9,2,0),(1496,'17:51:33',NULL,9,2,0),(1497,'17:57:42',NULL,9,2,0),(1498,'17:57:54',NULL,9,2,0),(1499,'17:59:30',NULL,9,2,0),(1500,'18:46:19',NULL,9,2,0),(1501,'21:30:19',NULL,9,2,0),(1502,'06:19:24',NULL,9,2,0),(1503,'06:34:47',NULL,9,2,0),(1504,'08:41:51',NULL,9,2,0),(1505,'08:58:52',NULL,9,2,0),(1506,'08:59:52',NULL,9,2,0),(1507,'09:02:04',NULL,9,2,0),(1508,'09:02:13',NULL,9,2,0),(1509,'09:02:47',NULL,9,2,0),(1510,'09:03:11',NULL,9,2,0),(1511,'09:03:31',NULL,9,2,0),(1512,'09:06:35',NULL,9,2,0),(1513,'09:06:45',NULL,9,2,0),(1514,'09:06:50',NULL,9,2,0),(1515,'09:07:05',NULL,9,2,0),(1516,'09:07:23',NULL,9,2,0),(1517,'09:07:38',NULL,9,2,0),(1518,'09:07:50',NULL,9,2,0),(1519,'09:09:57',NULL,9,2,0),(1520,'09:59:21',NULL,9,2,0),(1521,'10:30:22',NULL,10,2,0),(1522,'10:33:28',NULL,10,2,0),(1523,'10:34:43',NULL,10,2,0),(1524,'10:35:37',NULL,10,2,0),(1525,'10:35:59',NULL,10,2,0),(1526,'10:36:13',NULL,10,2,0),(1527,'10:36:33',NULL,10,2,0),(1528,'10:37:17',NULL,10,2,0),(1529,'10:38:54',NULL,10,2,0),(1530,'10:42:21',NULL,10,2,0),(1531,'10:47:16',NULL,10,2,0),(1532,'10:47:24',NULL,10,2,0),(1533,'11:44:57',NULL,10,2,0),(1534,'11:51:12',NULL,10,2,0),(1535,'11:58:19',NULL,10,2,0),(1536,'12:09:14',NULL,10,2,0),(1537,'12:30:19',NULL,10,2,0),(1538,'13:08:53',NULL,10,2,0),(1539,'13:09:01',NULL,10,2,0),(1540,'13:58:03',NULL,10,2,0),(1541,'13:58:13',NULL,10,2,0),(1542,'14:32:35',NULL,10,2,0),(1543,'15:07:51',NULL,10,2,0),(1544,'05:30:54',NULL,10,2,0),(1545,'06:12:34',NULL,10,2,0),(1546,'09:02:44',NULL,10,2,0),(1547,'09:12:33',NULL,10,2,0),(1548,'10:23:46',NULL,11,2,0),(1549,'11:15:25',NULL,11,2,0),(1550,'16:31:38',NULL,11,2,0),(1551,'16:39:36',NULL,11,2,0),(1552,'16:42:55',NULL,11,2,0),(1553,'16:43:13',NULL,11,2,0),(1554,'16:43:55',NULL,11,2,0),(1555,'16:44:26',NULL,11,2,0),(1556,'16:44:42',NULL,11,2,0),(1557,'16:45:04',NULL,11,2,0),(1558,'16:46:30',NULL,11,2,0),(1559,'17:29:31',NULL,11,2,0),(1560,'04:56:20',NULL,11,2,0),(1561,'04:58:20',NULL,11,2,0),(1562,'04:59:30',NULL,11,2,0),(1563,'04:59:52',NULL,11,2,0),(1564,'05:08:16',NULL,11,2,0),(1565,'05:09:08',NULL,11,2,0),(1566,'05:10:55',NULL,11,2,0),(1567,'05:46:06',NULL,11,2,0),(1568,'05:48:22',NULL,11,2,0),(1569,'06:23:22',NULL,11,2,0),(1570,'06:25:44',NULL,11,2,0),(1571,'06:31:08',NULL,11,2,0),(1572,'06:54:17',NULL,11,2,0),(1573,'06:55:48',NULL,11,2,0),(1574,'06:59:11',NULL,11,2,0),(1575,'07:11:37',NULL,11,2,0),(1576,'07:38:07',NULL,11,2,0),(1577,'08:55:28',NULL,11,2,0),(1578,'09:05:08',NULL,11,2,0),(1579,'10:08:57',NULL,12,2,0),(1580,'10:35:12',NULL,12,2,0),(1581,'10:37:41',NULL,12,2,0),(1582,'10:37:51',NULL,12,2,0),(1583,'11:38:10',NULL,12,2,0),(1584,'14:24:42',NULL,12,2,0),(1585,'14:34:46',NULL,12,2,0),(1586,'15:40:32',NULL,12,2,0),(1587,'15:41:05',NULL,12,2,0),(1588,'17:13:34',NULL,12,2,0),(1589,'17:20:13',NULL,12,2,0),(1590,'17:24:45',NULL,12,2,0),(1591,'18:45:57',NULL,12,2,0),(1592,'18:53:28',NULL,12,2,0),(1593,'18:56:05',NULL,12,2,0),(1594,'19:27:50',NULL,12,2,0),(1595,'21:23:40',NULL,12,2,0),(1596,'22:28:53',NULL,12,2,0),(1597,'01:17:34',NULL,12,2,0),(1598,'05:27:20',NULL,12,2,0),(1599,'05:31:53',NULL,12,2,0),(1600,'05:35:22',NULL,12,2,0),(1601,'05:38:50',NULL,12,2,0),(1602,'07:20:15',NULL,12,2,0),(1603,'07:56:43',NULL,12,2,0),(1604,'09:09:38',NULL,12,2,0),(1605,'09:13:20',NULL,12,2,0),(1606,'09:17:59',NULL,12,2,0),(1607,'09:18:35',NULL,12,2,0),(1608,'09:30:51',NULL,12,2,0),(1609,'09:41:19',NULL,12,2,0),(1610,'09:46:20',NULL,12,2,0),(1611,'09:47:11',NULL,12,2,0),(1612,'09:47:56',NULL,12,2,0),(1613,'10:04:55',NULL,13,2,0),(1614,'12:34:46',NULL,13,2,0),(1615,'14:26:34',NULL,13,2,0),(1616,'14:28:02',NULL,13,2,0),(1617,'14:47:15',NULL,13,2,0),(1618,'05:38:57',NULL,13,2,0),(1619,'05:42:13',NULL,13,2,0),(1620,'06:13:35',NULL,13,2,0),(1621,'06:15:07',NULL,13,2,0),(1622,'06:23:24',NULL,13,2,0),(1623,'06:35:45',NULL,13,2,0),(1624,'06:35:51',NULL,13,2,0),(1625,'06:35:59',NULL,13,2,0),(1626,'06:36:06',NULL,13,2,0),(1627,'06:36:20',NULL,13,2,0),(1628,'06:46:17',NULL,13,2,0),(1629,'07:04:06',NULL,13,2,0),(1630,'07:07:08',NULL,13,2,0),(1631,'07:10:42',NULL,13,2,0),(1632,'07:11:46',NULL,13,2,0),(1633,'07:29:49',NULL,13,2,0),(1634,'08:03:40',NULL,13,2,0),(1635,'08:28:41',NULL,13,2,0),(1636,'09:04:45',NULL,13,2,0),(1637,'09:33:02',NULL,13,2,0),(1638,'09:49:11',NULL,13,2,0),(1639,'10:56:40',NULL,14,3,0),(1640,'17:22:30',NULL,14,3,0),(1641,'06:33:57',NULL,15,3,0),(1642,'07:52:57',NULL,15,3,0),(1643,'09:19:19',NULL,15,3,0),(1644,'10:44:59',NULL,16,3,0),(1645,'10:46:41',NULL,16,3,0),(1646,'11:25:59',NULL,16,3,0),(1647,'11:26:30',NULL,16,3,0),(1648,'11:28:52',NULL,16,3,0),(1649,'11:30:37',NULL,16,3,0),(1650,'11:54:49',NULL,16,3,0),(1651,'12:06:35',NULL,16,3,0),(1652,'12:07:42',NULL,16,3,0),(1653,'12:08:01',NULL,16,3,0),(1654,'12:08:29',NULL,16,3,0),(1655,'12:19:23',NULL,16,3,0),(1656,'19:34:59',NULL,16,3,0),(1657,'05:09:24',NULL,16,3,0),(1658,'05:54:11',NULL,16,3,0),(1659,'08:02:46',NULL,16,3,0),(1660,'08:50:00',NULL,16,3,0),(1661,'08:53:09',NULL,16,3,0),(1662,'08:57:23',NULL,16,3,0),(1663,'12:23:39',NULL,17,3,0),(1664,'12:40:43',NULL,17,3,0),(1665,'13:37:26',NULL,17,3,0),(1666,'14:04:20',NULL,17,3,0),(1667,'14:22:05',NULL,17,3,0),(1668,'16:09:19',NULL,17,3,0),(1669,'16:11:48',NULL,17,3,0),(1670,'16:15:03',NULL,17,3,0),(1671,'16:58:14',NULL,17,3,0),(1672,'17:03:57',NULL,17,3,0),(1673,'17:07:24',NULL,17,3,0),(1674,'17:09:53',NULL,17,3,0),(1675,'17:10:44',NULL,17,3,0),(1676,'17:42:26',NULL,17,3,0),(1677,'18:05:29',NULL,17,3,0),(1678,'19:59:20',NULL,17,3,0),(1679,'08:28:41',NULL,17,3,0),(1680,'08:58:33',NULL,17,3,0),(1681,'09:01:06',NULL,17,3,0),(1682,'09:38:38',NULL,17,3,0),(1683,'11:04:11',NULL,18,3,0),(1684,'15:29:22',NULL,18,3,0),(1685,'15:30:40',NULL,18,3,0),(1686,'15:32:00',NULL,18,3,0),(1687,'15:40:35',NULL,18,3,0),(1688,'16:06:46',NULL,18,3,0),(1689,'16:07:49',NULL,18,3,0),(1690,'16:08:11',NULL,18,3,0),(1691,'16:08:43',NULL,18,3,0),(1692,'06:37:14',NULL,18,3,0),(1693,'08:48:05',NULL,18,3,0),(1694,'09:42:05',NULL,18,3,0),(1695,'10:03:28',NULL,19,3,0),(1696,'10:55:54',NULL,19,3,0),(1697,'10:56:21',NULL,19,3,0),(1698,'12:19:40',NULL,19,3,0),(1699,'12:51:15',NULL,19,3,0),(1700,'15:35:52',NULL,19,3,0),(1701,'16:37:46',NULL,19,3,0),(1702,'16:38:59',NULL,19,3,0),(1703,'16:40:52',NULL,19,3,0),(1704,'16:41:07',NULL,19,3,0),(1705,'17:11:54',NULL,19,3,0),(1706,'17:13:33',NULL,19,3,0),(1707,'17:20:55',NULL,19,3,0),(1708,'11:30:01',NULL,20,3,0),(1709,'11:52:11',NULL,20,3,0),(1710,'13:52:34',NULL,20,3,0),(1711,'13:59:15',NULL,20,3,0),(1712,'14:45:24',NULL,20,3,0),(1713,'14:45:51',NULL,20,3,0);
/*!40000 ALTER TABLE `JOB_REPEAT_ON` ENABLE KEYS */;
UNLOCK TABLES;

--
-- Table structure for table `MAIL_SERVER_DETAIL`
--

DROP TABLE IF EXISTS `MAIL_SERVER_DETAIL`;
/*!40101 SET @saved_cs_client     = @@character_set_client */;
/*!50503 SET character_set_client = utf8mb4 */;
CREATE TABLE `MAIL_SERVER_DETAIL` (
  `MAIL_SERVER_ID` int NOT NULL AUTO_INCREMENT,
  `MAIL_SERVER_NAME` varchar(45) NOT NULL,
  `COMMUNICATION_TYPE` int NOT NULL DEFAULT '1',
  PRIMARY KEY (`MAIL_SERVER_ID`)
) ENGINE=InnoDB AUTO_INCREMENT=12 DEFAULT CHARSET=latin1;
/*!40101 SET character_set_client = @saved_cs_client */;

--
-- Dumping data for table `MAIL_SERVER_DETAIL`
--

LOCK TABLES `MAIL_SERVER_DETAIL` WRITE;
/*!40000 ALTER TABLE `MAIL_SERVER_DETAIL` DISABLE KEYS */;
INSERT INTO `MAIL_SERVER_DETAIL` VALUES (1,'MailGun',1),(2,'MailJet',1),(3,'PostMarkApp',1),(4,'SendinBlue',1),(5,'SendGrid',1),(6,'Twilio',2),(7,'Nexmo',2),(8,'TextLocal',2),(9,'BulkSms',2),(10,'Milano',2),(11,'Twilio',3);
/*!40000 ALTER TABLE `MAIL_SERVER_DETAIL` ENABLE KEYS */;
UNLOCK TABLES;

--
-- Table structure for table `MASTER_MENU`
--

DROP TABLE IF EXISTS `MASTER_MENU`;
/*!40101 SET @saved_cs_client     = @@character_set_client */;
/*!50503 SET character_set_client = utf8mb4 */;
CREATE TABLE `MASTER_MENU` (
  `MASTER_MENU_ID` int NOT NULL,
  `MASTER_MENU_NAME` varchar(200) NOT NULL,
  `MASTER_MENU_DESC` varchar(200) DEFAULT NULL,
  `IS_DELETED` tinyint(1) DEFAULT '0',
  `IS_CRM` tinyint(1) DEFAULT '0',
  `SUB_MENU_ID` int DEFAULT NULL,
  PRIMARY KEY (`MASTER_MENU_ID`)
) ENGINE=InnoDB DEFAULT CHARSET=utf8mb4 COLLATE=utf8mb4_0900_ai_ci;
/*!40101 SET character_set_client = @saved_cs_client */;

--
-- Dumping data for table `MASTER_MENU`
--

LOCK TABLES `MASTER_MENU` WRITE;
/*!40000 ALTER TABLE `MASTER_MENU` DISABLE KEYS */;
INSERT INTO `MASTER_MENU` VALUES (0,'Dashboard','Dashboard',0,1,NULL),(1,'Customer','Customer',0,0,NULL),(2,'Transactions','Transactions',0,0,NULL),(3,'Appointment','Appointment',0,0,NULL),(4,'Campaign','Campaign',0,1,NULL),(5,'Survey','Survey',0,1,NULL),(6,'Analytics','Analytics',0,1,NULL),(7,'Logs','Logs',0,1,22),(8,'Products','Products',0,0,NULL),(9,'Promotion','Promotion',0,0,NULL),(10,'Management','Management',0,1,22),(11,'Lead','Lead',0,1,NULL),(12,'Contact','Contact',0,1,NULL),(14,'Enquiry','Enquiry',0,1,NULL),(15,'Customer','Customer',0,1,NULL),(16,'Activity','Activity',0,1,NULL),(17,'Feeds','Feeds',0,1,NULL),(18,'Help Desk','Help Desk',0,1,NULL),(19,'Product','Product',0,1,NULL),(20,'Supplier','Supplier',0,0,NULL),(21,'Carrier','Carrier',0,0,NULL),(22,'More','More',0,1,NULL),(23,'SMS Campaign','SMS Campaign',0,1,4),(24,'Email Campaign','Email Campaign',0,1,4),(25,'SocialMedia Publish','SocialMedia Publish',0,1,4),(26,'Survey Schedule ','Survey Schedule ',0,1,4),(27,'Smart Images ','Smart Images ',0,1,4),(28,'Drip Campaign ','Drip Campaign ',0,1,4),(29,'CUSTOM CHARTS ','CUSTOM CHARTS ',0,1,6),(30,'HIERARCHY REPORT ','HIERARCHY REPORT ',0,1,6),(31,'CAMPAIGN REPORT ','CAMPAIGN REPORT ',0,1,6),(32,'ImportData','ImportData',0,1,NULL),(33,'Download','Download',0,1,NULL);
/*!40000 ALTER TABLE `MASTER_MENU` ENABLE KEYS */;
UNLOCK TABLES;

--
-- Table structure for table `MASTER_SETTING`
--

DROP TABLE IF EXISTS `MASTER_SETTING`;
/*!40101 SET @saved_cs_client     = @@character_set_client */;
/*!50503 SET character_set_client = utf8mb4 */;
CREATE TABLE `MASTER_SETTING` (
  `SETTING_ID` int NOT NULL AUTO_INCREMENT,
  `SETTING_NAME` varchar(100) NOT NULL,
  PRIMARY KEY (`SETTING_ID`),
  UNIQUE KEY `SETTING_NAME_UNIQUE` (`SETTING_NAME`)
) ENGINE=InnoDB AUTO_INCREMENT=61 DEFAULT CHARSET=latin1;
/*!40101 SET character_set_client = @saved_cs_client */;

--
-- Dumping data for table `MASTER_SETTING`
--

LOCK TABLES `MASTER_SETTING` WRITE;
/*!40000 ALTER TABLE `MASTER_SETTING` DISABLE KEYS */;
INSERT INTO `MASTER_SETTING` VALUES (52,'BUSINESS_THEME_OPENSERV'),(50,'CHUNK_BY'),(51,'CURRENCY_SETTING'),(20,'DATE_FORMAT_SETTING'),(18,'EMAIL_APPNTMNT_INTERVAL_TIME'),(2,'EMAIL_APPNTMNT_NOTIFY_APPROVED'),(4,'EMAIL_APPNTMNT_NOTIFY_CHANGED'),(3,'EMAIL_APPNTMNT_NOTIFY_REJECTED'),(16,'EMAIL_APPNTMNT_REMAINDER_NOTIFY'),(26,'EMAIL_APPOINTMENT_BOOKED/ACCEPTED'),(39,'EMAIL_APPOINTMENT_REJECT'),(27,'EMAIL_APPOINTMENT_REMINDER'),(40,'EMAIL_APPOINTMENT_RESCHEDULE'),(25,'EMAIL_CAMPAIGN/RECEIPT_LAUNCH'),(43,'EMAIL_CAMPAIGN/RECEIPT_PAUSE'),(29,'EMAIL_CAMPAIGN/RECEIPT_SCHEDULE_COMPLETED'),(28,'EMAIL_CAMPAIGN/RECEIPT_SCHEDULE_STARTED'),(44,'EMAIL_CAMPAIGN/RECEIPT_STOP'),(14,'EMAIL_CAMPAIGN_COMPLETE_NOTIFY'),(12,'EMAIL_CAMPAIGN_INITIATE_NOTIFY'),(10,'EMAIL_CAMPAIGN_LAUNCH_NOTIFY'),(45,'EMAIL_CAMPAIGN_PAUSE_NOTIFY'),(46,'EMAIL_CAMPAIGN_STOP_NOTIFY'),(8,'EMAIL_SETTING'),(57,'IS_AISCORE'),(38,'IS_BOOKING_ENABLED'),(49,'IS_CREATE_SERVICE_INTEGARATION_DETAILS'),(59,'IS_LEAD_SEARCH_NAME'),(58,'IS_MULTI_PARTNER_SUPPORT'),(48,'IS_PROVIDER_APPOINTMENT_MULTI_PART'),(55,'IS_SCHEDULE_MEETING_ENABLD'),(53,'IS_STORE_AVAIL'),(56,'LEAD_NAME_IN_TASK'),(54,'PHONECALL_SETTING'),(23,'REMAINDER_EMAIL_CAMPAIGN_COMPLETE_NOTIFY'),(21,'REMAINDER_EMAIL_CAMPAIGN_INITIATE_NOTIFY'),(24,'REMAINDER_SMS_CAMPAIGN_COMPLETE_NOTIFY'),(22,'REMAINDER_SMS_CAMPAIGN_INITIATE_NOTIFY'),(19,'SMS_APPNTMNT_INTERVAL_TIME'),(5,'SMS_APPNTMNT_NOTIFY_APPROVED'),(7,'SMS_APPNTMNT_NOTIFY_CHANGED'),(6,'SMS_APPNTMNT_NOTIFY_REJECTED'),(17,'SMS_APPNTMNT_REMAINDER_NOTIFY'),(32,'SMS_APPOINTMENT_BOOKED/ACCEPTED'),(41,'SMS_APPOINTMENT_REJECT'),(33,'SMS_APPOINTMENT_REMINDER'),(42,'SMS_APPOINTMENT_RESCHEDULE'),(31,'SMS_CAMPAIGN/RECEIPT_LAUNCH'),(35,'SMS_CAMPAIGN/RECEIPT_SCHEDULE_COMPLETED'),(34,'SMS_CAMPAIGN/RECEIPT_SCHEDULE_STARTED'),(15,'SMS_CAMPAIGN_COMPLETE_NOTIFY'),(13,'SMS_CAMPAIGN_INITIATE_NOTIFY'),(11,'SMS_CAMPAIGN_LAUNCH_NOTIFY'),(9,'SMS_SETTING'),(37,'STORE_CLOSE_TIME'),(36,'STORE_OPEN_TIME'),(47,'SURVEY_REVIEW_ID'),(1,'THEME'),(30,'TIME_ZONE_SETTING');
/*!40000 ALTER TABLE `MASTER_SETTING` ENABLE KEYS */;
UNLOCK TABLES;

--
-- Table structure for table `MEETING_USER_CONFIG_DETAILS`
--

DROP TABLE IF EXISTS `MEETING_USER_CONFIG_DETAILS`;
/*!40101 SET @saved_cs_client     = @@character_set_client */;
/*!50503 SET character_set_client = utf8mb4 */;
CREATE TABLE `MEETING_USER_CONFIG_DETAILS` (
  `MEETING_USER_CONFIG_DETAILS_ID` int NOT NULL AUTO_INCREMENT,
  `TOKEN_TYPE` varchar(200) DEFAULT NULL,
  `TOKEN_SCOPE` varchar(1000) DEFAULT NULL,
  `TOKEN_EXPIRES_IN` int DEFAULT NULL,
  `RESOURCE_ID` int DEFAULT NULL,
  `EXT_EXPIRES_IN` varchar(200) DEFAULT NULL,
  `EXPIRES_ON` varchar(200) DEFAULT NULL,
  `NOT_BEFORE` varchar(200) DEFAULT NULL,
  `ACCESS_TOKEN` varchar(3000) DEFAULT NULL,
  `REFRESH_TOKEN` varchar(3000) DEFAULT NULL,
  `USER_DISPLAYNAME` varchar(500) DEFAULT NULL,
  `USER_JOBTITLE` varchar(300) DEFAULT NULL,
  `USER_MAIL` varchar(300) DEFAULT NULL,
  `USER_MOBILEPHONE` varchar(200) DEFAULT NULL,
  `USER_PRINCIPAL_NAME` varchar(500) DEFAULT NULL,
  `USER_MEETING_ID` varchar(1000) DEFAULT NULL,
  `USER_GIVENNAME` varchar(200) DEFAULT NULL,
  `USER_SURNAME` varchar(200) NOT NULL,
  `MODIFIED_DATE` datetime DEFAULT NULL,
  `IS_DELETED` tinyint(1) DEFAULT '0',
  PRIMARY KEY (`MEETING_USER_CONFIG_DETAILS_ID`)
) ENGINE=InnoDB AUTO_INCREMENT=41 DEFAULT CHARSET=utf8mb4 COLLATE=utf8mb4_0900_ai_ci;
/*!40101 SET character_set_client = @saved_cs_client */;

--
-- Dumping data for table `MEETING_USER_CONFIG_DETAILS`
--

LOCK TABLES `MEETING_USER_CONFIG_DETAILS` WRITE;
/*!40000 ALTER TABLE `MEETING_USER_CONFIG_DETAILS` DISABLE KEYS */;
/*!40000 ALTER TABLE `MEETING_USER_CONFIG_DETAILS` ENABLE KEYS */;
UNLOCK TABLES;

--
-- Table structure for table `MENU`
--

DROP TABLE IF EXISTS `MENU`;
/*!40101 SET @saved_cs_client     = @@character_set_client */;
/*!50503 SET character_set_client = utf8mb4 */;
CREATE TABLE `MENU` (
  `MENU_ID` int NOT NULL AUTO_INCREMENT,
  `NAME` varchar(50) NOT NULL,
  `ICON` varchar(45) DEFAULT NULL,
  `LINK` varchar(150) NOT NULL,
  `DESCRIPTION` varchar(300) DEFAULT NULL,
  `IS_DELETED` tinyint unsigned DEFAULT '0',
  `USAGE` varchar(45) DEFAULT NULL,
  `PARENT_MENU_ID` int DEFAULT '0' COMMENT 'Specifies the parent menu''s id.',
  `MENU_ORDER` int NOT NULL,
  PRIMARY KEY (`MENU_ID`),
  UNIQUE KEY `IDENTITY_UNIQUE_MENU` (`MENU_ID`)
) ENGINE=InnoDB AUTO_INCREMENT=6 DEFAULT CHARSET=latin1;
/*!40101 SET character_set_client = @saved_cs_client */;

--
-- Dumping data for table `MENU`
--

LOCK TABLES `MENU` WRITE;
/*!40000 ALTER TABLE `MENU` DISABLE KEYS */;
/*!40000 ALTER TABLE `MENU` ENABLE KEYS */;
UNLOCK TABLES;

--
-- Table structure for table `PAGE_DETAILS`
--

DROP TABLE IF EXISTS `PAGE_DETAILS`;
/*!40101 SET @saved_cs_client     = @@character_set_client */;
/*!50503 SET character_set_client = utf8mb4 */;
CREATE TABLE `PAGE_DETAILS` (
  `PAGE_DETAILS_ID` int NOT NULL AUTO_INCREMENT,
  `TYPE` int NOT NULL,
  `PAGE_ID` int NOT NULL,
  `SUBLIST_ID` int NOT NULL,
  `IS_DELETED` tinyint DEFAULT '0',
  PRIMARY KEY (`PAGE_DETAILS_ID`),
  KEY `fk_PAGE_DETAILS_SUBLIST_idx` (`SUBLIST_ID`),
  CONSTRAINT `fk_PAGE_DETAILS_SUBLIST` FOREIGN KEY (`SUBLIST_ID`) REFERENCES `SUB_LIST` (`LIST_ID`)
) ENGINE=InnoDB AUTO_INCREMENT=10 DEFAULT CHARSET=utf8mb4 COLLATE=utf8mb4_0900_ai_ci;
/*!40101 SET character_set_client = @saved_cs_client */;

--
-- Dumping data for table `PAGE_DETAILS`
--

LOCK TABLES `PAGE_DETAILS` WRITE;
/*!40000 ALTER TABLE `PAGE_DETAILS` DISABLE KEYS */;
/*!40000 ALTER TABLE `PAGE_DETAILS` ENABLE KEYS */;
UNLOCK TABLES;

--
-- Table structure for table `PRODUCTS`
--

DROP TABLE IF EXISTS `PRODUCTS`;
/*!40101 SET @saved_cs_client     = @@character_set_client */;
/*!50503 SET character_set_client = utf8mb4 */;
CREATE TABLE `PRODUCTS` (
  `PRODUCT_ID` int NOT NULL AUTO_INCREMENT,
  `NAME` varchar(200) NOT NULL,
  `DESCRIPTION` varchar(200) DEFAULT NULL,
  `STORE_ID` int DEFAULT NULL,
  `BAR_CODE` int DEFAULT '0',
  `IS_DELETED` tinyint(1) NOT NULL DEFAULT '0',
  PRIMARY KEY (`PRODUCT_ID`),
  KEY `store_product_idx` (`STORE_ID`),
  CONSTRAINT `store_product` FOREIGN KEY (`STORE_ID`) REFERENCES `STORE_DETAILS` (`STORE_ID`)
) ENGINE=InnoDB DEFAULT CHARSET=latin1;
/*!40101 SET character_set_client = @saved_cs_client */;

--
-- Dumping data for table `PRODUCTS`
--

LOCK TABLES `PRODUCTS` WRITE;
/*!40000 ALTER TABLE `PRODUCTS` DISABLE KEYS */;
/*!40000 ALTER TABLE `PRODUCTS` ENABLE KEYS */;
UNLOCK TABLES;

--
-- Table structure for table `PRODUCT_CATEGORY_MAP`
--

DROP TABLE IF EXISTS `PRODUCT_CATEGORY_MAP`;
/*!40101 SET @saved_cs_client     = @@character_set_client */;
/*!50503 SET character_set_client = utf8mb4 */;
CREATE TABLE `PRODUCT_CATEGORY_MAP` (
  `PRODUCT_CATEGORY_MAP_ID` int NOT NULL AUTO_INCREMENT,
  `CATEGORY_ID` int DEFAULT NULL,
  `SUB_CATEGORY_ID` int DEFAULT NULL,
  `PRODUCT_ID` int NOT NULL,
  `IS_DELETED` tinyint(1) NOT NULL DEFAULT '0',
  PRIMARY KEY (`PRODUCT_CATEGORY_MAP_ID`),
  KEY `category_map_idx` (`CATEGORY_ID`),
  KEY `sub_category_map_idx` (`SUB_CATEGORY_ID`),
  KEY `product_map_idx` (`PRODUCT_ID`),
  CONSTRAINT `category_map` FOREIGN KEY (`CATEGORY_ID`) REFERENCES `CATEGORY` (`CATEGORY_ID`),
  CONSTRAINT `product_category_map` FOREIGN KEY (`PRODUCT_ID`) REFERENCES `PRODUCTS` (`PRODUCT_ID`),
  CONSTRAINT `sub_category_map` FOREIGN KEY (`SUB_CATEGORY_ID`) REFERENCES `SUB_CATEGORY` (`SUB_CATEGORY_ID`)
) ENGINE=InnoDB DEFAULT CHARSET=latin1;
/*!40101 SET character_set_client = @saved_cs_client */;

--
-- Dumping data for table `PRODUCT_CATEGORY_MAP`
--

LOCK TABLES `PRODUCT_CATEGORY_MAP` WRITE;
/*!40000 ALTER TABLE `PRODUCT_CATEGORY_MAP` DISABLE KEYS */;
/*!40000 ALTER TABLE `PRODUCT_CATEGORY_MAP` ENABLE KEYS */;
UNLOCK TABLES;

--
-- Table structure for table `PRODUCT_TYPES`
--

DROP TABLE IF EXISTS `PRODUCT_TYPES`;
/*!40101 SET @saved_cs_client     = @@character_set_client */;
/*!50503 SET character_set_client = utf8mb4 */;
CREATE TABLE `PRODUCT_TYPES` (
  `ID` int NOT NULL AUTO_INCREMENT,
  `PRODUCT_TYPE` varchar(45) DEFAULT NULL,
  `PRODUCT_PREFIX` varchar(10) DEFAULT NULL,
  PRIMARY KEY (`ID`)
) ENGINE=InnoDB AUTO_INCREMENT=8 DEFAULT CHARSET=latin1;
/*!40101 SET character_set_client = @saved_cs_client */;

--
-- Dumping data for table `PRODUCT_TYPES`
--

LOCK TABLES `PRODUCT_TYPES` WRITE;
/*!40000 ALTER TABLE `PRODUCT_TYPES` DISABLE KEYS */;
INSERT INTO `PRODUCT_TYPES` VALUES (1,'Motor Insurance','MOI'),(2,'Health Insurance','HEI'),(3,'Personal Accident Insurance','PAI'),(4,'Householder\'s Insurance','HHI'),(5,'Overseas Travel Insurance','OTI'),(6,'Home Insurance','HOI'),(7,'Custom Insurance','CUI');
/*!40000 ALTER TABLE `PRODUCT_TYPES` ENABLE KEYS */;
UNLOCK TABLES;

--
-- Table structure for table `PRODUCT_VARIANTS`
--

DROP TABLE IF EXISTS `PRODUCT_VARIANTS`;
/*!40101 SET @saved_cs_client     = @@character_set_client */;
/*!50503 SET character_set_client = utf8mb4 */;
CREATE TABLE `PRODUCT_VARIANTS` (
  `PRODUCT_VARIANT_ID` int NOT NULL AUTO_INCREMENT,
  `VARIANT_NAME` varchar(200) NOT NULL,
  `SKU` varchar(200) DEFAULT NULL,
  `PRICE` double NOT NULL,
  `PRODUCT_ID` int NOT NULL,
  `DESCRIPTION` varchar(200) DEFAULT NULL,
  `STORE_ID` int DEFAULT NULL,
  `AVAILABLE_QUANTITY` int DEFAULT '0',
  `TOTAL_QUANTITY` int NOT NULL DEFAULT '0',
  `TAX` double NOT NULL,
  `IS_DELETED` tinyint(1) NOT NULL DEFAULT '0',
  PRIMARY KEY (`PRODUCT_VARIANT_ID`),
  KEY `store_variant_idx` (`STORE_ID`),
  KEY `variant_product_idx` (`PRODUCT_ID`),
  CONSTRAINT `product_variant` FOREIGN KEY (`PRODUCT_ID`) REFERENCES `PRODUCTS` (`PRODUCT_ID`),
  CONSTRAINT `store_variant` FOREIGN KEY (`STORE_ID`) REFERENCES `STORE_DETAILS` (`STORE_ID`)
) ENGINE=InnoDB DEFAULT CHARSET=latin1;
/*!40101 SET character_set_client = @saved_cs_client */;

--
-- Dumping data for table `PRODUCT_VARIANTS`
--

LOCK TABLES `PRODUCT_VARIANTS` WRITE;
/*!40000 ALTER TABLE `PRODUCT_VARIANTS` DISABLE KEYS */;
/*!40000 ALTER TABLE `PRODUCT_VARIANTS` ENABLE KEYS */;
UNLOCK TABLES;

--
-- Table structure for table `PRODUCT_VARIANT_DETAILS`
--

DROP TABLE IF EXISTS `PRODUCT_VARIANT_DETAILS`;
/*!40101 SET @saved_cs_client     = @@character_set_client */;
/*!50503 SET character_set_client = utf8mb4 */;
CREATE TABLE `PRODUCT_VARIANT_DETAILS` (
  `PRODUCT_DETAILS_ID` int NOT NULL AUTO_INCREMENT,
  `PRODUCT_VARIANT_ID` int NOT NULL,
  `VARIANT_VALUE_ID` int NOT NULL,
  `IS_DELETED` tinyint(1) NOT NULL DEFAULT '0',
  PRIMARY KEY (`PRODUCT_DETAILS_ID`),
  KEY `product_variant_value_idx` (`VARIANT_VALUE_ID`),
  KEY `product_variant_idx` (`PRODUCT_VARIANT_ID`),
  CONSTRAINT `product_variants` FOREIGN KEY (`PRODUCT_VARIANT_ID`) REFERENCES `PRODUCT_VARIANTS` (`PRODUCT_VARIANT_ID`),
  CONSTRAINT `product_variants_value` FOREIGN KEY (`VARIANT_VALUE_ID`) REFERENCES `VARIANT_VALUE` (`VALUE_ID`)
) ENGINE=InnoDB DEFAULT CHARSET=latin1;
/*!40101 SET character_set_client = @saved_cs_client */;

--
-- Dumping data for table `PRODUCT_VARIANT_DETAILS`
--

LOCK TABLES `PRODUCT_VARIANT_DETAILS` WRITE;
/*!40000 ALTER TABLE `PRODUCT_VARIANT_DETAILS` DISABLE KEYS */;
/*!40000 ALTER TABLE `PRODUCT_VARIANT_DETAILS` ENABLE KEYS */;
UNLOCK TABLES;

--
-- Table structure for table `PROMO_FOR`
--

DROP TABLE IF EXISTS `PROMO_FOR`;
/*!40101 SET @saved_cs_client     = @@character_set_client */;
/*!50503 SET character_set_client = utf8mb4 */;
CREATE TABLE `PROMO_FOR` (
  `PROMO_FOR_ID` int NOT NULL AUTO_INCREMENT,
  `PROMO_FOR_TYPE` varchar(45) NOT NULL,
  `IS_DELETED` varchar(45) NOT NULL,
  PRIMARY KEY (`PROMO_FOR_ID`)
) ENGINE=InnoDB AUTO_INCREMENT=5 DEFAULT CHARSET=latin1;
/*!40101 SET character_set_client = @saved_cs_client */;

--
-- Dumping data for table `PROMO_FOR`
--

LOCK TABLES `PROMO_FOR` WRITE;
/*!40000 ALTER TABLE `PROMO_FOR` DISABLE KEYS */;
INSERT INTO `PROMO_FOR` VALUES (1,'CATEGORY','0'),(2,'SUB_CATEGORY','0'),(3,'PRODUCT','0'),(4,'VARIANT','0');
/*!40000 ALTER TABLE `PROMO_FOR` ENABLE KEYS */;
UNLOCK TABLES;

--
-- Table structure for table `PROMO_FOR_LIST`
--

DROP TABLE IF EXISTS `PROMO_FOR_LIST`;
/*!40101 SET @saved_cs_client     = @@character_set_client */;
/*!50503 SET character_set_client = utf8mb4 */;
CREATE TABLE `PROMO_FOR_LIST` (
  `PROMO_FOR_LIST_ID` int NOT NULL AUTO_INCREMENT,
  `PROMO_ID` int NOT NULL,
  `PROMO_FOR_ID` int DEFAULT NULL,
  `STORE_ID` int DEFAULT NULL,
  `BUY_ID` int DEFAULT NULL,
  `GET_ID` int DEFAULT '0',
  `BUY_ID_QUANTITY` int DEFAULT NULL,
  `GET_ID_QUANTITY` int DEFAULT NULL,
  `IS_DELETED` tinyint NOT NULL DEFAULT '0',
  PRIMARY KEY (`PROMO_FOR_LIST_ID`),
  KEY `fk_PROMO_MASTER_idx` (`PROMO_ID`),
  KEY `fk_PROMO_STORE_ID` (`STORE_ID`),
  KEY `fk_PROMO_FOR_ID` (`PROMO_FOR_ID`),
  CONSTRAINT `fk_PROMO_FOR_ID` FOREIGN KEY (`PROMO_FOR_ID`) REFERENCES `PROMO_FOR` (`PROMO_FOR_ID`),
  CONSTRAINT `fk_PROMO_MASTER` FOREIGN KEY (`PROMO_ID`) REFERENCES `PROMO_MASTER` (`PROMO_ID`),
  CONSTRAINT `fk_PROMO_STORE_ID` FOREIGN KEY (`STORE_ID`) REFERENCES `STORE_DETAILS` (`STORE_ID`)
) ENGINE=InnoDB DEFAULT CHARSET=latin1;
/*!40101 SET character_set_client = @saved_cs_client */;

--
-- Dumping data for table `PROMO_FOR_LIST`
--

LOCK TABLES `PROMO_FOR_LIST` WRITE;
/*!40000 ALTER TABLE `PROMO_FOR_LIST` DISABLE KEYS */;
/*!40000 ALTER TABLE `PROMO_FOR_LIST` ENABLE KEYS */;
UNLOCK TABLES;

--
-- Table structure for table `PROMO_MASTER`
--

DROP TABLE IF EXISTS `PROMO_MASTER`;
/*!40101 SET @saved_cs_client     = @@character_set_client */;
/*!50503 SET character_set_client = utf8mb4 */;
CREATE TABLE `PROMO_MASTER` (
  `PROMO_ID` int NOT NULL AUTO_INCREMENT,
  `STORE_ID` int DEFAULT NULL,
  `PROMO_NAME` varchar(51) NOT NULL,
  `ACTIVE_DATE` datetime DEFAULT NULL,
  `EXPIRY_DATE` datetime NOT NULL COMMENT ' ',
  `DESCRIPTION` varchar(200) DEFAULT NULL,
  `PROMO_VALUE_TYPE_ID` int NOT NULL,
  `PROMO_VALUE` varchar(45) DEFAULT NULL,
  `PROMO_FOR_ID` int NOT NULL,
  `NUMBER_OF_USES` int DEFAULT NULL,
  `IS_DELETED` tinyint NOT NULL,
  `BUY_COUNT` int DEFAULT '0',
  `GET_COUNT` int DEFAULT '0',
  `MIN_OR_MAXVALUES` varchar(50) DEFAULT NULL,
  `AUTO_APPLY` tinyint(1) DEFAULT '0',
  PRIMARY KEY (`PROMO_ID`),
  KEY `fk_PROMO_FOR_idx` (`PROMO_FOR_ID`),
  KEY `STORE_PROMO` (`STORE_ID`),
  KEY `fk_PROMO_VALUE_TYPE_idx` (`PROMO_VALUE_TYPE_ID`),
  CONSTRAINT `fk_PROMO_FOR` FOREIGN KEY (`PROMO_FOR_ID`) REFERENCES `PROMO_FOR` (`PROMO_FOR_ID`),
  CONSTRAINT `fk_PROMO_VALUE_TYPE` FOREIGN KEY (`PROMO_VALUE_TYPE_ID`) REFERENCES `PROMO_VALUE_TYPE` (`PROMO_VALUE_TYPE_ID`),
  CONSTRAINT `STORE_PROMO` FOREIGN KEY (`STORE_ID`) REFERENCES `STORE_DETAILS` (`STORE_ID`)
) ENGINE=InnoDB DEFAULT CHARSET=latin1;
/*!40101 SET character_set_client = @saved_cs_client */;

--
-- Dumping data for table `PROMO_MASTER`
--

LOCK TABLES `PROMO_MASTER` WRITE;
/*!40000 ALTER TABLE `PROMO_MASTER` DISABLE KEYS */;
/*!40000 ALTER TABLE `PROMO_MASTER` ENABLE KEYS */;
UNLOCK TABLES;

--
-- Table structure for table `PROMO_VALUE_TYPE`
--

DROP TABLE IF EXISTS `PROMO_VALUE_TYPE`;
/*!40101 SET @saved_cs_client     = @@character_set_client */;
/*!50503 SET character_set_client = utf8mb4 */;
CREATE TABLE `PROMO_VALUE_TYPE` (
  `PROMO_VALUE_TYPE_ID` int NOT NULL AUTO_INCREMENT,
  `PROMO_VALUE_TYPE` varchar(45) NOT NULL,
  `IS_DELETED` varchar(45) NOT NULL,
  PRIMARY KEY (`PROMO_VALUE_TYPE_ID`)
) ENGINE=InnoDB AUTO_INCREMENT=4 DEFAULT CHARSET=latin1;
/*!40101 SET character_set_client = @saved_cs_client */;

--
-- Dumping data for table `PROMO_VALUE_TYPE`
--

LOCK TABLES `PROMO_VALUE_TYPE` WRITE;
/*!40000 ALTER TABLE `PROMO_VALUE_TYPE` DISABLE KEYS */;
INSERT INTO `PROMO_VALUE_TYPE` VALUES (1,'PERCENT','0'),(2,'FLAT','0'),(3,'FREE','0');
/*!40000 ALTER TABLE `PROMO_VALUE_TYPE` ENABLE KEYS */;
UNLOCK TABLES;

--
-- Table structure for table `PROVIDER`
--

DROP TABLE IF EXISTS `PROVIDER`;
/*!40101 SET @saved_cs_client     = @@character_set_client */;
/*!50503 SET character_set_client = utf8mb4 */;
CREATE TABLE `PROVIDER` (
  `ID` int NOT NULL AUTO_INCREMENT,
  `NAME` varchar(45) NOT NULL,
  `IS_DELETED` tinyint NOT NULL DEFAULT '0',
  PRIMARY KEY (`ID`)
) ENGINE=InnoDB AUTO_INCREMENT=3 DEFAULT CHARSET=latin1;
/*!40101 SET character_set_client = @saved_cs_client */;

--
-- Dumping data for table `PROVIDER`
--

LOCK TABLES `PROVIDER` WRITE;
/*!40000 ALTER TABLE `PROVIDER` DISABLE KEYS */;
INSERT INTO `PROVIDER` VALUES (1,'milano',0),(2,'eazycom',0);
/*!40000 ALTER TABLE `PROVIDER` ENABLE KEYS */;
UNLOCK TABLES;

--
-- Table structure for table `PROVIDER_BASED_COMPONENT_RESTRICTION`
--

DROP TABLE IF EXISTS `PROVIDER_BASED_COMPONENT_RESTRICTION`;
/*!40101 SET @saved_cs_client     = @@character_set_client */;
/*!50503 SET character_set_client = utf8mb4 */;
CREATE TABLE `PROVIDER_BASED_COMPONENT_RESTRICTION` (
  `ID` int NOT NULL AUTO_INCREMENT,
  `COMPONENT_ID` int DEFAULT NULL,
  `PROVIDER_ID` int DEFAULT NULL,
  PRIMARY KEY (`ID`),
  KEY `frign_key_1_idx` (`COMPONENT_ID`),
  KEY `frign_key_2_idx` (`PROVIDER_ID`),
  CONSTRAINT `frign_key_1` FOREIGN KEY (`COMPONENT_ID`) REFERENCES `UI_COMPONENTS` (`COMPONENT_ID`),
  CONSTRAINT `frign_key_2` FOREIGN KEY (`PROVIDER_ID`) REFERENCES `PROVIDER` (`ID`)
) ENGINE=InnoDB AUTO_INCREMENT=17 DEFAULT CHARSET=latin1;
/*!40101 SET character_set_client = @saved_cs_client */;

--
-- Dumping data for table `PROVIDER_BASED_COMPONENT_RESTRICTION`
--

LOCK TABLES `PROVIDER_BASED_COMPONENT_RESTRICTION` WRITE;
/*!40000 ALTER TABLE `PROVIDER_BASED_COMPONENT_RESTRICTION` DISABLE KEYS */;
INSERT INTO `PROVIDER_BASED_COMPONENT_RESTRICTION` VALUES (1,6,1),(2,7,1),(3,13,1),(4,11,1),(5,14,1),(6,15,1),(7,16,1),(8,17,1),(9,18,1),(10,20,1),(11,22,1),(12,21,1),(13,23,NULL),(14,24,NULL),(15,25,NULL),(16,19,NULL);
/*!40000 ALTER TABLE `PROVIDER_BASED_COMPONENT_RESTRICTION` ENABLE KEYS */;
UNLOCK TABLES;

--
-- Table structure for table `RESOURCE`
--

DROP TABLE IF EXISTS `RESOURCE`;
/*!40101 SET @saved_cs_client     = @@character_set_client */;
/*!50503 SET character_set_client = utf8mb4 */;
CREATE TABLE `RESOURCE` (
  `RESOURCE_ID` int NOT NULL AUTO_INCREMENT,
  `RESOURCE_NAME` varchar(45) NOT NULL,
  `STORE_ID` int DEFAULT NULL,
  `IS_DELETE` tinyint NOT NULL DEFAULT '0',
  `EMAIL_ID` varchar(45) NOT NULL,
  `RESOURCE_TITLE_ID` int NOT NULL,
  `USER_ROLE_ID` int NOT NULL,
  `REPORTING_TO_ID` int NOT NULL,
  `USER_ID` int NOT NULL,
  `DEFAULT_BUSINESS_HIERARCHY_ID` int DEFAULT NULL,
  PRIMARY KEY (`RESOURCE_ID`),
  KEY `store_resource_idx` (`STORE_ID`),
  KEY `resource_title_fk_idx` (`RESOURCE_TITLE_ID`),
  KEY `resource_user_role_fk_idx` (`USER_ROLE_ID`),
  KEY `resource_app_user_fk_idx` (`REPORTING_TO_ID`),
  KEY `DEFAULT_BUSINESS_HIERARCHY_ID` (`DEFAULT_BUSINESS_HIERARCHY_ID`),
  CONSTRAINT `resource_app_user_fk` FOREIGN KEY (`REPORTING_TO_ID`) REFERENCES `APP_USER` (`USER_ID`),
  CONSTRAINT `RESOURCE_ibfk_1` FOREIGN KEY (`DEFAULT_BUSINESS_HIERARCHY_ID`) REFERENCES `BUSINESS_HIERARCHY` (`BUSINESS_HIERARCHY_ID`),
  CONSTRAINT `resource_title_fk` FOREIGN KEY (`RESOURCE_TITLE_ID`) REFERENCES `RESOURCE_TITLE` (`RESOURCE_TITLE_ID`),
  CONSTRAINT `resource_user_role_fk` FOREIGN KEY (`USER_ROLE_ID`) REFERENCES `USER_ROLE` (`ROLE_ID`),
  CONSTRAINT `store_resource` FOREIGN KEY (`STORE_ID`) REFERENCES `STORE_DETAILS` (`STORE_ID`)
) ENGINE=InnoDB AUTO_INCREMENT=146 DEFAULT CHARSET=latin1;
/*!40101 SET character_set_client = @saved_cs_client */;

--
-- Dumping data for table `RESOURCE`
--

LOCK TABLES `RESOURCE` WRITE;
/*!40000 ALTER TABLE `RESOURCE` DISABLE KEYS */;
INSERT INTO `RESOURCE` VALUES (132,'PTCAdmin',NULL,0,'praveen.Kumaran@flokilabs.com',2,4,149,150,NULL),(133,'Palawan Admin',NULL,0,'rscayabyab@sscgi.com',3,5,149,151,NULL),(134,'CRMUser',NULL,0,'praveen.kumaran@flokilabs.com',1,4,149,152,NULL),(135,'CMISUser',NULL,0,'praveen.Kumaran@flokilabs.com',1,4,149,153,NULL),(136,'branchopsuser01',NULL,0,'branchopsuser01@flokilabs.com',1,4,150,154,NULL),(137,'branchopsuser02',NULL,0,'branchopsuser02@flokilabs.com',1,4,150,155,NULL),(138,'branchopsuser03',NULL,0,'branchopsuser03@flokilabs.com',1,4,150,156,NULL),(139,'branchopsuser04',NULL,0,'branchopsuser04@flokilabs.com',1,4,150,157,NULL),(140,'branchopsuser05',NULL,0,'branchopsuser05@flokilabs.com',1,4,150,158,NULL),(141,'marketinguser01',NULL,0,'marketinguser01@flokilabs.com',1,4,150,159,NULL),(142,'marketinguser02',NULL,0,'marketinguser02@flokilabs.com',1,4,150,160,NULL),(143,'marketinguser03',NULL,0,'marketinguser03@flokilabs.com',1,4,150,161,NULL),(144,'marketinguser04',NULL,0,'marketinguser04@flokilabs.com',1,4,150,162,NULL),(145,'marketinguser05',NULL,0,'marketinguser05@flokilabs.com',1,4,150,163,NULL);
/*!40000 ALTER TABLE `RESOURCE` ENABLE KEYS */;
UNLOCK TABLES;

--
-- Table structure for table `RESOURCE_ROLES`
--

DROP TABLE IF EXISTS `RESOURCE_ROLES`;
/*!40101 SET @saved_cs_client     = @@character_set_client */;
/*!50503 SET character_set_client = utf8mb4 */;
CREATE TABLE `RESOURCE_ROLES` (
  `RESOURCE_ROLES_ID` int NOT NULL AUTO_INCREMENT,
  `RESOURCE_ROLE_NAME` varchar(200) DEFAULT NULL,
  `RESOURCE_ROLE_DESC` varchar(200) DEFAULT NULL,
  `IS_DELETED` tinyint(1) DEFAULT '0',
  `BUSINESS_ID` int DEFAULT NULL,
  PRIMARY KEY (`RESOURCE_ROLES_ID`),
  KEY `RESOURCE_ROLE_BUSINESS_FK_idx` (`BUSINESS_ID`),
  CONSTRAINT `RESOURCE_ROLE_BUSINESS_FK` FOREIGN KEY (`BUSINESS_ID`) REFERENCES `BUSINESS_DETAILS` (`BUSINESS_DETAIL_ID`)
) ENGINE=InnoDB AUTO_INCREMENT=94 DEFAULT CHARSET=utf8mb4 COLLATE=utf8mb4_0900_ai_ci;
/*!40101 SET character_set_client = @saved_cs_client */;

--
-- Dumping data for table `RESOURCE_ROLES`
--

LOCK TABLES `RESOURCE_ROLES` WRITE;
/*!40000 ALTER TABLE `RESOURCE_ROLES` DISABLE KEYS */;
INSERT INTO `RESOURCE_ROLES` VALUES (92,'CRM User','CRM User',0,9),(93,'CMIS USER','CMIS USER',0,9);
/*!40000 ALTER TABLE `RESOURCE_ROLES` ENABLE KEYS */;
UNLOCK TABLES;

--
-- Table structure for table `RESOURCE_ROLE_MENU_MAP`
--

DROP TABLE IF EXISTS `RESOURCE_ROLE_MENU_MAP`;
/*!40101 SET @saved_cs_client     = @@character_set_client */;
/*!50503 SET character_set_client = utf8mb4 */;
CREATE TABLE `RESOURCE_ROLE_MENU_MAP` (
  `RESOURCE_ROLE_MENU_MAP_ID` int NOT NULL AUTO_INCREMENT,
  `RESOURCE_ROLE_ID` int DEFAULT NULL,
  `MASTER_MENU_ID` int DEFAULT NULL,
  `RESOURCE_ROLE_MENU_NAME` varchar(200) DEFAULT NULL,
  `IS_DELETED` tinyint(1) DEFAULT '0',
  PRIMARY KEY (`RESOURCE_ROLE_MENU_MAP_ID`),
  KEY `RESOURCE_ROLE_FK_idx` (`RESOURCE_ROLE_ID`),
  KEY `MASTER_MENU_FK_idx` (`MASTER_MENU_ID`),
  CONSTRAINT `MASTER_MENU_FK` FOREIGN KEY (`MASTER_MENU_ID`) REFERENCES `MASTER_MENU` (`MASTER_MENU_ID`),
  CONSTRAINT `RESOURCE_ROLE_FK` FOREIGN KEY (`RESOURCE_ROLE_ID`) REFERENCES `RESOURCE_ROLES` (`RESOURCE_ROLES_ID`)
) ENGINE=InnoDB AUTO_INCREMENT=1467 DEFAULT CHARSET=utf8mb4 COLLATE=utf8mb4_0900_ai_ci;
/*!40101 SET character_set_client = @saved_cs_client */;

--
-- Dumping data for table `RESOURCE_ROLE_MENU_MAP`
--

LOCK TABLES `RESOURCE_ROLE_MENU_MAP` WRITE;
/*!40000 ALTER TABLE `RESOURCE_ROLE_MENU_MAP` DISABLE KEYS */;
INSERT INTO `RESOURCE_ROLE_MENU_MAP` VALUES (1448,92,0,'Dashboard',1),(1449,92,11,'Lead',0),(1450,92,12,'Contact',1),(1451,92,14,'Enquiry',1),(1452,92,15,'Customer',0),(1453,92,16,'Activity',1),(1454,92,19,'Product',1),(1455,92,0,'Dashboard',1),(1456,92,11,'Lead',0),(1457,92,12,'Contact',1),(1458,92,14,'Enquiry',1),(1459,92,15,'Customer',0),(1460,92,16,'Activity',1),(1461,92,19,'Product',1),(1462,92,22,'More',1),(1463,92,7,'Logs',1),(1464,92,10,'Management',1),(1465,93,15,'Customer',0),(1466,93,15,'Customer',0);
/*!40000 ALTER TABLE `RESOURCE_ROLE_MENU_MAP` ENABLE KEYS */;
UNLOCK TABLES;

--
-- Table structure for table `RESOURCE_ROLE_USER_MAP`
--

DROP TABLE IF EXISTS `RESOURCE_ROLE_USER_MAP`;
/*!40101 SET @saved_cs_client     = @@character_set_client */;
/*!50503 SET character_set_client = utf8mb4 */;
CREATE TABLE `RESOURCE_ROLE_USER_MAP` (
  `RESOURCE_ROLE_USER_MAP_ID` int NOT NULL AUTO_INCREMENT,
  `RESOURCE_ROLE_ID` int DEFAULT NULL,
  `USER_ID` int DEFAULT NULL,
  `IS_DELETED` tinyint(1) DEFAULT '0',
  PRIMARY KEY (`RESOURCE_ROLE_USER_MAP_ID`),
  KEY `RESOURCE_ROLE_FK_idx` (`RESOURCE_ROLE_ID`),
  KEY `USER_MAP_FK_idx` (`USER_ID`),
  CONSTRAINT `RESOURCE_ROLE_MAP_ROLE_FK` FOREIGN KEY (`RESOURCE_ROLE_ID`) REFERENCES `RESOURCE_ROLES` (`RESOURCE_ROLES_ID`)
) ENGINE=InnoDB AUTO_INCREMENT=208 DEFAULT CHARSET=utf8mb4 COLLATE=utf8mb4_0900_ai_ci;
/*!40101 SET character_set_client = @saved_cs_client */;

--
-- Dumping data for table `RESOURCE_ROLE_USER_MAP`
--

LOCK TABLES `RESOURCE_ROLE_USER_MAP` WRITE;
/*!40000 ALTER TABLE `RESOURCE_ROLE_USER_MAP` DISABLE KEYS */;
INSERT INTO `RESOURCE_ROLE_USER_MAP` VALUES (183,92,150,0),(184,92,151,0),(185,92,152,0),(186,92,153,1),(187,93,153,0),(188,92,154,1),(189,92,155,1),(190,92,156,1),(191,92,157,1),(192,92,158,1),(193,93,159,1),(194,93,160,1),(195,93,161,1),(196,93,162,1),(197,93,163,1),(198,92,159,0),(199,92,160,0),(200,92,161,0),(201,92,162,0),(202,92,163,0),(203,93,154,0),(204,93,155,0),(205,93,156,0),(206,93,157,0),(207,93,158,0);
/*!40000 ALTER TABLE `RESOURCE_ROLE_USER_MAP` ENABLE KEYS */;
UNLOCK TABLES;

--
-- Table structure for table `RESOURCE_SERVICE_PARTS_MAP`
--

DROP TABLE IF EXISTS `RESOURCE_SERVICE_PARTS_MAP`;
/*!40101 SET @saved_cs_client     = @@character_set_client */;
/*!50503 SET character_set_client = utf8mb4 */;
CREATE TABLE `RESOURCE_SERVICE_PARTS_MAP` (
  `RESOURCE_PART_MAP_ID` int NOT NULL AUTO_INCREMENT,
  `RESOURCE_ID` int NOT NULL,
  `PART_ID` int NOT NULL,
  `COST` double NOT NULL DEFAULT '0',
  `TAX` double NOT NULL,
  `IS_DELETED` tinyint(1) NOT NULL DEFAULT '0',
  PRIMARY KEY (`RESOURCE_PART_MAP_ID`),
  KEY `Resource_idx` (`RESOURCE_ID`),
  KEY `Services_idx` (`PART_ID`),
  CONSTRAINT `Resource_idx` FOREIGN KEY (`RESOURCE_ID`) REFERENCES `RESOURCE` (`RESOURCE_ID`),
  CONSTRAINT `Services_idx` FOREIGN KEY (`PART_ID`) REFERENCES `SERVICE_PARTS` (`PART_ID`)
) ENGINE=InnoDB DEFAULT CHARSET=latin1;
/*!40101 SET character_set_client = @saved_cs_client */;

--
-- Dumping data for table `RESOURCE_SERVICE_PARTS_MAP`
--

LOCK TABLES `RESOURCE_SERVICE_PARTS_MAP` WRITE;
/*!40000 ALTER TABLE `RESOURCE_SERVICE_PARTS_MAP` DISABLE KEYS */;
/*!40000 ALTER TABLE `RESOURCE_SERVICE_PARTS_MAP` ENABLE KEYS */;
UNLOCK TABLES;

--
-- Table structure for table `RESOURCE_TARGET`
--

DROP TABLE IF EXISTS `RESOURCE_TARGET`;
/*!40101 SET @saved_cs_client     = @@character_set_client */;
/*!50503 SET character_set_client = utf8mb4 */;
CREATE TABLE `RESOURCE_TARGET` (
  `RESOURCE_ID` int NOT NULL,
  `TARGET_TYPE` int NOT NULL,
  `YEAR` varchar(45) NOT NULL,
  `MONTH` int DEFAULT NULL,
  `WEEK` int DEFAULT NULL,
  `VALUE` varchar(45) NOT NULL,
  `BUSINESS_ID` int NOT NULL,
  `IS_DELETE` tinyint DEFAULT '0',
  `RESOURCE_TARGET_ID` int NOT NULL AUTO_INCREMENT,
  `BUSINESS_HIERARCHY_ID` int NOT NULL,
  PRIMARY KEY (`RESOURCE_TARGET_ID`),
  KEY `business_detail_fk_idx` (`BUSINESS_ID`),
  KEY `resource_fk_idx` (`RESOURCE_ID`),
  KEY `fk_RESOURCE_TARGET_buz_hierchy_idx` (`BUSINESS_HIERARCHY_ID`),
  CONSTRAINT `business_detail_fk` FOREIGN KEY (`BUSINESS_ID`) REFERENCES `BUSINESS_DETAILS` (`BUSINESS_DETAIL_ID`),
  CONSTRAINT `fk_RESOURCE_TARGET_buz_hierchy` FOREIGN KEY (`BUSINESS_HIERARCHY_ID`) REFERENCES `BUSINESS_HIERARCHY` (`BUSINESS_HIERARCHY_ID`),
  CONSTRAINT `resource_fk` FOREIGN KEY (`RESOURCE_ID`) REFERENCES `RESOURCE` (`RESOURCE_ID`)
) ENGINE=InnoDB AUTO_INCREMENT=2 DEFAULT CHARSET=utf8mb4 COLLATE=utf8mb4_0900_ai_ci;
/*!40101 SET character_set_client = @saved_cs_client */;

--
-- Dumping data for table `RESOURCE_TARGET`
--

LOCK TABLES `RESOURCE_TARGET` WRITE;
/*!40000 ALTER TABLE `RESOURCE_TARGET` DISABLE KEYS */;
INSERT INTO `RESOURCE_TARGET` VALUES (132,1,'2024',NULL,NULL,'150000',9,0,1,23);
/*!40000 ALTER TABLE `RESOURCE_TARGET` ENABLE KEYS */;
UNLOCK TABLES;

--
-- Table structure for table `RESOURCE_TITLE`
--

DROP TABLE IF EXISTS `RESOURCE_TITLE`;
/*!40101 SET @saved_cs_client     = @@character_set_client */;
/*!50503 SET character_set_client = utf8mb4 */;
CREATE TABLE `RESOURCE_TITLE` (
  `RESOURCE_TITLE_ID` int NOT NULL AUTO_INCREMENT,
  `NAME` varchar(50) NOT NULL,
  `IS_DELETED` tinyint(1) NOT NULL DEFAULT '0',
  PRIMARY KEY (`RESOURCE_TITLE_ID`)
) ENGINE=InnoDB AUTO_INCREMENT=5 DEFAULT CHARSET=latin1;
/*!40101 SET character_set_client = @saved_cs_client */;

--
-- Dumping data for table `RESOURCE_TITLE`
--

LOCK TABLES `RESOURCE_TITLE` WRITE;
/*!40000 ALTER TABLE `RESOURCE_TITLE` DISABLE KEYS */;
INSERT INTO `RESOURCE_TITLE` VALUES (1,'Sales Person',0),(2,'Manager',0),(3,'Sr. Manager',0),(4,'CEO',0);
/*!40000 ALTER TABLE `RESOURCE_TITLE` ENABLE KEYS */;
UNLOCK TABLES;

--
-- Table structure for table `ROLE_BASED_COMPONENT_RESTRICTION`
--

DROP TABLE IF EXISTS `ROLE_BASED_COMPONENT_RESTRICTION`;
/*!40101 SET @saved_cs_client     = @@character_set_client */;
/*!50503 SET character_set_client = utf8mb4 */;
CREATE TABLE `ROLE_BASED_COMPONENT_RESTRICTION` (
  `ID` int NOT NULL AUTO_INCREMENT,
  `COMPONENT_ID` int NOT NULL,
  `ROLE_ID` int NOT NULL,
  PRIMARY KEY (`ID`),
  KEY `fk_ACCESSABLE_COMPONENTS_1_idx` (`COMPONENT_ID`),
  KEY `fk_ACCESSABLE_COMPONENTS_2_idx` (`ROLE_ID`),
  CONSTRAINT `fk_ACCESSABLE_COMPONENTS_1` FOREIGN KEY (`COMPONENT_ID`) REFERENCES `UI_COMPONENTS` (`COMPONENT_ID`),
  CONSTRAINT `fk_ACCESSABLE_COMPONENTS_2` FOREIGN KEY (`ROLE_ID`) REFERENCES `USER_ROLE` (`ROLE_ID`)
) ENGINE=InnoDB AUTO_INCREMENT=12 DEFAULT CHARSET=latin1;
/*!40101 SET character_set_client = @saved_cs_client */;

--
-- Dumping data for table `ROLE_BASED_COMPONENT_RESTRICTION`
--

LOCK TABLES `ROLE_BASED_COMPONENT_RESTRICTION` WRITE;
/*!40000 ALTER TABLE `ROLE_BASED_COMPONENT_RESTRICTION` DISABLE KEYS */;
INSERT INTO `ROLE_BASED_COMPONENT_RESTRICTION` VALUES (1,1,5),(2,2,5),(3,3,4),(4,4,4),(6,8,5),(7,9,4),(8,10,5),(9,11,5),(10,12,5),(11,23,5);
/*!40000 ALTER TABLE `ROLE_BASED_COMPONENT_RESTRICTION` ENABLE KEYS */;
UNLOCK TABLES;

--
-- Table structure for table `ROLE_MAP_FIELD`
--

DROP TABLE IF EXISTS `ROLE_MAP_FIELD`;
/*!40101 SET @saved_cs_client     = @@character_set_client */;
/*!50503 SET character_set_client = utf8mb4 */;
CREATE TABLE `ROLE_MAP_FIELD` (
  `id` int NOT NULL AUTO_INCREMENT,
  `role_id` int NOT NULL,
  `page_id` int NOT NULL,
  `sub_file_meta_data` int NOT NULL,
  `read_only` tinyint NOT NULL DEFAULT '0',
  `edit_only` tinyint NOT NULL DEFAULT '0',
  `validate_only` tinyint NOT NULL DEFAULT '0',
  `is_deleted` tinyint NOT NULL DEFAULT '0',
  PRIMARY KEY (`id`),
  UNIQUE KEY `id_UNIQUE` (`id`)
) ENGINE=InnoDB AUTO_INCREMENT=918 DEFAULT CHARSET=latin1;
/*!40101 SET character_set_client = @saved_cs_client */;

--
-- Dumping data for table `ROLE_MAP_FIELD`
--

LOCK TABLES `ROLE_MAP_FIELD` WRITE;
/*!40000 ALTER TABLE `ROLE_MAP_FIELD` DISABLE KEYS */;
INSERT INTO `ROLE_MAP_FIELD` VALUES (687,92,1,2348,1,0,0,0),(688,92,1,2357,1,0,0,0),(689,92,1,2356,1,0,0,0),(690,92,1,2355,1,0,0,0),(691,92,1,2354,1,0,0,0),(692,92,1,2353,1,0,0,0),(693,92,1,2352,1,0,0,0),(694,92,1,2351,1,0,0,0),(695,92,1,2350,1,0,0,0),(696,92,1,2349,1,0,0,0),(697,92,1,2370,1,0,0,0),(698,92,1,2347,1,0,0,0),(699,92,1,2346,1,0,0,0),(700,92,1,2345,1,0,0,0),(701,92,1,2344,1,0,0,0),(702,92,1,2343,1,0,0,0),(703,92,1,2342,1,0,0,0),(704,92,1,2341,1,0,0,0),(705,92,1,2340,1,0,0,0),(706,92,1,2379,1,0,0,0),(707,92,1,2388,1,0,0,0),(708,92,1,2387,1,0,0,0),(709,92,1,2386,1,0,0,0),(710,92,1,2385,1,0,0,0),(711,92,1,2384,1,0,0,0),(712,92,1,2383,1,0,0,0),(713,92,1,2382,1,0,0,0),(714,92,1,2381,1,0,0,0),(715,92,1,2380,1,0,0,0),(716,92,1,2339,1,0,0,0),(717,92,1,2378,1,0,0,0),(718,92,1,2377,1,0,0,0),(719,92,1,2376,1,0,0,0),(720,92,1,2375,1,0,0,0),(721,92,1,2374,1,0,0,0),(722,92,1,2373,1,0,0,0),(723,92,1,2372,1,0,0,0),(724,92,1,2371,1,0,0,0),(725,92,1,2338,1,0,0,0),(726,92,1,2251,1,0,0,0),(727,92,1,2312,0,1,0,0),(728,92,1,2314,1,0,0,0),(729,92,1,2315,1,0,0,0),(730,92,1,2316,1,0,0,0),(731,92,1,2317,1,0,0,0),(732,92,1,2318,1,0,0,0),(733,92,1,2319,0,1,0,0),(734,92,1,2320,1,0,0,0),(735,92,1,2321,1,0,0,0),(736,92,1,2322,1,0,0,0),(737,92,1,2323,1,0,0,0),(738,92,1,2325,1,0,0,0),(739,92,1,2337,1,0,0,0),(740,92,1,2336,1,0,0,0),(741,92,1,2335,1,0,0,0),(742,92,1,2334,1,0,0,0),(743,92,1,2333,1,0,0,0),(744,92,1,2332,1,0,0,0),(745,92,1,2331,1,0,0,0),(746,92,1,2330,1,0,0,0),(747,92,1,2329,1,0,0,0),(748,92,1,2328,1,0,0,0),(749,92,1,2327,1,0,0,0),(750,92,1,2326,1,0,0,0),(751,92,1,2324,1,0,0,0),(752,92,1,2156,1,0,0,0),(753,92,1,2157,1,0,0,0),(754,92,1,2163,1,0,0,0),(755,92,1,2172,1,0,0,0),(756,92,1,2179,1,0,0,0),(757,92,1,2176,1,0,0,0),(758,92,1,2177,1,0,0,0),(759,92,3,2310,1,0,0,0),(760,92,3,2309,1,0,0,0),(761,92,3,2308,1,0,0,0),(762,92,3,2307,1,0,0,0),(763,92,3,2258,1,0,0,0),(764,92,3,2267,1,0,0,0),(765,92,3,2266,1,0,0,0),(766,92,3,2265,1,0,0,0),(767,92,3,2264,1,0,0,0),(768,92,3,2263,1,0,0,0),(769,92,3,2262,1,0,0,0),(770,92,3,2260,1,0,0,0),(771,92,3,2259,1,0,0,0),(772,92,3,2285,1,0,0,0),(773,92,3,2257,1,0,0,0),(774,92,3,2256,1,0,0,0),(775,92,3,2255,1,0,0,0),(776,92,3,2254,1,0,0,0),(777,92,3,2253,1,0,0,0),(778,92,3,2252,1,0,0,0),(779,92,3,2269,1,0,0,0),(780,92,3,2284,1,0,0,0),(781,92,3,2283,1,0,0,0),(782,92,3,2282,1,0,0,0),(783,92,3,2281,1,0,0,0),(784,92,3,2280,1,0,0,0),(785,92,3,2279,0,1,0,0),(786,92,3,2278,1,0,0,0),(787,92,3,2277,1,0,0,0),(788,92,3,2276,1,0,0,0),(789,92,3,2275,1,0,0,0),(790,92,3,2274,1,0,0,0),(791,92,3,2273,1,0,0,0),(792,92,3,2272,1,0,0,0),(793,92,3,2271,1,0,0,0),(794,92,3,2270,1,0,0,0),(795,92,3,2268,1,0,0,0),(796,92,3,2043,1,0,0,0),(797,92,3,2017,1,0,0,0),(798,92,3,2023,1,0,0,0),(799,92,3,2297,1,0,0,0),(800,92,3,2306,1,0,0,0),(801,92,3,2305,1,0,0,0),(802,92,3,2304,1,0,0,0),(803,92,3,2303,1,0,0,0),(804,92,3,2302,1,0,0,0),(805,92,3,2301,1,0,0,0),(806,92,3,2300,1,0,0,0),(807,92,3,2299,1,0,0,0),(808,92,3,2298,1,0,0,0),(809,92,3,2294,1,0,0,0),(810,92,3,2293,1,0,0,0),(811,92,3,2292,1,0,0,0),(812,92,3,2291,1,0,0,0),(813,92,3,2290,1,0,0,0),(814,92,3,2289,1,0,0,0),(815,92,3,2288,1,0,0,0),(816,92,3,2363,1,0,0,0),(817,92,3,2393,1,0,0,1),(818,92,3,2392,1,0,0,1),(819,92,3,2389,1,0,0,0),(820,92,3,2369,1,0,0,0),(821,92,3,2368,1,0,0,0),(822,92,3,2367,1,0,0,0),(823,92,3,2366,1,0,0,0),(824,92,3,2365,1,0,0,0),(825,92,3,2364,1,0,0,0),(826,92,3,2287,1,0,0,0),(827,92,3,2362,1,0,0,0),(828,92,3,2361,1,0,0,0),(829,92,3,2360,1,0,0,0),(830,92,3,2359,1,0,0,0),(831,92,3,2358,1,0,0,0),(832,92,3,2311,1,0,0,0),(833,92,3,2296,1,0,0,0),(834,92,3,2295,1,0,0,0),(835,92,3,2286,1,0,0,0),(836,92,1,2168,0,1,0,1),(837,92,3,2396,1,0,0,0),(838,92,1,2395,1,0,0,0),(839,93,3,2299,1,0,0,0),(840,93,3,2308,1,0,0,0),(841,93,3,2307,1,0,0,0),(842,93,3,2306,1,0,0,0),(843,93,3,2305,1,0,0,0),(844,93,3,2304,1,0,0,0),(845,93,3,2303,1,0,0,0),(846,93,3,2302,1,0,0,0),(847,93,3,2301,1,0,0,0),(848,93,3,2300,1,0,0,0),(849,93,3,2309,1,0,0,0),(850,93,3,2298,1,0,0,0),(851,93,3,2297,1,0,0,0),(852,93,3,2296,1,0,0,0),(853,93,3,2295,1,0,0,0),(854,93,3,2294,1,0,0,0),(855,93,3,2293,1,0,0,0),(856,93,3,2292,1,0,0,0),(857,93,3,2291,1,0,0,0),(858,93,3,2290,1,0,0,0),(859,93,3,2365,1,0,0,0),(860,93,3,2396,1,0,0,0),(861,93,3,2394,1,0,0,0),(862,93,3,2389,1,0,0,0),(863,93,3,2369,1,0,0,0),(864,93,3,2368,1,0,0,0),(865,93,3,2367,1,0,0,0),(866,93,3,2366,1,0,0,0),(867,93,3,2289,1,0,0,0),(868,93,3,2364,1,0,0,0),(869,93,3,2363,1,0,0,0),(870,93,3,2362,1,0,0,0),(871,93,3,2361,1,0,0,0),(872,93,3,2360,1,0,0,0),(873,93,3,2359,1,0,0,0),(874,93,3,2358,1,0,0,0),(875,93,3,2311,1,0,0,0),(876,93,3,2310,1,0,0,0),(877,93,3,2258,1,0,0,0),(878,93,3,2268,1,0,0,0),(879,93,3,2267,1,0,0,0),(880,93,3,2266,1,0,0,0),(881,93,3,2265,1,0,0,0),(882,93,3,2264,1,0,0,0),(883,93,3,2263,1,0,0,0),(884,93,3,2262,1,0,0,0),(885,93,3,2260,1,0,0,0),(886,93,3,2259,1,0,0,0),(887,93,3,2288,1,0,0,0),(888,93,3,2257,1,0,0,0),(889,93,3,2256,1,0,0,0),(890,93,3,2255,1,0,0,0),(891,93,3,2254,1,0,0,0),(892,93,3,2253,1,0,0,0),(893,93,3,2252,1,0,0,0),(894,93,3,2270,1,0,0,0),(895,93,3,2287,1,0,0,0),(896,93,3,2286,1,0,0,0),(897,93,3,2285,1,0,0,0),(898,93,3,2284,1,0,0,0),(899,93,3,2283,1,0,0,0),(900,93,3,2282,1,0,0,0),(901,93,3,2281,1,0,0,0),(902,93,3,2280,1,0,0,0),(903,93,3,2278,1,0,0,0),(904,93,3,2277,1,0,0,0),(905,93,3,2276,1,0,0,0),(906,93,3,2275,1,0,0,0),(907,93,3,2274,1,0,0,0),(908,93,3,2273,1,0,0,0),(909,93,3,2272,1,0,0,0),(910,93,3,2271,1,0,0,0),(911,93,3,2269,1,0,0,0),(912,93,3,2043,1,0,0,0),(913,93,3,2017,1,0,0,0),(914,93,3,2023,1,0,0,0),(915,92,1,2397,1,0,0,0),(916,92,1,2168,1,0,0,0),(917,92,3,2394,1,0,0,0);
/*!40000 ALTER TABLE `ROLE_MAP_FIELD` ENABLE KEYS */;
UNLOCK TABLES;

--
-- Table structure for table `ROLE_PAGE_MAP`
--

DROP TABLE IF EXISTS `ROLE_PAGE_MAP`;
/*!40101 SET @saved_cs_client     = @@character_set_client */;
/*!50503 SET character_set_client = utf8mb4 */;
CREATE TABLE `ROLE_PAGE_MAP` (
  `ROLE_PAGE_MAP_ID` int NOT NULL AUTO_INCREMENT,
  `ROLE_ID` int NOT NULL,
  `PAGE_ID` int NOT NULL,
  PRIMARY KEY (`ROLE_PAGE_MAP_ID`),
  KEY `fk_ROLE_PAGE_MAP_PAGEID_idx` (`PAGE_ID`),
  KEY `fk_ROLE_PAGE_MAP_ROLEID_idx` (`ROLE_ID`),
  CONSTRAINT `fk_ROLE_PAGE_MAP_PAGEID` FOREIGN KEY (`PAGE_ID`) REFERENCES `ACCESSABLE_PAGES` (`PAGE_ID`),
  CONSTRAINT `fk_ROLE_PAGE_MAP_ROLEID` FOREIGN KEY (`ROLE_ID`) REFERENCES `USER_ROLE` (`ROLE_ID`)
) ENGINE=InnoDB AUTO_INCREMENT=898 DEFAULT CHARSET=latin1;
/*!40101 SET character_set_client = @saved_cs_client */;

--
-- Dumping data for table `ROLE_PAGE_MAP`
--

LOCK TABLES `ROLE_PAGE_MAP` WRITE;
/*!40000 ALTER TABLE `ROLE_PAGE_MAP` DISABLE KEYS */;
INSERT INTO `ROLE_PAGE_MAP` VALUES (1,1,1),(2,2,2),(3,2,3),(4,2,4),(5,2,5),(6,2,6),(7,2,7),(8,2,8),(9,3,9),(10,2,10),(11,2,11),(12,2,12),(13,2,13),(14,2,14),(15,2,15),(16,2,16),(17,2,17),(18,2,18),(19,2,19),(20,1,20),(21,2,20),(22,1,21),(23,1,22),(24,2,23),(25,2,24),(26,2,25),(27,2,26),(28,2,27),(29,2,28),(30,2,29),(31,2,30),(32,2,31),(33,2,32),(34,1,33),(35,1,34),(36,1,35),(37,2,35),(38,3,35),(39,1,36),(40,1,37),(41,1,38),(42,1,39),(43,2,39),(44,3,39),(45,1,40),(46,1,41),(47,1,42),(48,2,43),(49,3,44),(50,3,45),(51,3,46),(52,2,47),(53,3,48),(54,2,49),(55,2,50),(56,2,51),(57,2,52),(58,2,53),(59,2,54),(60,2,55),(61,2,56),(62,2,57),(63,2,58),(64,2,59),(65,3,60),(66,2,61),(67,2,62),(68,2,63),(69,2,64),(70,2,65),(71,2,66),(72,2,67),(73,2,68),(74,2,69),(75,2,70),(76,2,71),(77,2,72),(78,2,73),(79,2,74),(80,2,75),(81,2,76),(82,2,77),(83,3,78),(84,2,79),(85,2,80),(86,3,81),(87,2,82),(88,2,83),(89,2,84),(90,2,85),(91,2,86),(92,2,87),(93,2,88),(94,2,89),(95,3,90),(96,2,91),(97,2,92),(98,2,93),(99,2,94),(100,2,95),(101,2,96),(102,2,97),(103,2,98),(104,2,99),(105,2,100),(106,2,101),(107,2,102),(108,2,103),(109,2,104),(110,3,105),(111,2,106),(112,2,107),(113,2,108),(114,2,109),(115,2,110),(116,2,111),(117,2,112),(118,2,113),(119,2,114),(120,2,115),(121,2,116),(122,2,117),(123,2,118),(124,2,119),(125,2,120),(126,3,121),(127,2,122),(128,2,123),(129,2,124),(130,2,125),(131,2,126),(132,2,127),(133,2,128),(134,2,129),(135,2,130),(136,2,131),(137,2,132),(138,2,133),(139,2,134),(140,2,135),(141,2,136),(142,2,137),(143,2,138),(144,2,139),(145,2,140),(146,2,141),(147,2,142),(148,2,143),(149,2,144),(150,2,145),(151,2,146),(152,2,147),(153,2,148),(154,2,149),(155,2,150),(156,2,151),(157,2,152),(158,2,153),(159,2,154),(160,2,155),(161,2,156),(162,2,157),(163,2,158),(164,3,158),(165,2,159),(166,2,160),(167,2,161),(168,2,162),(169,2,163),(170,2,164),(171,2,165),(172,2,166),(173,2,167),(174,2,168),(175,2,169),(176,2,170),(177,2,171),(178,2,172),(179,2,173),(180,3,174),(181,3,175),(182,3,176),(183,3,177),(184,2,178),(185,2,179),(186,2,180),(187,2,181),(188,2,182),(189,2,183),(190,2,184),(191,2,185),(192,2,186),(193,2,187),(194,2,189),(195,3,190),(196,2,191),(197,2,192),(198,2,193),(199,2,194),(200,2,195),(201,2,196),(202,2,197),(203,2,198),(204,2,199),(205,2,200),(206,2,201),(207,2,202),(208,1,202),(209,2,202),(210,3,202),(211,2,217),(212,2,218),(213,2,219),(214,2,222),(215,2,223),(216,2,224),(217,3,235),(218,3,249),(219,3,250),(220,2,269),(221,1,287),(222,1,293),(223,1,294),(224,1,295),(225,1,296),(226,1,297),(227,1,298),(228,3,310),(229,1,311),(230,1,312),(231,1,313),(232,1,314),(233,1,315),(234,1,316),(235,1,318),(236,1,319),(237,1,71),(238,1,321),(239,2,321),(240,1,322),(241,2,322),(242,2,323),(243,1,325),(244,1,325),(245,1,326),(246,2,326),(247,1,327),(248,3,328),(249,2,329),(250,2,331),(251,3,331),(252,3,332),(253,3,333),(254,1,340),(255,3,344),(256,1,280),(257,2,344),(258,1,379),(259,1,410),(260,2,379),(261,2,410),(262,3,334),(263,3,343),(264,3,112),(265,3,421),(266,3,422),(267,3,340),(268,1,424),(269,1,442),(270,2,442),(271,1,443),(272,1,444),(273,1,445),(274,4,14),(275,4,15),(276,4,28),(277,4,29),(278,4,30),(279,4,32),(280,4,35),(281,4,39),(282,4,49),(283,4,50),(284,4,52),(285,4,53),(286,4,54),(287,4,55),(288,4,56),(289,4,57),(290,4,58),(291,4,59),(292,4,61),(293,4,62),(294,4,63),(295,4,64),(296,4,65),(297,4,68),(298,4,69),(299,4,70),(300,4,75),(301,4,76),(302,4,77),(303,4,79),(304,4,83),(305,4,91),(306,4,92),(307,4,95),(308,4,96),(309,4,97),(310,4,99),(311,4,100),(312,4,102),(313,4,103),(314,4,104),(315,4,106),(316,4,107),(317,4,108),(318,4,109),(319,4,110),(320,4,111),(321,4,112),(322,4,113),(323,4,114),(324,4,115),(325,4,116),(326,4,119),(327,4,120),(328,4,121),(329,4,122),(330,4,123),(331,4,124),(332,4,125),(333,4,126),(334,4,127),(335,4,128),(336,4,129),(337,4,130),(338,4,131),(339,4,135),(340,4,136),(341,4,137),(342,4,138),(343,4,139),(344,4,158),(345,4,178),(346,4,183),(347,4,184),(348,4,185),(349,4,186),(350,4,187),(351,4,189),(352,4,191),(353,4,193),(354,4,194),(355,4,195),(356,4,196),(357,4,199),(358,4,200),(359,4,201),(360,4,203),(361,4,204),(362,4,205),(363,4,206),(364,4,207),(365,4,208),(366,4,209),(367,4,210),(368,4,211),(369,4,212),(370,4,213),(371,4,214),(372,4,215),(373,4,216),(374,4,217),(375,4,218),(376,4,219),(377,4,220),(378,4,221),(379,4,222),(380,4,223),(381,4,224),(382,4,225),(383,4,226),(384,4,227),(385,4,228),(386,4,229),(387,4,230),(388,4,231),(389,4,232),(390,4,233),(391,4,234),(392,4,236),(393,4,237),(394,4,238),(395,4,239),(396,4,240),(397,4,241),(398,4,242),(399,4,243),(400,4,244),(401,4,245),(402,4,246),(403,4,247),(404,4,248),(405,4,251),(406,4,252),(407,4,253),(408,4,254),(409,4,255),(410,4,256),(411,4,257),(412,4,258),(413,4,259),(414,4,260),(415,4,261),(416,4,263),(417,4,264),(418,4,265),(419,4,266),(420,4,267),(421,4,268),(422,4,269),(423,4,270),(424,4,271),(425,4,272),(426,4,273),(427,4,274),(428,4,275),(429,4,276),(430,4,277),(431,4,278),(432,4,279),(433,4,280),(434,4,281),(435,4,282),(436,4,283),(437,4,284),(438,4,285),(439,4,286),(440,4,287),(441,4,288),(442,4,289),(443,4,290),(444,4,291),(445,4,292),(446,4,299),(447,4,300),(448,4,301),(449,4,302),(450,4,303),(451,4,304),(452,4,305),(453,4,306),(454,4,307),(455,4,308),(456,4,309),(457,4,311),(458,4,312),(459,4,314),(460,4,315),(461,4,316),(462,4,317),(463,4,320),(464,4,321),(465,4,322),(466,4,323),(467,4,324),(468,4,325),(469,4,326),(470,4,328),(471,4,329),(472,4,330),(473,4,331),(474,4,332),(475,4,333),(476,4,335),(477,4,336),(478,4,337),(479,4,338),(480,4,339),(481,4,340),(482,4,341),(483,4,342),(484,4,343),(485,4,344),(486,4,345),(487,4,346),(488,4,347),(489,4,348),(490,4,311),(491,4,345),(492,4,352),(493,4,353),(494,4,354),(495,4,355),(496,4,356),(497,4,357),(498,4,358),(499,4,359),(500,4,360),(501,4,361),(502,4,362),(503,4,363),(504,4,364),(505,4,365),(506,4,366),(507,4,367),(508,4,368),(509,4,369),(510,4,370),(511,4,371),(512,4,372),(513,4,373),(514,4,376),(515,4,377),(516,4,378),(517,4,379),(518,4,380),(519,4,381),(520,4,382),(521,4,383),(522,4,384),(523,4,385),(524,4,386),(525,4,387),(526,4,388),(527,4,389),(528,4,390),(529,4,393),(530,4,394),(531,4,396),(532,4,397),(533,4,398),(534,4,399),(535,4,400),(536,4,405),(537,4,406),(538,4,407),(539,4,408),(540,4,409),(541,4,410),(542,4,411),(543,4,412),(544,4,413),(545,4,414),(546,4,415),(547,4,416),(548,4,417),(549,4,418),(550,4,419),(551,4,423),(552,4,424),(553,4,431),(554,4,432),(555,4,434),(556,4,436),(557,4,437),(558,4,438),(559,4,439),(560,4,440),(561,4,430),(562,4,429),(563,4,434),(564,4,435),(565,4,56),(566,4,57),(567,4,58),(568,4,59),(569,4,61),(570,4,62),(571,4,63),(572,4,64),(573,4,65),(574,4,194),(575,4,196),(576,4,435),(577,4,443),(578,4,446),(579,4,447),(580,4,448),(581,4,449),(582,4,450),(583,4,421),(584,4,451),(585,4,452),(586,4,453),(587,4,454),(588,4,455),(589,4,456),(590,4,459),(591,4,460),(592,4,461),(593,4,462),(594,4,463),(595,4,464),(596,4,465),(597,4,472),(598,4,473),(599,4,476),(600,4,478),(601,4,479),(602,5,16),(603,5,28),(604,5,32),(605,5,35),(606,5,36),(607,5,39),(608,5,40),(609,5,49),(610,5,50),(611,5,52),(612,5,54),(613,5,55),(614,5,68),(615,5,70),(616,5,75),(617,5,76),(618,5,77),(619,5,79),(620,5,83),(621,5,95),(622,5,96),(623,5,99),(624,5,100),(625,5,102),(626,5,103),(627,5,104),(628,5,106),(629,5,107),(630,5,108),(631,5,109),(632,5,110),(633,5,111),(634,5,112),(635,5,113),(636,5,114),(637,5,115),(638,5,116),(639,5,119),(640,5,120),(641,5,123),(642,5,126),(643,5,127),(644,5,128),(645,5,129),(646,5,130),(647,5,131),(648,5,135),(649,5,136),(650,5,137),(651,5,138),(652,5,139),(653,5,178),(654,5,183),(655,5,184),(656,5,185),(657,5,186),(658,5,187),(659,5,189),(660,5,191),(661,5,193),(662,5,195),(663,5,199),(664,5,200),(665,5,201),(666,5,203),(667,5,204),(668,5,206),(669,5,207),(670,5,208),(671,5,210),(672,5,211),(673,5,212),(674,5,215),(675,5,216),(676,5,220),(677,5,221),(678,5,222),(679,5,223),(680,5,224),(681,5,226),(682,5,228),(683,5,229),(684,5,231),(685,5,232),(686,5,236),(687,5,237),(688,5,238),(689,5,239),(690,5,240),(691,5,241),(692,5,243),(693,5,244),(694,5,245),(695,5,246),(696,5,247),(697,5,248),(698,5,253),(699,5,255),(700,5,256),(701,5,257),(702,5,258),(703,5,259),(704,5,260),(705,5,261),(706,5,263),(707,5,265),(708,5,266),(709,5,267),(710,5,268),(711,5,269),(712,5,270),(713,5,271),(714,5,272),(715,5,273),(716,5,274),(717,5,275),(718,5,276),(719,5,277),(720,5,280),(721,5,287),(722,5,288),(723,5,289),(724,5,290),(725,5,291),(726,5,292),(727,5,303),(728,5,304),(729,5,305),(730,5,306),(731,5,311),(732,5,312),(733,5,313),(734,5,314),(735,5,315),(736,5,316),(737,5,317),(738,5,320),(739,5,321),(740,5,323),(741,5,324),(742,5,325),(743,5,326),(744,5,327),(745,5,329),(746,5,330),(747,5,331),(748,5,335),(749,5,336),(750,5,337),(751,5,338),(752,5,339),(753,5,341),(754,5,342),(755,5,344),(756,5,345),(757,5,346),(758,5,347),(759,5,348),(760,5,349),(761,5,350),(762,5,352),(763,5,353),(764,5,354),(765,5,355),(766,5,356),(767,5,357),(768,5,358),(769,5,359),(770,5,360),(771,5,361),(772,5,362),(773,5,363),(774,5,365),(775,5,366),(776,5,367),(777,5,368),(778,5,369),(779,5,370),(780,5,371),(781,5,372),(782,5,373),(783,5,374),(784,5,375),(785,5,376),(786,5,377),(787,5,378),(788,5,379),(789,5,380),(790,5,381),(791,5,382),(792,5,383),(793,5,384),(794,5,385),(795,5,386),(796,5,387),(797,5,388),(798,5,389),(799,5,390),(800,5,393),(801,5,394),(802,5,396),(803,5,397),(804,5,398),(805,5,399),(806,5,400),(807,5,405),(808,5,406),(809,5,407),(810,5,408),(811,5,409),(812,5,410),(813,5,411),(814,5,412),(815,5,413),(816,5,414),(817,5,414),(818,5,416),(819,5,417),(820,5,418),(821,5,419),(822,5,424),(823,5,254),(824,5,332),(825,5,333),(826,5,432),(827,5,434),(828,5,436),(829,5,437),(830,5,438),(831,5,439),(832,5,440),(833,5,429),(834,5,430),(835,5,434),(836,5,56),(837,5,57),(838,5,58),(839,5,59),(840,5,61),(841,5,62),(842,5,63),(843,5,64),(844,5,65),(845,5,194),(846,5,196),(847,5,435),(848,5,443),(849,5,431),(850,5,446),(851,5,451),(852,5,452),(853,5,453),(854,5,454),(855,5,455),(856,5,456),(857,5,459),(858,5,460),(859,5,461),(860,5,462),(861,5,463),(862,5,464),(863,5,465),(864,5,470),(865,5,472),(866,5,473),(867,5,423),(868,5,449),(869,5,476),(870,5,477),(871,5,478),(872,5,479),(873,5,480),(874,5,421),(875,5,448),(876,3,334),(877,3,343),(878,3,433),(879,3,425),(880,3,426),(881,3,427),(882,3,416),(883,3,451),(884,3,470),(885,1,423),(886,1,477),(887,4,483),(888,5,483),(889,4,484),(890,5,484),(891,4,485),(892,5,485),(893,4,486),(894,5,486),(895,5,322),(896,4,487),(897,5,487);
/*!40000 ALTER TABLE `ROLE_PAGE_MAP` ENABLE KEYS */;
UNLOCK TABLES;

--
-- Table structure for table `RULE_ENTITY`
--

DROP TABLE IF EXISTS `RULE_ENTITY`;
/*!40101 SET @saved_cs_client     = @@character_set_client */;
/*!50503 SET character_set_client = utf8mb4 */;
CREATE TABLE `RULE_ENTITY` (
  `ENTITY_ID` int NOT NULL AUTO_INCREMENT,
  `COLUMN_VALUE` varchar(100) DEFAULT NULL,
  `CONDITION_ID` int NOT NULL,
  `GROUP_ID` int NOT NULL,
  `META_ID` int NOT NULL,
  `FIELD_TYPE` int NOT NULL,
  `AGGREGATION_TYPE` varchar(45) DEFAULT NULL,
  `DATE_FORMAT` varchar(45) DEFAULT NULL,
  PRIMARY KEY (`ENTITY_ID`),
  KEY `FK_byy9tspidii00lhk5g3nxpmlj` (`CONDITION_ID`),
  KEY `FK_tbnadihri468us1r10qa06ad8` (`GROUP_ID`),
  KEY `FK_reglkrlfwtn171j81peknhl5q` (`META_ID`),
  CONSTRAINT `FK_byy9tspidii00lhk5g3nxpmlj` FOREIGN KEY (`CONDITION_ID`) REFERENCES `COLUMN_CONDITION` (`COLUMN_CONDITION_ID`),
  CONSTRAINT `FK_tbnadihri468us1r10qa06ad8` FOREIGN KEY (`GROUP_ID`) REFERENCES `RULE_GROUP` (`GROUP_ID`)
) ENGINE=InnoDB AUTO_INCREMENT=1453 DEFAULT CHARSET=latin1;
/*!40101 SET character_set_client = @saved_cs_client */;

--
-- Dumping data for table `RULE_ENTITY`
--

LOCK TABLES `RULE_ENTITY` WRITE;
/*!40000 ALTER TABLE `RULE_ENTITY` DISABLE KEYS */;
INSERT INTO `RULE_ENTITY` VALUES (1,'1',4,1,217,1,NULL,NULL),(2,'1',4,1,222,1,NULL,NULL),(3,'{\"2\":{\"HOUR\":2}}',19,1,209,1,NULL,NULL),(4,'{\"2\":{\"HOUR\":1}}',18,1,209,1,NULL,NULL),(5,'1',4,2,217,1,NULL,NULL),(6,'1',4,2,222,1,NULL,NULL),(7,'{\"2\":{\"HOUR\":2}}',19,2,209,1,NULL,NULL),(8,'{\"2\":{\"HOUR\":1}}',18,2,209,1,NULL,NULL),(9,'24',5,3,2,2,NULL,NULL),(10,'23',6,4,2,2,NULL,NULL),(11,'24',5,5,2,2,NULL,NULL),(12,'23',6,6,2,2,NULL,NULL),(13,'A',2,7,1,2,NULL,NULL),(14,'m',2,8,1,2,NULL,NULL),(15,'A',2,9,1,2,NULL,NULL),(16,'m',2,10,1,2,NULL,NULL),(17,'3',5,11,6,1,NULL,NULL),(18,'1',6,12,6,1,NULL,NULL),(19,'U',2,13,17,1,NULL,NULL),(20,'I',2,14,17,1,NULL,NULL),(21,'Smart image t',2,15,133,1,NULL,NULL),(22,'smart',2,16,133,1,NULL,NULL),(23,'c',2,17,4,1,NULL,NULL),(24,'Anu',1,18,133,1,NULL,NULL),(25,'Anu',1,19,133,1,NULL,NULL),(26,'Anu',1,20,133,1,NULL,NULL),(27,'1',5,21,146,1,NULL,NULL),(28,'1',5,22,146,1,NULL,NULL),(29,'smart',2,23,133,1,NULL,NULL),(30,'smart',2,24,133,1,NULL,NULL),(31,'smart',2,25,133,1,NULL,NULL),(32,'smart i',2,26,133,1,NULL,NULL),(33,'smart image t',2,27,133,1,NULL,NULL),(34,'{id=yes, value=yes}',33,28,160,1,NULL,NULL),(35,'Surya',2,29,133,1,NULL,NULL),(36,'Surya',2,30,133,1,NULL,NULL),(37,'0',5,31,146,1,NULL,NULL),(38,'0',5,32,146,1,NULL,NULL),(39,'crm',1,32,162,1,NULL,NULL),(40,'0',5,33,146,1,NULL,NULL),(41,'Anu',50,34,132,1,NULL,NULL),(42,'s',59,35,156,1,NULL,NULL),(43,'Anu',50,36,132,1,NULL,NULL),(44,'anushya.m@codeboardtech.com',56,37,141,1,NULL,NULL),(45,'Anu',50,38,132,1,NULL,NULL),(46,'Anu',50,39,132,1,NULL,NULL),(47,'Surya',2,40,133,1,NULL,NULL),(48,'a',2,41,133,1,NULL,NULL),(49,'sur',2,42,133,1,NULL,NULL),(50,'sur',2,43,133,1,NULL,NULL),(51,'su',2,44,133,1,NULL,NULL),(52,'surendar',2,45,133,1,NULL,NULL),(53,'surendar',2,46,133,1,NULL,NULL),(54,'gomathy',1,47,133,1,NULL,NULL),(55,'gomathy',1,48,133,1,NULL,NULL),(56,'sur',2,49,133,1,NULL,NULL),(57,'A',1,50,1,2,NULL,NULL),(58,'A',1,51,1,2,NULL,NULL),(59,'A',2,52,1,2,NULL,NULL),(60,'A',2,53,1,2,NULL,NULL),(61,'sur',2,54,133,1,NULL,NULL),(62,'A',2,55,1,2,NULL,NULL),(63,'m',2,56,1,2,NULL,NULL),(64,'+917010095380',16,57,139,1,NULL,NULL),(65,'sur',2,58,133,1,NULL,NULL),(66,'{id=yes, value=yes}',33,59,160,1,NULL,NULL),(67,'sur',2,60,133,1,NULL,NULL),(68,'sur',2,61,133,1,NULL,NULL),(69,'sur',2,62,133,1,NULL,NULL),(70,'sur',2,63,133,1,NULL,NULL),(71,'{id=yes, value=yes}',33,64,160,1,NULL,NULL),(72,'surendar',2,65,133,1,NULL,NULL),(73,'surendar',2,66,133,1,NULL,NULL),(74,'gomathy',1,67,133,1,NULL,NULL),(75,'gomathy',1,68,133,1,NULL,NULL),(76,'surendar',2,69,133,1,NULL,NULL),(77,'gomathy',1,70,133,1,NULL,NULL),(78,'New york',1,72,151,1,NULL,NULL),(79,'50',5,72,146,1,NULL,NULL),(80,'New york',1,73,151,1,NULL,NULL),(81,'50000',54,73,136,1,NULL,NULL),(82,'Theola',1,75,133,1,NULL,NULL),(83,'Theola',1,76,133,1,NULL,NULL),(84,'06:59:00',10,77,4,2,NULL,'HH:mm:ss'),(85,'08:59:00',11,77,4,2,NULL,'HH:mm:ss'),(86,'11:56:00',10,78,4,2,NULL,'HH:mm:ss'),(87,'15:17:00',11,78,4,2,NULL,'HH:mm:ss'),(88,'18:01:00',10,79,4,2,NULL,'HH:mm:ss'),(89,'22:02:00',11,79,4,2,NULL,'HH:mm:ss'),(90,'A',2,80,522,1,NULL,NULL),(91,'A',2,81,522,1,NULL,NULL),(92,'christo',2,82,522,1,NULL,NULL),(94,'christo',2,84,522,1,NULL,NULL),(96,'christo',2,86,522,1,NULL,NULL),(97,'christo',2,87,522,1,NULL,NULL),(98,'gomathy',1,88,522,1,NULL,NULL),(99,'g',2,89,522,1,NULL,NULL),(100,'A',2,90,522,1,NULL,NULL),(101,'104',64,91,526,1,NULL,NULL),(102,'158',64,91,534,1,NULL,NULL),(103,'104',64,92,526,1,NULL,NULL),(104,'s',2,93,522,1,NULL,NULL),(105,'sa',2,94,522,1,NULL,NULL),(106,'a',2,95,522,1,NULL,NULL),(107,'a',2,96,522,1,NULL,NULL),(108,'d',1,97,522,1,NULL,NULL),(109,'d',2,98,522,1,NULL,NULL),(110,'a',2,99,522,1,NULL,NULL),(111,'a',2,100,522,1,NULL,NULL),(112,'goma',1,101,522,1,NULL,NULL),(113,'goma',1,102,522,1,NULL,NULL),(114,'goma',1,103,522,1,NULL,NULL),(115,'goma',2,104,522,1,NULL,NULL),(116,'gomathy.narayanan@codeboardtech.com',7,105,545,1,NULL,NULL),(117,'aswin.e@codeboardtech.com',7,106,545,1,NULL,NULL),(118,'vinobastin.x@codeboardtech.com',7,107,545,1,NULL,NULL),(119,'gomathy',1,108,522,1,NULL,NULL),(120,'Aswin',1,109,522,1,NULL,NULL),(121,'vino',1,110,522,1,NULL,NULL),(122,'54',64,111,524,1,NULL,NULL),(123,'332',64,112,1132,1,NULL,NULL),(124,'Aswin',1,113,522,1,NULL,NULL),(125,'vino',1,114,522,1,NULL,NULL),(126,'gomathy',1,115,522,1,NULL,NULL),(127,'Aswin',1,116,522,1,NULL,NULL),(128,'vino',1,117,522,1,NULL,NULL),(129,'gomathy',1,118,522,1,NULL,NULL),(130,'Aswin',1,119,522,1,NULL,NULL),(131,'04/08/2021 10:10:00',28,120,3,2,NULL,'MM/dd/yyyy HH:mm:ss'),(132,'04/08/2021 06:06:00',28,121,3,2,NULL,'MM/dd/yyyy HH:mm:ss'),(133,'a',2,122,522,1,NULL,NULL),(134,'s',1,123,522,1,NULL,NULL),(135,'ew',1,124,522,1,NULL,NULL),(136,'ew',1,125,522,1,NULL,NULL),(137,'qwe',1,126,522,1,NULL,NULL),(138,'107',64,127,526,1,NULL,NULL),(139,'335',64,128,524,1,NULL,NULL),(140,'50000',54,128,525,1,NULL,NULL),(141,'m',2,129,522,1,NULL,NULL),(142,'g',2,130,522,1,NULL,NULL),(143,'g',2,131,522,1,NULL,NULL),(144,'gomathy',1,132,522,1,NULL,NULL),(145,'g',1,133,522,1,NULL,NULL),(146,'05/03/2021 11:42:00',29,134,3,2,NULL,'MM/dd/yyyy HH:mm:ss'),(147,'11:45:00',9,135,4,2,NULL,'HH:mm:ss'),(148,'05/03/2021 11:42:00',30,136,3,2,NULL,'MM/dd/yyyy HH:mm:ss'),(149,'11:45:00',9,137,4,2,NULL,'HH:mm:ss'),(150,'05/03/2021 11:42:00',30,138,3,2,NULL,'MM/dd/yyyy HH:mm:ss'),(151,'11:47:00',9,139,4,2,NULL,'HH:mm:ss'),(152,'05/03/2021 11:42:00',30,140,3,2,NULL,'MM/dd/yyyy HH:mm:ss'),(153,'30',5,141,2,2,NULL,NULL),(154,'nani',1,142,522,1,NULL,NULL),(157,'nani',1,145,522,1,NULL,NULL),(160,'gom',2,148,522,1,NULL,NULL),(163,'05/16/2021 19:25:00',28,151,3,2,NULL,'MM/dd/yyyy HH:mm:ss'),(164,'05/16/2021 19:28:00',28,152,3,2,NULL,'MM/dd/yyyy HH:mm:ss'),(165,'05/16/2021 19:30:00',28,153,3,2,NULL,'MM/dd/yyyy HH:mm:ss'),(166,'05/16/2021 19:32:00',28,154,3,2,NULL,'MM/dd/yyyy HH:mm:ss'),(167,'19:34:00',9,155,4,2,NULL,'HH:mm:ss'),(168,'goma',1,156,522,1,NULL,NULL),(170,'g',2,158,522,1,NULL,NULL),(171,'g',2,159,522,1,NULL,NULL),(172,'Christo S',1,160,522,1,NULL,NULL),(173,'gomathy',1,161,522,1,NULL,NULL),(174,'gomathy',1,162,522,1,NULL,NULL),(175,'lead3',1,163,522,1,NULL,NULL),(176,'lead3',1,164,522,1,NULL,NULL),(177,'Account1',1,165,392,1,NULL,NULL),(178,'gomathy',1,166,522,1,NULL,NULL),(179,'g',2,167,522,1,NULL,NULL),(180,'d',2,168,392,1,NULL,NULL),(181,'g',2,169,522,1,NULL,NULL),(182,'aswin',1,169,522,1,NULL,NULL),(183,'d',1,170,392,1,NULL,NULL),(184,'Gomathy',1,171,522,1,NULL,NULL),(185,'Fredy',1,172,523,1,NULL,NULL),(186,'Gomathy',1,173,522,1,NULL,NULL),(190,'Jam',1,177,523,1,NULL,NULL),(191,'Gomathy',1,178,522,1,NULL,NULL),(192,'Gomathy',1,179,522,1,NULL,NULL),(193,'Jam',1,180,523,1,NULL,NULL),(194,'ragavijec7@gmail.com',7,181,711,1,NULL,NULL),(195,'ragavijec7@gmail.com',7,182,711,1,NULL,NULL),(196,'ragavijec7@gmail.com',7,183,711,1,NULL,NULL),(197,'ragavijec7@gmail.com',7,184,711,1,NULL,NULL),(198,'ragavijec7@gmail.com',7,185,711,1,NULL,NULL),(199,'hello',64,186,1128,1,NULL,NULL),(200,'429',64,187,1128,1,NULL,NULL),(201,'test',1,188,688,1,NULL,NULL),(202,'test',1,189,688,1,NULL,NULL),(203,'Test Sai',1,190,688,1,NULL,NULL),(204,'test Gomathy',1,191,688,1,NULL,NULL),(205,'test Gomathy',1,192,688,1,NULL,NULL),(206,'Simonnet',1,193,689,1,NULL,NULL),(207,'Dove',1,194,689,1,NULL,NULL),(208,'Dove',1,195,689,1,NULL,NULL),(209,'Simonnet',1,195,689,1,NULL,NULL),(210,'Dove',1,196,689,1,NULL,NULL),(211,'Simonnet',1,196,689,1,NULL,NULL),(212,'Reed',1,196,689,1,NULL,NULL),(213,'433',65,197,1144,1,NULL,NULL),(214,'434',65,197,1144,1,NULL,NULL),(215,'318',64,198,1128,1,NULL,NULL),(216,'312',64,198,690,1,NULL,NULL),(217,'439',64,198,1143,1,NULL,NULL),(218,'test lead',1,199,688,1,NULL,NULL),(219,'433',65,200,1144,1,NULL,NULL),(220,'434',65,200,1144,1,NULL,NULL),(221,'318',64,201,1128,1,NULL,NULL),(222,'312',64,201,690,1,NULL,NULL),(223,'439',64,201,1143,1,NULL,NULL),(224,'433',65,202,1144,1,NULL,NULL),(225,'434',65,202,1144,1,NULL,NULL),(226,'318',64,203,1128,1,NULL,NULL),(227,'312',64,203,690,1,NULL,NULL),(228,'439',64,203,1143,1,NULL,NULL),(229,'433',65,204,1144,1,NULL,NULL),(230,'434',65,204,1144,1,NULL,NULL),(231,'317',64,205,1128,1,NULL,NULL),(232,'312',64,205,690,1,NULL,NULL),(233,'433',65,205,1144,1,NULL,NULL),(234,'434',65,205,1144,1,NULL,NULL),(235,'433',65,206,1144,1,NULL,NULL),(236,'317',64,207,1128,1,NULL,NULL),(237,'312',64,207,690,1,NULL,NULL),(238,'433',65,207,1144,1,NULL,NULL),(239,'434',65,207,1144,1,NULL,NULL),(240,'439',64,207,1143,1,NULL,NULL),(241,'317',64,208,1128,1,NULL,NULL),(242,'312',64,208,690,1,NULL,NULL),(243,'433',65,208,1144,1,NULL,NULL),(244,'434',65,208,1144,1,NULL,NULL),(245,'439',64,208,1143,1,NULL,NULL),(246,'315',68,208,1127,1,NULL,NULL),(247,'317',64,209,1128,1,NULL,NULL),(248,'312',64,209,690,1,NULL,NULL),(249,'433',65,209,1144,1,NULL,NULL),(250,'434',65,209,1144,1,NULL,NULL),(251,'439',64,209,1143,1,NULL,NULL),(252,'315',68,209,1127,1,NULL,NULL),(253,'317',64,210,1128,1,NULL,NULL),(254,'312',64,210,690,1,NULL,NULL),(255,'433',65,210,1144,1,NULL,NULL),(256,'434',65,210,1144,1,NULL,NULL),(257,'439',64,210,1143,1,NULL,NULL),(258,'315',68,210,1127,1,NULL,NULL),(259,'Pragati',1,211,688,1,NULL,NULL),(260,'Pragati',1,212,688,1,NULL,NULL),(261,'TTX Company',1,212,697,1,NULL,NULL),(262,'Pragati',1,213,688,1,NULL,NULL),(263,'TTX Company',1,213,697,1,NULL,NULL),(264,'Cineplex',1,213,697,1,NULL,NULL),(265,'Pragati',1,214,688,1,NULL,NULL),(266,'TTX Company',1,214,697,1,NULL,NULL),(267,'Cineplex',1,214,697,1,NULL,NULL),(268,'Gabriele',1,214,688,1,NULL,NULL),(269,'Pragati',1,215,688,1,NULL,NULL),(270,'TTX Company',1,215,697,1,NULL,NULL),(271,'Cineplex',1,215,697,1,NULL,NULL),(272,'Gabriele',1,215,688,1,NULL,NULL),(273,'Texas Health Resources',1,215,697,1,NULL,NULL),(274,'Pragati',1,216,688,1,NULL,NULL),(275,'TTX Company',1,216,697,1,NULL,NULL),(276,'Cineplex',1,216,697,1,NULL,NULL),(277,'Gabriele',1,216,688,1,NULL,NULL),(278,'Texas Health Resources',1,216,697,1,NULL,NULL),(279,'Medtronic',1,216,697,1,NULL,NULL),(280,'Pragati',1,217,688,1,NULL,NULL),(281,'TTX Company',1,217,697,1,NULL,NULL),(282,'Cineplex',1,217,697,1,NULL,NULL),(283,'Gabriele',1,217,688,1,NULL,NULL),(284,'Texas Health Resources',1,217,697,1,NULL,NULL),(285,'Medtronic',1,217,697,1,NULL,NULL),(286,'Baxter International Inc.',1,217,697,1,NULL,NULL),(287,'Pragati',1,218,688,1,NULL,NULL),(288,'TTX Company',1,218,697,1,NULL,NULL),(289,'Cineplex',1,218,697,1,NULL,NULL),(290,'Gabriele',1,218,688,1,NULL,NULL),(291,'Texas Health Resources',1,218,697,1,NULL,NULL),(292,'Medtronic',1,218,697,1,NULL,NULL),(293,'Baxter International Inc.',1,218,697,1,NULL,NULL),(294,'Boston Scientific',1,218,697,1,NULL,NULL),(295,'Pragati',1,219,688,1,NULL,NULL),(296,'TTX Company',1,219,697,1,NULL,NULL),(297,'Cineplex',1,219,697,1,NULL,NULL),(298,'Gabriele',1,219,688,1,NULL,NULL),(299,'Texas Health Resources',1,219,697,1,NULL,NULL),(300,'Medtronic',1,219,697,1,NULL,NULL),(301,'Baxter International Inc.',1,219,697,1,NULL,NULL),(302,'Boston Scientific',1,219,697,1,NULL,NULL),(303,'Zimmer Biomet',1,219,697,1,NULL,NULL),(304,'Pragati',1,220,688,1,NULL,NULL),(305,'TTX Company',1,220,697,1,NULL,NULL),(306,'Cineplex',1,220,697,1,NULL,NULL),(307,'Gabriele',1,220,688,1,NULL,NULL),(308,'Texas Health Resources',1,220,697,1,NULL,NULL),(309,'Medtronic',1,220,697,1,NULL,NULL),(310,'Baxter International Inc.',1,220,697,1,NULL,NULL),(311,'Boston Scientific',1,220,697,1,NULL,NULL),(312,'Zimmer Biomet',1,220,697,1,NULL,NULL),(313,'Essilor',1,220,697,1,NULL,NULL),(314,'Pragati',1,221,688,1,NULL,NULL),(315,'TTX Company',1,221,697,1,NULL,NULL),(316,'Cineplex',1,221,697,1,NULL,NULL),(317,'Gabriele',1,221,688,1,NULL,NULL),(318,'Texas Health Resources',1,221,697,1,NULL,NULL),(319,'Medtronic',1,221,697,1,NULL,NULL),(320,'Baxter International Inc.',1,221,697,1,NULL,NULL),(321,'Boston Scientific',1,221,697,1,NULL,NULL),(322,'Zimmer Biomet',1,221,697,1,NULL,NULL),(323,'Essilor',1,221,697,1,NULL,NULL),(324,'Athenahealth',1,221,697,1,NULL,NULL),(325,'Pragati',1,222,688,1,NULL,NULL),(326,'TTX Company',1,222,697,1,NULL,NULL),(327,'Cineplex',1,222,697,1,NULL,NULL),(328,'Gabriele',1,222,688,1,NULL,NULL),(329,'Texas Health Resources',1,222,697,1,NULL,NULL),(330,'Medtronic',1,222,697,1,NULL,NULL),(331,'Baxter International Inc.',1,222,697,1,NULL,NULL),(332,'Boston Scientific',1,222,697,1,NULL,NULL),(333,'Zimmer Biomet',1,222,697,1,NULL,NULL),(334,'Essilor',1,222,697,1,NULL,NULL),(335,'Athenahealth',1,222,697,1,NULL,NULL),(336,'ALDO Group',1,222,697,1,NULL,NULL),(337,'Pragati',1,223,688,1,NULL,NULL),(338,'TTX Company',1,223,697,1,NULL,NULL),(339,'Cineplex',1,223,697,1,NULL,NULL),(340,'Gabriele',1,223,688,1,NULL,NULL),(341,'Texas Health Resources',1,223,697,1,NULL,NULL),(342,'Medtronic',1,223,697,1,NULL,NULL),(343,'Baxter International Inc.',1,223,697,1,NULL,NULL),(344,'Boston Scientific',1,223,697,1,NULL,NULL),(345,'Zimmer Biomet',1,223,697,1,NULL,NULL),(346,'Essilor',1,223,697,1,NULL,NULL),(347,'Athenahealth',1,223,697,1,NULL,NULL),(348,'ALDO Group',1,223,697,1,NULL,NULL),(349,'Boston Children\'s Hospital',1,223,697,1,NULL,NULL),(350,'Pragati',1,224,688,1,NULL,NULL),(351,'TTX Company',1,224,697,1,NULL,NULL),(352,'Cineplex',1,224,697,1,NULL,NULL),(353,'Gabriele',1,224,688,1,NULL,NULL),(354,'Texas Health Resources',1,224,697,1,NULL,NULL),(355,'Medtronic',1,224,697,1,NULL,NULL),(356,'Baxter International Inc.',1,224,697,1,NULL,NULL),(357,'Boston Scientific',1,224,697,1,NULL,NULL),(358,'Zimmer Biomet',1,224,697,1,NULL,NULL),(359,'Essilor',1,224,697,1,NULL,NULL),(360,'Athenahealth',1,224,697,1,NULL,NULL),(361,'ALDO Group',1,224,697,1,NULL,NULL),(362,'Boston Children\'s Hospital',1,224,697,1,NULL,NULL),(363,'Sobeys',1,224,697,1,NULL,NULL),(364,'Pragati',1,225,688,1,NULL,NULL),(365,'TTX Company',1,225,697,1,NULL,NULL),(366,'Cineplex',1,225,697,1,NULL,NULL),(367,'Gabriele',1,225,688,1,NULL,NULL),(368,'Texas Health Resources',1,225,697,1,NULL,NULL),(369,'Medtronic',1,225,697,1,NULL,NULL),(370,'Baxter International Inc.',1,225,697,1,NULL,NULL),(371,'Boston Scientific',1,225,697,1,NULL,NULL),(372,'Zimmer Biomet',1,225,697,1,NULL,NULL),(373,'Essilor',1,225,697,1,NULL,NULL),(374,'Athenahealth',1,225,697,1,NULL,NULL),(375,'ALDO Group',1,225,697,1,NULL,NULL),(376,'Boston Children\'s Hospital',1,225,697,1,NULL,NULL),(377,'Sobeys',1,225,697,1,NULL,NULL),(378,'Pragati',1,226,688,1,NULL,NULL),(379,'TTX Company',1,226,697,1,NULL,NULL),(380,'Cineplex',1,226,697,1,NULL,NULL),(381,'Gabriele',1,226,688,1,NULL,NULL),(382,'Texas Health Resources',1,226,697,1,NULL,NULL),(383,'Medtronic',1,226,697,1,NULL,NULL),(384,'Baxter International Inc.',1,226,697,1,NULL,NULL),(385,'Boston Scientific',1,226,697,1,NULL,NULL),(386,'Zimmer Biomet',1,226,697,1,NULL,NULL),(387,'Essilor',1,226,697,1,NULL,NULL),(388,'Athenahealth',1,226,697,1,NULL,NULL),(389,'ALDO Group',1,226,697,1,NULL,NULL),(390,'Boston Children\'s Hospital',1,226,697,1,NULL,NULL),(391,'Sobeys',1,226,697,1,NULL,NULL),(392,'FGL Sports',1,226,697,1,NULL,NULL),(393,'Pragati',1,227,688,1,NULL,NULL),(394,'TTX Company',1,227,697,1,NULL,NULL),(395,'Cineplex',1,227,697,1,NULL,NULL),(396,'Gabriele',1,227,688,1,NULL,NULL),(397,'Texas Health Resources',1,227,697,1,NULL,NULL),(398,'Medtronic',1,227,697,1,NULL,NULL),(399,'Baxter International Inc.',1,227,697,1,NULL,NULL),(400,'Boston Scientific',1,227,697,1,NULL,NULL),(401,'Zimmer Biomet',1,227,697,1,NULL,NULL),(402,'Essilor',1,227,697,1,NULL,NULL),(403,'Athenahealth',1,227,697,1,NULL,NULL),(404,'ALDO Group',1,227,697,1,NULL,NULL),(405,'Boston Children\'s Hospital',1,227,697,1,NULL,NULL),(406,'Sobeys',1,227,697,1,NULL,NULL),(407,'FGL Sports',1,227,697,1,NULL,NULL),(408,'Indigo',1,227,697,1,NULL,NULL),(409,'Pragati',1,228,688,1,NULL,NULL),(410,'TTX Company',1,228,697,1,NULL,NULL),(411,'Cineplex',1,228,697,1,NULL,NULL),(412,'Gabriele',1,228,688,1,NULL,NULL),(413,'Texas Health Resources',1,228,697,1,NULL,NULL),(414,'Medtronic',1,228,697,1,NULL,NULL),(415,'Baxter International Inc.',1,228,697,1,NULL,NULL),(416,'Boston Scientific',1,228,697,1,NULL,NULL),(417,'Zimmer Biomet',1,228,697,1,NULL,NULL),(418,'Essilor',1,228,697,1,NULL,NULL),(419,'Athenahealth',1,228,697,1,NULL,NULL),(420,'ALDO Group',1,228,697,1,NULL,NULL),(421,'Boston Children\'s Hospital',1,228,697,1,NULL,NULL),(422,'Sobeys',1,228,697,1,NULL,NULL),(423,'FGL Sports',1,228,697,1,NULL,NULL),(424,'Indigo',1,228,697,1,NULL,NULL),(425,'Nike',1,228,697,1,NULL,NULL),(426,'Pragati',1,229,688,1,NULL,NULL),(427,'TTX Company',1,229,697,1,NULL,NULL),(428,'Cineplex',1,229,697,1,NULL,NULL),(429,'Gabriele',1,229,688,1,NULL,NULL),(430,'Texas Health Resources',1,229,697,1,NULL,NULL),(431,'Medtronic',1,229,697,1,NULL,NULL),(432,'Baxter International Inc.',1,229,697,1,NULL,NULL),(433,'Boston Scientific',1,229,697,1,NULL,NULL),(434,'Zimmer Biomet',1,229,697,1,NULL,NULL),(435,'Essilor',1,229,697,1,NULL,NULL),(436,'Athenahealth',1,229,697,1,NULL,NULL),(437,'ALDO Group',1,229,697,1,NULL,NULL),(438,'Boston Children\'s Hospital',1,229,697,1,NULL,NULL),(439,'Sobeys',1,229,697,1,NULL,NULL),(440,'FGL Sports',1,229,697,1,NULL,NULL),(441,'Indigo',1,229,697,1,NULL,NULL),(442,'Nike',1,229,697,1,NULL,NULL),(443,'Walmart',1,229,697,1,NULL,NULL),(444,'Pragati',1,230,688,1,NULL,NULL),(445,'TTX Company',1,230,697,1,NULL,NULL),(446,'Cineplex',1,230,697,1,NULL,NULL),(447,'Gabriele',1,230,688,1,NULL,NULL),(448,'Texas Health Resources',1,230,697,1,NULL,NULL),(449,'Medtronic',1,230,697,1,NULL,NULL),(450,'Baxter International Inc.',1,230,697,1,NULL,NULL),(451,'Boston Scientific',1,230,697,1,NULL,NULL),(452,'Zimmer Biomet',1,230,697,1,NULL,NULL),(453,'Essilor',1,230,697,1,NULL,NULL),(454,'Athenahealth',1,230,697,1,NULL,NULL),(455,'ALDO Group',1,230,697,1,NULL,NULL),(456,'Boston Children\'s Hospital',1,230,697,1,NULL,NULL),(457,'Sobeys',1,230,697,1,NULL,NULL),(458,'FGL Sports',1,230,697,1,NULL,NULL),(459,'Indigo',1,230,697,1,NULL,NULL),(460,'Nike',1,230,697,1,NULL,NULL),(461,'Walmart',1,230,697,1,NULL,NULL),(462,'ExxonMobil',1,230,697,1,NULL,NULL),(463,'Pragati',1,231,688,1,NULL,NULL),(464,'TTX Company',1,231,697,1,NULL,NULL),(465,'Cineplex',1,231,697,1,NULL,NULL),(466,'Gabriele',1,231,688,1,NULL,NULL),(467,'Texas Health Resources',1,231,697,1,NULL,NULL),(468,'Medtronic',1,231,697,1,NULL,NULL),(469,'Baxter International Inc.',1,231,697,1,NULL,NULL),(470,'Boston Scientific',1,231,697,1,NULL,NULL),(471,'Zimmer Biomet',1,231,697,1,NULL,NULL),(472,'Essilor',1,231,697,1,NULL,NULL),(473,'Athenahealth',1,231,697,1,NULL,NULL),(474,'ALDO Group',1,231,697,1,NULL,NULL),(475,'Boston Children\'s Hospital',1,231,697,1,NULL,NULL),(476,'Sobeys',1,231,697,1,NULL,NULL),(477,'FGL Sports',1,231,697,1,NULL,NULL),(478,'Indigo',1,231,697,1,NULL,NULL),(479,'Nike',1,231,697,1,NULL,NULL),(480,'Walmart',1,231,697,1,NULL,NULL),(481,'ExxonMobil',1,231,697,1,NULL,NULL),(482,'Target',1,231,697,1,NULL,NULL),(483,'Pragati',1,232,688,1,NULL,NULL),(484,'TTX Company',1,232,697,1,NULL,NULL),(485,'Cineplex',1,232,697,1,NULL,NULL),(486,'Gabriele',1,232,688,1,NULL,NULL),(487,'Texas Health Resources',1,232,697,1,NULL,NULL),(488,'Medtronic',1,232,697,1,NULL,NULL),(489,'Baxter International Inc.',1,232,697,1,NULL,NULL),(490,'Boston Scientific',1,232,697,1,NULL,NULL),(491,'Zimmer Biomet',1,232,697,1,NULL,NULL),(492,'Essilor',1,232,697,1,NULL,NULL),(493,'Athenahealth',1,232,697,1,NULL,NULL),(494,'ALDO Group',1,232,697,1,NULL,NULL),(495,'Boston Children\'s Hospital',1,232,697,1,NULL,NULL),(496,'Sobeys',1,232,697,1,NULL,NULL),(497,'FGL Sports',1,232,697,1,NULL,NULL),(498,'Indigo',1,232,697,1,NULL,NULL),(499,'Nike',1,232,697,1,NULL,NULL),(500,'Walmart',1,232,697,1,NULL,NULL),(501,'ExxonMobil',1,232,697,1,NULL,NULL),(502,'Target',1,232,697,1,NULL,NULL),(503,'The Dow Chemical Company',1,232,697,1,NULL,NULL),(504,'Pragati',1,233,688,1,NULL,NULL),(505,'TTX Company',1,233,697,1,NULL,NULL),(506,'Cineplex',1,233,697,1,NULL,NULL),(507,'Gabriele',1,233,688,1,NULL,NULL),(508,'Texas Health Resources',1,233,697,1,NULL,NULL),(509,'Medtronic',1,233,697,1,NULL,NULL),(510,'Baxter International Inc.',1,233,697,1,NULL,NULL),(511,'Boston Scientific',1,233,697,1,NULL,NULL),(512,'Zimmer Biomet',1,233,697,1,NULL,NULL),(513,'Essilor',1,233,697,1,NULL,NULL),(514,'Athenahealth',1,233,697,1,NULL,NULL),(515,'ALDO Group',1,233,697,1,NULL,NULL),(516,'Boston Children\'s Hospital',1,233,697,1,NULL,NULL),(517,'Sobeys',1,233,697,1,NULL,NULL),(518,'FGL Sports',1,233,697,1,NULL,NULL),(519,'Indigo',1,233,697,1,NULL,NULL),(520,'Nike',1,233,697,1,NULL,NULL),(521,'Walmart',1,233,697,1,NULL,NULL),(522,'ExxonMobil',1,233,697,1,NULL,NULL),(523,'Target',1,233,697,1,NULL,NULL),(524,'The Dow Chemical Company',1,233,697,1,NULL,NULL),(525,'Walgreens',1,233,697,1,NULL,NULL),(526,'Pragati',1,234,688,1,NULL,NULL),(527,'TTX Company',1,234,697,1,NULL,NULL),(528,'Cineplex',1,234,697,1,NULL,NULL),(529,'Gabriele',1,234,688,1,NULL,NULL),(530,'Texas Health Resources',1,234,697,1,NULL,NULL),(531,'Medtronic',1,234,697,1,NULL,NULL),(532,'Baxter International Inc.',1,234,697,1,NULL,NULL),(533,'Boston Scientific',1,234,697,1,NULL,NULL),(534,'Zimmer Biomet',1,234,697,1,NULL,NULL),(535,'Essilor',1,234,697,1,NULL,NULL),(536,'Athenahealth',1,234,697,1,NULL,NULL),(537,'ALDO Group',1,234,697,1,NULL,NULL),(538,'Boston Children\'s Hospital',1,234,697,1,NULL,NULL),(539,'Sobeys',1,234,697,1,NULL,NULL),(540,'FGL Sports',1,234,697,1,NULL,NULL),(541,'Indigo',1,234,697,1,NULL,NULL),(542,'Nike',1,234,697,1,NULL,NULL),(543,'Walmart',1,234,697,1,NULL,NULL),(544,'ExxonMobil',1,234,697,1,NULL,NULL),(545,'Target',1,234,697,1,NULL,NULL),(546,'The Dow Chemical Company',1,234,697,1,NULL,NULL),(547,'Walgreens',1,234,697,1,NULL,NULL),(548,'PepsiCo',1,234,697,1,NULL,NULL),(549,'Pragati',1,235,688,1,NULL,NULL),(550,'TTX Company',1,235,697,1,NULL,NULL),(551,'Cineplex',1,235,697,1,NULL,NULL),(552,'Gabriele',1,235,688,1,NULL,NULL),(553,'Texas Health Resources',1,235,697,1,NULL,NULL),(554,'Medtronic',1,235,697,1,NULL,NULL),(555,'Baxter International Inc.',1,235,697,1,NULL,NULL),(556,'Boston Scientific',1,235,697,1,NULL,NULL),(557,'Zimmer Biomet',1,235,697,1,NULL,NULL),(558,'Essilor',1,235,697,1,NULL,NULL),(559,'Athenahealth',1,235,697,1,NULL,NULL),(560,'ALDO Group',1,235,697,1,NULL,NULL),(561,'Boston Children\'s Hospital',1,235,697,1,NULL,NULL),(562,'Sobeys',1,235,697,1,NULL,NULL),(563,'FGL Sports',1,235,697,1,NULL,NULL),(564,'Indigo',1,235,697,1,NULL,NULL),(565,'Nike',1,235,697,1,NULL,NULL),(566,'Walmart',1,235,697,1,NULL,NULL),(567,'ExxonMobil',1,235,697,1,NULL,NULL),(568,'Target',1,235,697,1,NULL,NULL),(569,'The Dow Chemical Company',1,235,697,1,NULL,NULL),(570,'Walgreens',1,235,697,1,NULL,NULL),(571,'PepsiCo',1,235,697,1,NULL,NULL),(572,'DuPont',1,235,697,1,NULL,NULL),(573,'Pragati',1,236,688,1,NULL,NULL),(574,'TTX Company',1,236,697,1,NULL,NULL),(575,'Cineplex',1,236,697,1,NULL,NULL),(576,'Gabriele',1,236,688,1,NULL,NULL),(577,'Texas Health Resources',1,236,697,1,NULL,NULL),(578,'Medtronic',1,236,697,1,NULL,NULL),(579,'Baxter International Inc.',1,236,697,1,NULL,NULL),(580,'Boston Scientific',1,236,697,1,NULL,NULL),(581,'Zimmer Biomet',1,236,697,1,NULL,NULL),(582,'Essilor',1,236,697,1,NULL,NULL),(583,'Athenahealth',1,236,697,1,NULL,NULL),(584,'ALDO Group',1,236,697,1,NULL,NULL),(585,'Boston Children\'s Hospital',1,236,697,1,NULL,NULL),(586,'Sobeys',1,236,697,1,NULL,NULL),(587,'FGL Sports',1,236,697,1,NULL,NULL),(588,'Indigo',1,236,697,1,NULL,NULL),(589,'Nike',1,236,697,1,NULL,NULL),(590,'Walmart',1,236,697,1,NULL,NULL),(591,'ExxonMobil',1,236,697,1,NULL,NULL),(592,'Target',1,236,697,1,NULL,NULL),(593,'The Dow Chemical Company',1,236,697,1,NULL,NULL),(594,'Walgreens',1,236,697,1,NULL,NULL),(595,'PepsiCo',1,236,697,1,NULL,NULL),(596,'DuPont',1,236,697,1,NULL,NULL),(597,'Deere & Company',1,236,697,1,NULL,NULL),(598,'Albertsons Companies',1,236,697,1,NULL,NULL),(599,'Pragati',1,237,688,1,NULL,NULL),(600,'TTX Company',1,237,697,1,NULL,NULL),(601,'Cineplex',1,237,697,1,NULL,NULL),(602,'Gabriele',1,237,688,1,NULL,NULL),(603,'Texas Health Resources',1,237,697,1,NULL,NULL),(604,'Medtronic',1,237,697,1,NULL,NULL),(605,'Baxter International Inc.',1,237,697,1,NULL,NULL),(606,'Boston Scientific',1,237,697,1,NULL,NULL),(607,'Zimmer Biomet',1,237,697,1,NULL,NULL),(608,'Essilor',1,237,697,1,NULL,NULL),(609,'Athenahealth',1,237,697,1,NULL,NULL),(610,'ALDO Group',1,237,697,1,NULL,NULL),(611,'Boston Children\'s Hospital',1,237,697,1,NULL,NULL),(612,'Sobeys',1,237,697,1,NULL,NULL),(613,'FGL Sports',1,237,697,1,NULL,NULL),(614,'Indigo',1,237,697,1,NULL,NULL),(615,'Nike',1,237,697,1,NULL,NULL),(616,'Walmart',1,237,697,1,NULL,NULL),(617,'ExxonMobil',1,237,697,1,NULL,NULL),(618,'Target',1,237,697,1,NULL,NULL),(619,'The Dow Chemical Company',1,237,697,1,NULL,NULL),(620,'Walgreens',1,237,697,1,NULL,NULL),(621,'PepsiCo',1,237,697,1,NULL,NULL),(622,'DuPont',1,237,697,1,NULL,NULL),(623,'Deere & Company',1,237,697,1,NULL,NULL),(624,'Albertsons Companies',1,237,697,1,NULL,NULL),(625,'Colgate-Palmolive',1,237,697,1,NULL,NULL),(626,'Viacom',1,237,697,1,NULL,NULL),(627,'Pragati',1,238,688,1,NULL,NULL),(628,'TTX Company',1,238,697,1,NULL,NULL),(629,'Cineplex',1,238,697,1,NULL,NULL),(630,'Gabriele',1,238,688,1,NULL,NULL),(631,'Texas Health Resources',1,238,697,1,NULL,NULL),(632,'Medtronic',1,238,697,1,NULL,NULL),(633,'Baxter International Inc.',1,238,697,1,NULL,NULL),(634,'Boston Scientific',1,238,697,1,NULL,NULL),(635,'Zimmer Biomet',1,238,697,1,NULL,NULL),(636,'Essilor',1,238,697,1,NULL,NULL),(637,'Athenahealth',1,238,697,1,NULL,NULL),(638,'ALDO Group',1,238,697,1,NULL,NULL),(639,'Boston Children\'s Hospital',1,238,697,1,NULL,NULL),(640,'Sobeys',1,238,697,1,NULL,NULL),(641,'FGL Sports',1,238,697,1,NULL,NULL),(642,'Indigo',1,238,697,1,NULL,NULL),(643,'Nike',1,238,697,1,NULL,NULL),(644,'Walmart',1,238,697,1,NULL,NULL),(645,'ExxonMobil',1,238,697,1,NULL,NULL),(646,'Target',1,238,697,1,NULL,NULL),(647,'The Dow Chemical Company',1,238,697,1,NULL,NULL),(648,'Walgreens',1,238,697,1,NULL,NULL),(649,'PepsiCo',1,238,697,1,NULL,NULL),(650,'DuPont',1,238,697,1,NULL,NULL),(651,'Deere & Company',1,238,697,1,NULL,NULL),(652,'Albertsons Companies',1,238,697,1,NULL,NULL),(653,'Colgate-Palmolive',1,238,697,1,NULL,NULL),(654,'Viacom',1,238,697,1,NULL,NULL),(655,'Aramark',1,238,697,1,NULL,NULL),(656,'Pragati',1,239,688,1,NULL,NULL),(657,'TTX Company',1,239,697,1,NULL,NULL),(658,'Cineplex',1,239,697,1,NULL,NULL),(659,'Gabriele',1,239,688,1,NULL,NULL),(660,'Texas Health Resources',1,239,697,1,NULL,NULL),(661,'Medtronic',1,239,697,1,NULL,NULL),(662,'Baxter International Inc.',1,239,697,1,NULL,NULL),(663,'Boston Scientific',1,239,697,1,NULL,NULL),(664,'Zimmer Biomet',1,239,697,1,NULL,NULL),(665,'Essilor',1,239,697,1,NULL,NULL),(666,'Athenahealth',1,239,697,1,NULL,NULL),(667,'ALDO Group',1,239,697,1,NULL,NULL),(668,'Boston Children\'s Hospital',1,239,697,1,NULL,NULL),(669,'Sobeys',1,239,697,1,NULL,NULL),(670,'FGL Sports',1,239,697,1,NULL,NULL),(671,'Indigo',1,239,697,1,NULL,NULL),(672,'Nike',1,239,697,1,NULL,NULL),(673,'Walmart',1,239,697,1,NULL,NULL),(674,'ExxonMobil',1,239,697,1,NULL,NULL),(675,'Target',1,239,697,1,NULL,NULL),(676,'The Dow Chemical Company',1,239,697,1,NULL,NULL),(677,'Walgreens',1,239,697,1,NULL,NULL),(678,'PepsiCo',1,239,697,1,NULL,NULL),(679,'DuPont',1,239,697,1,NULL,NULL),(680,'Deere & Company',1,239,697,1,NULL,NULL),(681,'Albertsons Companies',1,239,697,1,NULL,NULL),(682,'Colgate-Palmolive',1,239,697,1,NULL,NULL),(683,'Viacom',1,239,697,1,NULL,NULL),(684,'Aramark',1,239,697,1,NULL,NULL),(685,'RR Donnelley',1,239,697,1,NULL,NULL),(686,'Pragati',1,240,688,1,NULL,NULL),(687,'TTX Company',1,240,697,1,NULL,NULL),(688,'Cineplex',1,240,697,1,NULL,NULL),(689,'Gabriele',1,240,688,1,NULL,NULL),(690,'Texas Health Resources',1,240,697,1,NULL,NULL),(691,'Medtronic',1,240,697,1,NULL,NULL),(692,'Baxter International Inc.',1,240,697,1,NULL,NULL),(693,'Boston Scientific',1,240,697,1,NULL,NULL),(694,'Zimmer Biomet',1,240,697,1,NULL,NULL),(695,'Essilor',1,240,697,1,NULL,NULL),(696,'Athenahealth',1,240,697,1,NULL,NULL),(697,'ALDO Group',1,240,697,1,NULL,NULL),(698,'Boston Children\'s Hospital',1,240,697,1,NULL,NULL),(699,'Sobeys',1,240,697,1,NULL,NULL),(700,'FGL Sports',1,240,697,1,NULL,NULL),(701,'Indigo',1,240,697,1,NULL,NULL),(702,'Nike',1,240,697,1,NULL,NULL),(703,'Walmart',1,240,697,1,NULL,NULL),(704,'ExxonMobil',1,240,697,1,NULL,NULL),(705,'Target',1,240,697,1,NULL,NULL),(706,'The Dow Chemical Company',1,240,697,1,NULL,NULL),(707,'Walgreens',1,240,697,1,NULL,NULL),(708,'PepsiCo',1,240,697,1,NULL,NULL),(709,'DuPont',1,240,697,1,NULL,NULL),(710,'Deere & Company',1,240,697,1,NULL,NULL),(711,'Albertsons Companies',1,240,697,1,NULL,NULL),(712,'Colgate-Palmolive',1,240,697,1,NULL,NULL),(713,'Viacom',1,240,697,1,NULL,NULL),(714,'Aramark',1,240,697,1,NULL,NULL),(715,'RR Donnelley',1,240,697,1,NULL,NULL),(716,'Office Depot',1,240,697,1,NULL,NULL),(717,'Pragati',1,241,688,1,NULL,NULL),(718,'TTX Company',1,241,697,1,NULL,NULL),(719,'Cineplex',1,241,697,1,NULL,NULL),(720,'Gabriele',1,241,688,1,NULL,NULL),(721,'Texas Health Resources',1,241,697,1,NULL,NULL),(722,'Medtronic',1,241,697,1,NULL,NULL),(723,'Baxter International Inc.',1,241,697,1,NULL,NULL),(724,'Boston Scientific',1,241,697,1,NULL,NULL),(725,'Zimmer Biomet',1,241,697,1,NULL,NULL),(726,'Essilor',1,241,697,1,NULL,NULL),(727,'Athenahealth',1,241,697,1,NULL,NULL),(728,'ALDO Group',1,241,697,1,NULL,NULL),(729,'Boston Children\'s Hospital',1,241,697,1,NULL,NULL),(730,'Sobeys',1,241,697,1,NULL,NULL),(731,'FGL Sports',1,241,697,1,NULL,NULL),(732,'Indigo',1,241,697,1,NULL,NULL),(733,'Nike',1,241,697,1,NULL,NULL),(734,'Walmart',1,241,697,1,NULL,NULL),(735,'ExxonMobil',1,241,697,1,NULL,NULL),(736,'Target',1,241,697,1,NULL,NULL),(737,'The Dow Chemical Company',1,241,697,1,NULL,NULL),(738,'Walgreens',1,241,697,1,NULL,NULL),(739,'PepsiCo',1,241,697,1,NULL,NULL),(740,'DuPont',1,241,697,1,NULL,NULL),(741,'Deere & Company',1,241,697,1,NULL,NULL),(742,'Albertsons Companies',1,241,697,1,NULL,NULL),(743,'Colgate-Palmolive',1,241,697,1,NULL,NULL),(744,'Viacom',1,241,697,1,NULL,NULL),(745,'Aramark',1,241,697,1,NULL,NULL),(746,'RR Donnelley',1,241,697,1,NULL,NULL),(747,'Office Depot',1,241,697,1,NULL,NULL),(748,'Xcel Energy',1,241,697,1,NULL,NULL),(749,'CBRE Group',1,241,697,1,NULL,NULL),(750,'Pragati',1,242,688,1,NULL,NULL),(751,'TTX Company',1,242,697,1,NULL,NULL),(752,'Cineplex',1,242,697,1,NULL,NULL),(753,'Gabriele',1,242,688,1,NULL,NULL),(754,'Texas Health Resources',1,242,697,1,NULL,NULL),(755,'Medtronic',1,242,697,1,NULL,NULL),(756,'Baxter International Inc.',1,242,697,1,NULL,NULL),(757,'Boston Scientific',1,242,697,1,NULL,NULL),(758,'Zimmer Biomet',1,242,697,1,NULL,NULL),(759,'Essilor',1,242,697,1,NULL,NULL),(760,'Athenahealth',1,242,697,1,NULL,NULL),(761,'ALDO Group',1,242,697,1,NULL,NULL),(762,'Boston Children\'s Hospital',1,242,697,1,NULL,NULL),(763,'Sobeys',1,242,697,1,NULL,NULL),(764,'FGL Sports',1,242,697,1,NULL,NULL),(765,'Indigo',1,242,697,1,NULL,NULL),(766,'Nike',1,242,697,1,NULL,NULL),(767,'Walmart',1,242,697,1,NULL,NULL),(768,'ExxonMobil',1,242,697,1,NULL,NULL),(769,'Target',1,242,697,1,NULL,NULL),(770,'The Dow Chemical Company',1,242,697,1,NULL,NULL),(771,'Walgreens',1,242,697,1,NULL,NULL),(772,'PepsiCo',1,242,697,1,NULL,NULL),(773,'DuPont',1,242,697,1,NULL,NULL),(774,'Deere & Company',1,242,697,1,NULL,NULL),(775,'Albertsons Companies',1,242,697,1,NULL,NULL),(776,'Colgate-Palmolive',1,242,697,1,NULL,NULL),(777,'Viacom',1,242,697,1,NULL,NULL),(778,'Aramark',1,242,697,1,NULL,NULL),(779,'RR Donnelley',1,242,697,1,NULL,NULL),(780,'Office Depot',1,242,697,1,NULL,NULL),(781,'Xcel Energy',1,242,697,1,NULL,NULL),(782,'CBRE Group',1,242,697,1,NULL,NULL),(783,'The Kraft Heinz Company',1,242,697,1,NULL,NULL),(784,'Pragati',1,243,688,1,NULL,NULL),(785,'TTX Company',1,243,697,1,NULL,NULL),(786,'Cineplex',1,243,697,1,NULL,NULL),(787,'Gabriele',1,243,688,1,NULL,NULL),(788,'Texas Health Resources',1,243,697,1,NULL,NULL),(789,'Medtronic',1,243,697,1,NULL,NULL),(790,'Baxter International Inc.',1,243,697,1,NULL,NULL),(791,'Boston Scientific',1,243,697,1,NULL,NULL),(792,'Zimmer Biomet',1,243,697,1,NULL,NULL),(793,'Essilor',1,243,697,1,NULL,NULL),(794,'Athenahealth',1,243,697,1,NULL,NULL),(795,'ALDO Group',1,243,697,1,NULL,NULL),(796,'Boston Children\'s Hospital',1,243,697,1,NULL,NULL),(797,'Sobeys',1,243,697,1,NULL,NULL),(798,'FGL Sports',1,243,697,1,NULL,NULL),(799,'Indigo',1,243,697,1,NULL,NULL),(800,'Nike',1,243,697,1,NULL,NULL),(801,'Walmart',1,243,697,1,NULL,NULL),(802,'ExxonMobil',1,243,697,1,NULL,NULL),(803,'Target',1,243,697,1,NULL,NULL),(804,'The Dow Chemical Company',1,243,697,1,NULL,NULL),(805,'Walgreens',1,243,697,1,NULL,NULL),(806,'PepsiCo',1,243,697,1,NULL,NULL),(807,'DuPont',1,243,697,1,NULL,NULL),(808,'Deere & Company',1,243,697,1,NULL,NULL),(809,'Albertsons Companies',1,243,697,1,NULL,NULL),(810,'Colgate-Palmolive',1,243,697,1,NULL,NULL),(811,'Viacom',1,243,697,1,NULL,NULL),(812,'Aramark',1,243,697,1,NULL,NULL),(813,'RR Donnelley',1,243,697,1,NULL,NULL),(814,'Office Depot',1,243,697,1,NULL,NULL),(815,'Xcel Energy',1,243,697,1,NULL,NULL),(816,'CBRE Group',1,243,697,1,NULL,NULL),(817,'The Kraft Heinz Company',1,243,697,1,NULL,NULL),(818,'Ecolab',1,243,697,1,NULL,NULL),(819,'Pragati',1,244,688,1,NULL,NULL),(820,'TTX Company',1,244,697,1,NULL,NULL),(821,'Cineplex',1,244,697,1,NULL,NULL),(822,'Gabriele',1,244,688,1,NULL,NULL),(823,'Texas Health Resources',1,244,697,1,NULL,NULL),(824,'Medtronic',1,244,697,1,NULL,NULL),(825,'Baxter International Inc.',1,244,697,1,NULL,NULL),(826,'Boston Scientific',1,244,697,1,NULL,NULL),(827,'Zimmer Biomet',1,244,697,1,NULL,NULL),(828,'Essilor',1,244,697,1,NULL,NULL),(829,'Athenahealth',1,244,697,1,NULL,NULL),(830,'ALDO Group',1,244,697,1,NULL,NULL),(831,'Boston Children\'s Hospital',1,244,697,1,NULL,NULL),(832,'Sobeys',1,244,697,1,NULL,NULL),(833,'FGL Sports',1,244,697,1,NULL,NULL),(834,'Indigo',1,244,697,1,NULL,NULL),(835,'Nike',1,244,697,1,NULL,NULL),(836,'Walmart',1,244,697,1,NULL,NULL),(837,'ExxonMobil',1,244,697,1,NULL,NULL),(838,'Target',1,244,697,1,NULL,NULL),(839,'The Dow Chemical Company',1,244,697,1,NULL,NULL),(840,'Walgreens',1,244,697,1,NULL,NULL),(841,'PepsiCo',1,244,697,1,NULL,NULL),(842,'DuPont',1,244,697,1,NULL,NULL),(843,'Deere & Company',1,244,697,1,NULL,NULL),(844,'Albertsons Companies',1,244,697,1,NULL,NULL),(845,'Colgate-Palmolive',1,244,697,1,NULL,NULL),(846,'Viacom',1,244,697,1,NULL,NULL),(847,'Aramark',1,244,697,1,NULL,NULL),(848,'RR Donnelley',1,244,697,1,NULL,NULL),(849,'Office Depot',1,244,697,1,NULL,NULL),(850,'Xcel Energy',1,244,697,1,NULL,NULL),(851,'CBRE Group',1,244,697,1,NULL,NULL),(852,'The Kraft Heinz Company',1,244,697,1,NULL,NULL),(853,'Ecolab',1,244,697,1,NULL,NULL),(854,'Grainger',1,244,697,1,NULL,NULL),(855,'Pragati',1,245,688,1,NULL,NULL),(856,'TTX Company',1,245,697,1,NULL,NULL),(857,'Cineplex',1,245,697,1,NULL,NULL),(858,'Gabriele',1,245,688,1,NULL,NULL),(859,'Texas Health Resources',1,245,697,1,NULL,NULL),(860,'Medtronic',1,245,697,1,NULL,NULL),(861,'Baxter International Inc.',1,245,697,1,NULL,NULL),(862,'Boston Scientific',1,245,697,1,NULL,NULL),(863,'Zimmer Biomet',1,245,697,1,NULL,NULL),(864,'Essilor',1,245,697,1,NULL,NULL),(865,'Athenahealth',1,245,697,1,NULL,NULL),(866,'ALDO Group',1,245,697,1,NULL,NULL),(867,'Boston Children\'s Hospital',1,245,697,1,NULL,NULL),(868,'Sobeys',1,245,697,1,NULL,NULL),(869,'FGL Sports',1,245,697,1,NULL,NULL),(870,'Indigo',1,245,697,1,NULL,NULL),(871,'Nike',1,245,697,1,NULL,NULL),(872,'Walmart',1,245,697,1,NULL,NULL),(873,'ExxonMobil',1,245,697,1,NULL,NULL),(874,'Target',1,245,697,1,NULL,NULL),(875,'The Dow Chemical Company',1,245,697,1,NULL,NULL),(876,'Walgreens',1,245,697,1,NULL,NULL),(877,'PepsiCo',1,245,697,1,NULL,NULL),(878,'DuPont',1,245,697,1,NULL,NULL),(879,'Deere & Company',1,245,697,1,NULL,NULL),(880,'Albertsons Companies',1,245,697,1,NULL,NULL),(881,'Colgate-Palmolive',1,245,697,1,NULL,NULL),(882,'Viacom',1,245,697,1,NULL,NULL),(883,'Aramark',1,245,697,1,NULL,NULL),(884,'RR Donnelley',1,245,697,1,NULL,NULL),(885,'Office Depot',1,245,697,1,NULL,NULL),(886,'Xcel Energy',1,245,697,1,NULL,NULL),(887,'CBRE Group',1,245,697,1,NULL,NULL),(888,'The Kraft Heinz Company',1,245,697,1,NULL,NULL),(889,'Ecolab',1,245,697,1,NULL,NULL),(890,'Grainger',1,245,697,1,NULL,NULL),(891,'Campbell Soup Company',1,245,697,1,NULL,NULL),(892,'Pragati',1,246,688,1,NULL,NULL),(893,'TTX Company',1,246,697,1,NULL,NULL),(894,'Cineplex',1,246,697,1,NULL,NULL),(895,'Gabriele',1,246,688,1,NULL,NULL),(896,'Texas Health Resources',1,246,697,1,NULL,NULL),(897,'Medtronic',1,246,697,1,NULL,NULL),(898,'Baxter International Inc.',1,246,697,1,NULL,NULL),(899,'Boston Scientific',1,246,697,1,NULL,NULL),(900,'Zimmer Biomet',1,246,697,1,NULL,NULL),(901,'Essilor',1,246,697,1,NULL,NULL),(902,'Athenahealth',1,246,697,1,NULL,NULL),(903,'ALDO Group',1,246,697,1,NULL,NULL),(904,'Boston Children\'s Hospital',1,246,697,1,NULL,NULL),(905,'Sobeys',1,246,697,1,NULL,NULL),(906,'FGL Sports',1,246,697,1,NULL,NULL),(907,'Indigo',1,246,697,1,NULL,NULL),(908,'Nike',1,246,697,1,NULL,NULL),(909,'Walmart',1,246,697,1,NULL,NULL),(910,'ExxonMobil',1,246,697,1,NULL,NULL),(911,'Target',1,246,697,1,NULL,NULL),(912,'The Dow Chemical Company',1,246,697,1,NULL,NULL),(913,'Walgreens',1,246,697,1,NULL,NULL),(914,'PepsiCo',1,246,697,1,NULL,NULL),(915,'DuPont',1,246,697,1,NULL,NULL),(916,'Deere & Company',1,246,697,1,NULL,NULL),(917,'Albertsons Companies',1,246,697,1,NULL,NULL),(918,'Colgate-Palmolive',1,246,697,1,NULL,NULL),(919,'Viacom',1,246,697,1,NULL,NULL),(920,'Aramark',1,246,697,1,NULL,NULL),(921,'RR Donnelley',1,246,697,1,NULL,NULL),(922,'Office Depot',1,246,697,1,NULL,NULL),(923,'Xcel Energy',1,246,697,1,NULL,NULL),(924,'CBRE Group',1,246,697,1,NULL,NULL),(925,'The Kraft Heinz Company',1,246,697,1,NULL,NULL),(926,'Ecolab',1,246,697,1,NULL,NULL),(927,'Grainger',1,246,697,1,NULL,NULL),(928,'Campbell Soup Company',1,246,697,1,NULL,NULL),(929,'The Timken Company',1,246,697,1,NULL,NULL),(930,'Pragati',1,247,688,1,NULL,NULL),(931,'TTX Company',1,247,697,1,NULL,NULL),(932,'Cineplex',1,247,697,1,NULL,NULL),(933,'Gabriele',1,247,688,1,NULL,NULL),(934,'Texas Health Resources',1,247,697,1,NULL,NULL),(935,'Medtronic',1,247,697,1,NULL,NULL),(936,'Baxter International Inc.',1,247,697,1,NULL,NULL),(937,'Boston Scientific',1,247,697,1,NULL,NULL),(938,'Zimmer Biomet',1,247,697,1,NULL,NULL),(939,'Essilor',1,247,697,1,NULL,NULL),(940,'Athenahealth',1,247,697,1,NULL,NULL),(941,'ALDO Group',1,247,697,1,NULL,NULL),(942,'Boston Children\'s Hospital',1,247,697,1,NULL,NULL),(943,'Sobeys',1,247,697,1,NULL,NULL),(944,'FGL Sports',1,247,697,1,NULL,NULL),(945,'Indigo',1,247,697,1,NULL,NULL),(946,'Nike',1,247,697,1,NULL,NULL),(947,'Walmart',1,247,697,1,NULL,NULL),(948,'ExxonMobil',1,247,697,1,NULL,NULL),(949,'Target',1,247,697,1,NULL,NULL),(950,'The Dow Chemical Company',1,247,697,1,NULL,NULL),(951,'Walgreens',1,247,697,1,NULL,NULL),(952,'PepsiCo',1,247,697,1,NULL,NULL),(953,'DuPont',1,247,697,1,NULL,NULL),(954,'Deere & Company',1,247,697,1,NULL,NULL),(955,'Albertsons Companies',1,247,697,1,NULL,NULL),(956,'Colgate-Palmolive',1,247,697,1,NULL,NULL),(957,'Viacom',1,247,697,1,NULL,NULL),(958,'Aramark',1,247,697,1,NULL,NULL),(959,'RR Donnelley',1,247,697,1,NULL,NULL),(960,'Office Depot',1,247,697,1,NULL,NULL),(961,'Xcel Energy',1,247,697,1,NULL,NULL),(962,'CBRE Group',1,247,697,1,NULL,NULL),(963,'The Kraft Heinz Company',1,247,697,1,NULL,NULL),(964,'Ecolab',1,247,697,1,NULL,NULL),(965,'Grainger',1,247,697,1,NULL,NULL),(966,'Campbell Soup Company',1,247,697,1,NULL,NULL),(967,'The Timken Company',1,247,697,1,NULL,NULL),(968,'Hasbro',1,247,697,1,NULL,NULL),(969,'Pragati',1,248,688,1,NULL,NULL),(970,'TTX Company',1,248,697,1,NULL,NULL),(971,'Cineplex',1,248,697,1,NULL,NULL),(972,'Gabriele',1,248,688,1,NULL,NULL),(973,'Texas Health Resources',1,248,697,1,NULL,NULL),(974,'Medtronic',1,248,697,1,NULL,NULL),(975,'Baxter International Inc.',1,248,697,1,NULL,NULL),(976,'Boston Scientific',1,248,697,1,NULL,NULL),(977,'Zimmer Biomet',1,248,697,1,NULL,NULL),(978,'Essilor',1,248,697,1,NULL,NULL),(979,'Athenahealth',1,248,697,1,NULL,NULL),(980,'ALDO Group',1,248,697,1,NULL,NULL),(981,'Boston Children\'s Hospital',1,248,697,1,NULL,NULL),(982,'Sobeys',1,248,697,1,NULL,NULL),(983,'FGL Sports',1,248,697,1,NULL,NULL),(984,'Indigo',1,248,697,1,NULL,NULL),(985,'Nike',1,248,697,1,NULL,NULL),(986,'Walmart',1,248,697,1,NULL,NULL),(987,'ExxonMobil',1,248,697,1,NULL,NULL),(988,'Target',1,248,697,1,NULL,NULL),(989,'The Dow Chemical Company',1,248,697,1,NULL,NULL),(990,'Walgreens',1,248,697,1,NULL,NULL),(991,'PepsiCo',1,248,697,1,NULL,NULL),(992,'DuPont',1,248,697,1,NULL,NULL),(993,'Deere & Company',1,248,697,1,NULL,NULL),(994,'Albertsons Companies',1,248,697,1,NULL,NULL),(995,'Colgate-Palmolive',1,248,697,1,NULL,NULL),(996,'Viacom',1,248,697,1,NULL,NULL),(997,'Aramark',1,248,697,1,NULL,NULL),(998,'RR Donnelley',1,248,697,1,NULL,NULL),(999,'Office Depot',1,248,697,1,NULL,NULL),(1000,'Xcel Energy',1,248,697,1,NULL,NULL),(1001,'CBRE Group',1,248,697,1,NULL,NULL),(1002,'The Kraft Heinz Company',1,248,697,1,NULL,NULL),(1003,'Ecolab',1,248,697,1,NULL,NULL),(1004,'Grainger',1,248,697,1,NULL,NULL),(1005,'Campbell Soup Company',1,248,697,1,NULL,NULL),(1006,'The Timken Company',1,248,697,1,NULL,NULL),(1007,'Hasbro',1,248,697,1,NULL,NULL),(1008,'HARMAN International',1,248,697,1,NULL,NULL),(1009,'Pragati',1,249,688,1,NULL,NULL),(1010,'TTX Company',1,249,697,1,NULL,NULL),(1011,'Cineplex',1,249,697,1,NULL,NULL),(1012,'Gabriele',1,249,688,1,NULL,NULL),(1013,'Texas Health Resources',1,249,697,1,NULL,NULL),(1014,'Medtronic',1,249,697,1,NULL,NULL),(1015,'Baxter International Inc.',1,249,697,1,NULL,NULL),(1016,'Boston Scientific',1,249,697,1,NULL,NULL),(1017,'Zimmer Biomet',1,249,697,1,NULL,NULL),(1018,'Essilor',1,249,697,1,NULL,NULL),(1019,'Athenahealth',1,249,697,1,NULL,NULL),(1020,'ALDO Group',1,249,697,1,NULL,NULL),(1021,'Boston Children\'s Hospital',1,249,697,1,NULL,NULL),(1022,'Sobeys',1,249,697,1,NULL,NULL),(1023,'FGL Sports',1,249,697,1,NULL,NULL),(1024,'Indigo',1,249,697,1,NULL,NULL),(1025,'Nike',1,249,697,1,NULL,NULL),(1026,'Walmart',1,249,697,1,NULL,NULL),(1027,'ExxonMobil',1,249,697,1,NULL,NULL),(1028,'Target',1,249,697,1,NULL,NULL),(1029,'The Dow Chemical Company',1,249,697,1,NULL,NULL),(1030,'Walgreens',1,249,697,1,NULL,NULL),(1031,'PepsiCo',1,249,697,1,NULL,NULL),(1032,'DuPont',1,249,697,1,NULL,NULL),(1033,'Deere & Company',1,249,697,1,NULL,NULL),(1034,'Albertsons Companies',1,249,697,1,NULL,NULL),(1035,'Colgate-Palmolive',1,249,697,1,NULL,NULL),(1036,'Viacom',1,249,697,1,NULL,NULL),(1037,'Aramark',1,249,697,1,NULL,NULL),(1038,'RR Donnelley',1,249,697,1,NULL,NULL),(1039,'Office Depot',1,249,697,1,NULL,NULL),(1040,'Xcel Energy',1,249,697,1,NULL,NULL),(1041,'CBRE Group',1,249,697,1,NULL,NULL),(1042,'The Kraft Heinz Company',1,249,697,1,NULL,NULL),(1043,'Ecolab',1,249,697,1,NULL,NULL),(1044,'Grainger',1,249,697,1,NULL,NULL),(1045,'Campbell Soup Company',1,249,697,1,NULL,NULL),(1046,'The Timken Company',1,249,697,1,NULL,NULL),(1047,'Hasbro',1,249,697,1,NULL,NULL),(1048,'HARMAN International',1,249,697,1,NULL,NULL),(1049,'Tupperware Brands',1,249,697,1,NULL,NULL),(1050,'Pragati',1,250,688,1,NULL,NULL),(1051,'TTX Company',1,250,697,1,NULL,NULL),(1052,'Cineplex',1,250,697,1,NULL,NULL),(1053,'Gabriele',1,250,688,1,NULL,NULL),(1054,'Texas Health Resources',1,250,697,1,NULL,NULL),(1055,'Medtronic',1,250,697,1,NULL,NULL),(1056,'Baxter International Inc.',1,250,697,1,NULL,NULL),(1057,'Boston Scientific',1,250,697,1,NULL,NULL),(1058,'Zimmer Biomet',1,250,697,1,NULL,NULL),(1059,'Essilor',1,250,697,1,NULL,NULL),(1060,'Athenahealth',1,250,697,1,NULL,NULL),(1061,'ALDO Group',1,250,697,1,NULL,NULL),(1062,'Boston Children\'s Hospital',1,250,697,1,NULL,NULL),(1063,'Sobeys',1,250,697,1,NULL,NULL),(1064,'FGL Sports',1,250,697,1,NULL,NULL),(1065,'Indigo',1,250,697,1,NULL,NULL),(1066,'Nike',1,250,697,1,NULL,NULL),(1067,'Walmart',1,250,697,1,NULL,NULL),(1068,'ExxonMobil',1,250,697,1,NULL,NULL),(1069,'Target',1,250,697,1,NULL,NULL),(1070,'The Dow Chemical Company',1,250,697,1,NULL,NULL),(1071,'Walgreens',1,250,697,1,NULL,NULL),(1072,'PepsiCo',1,250,697,1,NULL,NULL),(1073,'DuPont',1,250,697,1,NULL,NULL),(1074,'Deere & Company',1,250,697,1,NULL,NULL),(1075,'Albertsons Companies',1,250,697,1,NULL,NULL),(1076,'Colgate-Palmolive',1,250,697,1,NULL,NULL),(1077,'Viacom',1,250,697,1,NULL,NULL),(1078,'Aramark',1,250,697,1,NULL,NULL),(1079,'RR Donnelley',1,250,697,1,NULL,NULL),(1080,'Office Depot',1,250,697,1,NULL,NULL),(1081,'Xcel Energy',1,250,697,1,NULL,NULL),(1082,'CBRE Group',1,250,697,1,NULL,NULL),(1083,'The Kraft Heinz Company',1,250,697,1,NULL,NULL),(1084,'Ecolab',1,250,697,1,NULL,NULL),(1085,'Grainger',1,250,697,1,NULL,NULL),(1086,'Campbell Soup Company',1,250,697,1,NULL,NULL),(1087,'The Timken Company',1,250,697,1,NULL,NULL),(1088,'Hasbro',1,250,697,1,NULL,NULL),(1089,'HARMAN International',1,250,697,1,NULL,NULL),(1090,'Tupperware Brands',1,250,697,1,NULL,NULL),(1091,'Polaris Industries',1,250,697,1,NULL,NULL),(1092,'Pragati',1,251,688,1,NULL,NULL),(1093,'TTX Company',1,251,697,1,NULL,NULL),(1094,'Cineplex',1,251,697,1,NULL,NULL),(1095,'Gabriele',1,251,688,1,NULL,NULL),(1096,'Texas Health Resources',1,251,697,1,NULL,NULL),(1097,'Medtronic',1,251,697,1,NULL,NULL),(1098,'Baxter International Inc.',1,251,697,1,NULL,NULL),(1099,'Boston Scientific',1,251,697,1,NULL,NULL),(1100,'Zimmer Biomet',1,251,697,1,NULL,NULL),(1101,'Essilor',1,251,697,1,NULL,NULL),(1102,'Athenahealth',1,251,697,1,NULL,NULL),(1103,'ALDO Group',1,251,697,1,NULL,NULL),(1104,'Boston Children\'s Hospital',1,251,697,1,NULL,NULL),(1105,'Sobeys',1,251,697,1,NULL,NULL),(1106,'FGL Sports',1,251,697,1,NULL,NULL),(1107,'Indigo',1,251,697,1,NULL,NULL),(1108,'Nike',1,251,697,1,NULL,NULL),(1109,'Walmart',1,251,697,1,NULL,NULL),(1110,'ExxonMobil',1,251,697,1,NULL,NULL),(1111,'Target',1,251,697,1,NULL,NULL),(1112,'The Dow Chemical Company',1,251,697,1,NULL,NULL),(1113,'Walgreens',1,251,697,1,NULL,NULL),(1114,'PepsiCo',1,251,697,1,NULL,NULL),(1115,'DuPont',1,251,697,1,NULL,NULL),(1116,'Deere & Company',1,251,697,1,NULL,NULL),(1117,'Albertsons Companies',1,251,697,1,NULL,NULL),(1118,'Colgate-Palmolive',1,251,697,1,NULL,NULL),(1119,'Viacom',1,251,697,1,NULL,NULL),(1120,'Aramark',1,251,697,1,NULL,NULL),(1121,'RR Donnelley',1,251,697,1,NULL,NULL),(1122,'Office Depot',1,251,697,1,NULL,NULL),(1123,'Xcel Energy',1,251,697,1,NULL,NULL),(1124,'CBRE Group',1,251,697,1,NULL,NULL),(1125,'The Kraft Heinz Company',1,251,697,1,NULL,NULL),(1126,'Ecolab',1,251,697,1,NULL,NULL),(1127,'Grainger',1,251,697,1,NULL,NULL),(1128,'Campbell Soup Company',1,251,697,1,NULL,NULL),(1129,'The Timken Company',1,251,697,1,NULL,NULL),(1130,'Hasbro',1,251,697,1,NULL,NULL),(1131,'HARMAN International',1,251,697,1,NULL,NULL),(1132,'Tupperware Brands',1,251,697,1,NULL,NULL),(1133,'Polaris Industries',1,251,697,1,NULL,NULL),(1134,'VWR',1,251,697,1,NULL,NULL),(1135,'Briggs & Stratton',1,251,697,1,NULL,NULL),(1136,'Pragati',1,252,688,1,NULL,NULL),(1137,'TTX Company',1,252,697,1,NULL,NULL),(1138,'Cineplex',1,252,697,1,NULL,NULL),(1139,'Gabriele',1,252,688,1,NULL,NULL),(1140,'Texas Health Resources',1,252,697,1,NULL,NULL),(1141,'Medtronic',1,252,697,1,NULL,NULL),(1142,'Baxter International Inc.',1,252,697,1,NULL,NULL),(1143,'Boston Scientific',1,252,697,1,NULL,NULL),(1144,'Zimmer Biomet',1,252,697,1,NULL,NULL),(1145,'Essilor',1,252,697,1,NULL,NULL),(1146,'Athenahealth',1,252,697,1,NULL,NULL),(1147,'ALDO Group',1,252,697,1,NULL,NULL),(1148,'Boston Children\'s Hospital',1,252,697,1,NULL,NULL),(1149,'Sobeys',1,252,697,1,NULL,NULL),(1150,'FGL Sports',1,252,697,1,NULL,NULL),(1151,'Indigo',1,252,697,1,NULL,NULL),(1152,'Nike',1,252,697,1,NULL,NULL),(1153,'Walmart',1,252,697,1,NULL,NULL),(1154,'ExxonMobil',1,252,697,1,NULL,NULL),(1155,'Target',1,252,697,1,NULL,NULL),(1156,'The Dow Chemical Company',1,252,697,1,NULL,NULL),(1157,'Walgreens',1,252,697,1,NULL,NULL),(1158,'PepsiCo',1,252,697,1,NULL,NULL),(1159,'DuPont',1,252,697,1,NULL,NULL),(1160,'Deere & Company',1,252,697,1,NULL,NULL),(1161,'Albertsons Companies',1,252,697,1,NULL,NULL),(1162,'Colgate-Palmolive',1,252,697,1,NULL,NULL),(1163,'Viacom',1,252,697,1,NULL,NULL),(1164,'Aramark',1,252,697,1,NULL,NULL),(1165,'RR Donnelley',1,252,697,1,NULL,NULL),(1166,'Office Depot',1,252,697,1,NULL,NULL),(1167,'Xcel Energy',1,252,697,1,NULL,NULL),(1168,'CBRE Group',1,252,697,1,NULL,NULL),(1169,'The Kraft Heinz Company',1,252,697,1,NULL,NULL),(1170,'Ecolab',1,252,697,1,NULL,NULL),(1171,'Grainger',1,252,697,1,NULL,NULL),(1172,'Campbell Soup Company',1,252,697,1,NULL,NULL),(1173,'The Timken Company',1,252,697,1,NULL,NULL),(1174,'Hasbro',1,252,697,1,NULL,NULL),(1175,'HARMAN International',1,252,697,1,NULL,NULL),(1176,'Tupperware Brands',1,252,697,1,NULL,NULL),(1177,'Polaris Industries',1,252,697,1,NULL,NULL),(1178,'VWR',1,252,697,1,NULL,NULL),(1179,'Briggs & Stratton',1,252,697,1,NULL,NULL),(1180,'Rexnord',1,252,697,1,NULL,NULL),(1181,'Pragati',1,253,688,1,NULL,NULL),(1182,'TTX Company',1,253,697,1,NULL,NULL),(1183,'Cineplex',1,253,697,1,NULL,NULL),(1184,'Gabriele',1,253,688,1,NULL,NULL),(1185,'Texas Health Resources',1,253,697,1,NULL,NULL),(1186,'Medtronic',1,253,697,1,NULL,NULL),(1187,'Baxter International Inc.',1,253,697,1,NULL,NULL),(1188,'Boston Scientific',1,253,697,1,NULL,NULL),(1189,'Zimmer Biomet',1,253,697,1,NULL,NULL),(1190,'Essilor',1,253,697,1,NULL,NULL),(1191,'Athenahealth',1,253,697,1,NULL,NULL),(1192,'ALDO Group',1,253,697,1,NULL,NULL),(1193,'Boston Children\'s Hospital',1,253,697,1,NULL,NULL),(1194,'Sobeys',1,253,697,1,NULL,NULL),(1195,'FGL Sports',1,253,697,1,NULL,NULL),(1196,'Indigo',1,253,697,1,NULL,NULL),(1197,'Nike',1,253,697,1,NULL,NULL),(1198,'Walmart',1,253,697,1,NULL,NULL),(1199,'ExxonMobil',1,253,697,1,NULL,NULL),(1200,'Target',1,253,697,1,NULL,NULL),(1201,'The Dow Chemical Company',1,253,697,1,NULL,NULL),(1202,'Walgreens',1,253,697,1,NULL,NULL),(1203,'PepsiCo',1,253,697,1,NULL,NULL),(1204,'DuPont',1,253,697,1,NULL,NULL),(1205,'Deere & Company',1,253,697,1,NULL,NULL),(1206,'Albertsons Companies',1,253,697,1,NULL,NULL),(1207,'Colgate-Palmolive',1,253,697,1,NULL,NULL),(1208,'Viacom',1,253,697,1,NULL,NULL),(1209,'Aramark',1,253,697,1,NULL,NULL),(1210,'RR Donnelley',1,253,697,1,NULL,NULL),(1211,'Office Depot',1,253,697,1,NULL,NULL),(1212,'Xcel Energy',1,253,697,1,NULL,NULL),(1213,'CBRE Group',1,253,697,1,NULL,NULL),(1214,'The Kraft Heinz Company',1,253,697,1,NULL,NULL),(1215,'Ecolab',1,253,697,1,NULL,NULL),(1216,'Grainger',1,253,697,1,NULL,NULL),(1217,'Campbell Soup Company',1,253,697,1,NULL,NULL),(1218,'The Timken Company',1,253,697,1,NULL,NULL),(1219,'Hasbro',1,253,697,1,NULL,NULL),(1220,'HARMAN International',1,253,697,1,NULL,NULL),(1221,'Tupperware Brands',1,253,697,1,NULL,NULL),(1222,'Polaris Industries',1,253,697,1,NULL,NULL),(1223,'VWR',1,253,697,1,NULL,NULL),(1224,'Briggs & Stratton',1,253,697,1,NULL,NULL),(1225,'Rexnord',1,253,697,1,NULL,NULL),(1226,'Chipotle Mexican Grill',1,253,697,1,NULL,NULL),(1227,'The Clorox Company',1,253,697,1,NULL,NULL),(1228,'Pragati',1,254,688,1,NULL,NULL),(1229,'TTX Company',1,254,697,1,NULL,NULL),(1230,'Cineplex',1,254,697,1,NULL,NULL),(1231,'Gabriele',1,254,688,1,NULL,NULL),(1232,'Texas Health Resources',1,254,697,1,NULL,NULL),(1233,'Medtronic',1,254,697,1,NULL,NULL),(1234,'Baxter International Inc.',1,254,697,1,NULL,NULL),(1235,'Boston Scientific',1,254,697,1,NULL,NULL),(1236,'Zimmer Biomet',1,254,697,1,NULL,NULL),(1237,'Essilor',1,254,697,1,NULL,NULL),(1238,'Athenahealth',1,254,697,1,NULL,NULL),(1239,'ALDO Group',1,254,697,1,NULL,NULL),(1240,'Boston Children\'s Hospital',1,254,697,1,NULL,NULL),(1241,'Sobeys',1,254,697,1,NULL,NULL),(1242,'FGL Sports',1,254,697,1,NULL,NULL),(1243,'Indigo',1,254,697,1,NULL,NULL),(1244,'Nike',1,254,697,1,NULL,NULL),(1245,'Walmart',1,254,697,1,NULL,NULL),(1246,'ExxonMobil',1,254,697,1,NULL,NULL),(1247,'Target',1,254,697,1,NULL,NULL),(1248,'The Dow Chemical Company',1,254,697,1,NULL,NULL),(1249,'Walgreens',1,254,697,1,NULL,NULL),(1250,'PepsiCo',1,254,697,1,NULL,NULL),(1251,'DuPont',1,254,697,1,NULL,NULL),(1252,'Deere & Company',1,254,697,1,NULL,NULL),(1253,'Albertsons Companies',1,254,697,1,NULL,NULL),(1254,'Colgate-Palmolive',1,254,697,1,NULL,NULL),(1255,'Viacom',1,254,697,1,NULL,NULL),(1256,'Aramark',1,254,697,1,NULL,NULL),(1257,'RR Donnelley',1,254,697,1,NULL,NULL),(1258,'Office Depot',1,254,697,1,NULL,NULL),(1259,'Xcel Energy',1,254,697,1,NULL,NULL),(1260,'CBRE Group',1,254,697,1,NULL,NULL),(1261,'The Kraft Heinz Company',1,254,697,1,NULL,NULL),(1262,'Ecolab',1,254,697,1,NULL,NULL),(1263,'Grainger',1,254,697,1,NULL,NULL),(1264,'Campbell Soup Company',1,254,697,1,NULL,NULL),(1265,'The Timken Company',1,254,697,1,NULL,NULL),(1266,'Hasbro',1,254,697,1,NULL,NULL),(1267,'HARMAN International',1,254,697,1,NULL,NULL),(1268,'Tupperware Brands',1,254,697,1,NULL,NULL),(1269,'Polaris Industries',1,254,697,1,NULL,NULL),(1270,'VWR',1,254,697,1,NULL,NULL),(1271,'Briggs & Stratton',1,254,697,1,NULL,NULL),(1272,'Rexnord',1,254,697,1,NULL,NULL),(1273,'Chipotle Mexican Grill',1,254,697,1,NULL,NULL),(1274,'The Clorox Company',1,254,697,1,NULL,NULL),(1275,'Kohler Co.',1,254,697,1,NULL,NULL),(1276,'test lead',1,255,688,1,NULL,NULL),(1277,'Pragati',53,256,688,1,NULL,NULL),(1278,'TTX Company',1,256,697,1,NULL,NULL),(1279,'Cineplex',1,256,697,1,NULL,NULL),(1280,'Gabriele',53,256,688,1,NULL,NULL),(1281,'Texas Health Resources',1,256,697,1,NULL,NULL),(1282,'Medtronic',1,256,697,1,NULL,NULL),(1283,'Baxter International Inc.',1,256,697,1,NULL,NULL),(1284,'Boston Scientific',1,256,697,1,NULL,NULL),(1285,'Zimmer Biomet',1,256,697,1,NULL,NULL),(1286,'Essilor',1,256,697,1,NULL,NULL),(1287,'Athenahealth',1,256,697,1,NULL,NULL),(1288,'ALDO Group',1,256,697,1,NULL,NULL),(1289,'Boston Children\'s Hospital',1,256,697,1,NULL,NULL),(1290,'Sobeys',1,256,697,1,NULL,NULL),(1291,'FGL Sports',1,256,697,1,NULL,NULL),(1292,'Indigo',1,256,697,1,NULL,NULL),(1293,'Nike',1,256,697,1,NULL,NULL),(1294,'Walmart',1,256,697,1,NULL,NULL),(1295,'ExxonMobil',1,256,697,1,NULL,NULL),(1296,'Target',1,256,697,1,NULL,NULL),(1297,'The Dow Chemical Company',1,256,697,1,NULL,NULL),(1298,'Walgreens',1,256,697,1,NULL,NULL),(1299,'PepsiCo',1,256,697,1,NULL,NULL),(1300,'DuPont',1,256,697,1,NULL,NULL),(1301,'Deere & Company',1,256,697,1,NULL,NULL),(1302,'Albertsons Companies',1,256,697,1,NULL,NULL),(1303,'Colgate-Palmolive',1,256,697,1,NULL,NULL),(1304,'Viacom',1,256,697,1,NULL,NULL),(1305,'Aramark',1,256,697,1,NULL,NULL),(1306,'RR Donnelley',1,256,697,1,NULL,NULL),(1307,'Office Depot',1,256,697,1,NULL,NULL),(1308,'Xcel Energy',1,256,697,1,NULL,NULL),(1309,'CBRE Group',1,256,697,1,NULL,NULL),(1310,'The Kraft Heinz Company',1,256,697,1,NULL,NULL),(1311,'Ecolab',1,256,697,1,NULL,NULL),(1312,'Grainger',1,256,697,1,NULL,NULL),(1313,'Campbell Soup Company',1,256,697,1,NULL,NULL),(1314,'The Timken Company',1,256,697,1,NULL,NULL),(1315,'Hasbro',1,256,697,1,NULL,NULL),(1316,'HARMAN International',1,256,697,1,NULL,NULL),(1317,'Tupperware Brands',1,256,697,1,NULL,NULL),(1318,'Polaris Industries',1,256,697,1,NULL,NULL),(1319,'VWR',1,256,697,1,NULL,NULL),(1320,'Briggs & Stratton',1,256,697,1,NULL,NULL),(1321,'Rexnord',1,256,697,1,NULL,NULL),(1322,'Chipotle Mexican Grill',1,256,697,1,NULL,NULL),(1323,'The Clorox Company',1,256,697,1,NULL,NULL),(1324,'Kohler Co.',1,256,697,1,NULL,NULL),(1325,'a',2,257,522,1,NULL,NULL),(1326,'112',64,258,526,1,NULL,NULL),(1327,'03/08/2022',9,259,1448,1,NULL,'MM/dd/yyyy'),(1328,'03/09/2022',9,260,1448,1,NULL,'MM/dd/yyyy'),(1329,'03/10/2022',9,261,1448,1,NULL,'MM/dd/yyyy'),(1330,'03/15/2022',9,262,1448,1,NULL,'MM/dd/yyyy'),(1331,'03/15/2022',9,263,1448,1,NULL,'MM/dd/yyyy'),(1332,'03/16/2022',9,264,1448,1,NULL,'MM/dd/yyyy'),(1333,'03/17/2022',9,265,1448,1,NULL,'MM/dd/yyyy'),(1334,'03/17/2022',9,266,1448,1,NULL,'MM/dd/yyyy'),(1335,'03/18/2022',9,267,1448,1,NULL,'MM/dd/yyyy'),(1336,'03/21/2022',9,268,1448,1,NULL,'MM/dd/yyyy'),(1337,'03/23/2022',9,269,1448,1,NULL,'MM/dd/yyyy'),(1338,'03/24/2022',9,270,1448,1,NULL,'MM/dd/yyyy'),(1339,'03/24/2022',9,271,1448,1,NULL,'MM/dd/yyyy'),(1340,'03/25/2022',9,272,1448,1,NULL,'MM/dd/yyyy'),(1341,'03/28/2022',9,273,1448,1,NULL,'MM/dd/yyyy'),(1342,'03/29/2022',9,274,1448,1,NULL,'MM/dd/yyyy'),(1343,'03/30/2022',9,275,1448,1,NULL,'MM/dd/yyyy'),(1344,'04/01/2022',9,276,1448,1,NULL,'MM/dd/yyyy'),(1345,'04/05/2022',9,277,1448,1,NULL,'MM/dd/yyyy'),(1346,'04/06/2022',9,278,1448,1,NULL,'MM/dd/yyyy'),(1347,'04/07/2022',9,279,1448,1,NULL,'MM/dd/yyyy'),(1348,'04/14/2022',9,280,1448,1,NULL,'MM/dd/yyyy'),(1349,'04/18/2022',9,281,1448,1,NULL,'MM/dd/yyyy'),(1350,'04/26/2022',9,282,1448,1,NULL,'MM/dd/yyyy'),(1351,'04/29/2022',9,283,1448,1,NULL,'MM/dd/yyyy'),(1352,'05/03/2022',9,284,1448,1,NULL,'MM/dd/yyyy'),(1353,'05/04/2022',9,285,1448,1,NULL,'MM/dd/yyyy'),(1354,'05/04/2022',9,286,1448,1,NULL,'MM/dd/yyyy'),(1355,'05/05/2022',9,287,1448,1,NULL,'MM/dd/yyyy'),(1356,'05/06/2022',9,288,1448,1,NULL,'MM/dd/yyyy'),(1357,'05/09/2022',9,289,1448,1,NULL,'MM/dd/yyyy'),(1358,'05/13/2022',9,290,1448,1,NULL,'MM/dd/yyyy'),(1359,'05/16/2022',9,291,1448,1,NULL,'MM/dd/yyyy'),(1360,'05/17/2022',9,292,1448,1,NULL,'MM/dd/yyyy'),(1361,'05/23/2022',9,293,1448,1,NULL,'MM/dd/yyyy'),(1362,'05/27/2022',9,294,1448,1,NULL,'MM/dd/yyyy'),(1363,'05/31/2022',9,295,1448,1,NULL,'MM/dd/yyyy'),(1364,'06/03/2022',9,296,1448,1,NULL,'MM/dd/yyyy'),(1365,'06/07/2022',9,297,1448,1,NULL,'MM/dd/yyyy'),(1366,'06/08/2022',9,298,1448,1,NULL,'MM/dd/yyyy'),(1367,'06/09/2022',9,299,1448,1,NULL,'MM/dd/yyyy'),(1368,'06/10/2022',9,300,1448,1,NULL,'MM/dd/yyyy'),(1369,'06/13/2022',9,301,1448,1,NULL,'MM/dd/yyyy'),(1370,'06/14/2022',9,302,1448,1,NULL,'MM/dd/yyyy'),(1371,'06/15/2022',9,303,1448,1,NULL,'MM/dd/yyyy'),(1372,'06/16/2022',9,304,1448,1,NULL,'MM/dd/yyyy'),(1373,'06/17/2022',9,305,1448,1,NULL,'MM/dd/yyyy'),(1374,'06/20/2022',9,306,1448,1,NULL,'MM/dd/yyyy'),(1375,'06/21/2022',9,307,1448,1,NULL,'MM/dd/yyyy'),(1376,'06/22/2022',9,308,1448,1,NULL,'MM/dd/yyyy'),(1377,'06/23/2022',9,309,1448,1,NULL,'MM/dd/yyyy'),(1378,'06/24/2022',9,310,1448,1,NULL,'MM/dd/yyyy'),(1379,'06/27/2022',9,311,1448,1,NULL,'MM/dd/yyyy'),(1380,'06/28/2022',9,312,1448,1,NULL,'MM/dd/yyyy'),(1381,'07/04/2022',9,313,1448,1,NULL,'MM/dd/yyyy'),(1382,'07/05/2022',9,314,1448,1,NULL,'MM/dd/yyyy'),(1383,'07/11/2022',9,315,1448,1,NULL,'MM/dd/yyyy'),(1384,'07/12/2022',9,316,1448,1,NULL,'MM/dd/yyyy'),(1385,'07/14/2022',9,317,1448,1,NULL,'MM/dd/yyyy'),(1386,'07/15/2022',9,318,1448,1,NULL,'MM/dd/yyyy'),(1387,'07/18/2022',9,319,1448,1,NULL,'MM/dd/yyyy'),(1388,'07/19/2022',9,320,1448,1,NULL,'MM/dd/yyyy'),(1389,'07/21/2022',9,321,1448,1,NULL,'MM/dd/yyyy'),(1390,'07/22/2022',9,322,1448,1,NULL,'MM/dd/yyyy'),(1391,'07/26/2022',9,323,1448,1,NULL,'MM/dd/yyyy'),(1392,'07/26/2022',9,324,1448,1,NULL,'MM/dd/yyyy'),(1393,'07/27/2022',9,325,1448,1,NULL,'MM/dd/yyyy'),(1394,'07/28/2022',9,326,1448,1,NULL,'MM/dd/yyyy'),(1395,'08/03/2022',9,327,1448,1,NULL,'MM/dd/yyyy'),(1396,'08/30/2022',9,328,1448,1,NULL,'MM/dd/yyyy'),(1397,'10/27/2022',9,329,1448,1,NULL,'MM/dd/yyyy'),(1398,'10/28/2022',9,330,1448,1,NULL,'MM/dd/yyyy'),(1399,'10/31/2022',9,331,1448,1,NULL,'MM/dd/yyyy'),(1400,'11/23/2022',9,332,1448,1,NULL,'MM/dd/yyyy'),(1401,'11/28/2022',9,333,1448,1,NULL,'MM/dd/yyyy'),(1402,'11/30/2022',9,334,1448,1,NULL,'MM/dd/yyyy'),(1403,'gomathy',50,335,522,1,NULL,NULL),(1404,'Aswin',50,336,522,1,NULL,NULL),(1405,'04/08/2021 10:10:00',28,337,3,2,NULL,'MM/dd/yyyy HH:mm:ss'),(1406,'04/08/2021 06:06:00',28,338,3,2,NULL,'MM/dd/yyyy HH:mm:ss'),(1407,'gomathy',50,339,522,1,NULL,NULL),(1408,'Aswin',50,340,522,1,NULL,NULL),(1409,'04/08/2021 10:10:00',28,341,3,2,NULL,'MM/dd/yyyy HH:mm:ss'),(1410,'04/08/2021 06:06:00',28,342,3,2,NULL,'MM/dd/yyyy HH:mm:ss'),(1411,'yuvaraj',1,343,522,1,NULL,NULL),(1412,'yuvaraj',1,344,522,1,NULL,NULL),(1413,'yuvaraj',1,345,522,1,NULL,NULL),(1414,'01/09/2023',9,346,1448,1,NULL,'MM/dd/yyyy'),(1415,'ana',2,347,522,1,NULL,NULL),(1416,'ana',2,348,522,1,NULL,NULL),(1422,'ana',2,354,522,1,NULL,NULL),(1423,'ana',2,355,522,1,NULL,NULL),(1426,'ana',2,358,522,1,NULL,NULL),(1427,'ana',2,359,522,1,NULL,NULL),(1430,'ana',2,362,522,1,NULL,NULL),(1431,'ana',2,363,522,1,NULL,NULL),(1432,'01/31/2023',9,364,1448,1,NULL,'MM/dd/yyyy'),(1433,'02/01/2023',9,365,1448,1,NULL,'MM/dd/yyyy'),(1434,'02/06/2023',9,366,1448,1,NULL,'MM/dd/yyyy'),(1435,'02/07/2023',9,367,1448,1,NULL,'MM/dd/yyyy'),(1436,'02/16/2023',9,368,1448,1,NULL,'MM/dd/yyyy'),(1437,'02/23/2023',9,369,1448,1,NULL,'MM/dd/yyyy'),(1438,'327',64,370,1460,1,NULL,NULL),(1439,'327',64,371,1460,1,NULL,NULL),(1440,'bala',1,371,522,1,NULL,NULL),(1441,'327',64,372,1460,1,NULL,NULL),(1442,'bala',1,372,522,1,NULL,NULL),(1443,'326',64,373,1460,1,NULL,NULL),(1444,'327',64,374,1460,1,NULL,NULL),(1445,'bala',1,374,522,1,NULL,NULL),(1446,'326',64,375,1460,1,NULL,NULL),(1447,'327',64,376,1460,1,NULL,NULL),(1448,'326',64,377,1460,1,NULL,NULL),(1449,'327',64,378,1460,1,NULL,NULL),(1450,'113',64,379,526,1,NULL,NULL),(1451,'chennai',1,380,540,1,NULL,NULL),(1452,'ana',2,381,1346,1,NULL,NULL);
/*!40000 ALTER TABLE `RULE_ENTITY` ENABLE KEYS */;
UNLOCK TABLES;

--
-- Table structure for table `RULE_ENTITY_ACTION`
--

DROP TABLE IF EXISTS `RULE_ENTITY_ACTION`;
/*!40101 SET @saved_cs_client     = @@character_set_client */;
/*!50503 SET character_set_client = utf8mb4 */;
CREATE TABLE `RULE_ENTITY_ACTION` (
  `ENTITY_ACTION_ID` int NOT NULL AUTO_INCREMENT,
  `CONDITION_ID` int NOT NULL,
  `GROUP_ID` int NOT NULL,
  `COLUMN_VALUE` varchar(100) DEFAULT NULL,
  `META_ID` int NOT NULL,
  `DATE_FORMAT` varchar(45) DEFAULT NULL,
  `FIELD_TYPE` int NOT NULL,
  `AGGREGATION_TYPE` varchar(45) DEFAULT NULL,
  PRIMARY KEY (`ENTITY_ACTION_ID`),
  KEY `FK_CONDITION_idx` (`CONDITION_ID`),
  KEY `FK_RULEGROUP_idx` (`GROUP_ID`),
  CONSTRAINT `FK_CONDITION` FOREIGN KEY (`CONDITION_ID`) REFERENCES `COLUMN_CONDITION` (`COLUMN_CONDITION_ID`),
  CONSTRAINT `FK_RULEGROUP` FOREIGN KEY (`GROUP_ID`) REFERENCES `RULE_GROUP_ACTION` (`GROUP_ACTION_ID`)
) ENGINE=InnoDB DEFAULT CHARSET=utf8mb4 COLLATE=utf8mb4_0900_ai_ci;
/*!40101 SET character_set_client = @saved_cs_client */;

--
-- Dumping data for table `RULE_ENTITY_ACTION`
--

LOCK TABLES `RULE_ENTITY_ACTION` WRITE;
/*!40000 ALTER TABLE `RULE_ENTITY_ACTION` DISABLE KEYS */;
/*!40000 ALTER TABLE `RULE_ENTITY_ACTION` ENABLE KEYS */;
UNLOCK TABLES;

--
-- Table structure for table `RULE_GROUP`
--

DROP TABLE IF EXISTS `RULE_GROUP`;
/*!40101 SET @saved_cs_client     = @@character_set_client */;
/*!50503 SET character_set_client = utf8mb4 */;
CREATE TABLE `RULE_GROUP` (
  `GROUP_ID` int NOT NULL AUTO_INCREMENT,
  `IS_DELETED` tinyint DEFAULT NULL,
  `OPERATOR` varchar(10) NOT NULL,
  `PARENT_GROUP_ID` int DEFAULT NULL,
  PRIMARY KEY (`GROUP_ID`),
  KEY `FK_kiyhq18wx4m3fsgriplprygv5` (`PARENT_GROUP_ID`),
  CONSTRAINT `FK_kiyhq18wx4m3fsgriplprygv5` FOREIGN KEY (`PARENT_GROUP_ID`) REFERENCES `RULE_GROUP` (`GROUP_ID`)
) ENGINE=InnoDB AUTO_INCREMENT=382 DEFAULT CHARSET=latin1;
/*!40101 SET character_set_client = @saved_cs_client */;

--
-- Dumping data for table `RULE_GROUP`
--

LOCK TABLES `RULE_GROUP` WRITE;
/*!40000 ALTER TABLE `RULE_GROUP` DISABLE KEYS */;
INSERT INTO `RULE_GROUP` VALUES (1,0,'AND',1),(2,0,'AND',2),(3,1,'AND',3),(4,1,'OR',4),(5,1,'AND',5),(6,1,'OR',6),(7,1,'AND',7),(8,1,'OR',8),(9,1,'AND',9),(10,1,'OR',10),(11,1,'AND',11),(12,1,'AND',12),(13,0,'AND',13),(14,0,'AND',14),(15,0,'AND',15),(16,0,'AND',16),(17,0,'AND',17),(18,1,'AND',18),(19,0,'AND',19),(20,1,'AND',20),(21,1,'AND',21),(22,0,'AND',22),(23,0,'AND',23),(24,0,'AND',24),(25,1,'AND',25),(26,1,'AND',26),(27,0,'AND',27),(28,1,'AND',28),(29,1,'AND',29),(30,0,'AND',30),(31,1,'AND',31),(32,1,'AND',32),(33,0,'AND',33),(34,0,'AND',34),(35,0,'AND',35),(36,0,'AND',36),(37,0,'AND',37),(38,0,'AND',38),(39,0,'AND',39),(40,0,'AND',40),(41,0,'AND',41),(42,0,'AND',42),(43,1,'AND',43),(44,0,'AND',44),(45,0,'AND',45),(46,0,'AND',46),(47,0,'AND',47),(48,0,'AND',48),(49,0,'AND',49),(50,1,'AND',50),(51,0,'AND',51),(52,0,'AND',52),(53,0,'AND',53),(54,1,'AND',54),(55,0,'AND',55),(56,0,'OR',56),(57,0,'AND',57),(58,1,'AND',58),(59,1,'AND',59),(60,1,'AND',60),(61,1,'AND',61),(62,1,'AND',62),(63,0,'AND',63),(64,0,'AND',64),(65,0,'AND',65),(66,0,'AND',66),(67,0,'AND',67),(68,0,'AND',68),(69,0,'AND',69),(70,0,'AND',70),(71,1,'OR',71),(72,1,'AND',71),(73,1,'AND',71),(74,0,'OR',74),(75,0,'AND',74),(76,0,'AND',74),(77,1,'AND',77),(78,1,'AND',78),(79,1,'AND',79),(80,0,'AND',80),(81,1,'AND',81),(82,1,'AND',82),(84,0,'AND',84),(86,0,'AND',86),(87,0,'AND',87),(88,1,'AND',88),(89,0,'AND',89),(90,0,'AND',90),(91,0,'AND',91),(92,0,'AND',92),(93,1,'AND',93),(94,0,'AND',94),(95,0,'AND',95),(96,0,'AND',96),(97,1,'AND',97),(98,0,'AND',98),(99,0,'AND',99),(100,0,'AND',100),(101,0,'AND',101),(102,0,'AND',102),(103,1,'AND',103),(104,0,'AND',104),(105,1,'AND',105),(106,1,'AND',106),(107,1,'AND',107),(108,1,'AND',108),(109,1,'AND',109),(110,1,'AND',110),(111,0,'AND',111),(112,1,'AND',112),(113,1,'AND',113),(114,1,'AND',114),(115,1,'AND',115),(116,1,'AND',116),(117,1,'AND',117),(118,0,'AND',118),(119,0,'AND',119),(120,0,'AND',120),(121,0,'AND',121),(122,0,'AND',122),(123,0,'AND',123),(124,0,'AND',124),(125,0,'AND',125),(126,0,'AND',126),(127,0,'AND',127),(128,0,'AND',127),(129,0,'AND',129),(130,0,'AND',130),(131,0,'AND',131),(132,0,'AND',132),(133,0,'AND',133),(134,1,'AND',134),(135,1,'AND',135),(136,1,'AND',136),(137,1,'AND',137),(138,1,'AND',138),(139,1,'AND',139),(140,0,'AND',140),(141,0,'AND',141),(142,0,'AND',142),(145,0,'AND',145),(148,0,'AND',148),(151,1,'AND',151),(152,1,'AND',152),(153,1,'AND',153),(154,1,'AND',154),(155,0,'AND',155),(156,0,'AND',156),(158,1,'AND',158),(159,0,'AND',159),(160,0,'AND',160),(161,0,'AND',161),(162,1,'AND',162),(163,0,'AND',163),(164,0,'AND',164),(165,0,'AND',165),(166,0,'AND',166),(167,0,'AND',167),(168,0,'AND',168),(169,0,'OR',169),(170,0,'AND',170),(171,0,'AND',171),(172,0,'AND',172),(173,0,'AND',173),(177,0,'AND',177),(178,0,'AND',178),(179,0,'AND',179),(180,0,'AND',180),(181,0,'AND',181),(182,0,'AND',182),(183,0,'AND',183),(184,0,'AND',184),(185,0,'AND',185),(186,0,'AND',186),(187,0,'AND',187),(188,0,'AND',188),(189,0,'AND',189),(190,0,'AND',190),(191,0,'AND',191),(192,0,'AND',192),(193,0,'AND',193),(194,0,'AND',194),(195,0,'AND',195),(196,0,'AND',196),(197,0,'AND',197),(198,0,'AND',197),(199,0,'AND',199),(200,0,'AND',200),(201,0,'AND',200),(202,0,'AND',202),(203,0,'AND',202),(204,0,'AND',204),(205,0,'AND',204),(206,0,'AND',206),(207,0,'AND',206),(208,1,'AND',208),(209,0,'AND',209),(210,0,'AND',210),(211,0,'AND',211),(212,0,'OR',212),(213,0,'OR',213),(214,0,'OR',214),(215,0,'OR',215),(216,0,'OR',216),(217,0,'OR',217),(218,0,'OR',218),(219,0,'OR',219),(220,0,'OR',220),(221,0,'OR',221),(222,0,'OR',222),(223,0,'OR',223),(224,0,'OR',224),(225,0,'OR',225),(226,0,'OR',226),(227,0,'OR',227),(228,0,'OR',228),(229,0,'OR',229),(230,0,'OR',230),(231,0,'OR',231),(232,0,'OR',232),(233,0,'OR',233),(234,0,'OR',234),(235,0,'OR',235),(236,0,'OR',236),(237,0,'OR',237),(238,0,'OR',238),(239,0,'OR',239),(240,0,'OR',240),(241,0,'OR',241),(242,0,'OR',242),(243,0,'OR',243),(244,0,'OR',244),(245,0,'OR',245),(246,0,'OR',246),(247,0,'OR',247),(248,0,'OR',248),(249,0,'OR',249),(250,0,'OR',250),(251,0,'OR',251),(252,0,'OR',252),(253,0,'OR',253),(254,0,'OR',254),(255,0,'AND',255),(256,0,'OR',256),(257,0,'AND',257),(258,0,'AND',258),(259,0,'AND',259),(260,0,'AND',260),(261,0,'AND',261),(262,0,'AND',262),(263,0,'AND',263),(264,0,'AND',264),(265,0,'AND',265),(266,0,'AND',266),(267,0,'AND',267),(268,0,'AND',268),(269,0,'AND',269),(270,0,'AND',270),(271,0,'AND',271),(272,0,'AND',272),(273,0,'AND',273),(274,0,'AND',274),(275,0,'AND',275),(276,0,'AND',276),(277,0,'AND',277),(278,0,'AND',278),(279,0,'AND',279),(280,0,'AND',280),(281,0,'AND',281),(282,0,'AND',282),(283,0,'AND',283),(284,0,'AND',284),(285,0,'AND',285),(286,0,'AND',286),(287,0,'AND',287),(288,0,'AND',288),(289,0,'AND',289),(290,0,'AND',290),(291,0,'AND',291),(292,0,'AND',292),(293,0,'AND',293),(294,0,'AND',294),(295,0,'AND',295),(296,0,'AND',296),(297,0,'AND',297),(298,0,'AND',298),(299,0,'AND',299),(300,0,'AND',300),(301,0,'AND',301),(302,0,'AND',302),(303,0,'AND',303),(304,0,'AND',304),(305,0,'AND',305),(306,0,'AND',306),(307,0,'AND',307),(308,0,'AND',308),(309,0,'AND',309),(310,0,'AND',310),(311,0,'AND',311),(312,0,'AND',312),(313,0,'AND',313),(314,0,'AND',314),(315,0,'AND',315),(316,0,'AND',316),(317,0,'AND',317),(318,0,'AND',318),(319,0,'AND',319),(320,0,'AND',320),(321,0,'AND',321),(322,0,'AND',322),(323,0,'AND',323),(324,0,'AND',324),(325,0,'AND',325),(326,0,'AND',326),(327,0,'AND',327),(328,0,'AND',328),(329,0,'AND',329),(330,0,'AND',330),(331,0,'AND',331),(332,0,'AND',332),(333,0,'AND',333),(334,0,'AND',334),(335,0,'AND',335),(336,0,'AND',336),(337,0,'AND',337),(338,0,'AND',338),(339,0,'AND',339),(340,0,'AND',340),(341,0,'AND',341),(342,0,'AND',342),(343,0,'AND',343),(344,0,'AND',344),(345,0,'AND',345),(346,0,'AND',346),(347,0,'AND',347),(348,0,'AND',348),(354,0,'AND',354),(355,0,'AND',355),(358,0,'AND',358),(359,0,'AND',359),(362,0,'AND',362),(363,0,'AND',363),(364,0,'AND',364),(365,0,'AND',365),(366,0,'AND',366),(367,0,'AND',367),(368,0,'AND',368),(369,0,'AND',369),(370,0,'AND',370),(371,0,'AND',371),(372,0,'AND',372),(373,0,'AND',372),(374,0,'OR',374),(375,0,'AND',374),(376,0,'OR',376),(377,0,'AND',376),(378,0,'AND',376),(379,0,'OR',379),(380,0,'AND',380),(381,0,'AND',381);
/*!40000 ALTER TABLE `RULE_GROUP` ENABLE KEYS */;
UNLOCK TABLES;

--
-- Table structure for table `RULE_GROUP_ACTION`
--

DROP TABLE IF EXISTS `RULE_GROUP_ACTION`;
/*!40101 SET @saved_cs_client     = @@character_set_client */;
/*!50503 SET character_set_client = utf8mb4 */;
CREATE TABLE `RULE_GROUP_ACTION` (
  `GROUP_ACTION_ID` int NOT NULL AUTO_INCREMENT,
  `PARENT_GROUP_ID` int DEFAULT NULL,
  `OPERATOR` varchar(10) NOT NULL,
  `ISDELETED` tinyint(1) DEFAULT NULL,
  PRIMARY KEY (`GROUP_ACTION_ID`)
) ENGINE=InnoDB DEFAULT CHARSET=utf8mb4 COLLATE=utf8mb4_0900_ai_ci;
/*!40101 SET character_set_client = @saved_cs_client */;

--
-- Dumping data for table `RULE_GROUP_ACTION`
--

LOCK TABLES `RULE_GROUP_ACTION` WRITE;
/*!40000 ALTER TABLE `RULE_GROUP_ACTION` DISABLE KEYS */;
/*!40000 ALTER TABLE `RULE_GROUP_ACTION` ENABLE KEYS */;
UNLOCK TABLES;

--
-- Table structure for table `RULE_IMAGE_MAP`
--

DROP TABLE IF EXISTS `RULE_IMAGE_MAP`;
/*!40101 SET @saved_cs_client     = @@character_set_client */;
/*!50503 SET character_set_client = utf8mb4 */;
CREATE TABLE `RULE_IMAGE_MAP` (
  `ID` int NOT NULL AUTO_INCREMENT,
  `DYNAMIC_IMAGE_ID` int NOT NULL,
  `RULE_ID` int DEFAULT NULL,
  `IMAGE_ID` varchar(150) NOT NULL,
  `PRIORITY` int NOT NULL,
  `IS_DELETED` tinyint(1) NOT NULL DEFAULT '0',
  PRIMARY KEY (`ID`),
  KEY `fk_rimDIM` (`DYNAMIC_IMAGE_ID`),
  KEY `fk_rimRuleMaster` (`RULE_ID`),
  CONSTRAINT `fk_ rimRuleMaster` FOREIGN KEY (`RULE_ID`) REFERENCES `RULE_MASTER` (`RULE_MASTER_ID`),
  CONSTRAINT `fk_rimDIM` FOREIGN KEY (`DYNAMIC_IMAGE_ID`) REFERENCES `DYNAMIC_IMAGE_MASTER` (`ID`)
) ENGINE=InnoDB AUTO_INCREMENT=102 DEFAULT CHARSET=latin1;
/*!40101 SET character_set_client = @saved_cs_client */;

--
-- Dumping data for table `RULE_IMAGE_MAP`
--

LOCK TABLES `RULE_IMAGE_MAP` WRITE;
/*!40000 ALTER TABLE `RULE_IMAGE_MAP` DISABLE KEYS */;
/*!40000 ALTER TABLE `RULE_IMAGE_MAP` ENABLE KEYS */;
UNLOCK TABLES;

--
-- Table structure for table `RULE_MASTER`
--

DROP TABLE IF EXISTS `RULE_MASTER`;
/*!40101 SET @saved_cs_client     = @@character_set_client */;
/*!50503 SET character_set_client = utf8mb4 */;
CREATE TABLE `RULE_MASTER` (
  `RULE_MASTER_ID` int NOT NULL AUTO_INCREMENT,
  `CREATION_DATE` datetime NOT NULL,
  `HEAD_GROUP_ID` int DEFAULT NULL,
  `LIST_ID` int NOT NULL,
  `IS_DELETED` tinyint(1) NOT NULL DEFAULT '0',
  `GROUP_NAME` varchar(255) DEFAULT NULL,
  `IS_CLONED` tinyint(1) DEFAULT '0',
  `BUSINESS_HIERARCHY_ID` int DEFAULT NULL,
  PRIMARY KEY (`RULE_MASTER_ID`),
  KEY `FK_ipcyegx1e1q3w70pmf1fctsw5` (`HEAD_GROUP_ID`),
  KEY `FK_33suqkvvssc1k908j4bcviste` (`LIST_ID`),
  CONSTRAINT `FK_33suqkvvssc1k908j4bcviste` FOREIGN KEY (`LIST_ID`) REFERENCES `SUB_LIST` (`LIST_ID`),
  CONSTRAINT `FK_ipcyegx1e1q3w70pmf1fctsw5` FOREIGN KEY (`HEAD_GROUP_ID`) REFERENCES `RULE_GROUP` (`GROUP_ID`)
) ENGINE=InnoDB AUTO_INCREMENT=471 DEFAULT CHARSET=latin1;
/*!40101 SET character_set_client = @saved_cs_client */;

--
-- Dumping data for table `RULE_MASTER`
--

LOCK TABLES `RULE_MASTER` WRITE;
/*!40000 ALTER TABLE `RULE_MASTER` DISABLE KEYS */;
/*!40000 ALTER TABLE `RULE_MASTER` ENABLE KEYS */;
UNLOCK TABLES;

--
-- Table structure for table `RULE_MASTER_ACTION`
--

DROP TABLE IF EXISTS `RULE_MASTER_ACTION`;
/*!40101 SET @saved_cs_client     = @@character_set_client */;
/*!50503 SET character_set_client = utf8mb4 */;
CREATE TABLE `RULE_MASTER_ACTION` (
  `RULE_MASTER_ACTION_ID` int NOT NULL AUTO_INCREMENT,
  `LIST_ID` int NOT NULL,
  `GROUP_NAME` varchar(255) DEFAULT NULL,
  `BUSINESS_HIERARCHY_ID` int DEFAULT NULL,
  `IS_DISABLED` tinyint(1) DEFAULT '0',
  `HEAD_GROUP_ACTION_ID` int DEFAULT NULL,
  `IS_DELETED` tinyint(1) DEFAULT '0',
  `CREATION_DATE` datetime NOT NULL,
  `PAGE_ID` varchar(45) DEFAULT NULL,
  `IS_FRONTEND` tinyint(1) NOT NULL DEFAULT '0',
  PRIMARY KEY (`RULE_MASTER_ACTION_ID`),
  KEY `FK_sublist_idx` (`LIST_ID`),
  KEY `FK_group_idx` (`HEAD_GROUP_ACTION_ID`),
  CONSTRAINT `FK_group` FOREIGN KEY (`HEAD_GROUP_ACTION_ID`) REFERENCES `RULE_GROUP_ACTION` (`GROUP_ACTION_ID`),
  CONSTRAINT `FK_sublist` FOREIGN KEY (`LIST_ID`) REFERENCES `SUB_LIST` (`LIST_ID`)
) ENGINE=InnoDB DEFAULT CHARSET=utf8mb4 COLLATE=utf8mb4_0900_ai_ci;
/*!40101 SET character_set_client = @saved_cs_client */;

--
-- Dumping data for table `RULE_MASTER_ACTION`
--

LOCK TABLES `RULE_MASTER_ACTION` WRITE;
/*!40000 ALTER TABLE `RULE_MASTER_ACTION` DISABLE KEYS */;
/*!40000 ALTER TABLE `RULE_MASTER_ACTION` ENABLE KEYS */;
UNLOCK TABLES;

--
-- Table structure for table `SCHEDULAR`
--

DROP TABLE IF EXISTS `SCHEDULAR`;
/*!40101 SET @saved_cs_client     = @@character_set_client */;
/*!50503 SET character_set_client = utf8mb4 */;
CREATE TABLE `SCHEDULAR` (
  `SCHEDULAR_ID` int NOT NULL AUTO_INCREMENT,
  `USER_ID` int NOT NULL,
  `START_DATE` datetime DEFAULT NULL,
  `SCHEDULAR_TYPE` int NOT NULL COMMENT 'Schedule Type can be following\n1 - HOURLY\n2 - DAILY\n3 - WEEKLY\n4 - MONTHLY\n5 - YEARLY',
  `REPEAT_INTERVAL` int DEFAULT NULL COMMENT 'If schedule type is 3 (WEEKLY),\nThe value will be HEXADECIMAL value which is BIT-AND of any 7 bit value provided below\n1 ',
  `REPEAT_ON` int DEFAULT NULL,
  `END_TYPE` int NOT NULL,
  `END_OCCURENCES_LIMIT` int DEFAULT NULL,
  `END_DATE` datetime DEFAULT NULL,
  `SCHEDULAR_NAME` varchar(200) NOT NULL,
  `SCHEDULAR_RUN_TYPE` int NOT NULL DEFAULT '1',
  `CREATION_DATE` datetime NOT NULL,
  `IS_DELETED` tinyint(1) NOT NULL DEFAULT '0',
  `SCHEDULED_BY` int NOT NULL DEFAULT '1',
  PRIMARY KEY (`SCHEDULAR_ID`),
  KEY `fk_USER_ID_1_idx` (`USER_ID`),
  KEY `fk_REPEAT_ON_1_idx` (`REPEAT_ON`),
  CONSTRAINT `fk_REPEAT_ON_1` FOREIGN KEY (`REPEAT_ON`) REFERENCES `JOB_REPEAT_ON` (`JOB_REPEAT_ON_ID`),
  CONSTRAINT `fk_USER_ID_1` FOREIGN KEY (`USER_ID`) REFERENCES `APP_USER` (`USER_ID`)
) ENGINE=InnoDB AUTO_INCREMENT=1480 DEFAULT CHARSET=latin1;
/*!40101 SET character_set_client = @saved_cs_client */;

--
-- Dumping data for table `SCHEDULAR`
--

LOCK TABLES `SCHEDULAR` WRITE;
/*!40000 ALTER TABLE `SCHEDULAR` DISABLE KEYS */;
INSERT INTO `SCHEDULAR` VALUES (725,149,'2023-12-18 01:34:16',1,1,959,3,NULL,NULL,'PTCFORCE_UPDATE',1,'2023-12-18 00:34:16',0,1),(726,150,'2023-12-18 01:35:13',1,1,960,3,NULL,NULL,'PTCAdminUserFORCE_UPDATE',1,'2023-12-18 00:35:13',0,1),(727,149,'2023-12-18 16:17:25',1,1,961,3,NULL,NULL,'PTCFORCE_UPDATE',1,'2023-12-18 15:17:25',0,1),(728,149,'2023-12-18 17:24:54',1,1,962,3,NULL,NULL,'PTCFORCE_UPDATE',1,'2023-12-18 16:24:54',0,1),(729,149,'2023-12-18 19:33:28',1,1,963,3,NULL,NULL,'PTCFORCE_UPDATE',1,'2023-12-18 18:33:28',0,1),(730,150,'2023-12-18 21:14:08',1,1,964,3,NULL,NULL,'PTCAdminUserFORCE_UPDATE',1,'2023-12-18 20:14:08',0,1),(731,149,'2023-12-18 23:21:17',1,1,965,3,NULL,NULL,'PTCFORCE_UPDATE',1,'2023-12-18 22:21:17',0,1),(732,149,'2023-12-19 01:16:21',1,1,966,3,NULL,NULL,'PTCFORCE_UPDATE',1,'2023-12-19 00:16:21',0,1),(733,149,'2023-12-19 01:17:54',1,1,967,3,NULL,NULL,'PTCFORCE_UPDATE',1,'2023-12-19 00:17:54',0,1),(734,149,'2023-12-19 04:21:40',1,1,968,3,NULL,NULL,'PTCFORCE_UPDATE',1,'2023-12-19 03:21:40',0,1),(735,149,'2023-12-19 04:25:46',1,1,969,3,NULL,NULL,'PTCFORCE_UPDATE',1,'2023-12-19 03:25:46',0,1),(736,149,'2023-12-19 08:13:30',1,1,970,3,NULL,NULL,'PTCFORCE_UPDATE',1,'2023-12-19 07:13:30',0,1),(737,149,'2023-12-20 08:57:07',1,1,971,3,NULL,NULL,'PTCFORCE_UPDATE',1,'2023-12-20 07:57:07',0,1),(738,149,'2023-12-20 21:37:19',1,1,972,3,NULL,NULL,'PTCFORCE_UPDATE',1,'2023-12-20 20:37:19',0,1),(739,149,'2023-12-21 08:16:31',1,1,973,3,NULL,NULL,'PTCFORCE_UPDATE',1,'2023-12-21 07:16:31',0,1),(740,149,'2023-12-21 08:18:02',1,1,974,3,NULL,NULL,'PTCFORCE_UPDATE',1,'2023-12-21 07:18:02',0,1),(741,149,'2023-12-21 08:24:31',1,1,975,3,NULL,NULL,'PTCFORCE_UPDATE',1,'2023-12-21 07:24:31',0,1),(742,149,'2023-12-21 23:48:20',1,1,976,3,NULL,NULL,'PTCFORCE_UPDATE',1,'2023-12-21 22:48:20',0,1),(743,150,'2023-12-21 23:50:46',1,1,977,3,NULL,NULL,'PTCAdminUserFORCE_UPDATE',1,'2023-12-21 22:50:46',0,1),(744,150,'2023-12-22 03:07:57',1,1,978,3,NULL,NULL,'PTCAdminUserFORCE_UPDATE',1,'2023-12-22 02:07:57',0,1),(745,150,'2023-12-22 06:05:36',1,1,979,3,NULL,NULL,'PTCAdminUserFORCE_UPDATE',1,'2023-12-22 05:05:36',0,1),(746,150,'2023-12-22 06:22:28',1,1,980,3,NULL,NULL,'PTCAdminUserFORCE_UPDATE',1,'2023-12-22 05:22:28',0,1),(747,150,'2023-12-22 09:42:26',1,1,981,3,NULL,NULL,'PTCAdminUserFORCE_UPDATE',1,'2023-12-22 08:42:26',0,1),(748,149,'2023-12-23 14:41:31',1,1,982,3,NULL,NULL,'PTCFORCE_UPDATE',1,'2023-12-23 04:41:31',0,1),(749,149,'2023-12-23 15:11:46',1,1,983,3,NULL,NULL,'PTCFORCE_UPDATE',1,'2023-12-23 05:11:46',0,1),(750,149,'2023-12-23 15:23:03',1,1,984,3,NULL,NULL,'PTCFORCE_UPDATE',1,'2023-12-23 05:23:03',0,1),(751,149,'2023-12-23 15:47:12',1,1,985,3,NULL,NULL,'PTCFORCE_UPDATE',1,'2023-12-23 05:47:12',0,1),(752,149,'2023-12-23 16:13:11',1,1,986,3,NULL,NULL,'PTCFORCE_UPDATE',1,'2023-12-23 06:13:11',0,1),(753,149,'2023-12-24 06:14:43',1,1,987,3,NULL,NULL,'PTCFORCE_UPDATE',1,'2023-12-23 20:14:43',0,1),(754,149,'2023-12-24 06:16:31',1,1,988,3,NULL,NULL,'PTCFORCE_UPDATE',1,'2023-12-23 20:16:31',0,1),(755,149,'2023-12-24 06:17:46',1,1,989,3,NULL,NULL,'PTCFORCE_UPDATE',1,'2023-12-23 20:17:46',0,1),(756,149,'2023-12-24 07:32:27',1,1,990,3,NULL,NULL,'PTCFORCE_UPDATE',1,'2023-12-23 21:32:27',0,1),(757,149,'2023-12-24 07:35:23',1,1,991,3,NULL,NULL,'PTCFORCE_UPDATE',1,'2023-12-23 21:35:23',0,1),(758,149,'2023-12-24 07:35:34',1,1,992,3,NULL,NULL,'PTCFORCE_UPDATE',1,'2023-12-23 21:35:34',0,1),(759,149,'2023-12-24 07:35:45',1,1,993,3,NULL,NULL,'PTCFORCE_UPDATE',1,'2023-12-23 21:35:45',0,1),(760,149,'2023-12-24 07:36:47',1,1,994,3,NULL,NULL,'PTCFORCE_UPDATE',1,'2023-12-23 21:36:47',0,1),(761,149,'2023-12-24 07:40:12',1,1,995,3,NULL,NULL,'PTCFORCE_UPDATE',1,'2023-12-23 21:40:12',0,1),(762,149,'2023-12-24 08:25:48',1,1,996,3,NULL,NULL,'PTCFORCE_UPDATE',1,'2023-12-23 22:25:48',0,1),(763,149,'2023-12-25 02:43:05',1,1,997,3,NULL,NULL,'PTCFORCE_UPDATE',1,'2023-12-24 16:43:05',0,1),(764,149,'2023-12-25 06:59:30',1,1,998,3,NULL,NULL,'PTCFORCE_UPDATE',1,'2023-12-24 20:59:30',0,1),(765,149,'2023-12-25 07:28:25',1,1,999,3,NULL,NULL,'PTCFORCE_UPDATE',1,'2023-12-24 21:28:25',0,1),(766,149,'2023-12-25 07:33:44',1,1,1000,3,NULL,NULL,'PTCFORCE_UPDATE',1,'2023-12-24 21:33:44',0,1),(767,149,'2023-12-25 07:36:03',1,1,1001,3,NULL,NULL,'PTCFORCE_UPDATE',1,'2023-12-24 21:36:03',0,1),(768,149,'2023-12-25 08:36:02',1,1,1002,3,NULL,NULL,'PTCFORCE_UPDATE',1,'2023-12-24 22:36:02',0,1),(769,149,'2023-12-25 09:06:19',1,1,1003,3,NULL,NULL,'PTCFORCE_UPDATE',1,'2023-12-24 23:06:19',0,1),(770,149,'2023-12-25 09:30:59',1,1,1004,3,NULL,NULL,'PTCFORCE_UPDATE',1,'2023-12-24 23:30:59',0,1),(771,149,'2023-12-25 09:34:06',1,1,1005,3,NULL,NULL,'PTCFORCE_UPDATE',1,'2023-12-24 23:34:06',0,1),(772,149,'2023-12-25 09:49:16',1,1,1006,3,NULL,NULL,'PTCFORCE_UPDATE',1,'2023-12-24 23:49:16',0,1),(773,149,'2023-12-25 09:58:23',1,1,1007,3,NULL,NULL,'PTCFORCE_UPDATE',1,'2023-12-24 23:58:23',0,1),(774,149,'2023-12-25 13:02:44',1,1,1008,3,NULL,NULL,'PTCFORCE_UPDATE',1,'2023-12-25 03:02:44',0,1),(775,149,'2023-12-26 08:11:08',1,1,1009,3,NULL,NULL,'PTCFORCE_UPDATE',1,'2023-12-25 22:11:08',0,1),(776,149,'2023-12-26 08:12:23',1,1,1010,3,NULL,NULL,'PTCFORCE_UPDATE',1,'2023-12-25 22:12:23',0,1),(777,150,'2023-12-26 08:22:43',1,1,1011,3,NULL,NULL,'PTCAdminUserFORCE_UPDATE',1,'2023-12-25 22:22:43',0,1),(778,150,'2023-12-26 09:04:27',1,1,1012,3,NULL,NULL,'PTCAdminUserFORCE_UPDATE',1,'2023-12-25 23:04:27',0,1),(779,150,'2023-12-26 10:01:47',1,1,1013,3,NULL,NULL,'PTCAdminUserFORCE_UPDATE',1,'2023-12-26 00:01:47',0,1),(780,149,'2023-12-26 11:18:49',1,1,1014,3,NULL,NULL,'PTCFORCE_UPDATE',1,'2023-12-26 01:18:49',0,1),(781,150,'2023-12-26 11:21:57',1,1,1015,3,NULL,NULL,'PTCAdminUserFORCE_UPDATE',1,'2023-12-26 01:21:57',0,1),(782,150,'2023-12-26 14:48:30',1,1,1016,3,NULL,NULL,'PTCAdminUserFORCE_UPDATE',1,'2023-12-26 04:48:30',0,1),(783,150,'2023-12-26 15:34:41',1,1,1017,3,NULL,NULL,'PTCAdminUserFORCE_UPDATE',1,'2023-12-26 05:34:41',0,1),(784,149,'2023-12-26 17:25:11',1,1,1018,3,NULL,NULL,'PTCFORCE_UPDATE',1,'2023-12-26 07:25:11',0,1),(785,150,'2023-12-26 17:29:50',1,1,1019,3,NULL,NULL,'PTCAdminUserFORCE_UPDATE',1,'2023-12-26 07:29:50',0,1),(786,150,'2023-12-26 18:43:13',1,1,1020,3,NULL,NULL,'PTCAdminUserFORCE_UPDATE',1,'2023-12-26 08:43:13',0,1),(787,149,'2023-12-26 20:39:16',1,1,1021,3,NULL,NULL,'PTCFORCE_UPDATE',1,'2023-12-26 10:39:16',0,1),(788,149,'2023-12-27 07:06:27',1,1,1022,3,NULL,NULL,'PTCFORCE_UPDATE',1,'2023-12-26 21:06:27',0,1),(789,150,'2023-12-27 08:34:41',1,1,1023,3,NULL,NULL,'PTCAdminUserFORCE_UPDATE',1,'2023-12-26 22:34:41',0,1),(790,149,'2023-12-27 09:00:08',1,1,1024,3,NULL,NULL,'PTCFORCE_UPDATE',1,'2023-12-26 23:00:08',0,1),(791,150,'2023-12-27 09:00:28',1,1,1025,3,NULL,NULL,'PTCAdminUserFORCE_UPDATE',1,'2023-12-26 23:00:28',0,1),(792,150,'2023-12-27 09:02:47',1,1,1026,3,NULL,NULL,'PTCAdminUserFORCE_UPDATE',1,'2023-12-26 23:02:47',0,1),(793,149,'2023-12-27 09:03:17',1,1,1027,3,NULL,NULL,'PTCFORCE_UPDATE',1,'2023-12-26 23:03:17',0,1),(794,149,'2023-12-27 09:17:05',1,1,1028,3,NULL,NULL,'PTCFORCE_UPDATE',1,'2023-12-26 23:17:05',0,1),(795,150,'2023-12-27 10:00:55',1,1,1029,3,NULL,NULL,'PTCAdminUserFORCE_UPDATE',1,'2023-12-27 00:00:55',0,1),(796,150,'2023-12-27 11:13:16',1,1,1030,3,NULL,NULL,'PTCAdminUserFORCE_UPDATE',1,'2023-12-27 01:13:16',0,1),(797,150,'2023-12-27 11:26:29',1,1,1031,3,NULL,NULL,'PTCAdminUserFORCE_UPDATE',1,'2023-12-27 01:26:29',0,1),(798,150,'2023-12-27 11:29:34',1,1,1032,3,NULL,NULL,'PTCAdminUserFORCE_UPDATE',1,'2023-12-27 01:29:34',0,1),(799,150,'2023-12-27 12:09:03',1,1,1033,3,NULL,NULL,'PTCAdminUserFORCE_UPDATE',1,'2023-12-27 02:09:03',0,1),(800,150,'2023-12-27 12:22:35',1,1,1034,3,NULL,NULL,'PTCAdminUserFORCE_UPDATE',1,'2023-12-27 02:22:35',0,1),(801,150,'2023-12-27 12:45:45',1,1,1035,3,NULL,NULL,'PTCAdminUserFORCE_UPDATE',1,'2023-12-27 02:45:45',0,1),(802,150,'2023-12-27 13:57:42',1,1,1036,3,NULL,NULL,'PTCAdminUserFORCE_UPDATE',1,'2023-12-27 03:57:42',0,1),(803,150,'2023-12-27 14:01:06',1,1,1037,3,NULL,NULL,'PTCAdminUserFORCE_UPDATE',1,'2023-12-27 04:01:06',0,1),(804,150,'2023-12-27 14:47:53',1,1,1038,3,NULL,NULL,'PTCAdminUserFORCE_UPDATE',1,'2023-12-27 04:47:53',0,1),(805,150,'2023-12-27 15:26:25',1,1,1039,3,NULL,NULL,'PTCAdminUserFORCE_UPDATE',1,'2023-12-27 05:26:25',0,1),(806,150,'2023-12-27 15:28:08',1,1,1040,3,NULL,NULL,'PTCAdminUserFORCE_UPDATE',1,'2023-12-27 05:28:08',0,1),(807,150,'2023-12-27 15:31:01',1,1,1041,3,NULL,NULL,'PTCAdminUserFORCE_UPDATE',1,'2023-12-27 05:31:01',0,1),(808,150,'2023-12-27 15:31:21',1,1,1042,3,NULL,NULL,'PTCAdminUserFORCE_UPDATE',1,'2023-12-27 05:31:21',0,1),(809,150,'2023-12-27 15:31:33',1,1,1043,3,NULL,NULL,'PTCAdminUserFORCE_UPDATE',1,'2023-12-27 05:31:33',0,1),(810,149,'2023-12-27 16:19:21',1,1,1044,3,NULL,NULL,'PTCFORCE_UPDATE',1,'2023-12-27 06:19:21',0,1),(811,150,'2023-12-27 16:37:37',1,1,1045,3,NULL,NULL,'PTCAdminUserFORCE_UPDATE',1,'2023-12-27 06:37:37',0,1),(812,149,'2023-12-27 17:06:11',1,1,1046,3,NULL,NULL,'PTCFORCE_UPDATE',1,'2023-12-27 07:06:11',0,1),(813,150,'2023-12-27 17:35:54',1,1,1047,3,NULL,NULL,'PTCAdminUserFORCE_UPDATE',1,'2023-12-27 07:35:54',0,1),(814,149,'2023-12-27 17:45:23',1,1,1048,3,NULL,NULL,'PTCFORCE_UPDATE',1,'2023-12-27 07:45:23',0,1),(815,150,'2023-12-27 17:45:24',1,1,1049,3,NULL,NULL,'PTCAdminUserFORCE_UPDATE',1,'2023-12-27 07:45:24',0,1),(816,150,'2023-12-27 19:29:22',1,1,1050,3,NULL,NULL,'PTCAdminUserFORCE_UPDATE',1,'2023-12-27 09:29:22',0,1),(817,149,'2023-12-27 21:10:55',1,1,1051,3,NULL,NULL,'PTCFORCE_UPDATE',1,'2023-12-27 11:10:55',0,1),(818,150,'2023-12-27 21:12:00',1,1,1052,3,NULL,NULL,'PTCAdminUserFORCE_UPDATE',1,'2023-12-27 11:12:00',0,1),(819,149,'2023-12-27 22:40:32',1,1,1053,3,NULL,NULL,'PTCFORCE_UPDATE',1,'2023-12-27 12:40:32',0,1),(820,150,'2023-12-27 22:42:18',1,1,1054,3,NULL,NULL,'PTCAdminUserFORCE_UPDATE',1,'2023-12-27 12:42:18',0,1),(821,150,'2023-12-28 00:18:52',1,1,1055,3,NULL,NULL,'PTCAdminUserFORCE_UPDATE',1,'2023-12-27 14:18:52',0,1),(822,150,'2023-12-28 00:59:53',1,1,1056,3,NULL,NULL,'PTCAdminUserFORCE_UPDATE',1,'2023-12-27 14:59:53',0,1),(823,150,'2023-12-28 01:47:08',1,1,1057,3,NULL,NULL,'PTCAdminUserFORCE_UPDATE',1,'2023-12-27 15:47:08',0,1),(824,150,'2023-12-28 02:13:47',1,1,1058,3,NULL,NULL,'PTCAdminUserFORCE_UPDATE',1,'2023-12-27 16:13:47',0,1),(825,150,'2023-12-28 02:37:56',1,1,1059,3,NULL,NULL,'PTCAdminUserFORCE_UPDATE',1,'2023-12-27 16:37:56',0,1),(826,150,'2023-12-28 02:42:45',1,1,1060,3,NULL,NULL,'PTCAdminUserFORCE_UPDATE',1,'2023-12-27 16:42:45',0,1),(827,150,'2023-12-28 04:19:55',1,1,1061,3,NULL,NULL,'PTCAdminUserFORCE_UPDATE',1,'2023-12-27 18:19:55',0,1),(828,150,'2023-12-28 04:43:34',1,1,1062,3,NULL,NULL,'PTCAdminUserFORCE_UPDATE',1,'2023-12-27 18:43:34',0,1),(829,150,'2023-12-28 06:01:47',1,1,1063,3,NULL,NULL,'PTCAdminUserFORCE_UPDATE',1,'2023-12-27 20:01:47',0,1),(830,150,'2023-12-28 06:16:07',1,1,1064,3,NULL,NULL,'PTCAdminUserFORCE_UPDATE',1,'2023-12-27 20:16:07',0,1),(831,150,'2023-12-28 06:22:06',1,1,1065,3,NULL,NULL,'PTCAdminUserFORCE_UPDATE',1,'2023-12-27 20:22:06',0,1),(832,150,'2023-12-28 07:33:31',1,1,1066,3,NULL,NULL,'PTCAdminUserFORCE_UPDATE',1,'2023-12-27 21:33:31',0,1),(833,150,'2023-12-28 09:44:21',1,1,1067,3,NULL,NULL,'PTCAdminUserFORCE_UPDATE',1,'2023-12-27 23:44:21',0,1),(834,150,'2023-12-28 09:45:55',1,1,1068,3,NULL,NULL,'PTCAdminUserFORCE_UPDATE',1,'2023-12-27 23:45:55',0,1),(835,150,'2023-12-28 10:12:53',1,1,1069,3,NULL,NULL,'PTCAdminUserFORCE_UPDATE',1,'2023-12-28 00:12:53',0,1),(836,150,'2023-12-28 11:02:28',1,1,1070,3,NULL,NULL,'PTCAdminUserFORCE_UPDATE',1,'2023-12-28 01:02:28',0,1),(837,150,'2023-12-28 11:43:55',1,1,1071,3,NULL,NULL,'PTCAdminUserFORCE_UPDATE',1,'2023-12-28 01:43:55',0,1),(838,149,'2023-12-28 14:17:50',1,1,1072,3,NULL,NULL,'PTCFORCE_UPDATE',1,'2023-12-28 04:17:50',0,1),(839,149,'2023-12-28 14:19:40',1,1,1073,3,NULL,NULL,'PTCFORCE_UPDATE',1,'2023-12-28 04:19:40',0,1),(840,150,'2023-12-28 15:24:13',1,1,1074,3,NULL,NULL,'PTCAdminUserFORCE_UPDATE',1,'2023-12-28 05:24:13',0,1),(841,150,'2023-12-28 15:26:30',1,1,1075,3,NULL,NULL,'PTCAdminUserFORCE_UPDATE',1,'2023-12-28 05:26:30',0,1),(842,149,'2023-12-28 15:37:42',1,1,1076,3,NULL,NULL,'PTCFORCE_UPDATE',1,'2023-12-28 05:37:42',0,1),(843,150,'2023-12-28 15:38:16',1,1,1077,3,NULL,NULL,'PTCAdminUserFORCE_UPDATE',1,'2023-12-28 05:38:16',0,1),(844,149,'2023-12-28 15:38:53',1,1,1078,3,NULL,NULL,'PTCFORCE_UPDATE',1,'2023-12-28 05:38:53',0,1),(845,150,'2023-12-28 15:40:23',1,1,1079,3,NULL,NULL,'PTCAdminUserFORCE_UPDATE',1,'2023-12-28 05:40:23',0,1),(846,150,'2023-12-28 16:42:06',1,1,1080,3,NULL,NULL,'PTCAdminUserFORCE_UPDATE',1,'2023-12-28 06:42:06',0,1),(847,150,'2023-12-28 16:42:39',1,1,1081,3,NULL,NULL,'PTCAdminUserFORCE_UPDATE',1,'2023-12-28 06:42:39',0,1),(848,150,'2023-12-28 16:43:31',1,1,1082,3,NULL,NULL,'PTCAdminUserFORCE_UPDATE',1,'2023-12-28 06:43:31',0,1),(849,150,'2023-12-28 19:29:30',1,1,1083,3,NULL,NULL,'PTCAdminUserFORCE_UPDATE',1,'2023-12-28 09:29:30',0,1),(850,150,'2023-12-29 04:42:14',1,1,1084,3,NULL,NULL,'PTCAdminUserFORCE_UPDATE',1,'2023-12-28 18:42:14',0,1),(851,150,'2023-12-29 04:42:49',1,1,1085,3,NULL,NULL,'PTCAdminUserFORCE_UPDATE',1,'2023-12-28 18:42:49',0,1),(852,150,'2023-12-29 07:00:09',1,1,1086,3,NULL,NULL,'PTCAdminUserFORCE_UPDATE',1,'2023-12-28 21:00:09',0,1),(853,150,'2023-12-29 07:01:01',1,1,1087,3,NULL,NULL,'PTCAdminUserFORCE_UPDATE',1,'2023-12-28 21:01:01',0,1),(854,150,'2023-12-29 07:01:21',1,1,1088,3,NULL,NULL,'PTCAdminUserFORCE_UPDATE',1,'2023-12-28 21:01:21',0,1),(855,150,'2023-12-29 07:44:10',1,1,1089,3,NULL,NULL,'PTCAdminUserFORCE_UPDATE',1,'2023-12-28 21:44:10',0,1),(856,150,'2023-12-29 08:13:30',1,1,1090,3,NULL,NULL,'PTCAdminUserFORCE_UPDATE',1,'2023-12-28 22:13:30',0,1),(857,150,'2023-12-29 08:20:51',1,1,1091,3,NULL,NULL,'PTCAdminUserFORCE_UPDATE',1,'2023-12-28 22:20:51',0,1),(858,150,'2023-12-29 08:21:18',1,1,1092,3,NULL,NULL,'PTCAdminUserFORCE_UPDATE',1,'2023-12-28 22:21:18',0,1),(859,150,'2023-12-29 09:22:57',1,1,1093,3,NULL,NULL,'PTCAdminUserFORCE_UPDATE',1,'2023-12-28 23:22:57',0,1),(860,150,'2023-12-29 09:46:52',1,1,1094,3,NULL,NULL,'PTCAdminUserFORCE_UPDATE',1,'2023-12-28 23:46:52',0,1),(861,150,'2023-12-29 10:03:08',1,1,1095,3,NULL,NULL,'PTCAdminUserFORCE_UPDATE',1,'2023-12-29 00:03:08',0,1),(862,150,'2023-12-29 10:15:40',1,1,1096,3,NULL,NULL,'PTCAdminUserFORCE_UPDATE',1,'2023-12-29 00:15:40',0,1),(863,150,'2023-12-29 10:17:51',1,1,1097,3,NULL,NULL,'PTCAdminUserFORCE_UPDATE',1,'2023-12-29 00:17:51',0,1),(864,150,'2023-12-29 10:18:54',1,1,1098,3,NULL,NULL,'PTCAdminUserFORCE_UPDATE',1,'2023-12-29 00:18:54',0,1),(865,150,'2023-12-29 10:28:26',1,1,1099,3,NULL,NULL,'PTCAdminUserFORCE_UPDATE',1,'2023-12-29 00:28:26',0,1),(866,150,'2023-12-29 11:02:53',1,1,1100,3,NULL,NULL,'PTCAdminUserFORCE_UPDATE',1,'2023-12-29 01:02:53',0,1),(867,149,'2023-12-29 11:54:14',1,1,1101,3,NULL,NULL,'PTCFORCE_UPDATE',1,'2023-12-29 01:54:14',0,1),(868,150,'2023-12-29 12:57:53',1,1,1102,3,NULL,NULL,'PTCAdminUserFORCE_UPDATE',1,'2023-12-29 02:57:53',0,1),(869,149,'2023-12-29 13:15:06',1,1,1103,3,NULL,NULL,'PTCFORCE_UPDATE',1,'2023-12-29 03:15:06',0,1),(870,150,'2023-12-29 13:15:50',1,1,1104,3,NULL,NULL,'PTCAdminUserFORCE_UPDATE',1,'2023-12-29 03:15:50',0,1),(871,150,'2023-12-29 13:16:13',1,1,1105,3,NULL,NULL,'PTCAdminUserFORCE_UPDATE',1,'2023-12-29 03:16:13',0,1),(872,149,'2023-12-29 13:17:21',1,1,1106,3,NULL,NULL,'PTCFORCE_UPDATE',1,'2023-12-29 03:17:21',0,1),(873,150,'2023-12-29 13:20:45',1,1,1107,3,NULL,NULL,'PTCAdminUserFORCE_UPDATE',1,'2023-12-29 03:20:45',0,1),(874,150,'2023-12-29 13:23:15',1,1,1108,3,NULL,NULL,'PTCAdminUserFORCE_UPDATE',1,'2023-12-29 03:23:15',0,1),(875,149,'2023-12-29 13:24:46',1,1,1109,3,NULL,NULL,'PTCFORCE_UPDATE',1,'2023-12-29 03:24:46',0,1),(876,149,'2023-12-29 13:30:29',1,1,1110,3,NULL,NULL,'PTCFORCE_UPDATE',1,'2023-12-29 03:30:29',0,1),(877,150,'2023-12-29 13:42:37',1,1,1111,3,NULL,NULL,'PTCAdminUserFORCE_UPDATE',1,'2023-12-29 03:42:37',0,1),(878,149,'2023-12-29 13:49:08',1,1,1112,3,NULL,NULL,'PTCFORCE_UPDATE',1,'2023-12-29 03:49:08',0,1),(879,150,'2023-12-29 15:19:36',1,1,1113,3,NULL,NULL,'PTCAdminUserFORCE_UPDATE',1,'2023-12-29 05:19:36',0,1),(880,150,'2023-12-29 15:53:04',1,1,1114,3,NULL,NULL,'PTCAdminUserFORCE_UPDATE',1,'2023-12-29 05:53:04',0,1),(881,150,'2023-12-29 17:01:09',1,1,1115,3,NULL,NULL,'PTCAdminUserFORCE_UPDATE',1,'2023-12-29 07:01:09',0,1),(882,150,'2023-12-29 17:01:09',1,1,1116,3,NULL,NULL,'PTCAdminUserFORCE_UPDATE',1,'2023-12-29 07:01:09',0,1),(883,150,'2023-12-29 17:07:16',1,1,1117,3,NULL,NULL,'PTCAdminUserFORCE_UPDATE',1,'2023-12-29 07:07:16',0,1),(884,150,'2023-12-30 12:57:35',1,1,1118,3,NULL,NULL,'PTCAdminUserFORCE_UPDATE',1,'2023-12-30 02:57:35',0,1),(885,150,'2023-12-30 13:00:05',1,1,1119,3,NULL,NULL,'PTCAdminUserFORCE_UPDATE',1,'2023-12-30 03:00:05',0,1),(886,150,'2023-12-30 13:09:44',1,1,1120,3,NULL,NULL,'PTCAdminUserFORCE_UPDATE',1,'2023-12-30 03:09:44',0,1),(887,150,'2023-12-30 13:24:10',1,1,1121,3,NULL,NULL,'PTCAdminUserFORCE_UPDATE',1,'2023-12-30 03:24:10',0,1),(888,149,'2023-12-30 13:33:10',1,1,1122,3,NULL,NULL,'PTCFORCE_UPDATE',1,'2023-12-30 03:33:10',0,1),(889,150,'2023-12-30 13:35:27',1,1,1123,3,NULL,NULL,'PTCAdminUserFORCE_UPDATE',1,'2023-12-30 03:35:27',0,1),(890,150,'2023-12-30 13:47:43',1,1,1124,3,NULL,NULL,'PTCAdminUserFORCE_UPDATE',1,'2023-12-30 03:47:43',0,1),(891,150,'2023-12-30 13:57:46',1,1,1125,3,NULL,NULL,'PTCAdminUserFORCE_UPDATE',1,'2023-12-30 03:57:46',0,1),(892,150,'2023-12-30 13:58:47',1,1,1126,3,NULL,NULL,'PTCAdminUserFORCE_UPDATE',1,'2023-12-30 03:58:47',0,1),(893,150,'2023-12-30 14:02:24',1,1,1127,3,NULL,NULL,'PTCAdminUserFORCE_UPDATE',1,'2023-12-30 04:02:24',0,1),(894,150,'2023-12-30 14:21:59',1,1,1128,3,NULL,NULL,'PTCAdminUserFORCE_UPDATE',1,'2023-12-30 04:21:59',0,1),(895,149,'2023-12-30 14:23:31',1,1,1129,3,NULL,NULL,'PTCFORCE_UPDATE',1,'2023-12-30 04:23:31',0,1),(896,150,'2023-12-30 14:23:56',1,1,1130,3,NULL,NULL,'PTCAdminUserFORCE_UPDATE',1,'2023-12-30 04:23:56',0,1),(897,149,'2023-12-30 14:45:41',1,1,1131,3,NULL,NULL,'PTCFORCE_UPDATE',1,'2023-12-30 04:45:41',0,1),(898,149,'2023-12-30 15:17:36',1,1,1132,3,NULL,NULL,'PTCFORCE_UPDATE',1,'2023-12-30 05:17:36',0,1),(899,150,'2023-12-30 15:24:12',1,1,1133,3,NULL,NULL,'PTCAdminUserFORCE_UPDATE',1,'2023-12-30 05:24:12',0,1),(900,149,'2023-12-30 15:25:59',1,1,1134,3,NULL,NULL,'PTCFORCE_UPDATE',1,'2023-12-30 05:25:59',0,1),(901,150,'2023-12-30 15:27:09',1,1,1135,3,NULL,NULL,'PTCAdminUserFORCE_UPDATE',1,'2023-12-30 05:27:09',0,1),(902,150,'2023-12-30 15:28:43',1,1,1136,3,NULL,NULL,'PTCAdminUserFORCE_UPDATE',1,'2023-12-30 05:28:43',0,1),(903,149,'2023-12-30 15:30:17',1,1,1137,3,NULL,NULL,'PTCFORCE_UPDATE',1,'2023-12-30 05:30:17',0,1),(904,150,'2023-12-30 15:31:04',1,1,1138,3,NULL,NULL,'PTCAdminUserFORCE_UPDATE',1,'2023-12-30 05:31:04',0,1),(905,149,'2023-12-30 15:31:15',1,1,1139,3,NULL,NULL,'PTCFORCE_UPDATE',1,'2023-12-30 05:31:15',0,1),(906,150,'2023-12-30 15:31:30',1,1,1140,3,NULL,NULL,'PTCAdminUserFORCE_UPDATE',1,'2023-12-30 05:31:30',0,1),(907,150,'2023-12-30 15:38:43',1,1,1141,3,NULL,NULL,'PTCAdminUserFORCE_UPDATE',1,'2023-12-30 05:38:43',0,1),(908,150,'2023-12-30 15:53:50',1,1,1142,3,NULL,NULL,'PTCAdminUserFORCE_UPDATE',1,'2023-12-30 05:53:50',0,1),(909,150,'2023-12-30 15:54:29',1,1,1143,3,NULL,NULL,'PTCAdminUserFORCE_UPDATE',1,'2023-12-30 05:54:29',0,1),(910,150,'2023-12-30 16:36:24',1,1,1144,3,NULL,NULL,'PTCAdminUserFORCE_UPDATE',1,'2023-12-30 06:36:24',0,1),(911,150,'2023-12-30 16:36:42',1,1,1145,3,NULL,NULL,'PTCAdminUserFORCE_UPDATE',1,'2023-12-30 06:36:42',0,1),(912,150,'2023-12-30 16:39:23',1,1,1146,3,NULL,NULL,'PTCAdminUserFORCE_UPDATE',1,'2023-12-30 06:39:23',0,1),(913,150,'2023-12-30 16:48:24',1,1,1147,3,NULL,NULL,'PTCAdminUserFORCE_UPDATE',1,'2023-12-30 06:48:24',0,1),(914,150,'2023-12-30 18:05:10',1,1,1148,3,NULL,NULL,'PTCAdminUserFORCE_UPDATE',1,'2023-12-30 08:05:10',0,1),(915,150,'2023-12-30 18:41:20',1,1,1149,3,NULL,NULL,'PTCAdminUserFORCE_UPDATE',1,'2023-12-30 08:41:20',0,1),(916,149,'2023-12-30 18:47:34',1,1,1150,3,NULL,NULL,'PTCFORCE_UPDATE',1,'2023-12-30 08:47:34',0,1),(917,150,'2023-12-30 19:07:31',1,1,1151,3,NULL,NULL,'PTCAdminUserFORCE_UPDATE',1,'2023-12-30 09:07:31',0,1),(918,149,'2023-12-30 19:08:33',1,1,1152,3,NULL,NULL,'PTCFORCE_UPDATE',1,'2023-12-30 09:08:33',0,1),(919,150,'2023-12-30 19:25:42',1,1,1153,3,NULL,NULL,'PTCAdminUserFORCE_UPDATE',1,'2023-12-30 09:25:42',0,1),(920,150,'2024-01-01 21:31:17',1,1,1154,3,NULL,NULL,'PTCAdminUserFORCE_UPDATE',1,'2024-01-01 11:31:17',0,1),(921,150,'2024-01-02 06:33:56',1,1,1155,3,NULL,NULL,'PTCAdminUserFORCE_UPDATE',1,'2024-01-01 20:33:56',0,1),(922,149,'2024-01-02 06:34:32',1,1,1156,3,NULL,NULL,'PTCFORCE_UPDATE',1,'2024-01-01 20:34:32',0,1),(923,150,'2024-01-02 07:01:51',1,1,1157,3,NULL,NULL,'PTCAdminUserFORCE_UPDATE',1,'2024-01-01 21:01:51',0,1),(924,150,'2024-01-02 07:04:37',1,1,1158,3,NULL,NULL,'PTCAdminUserFORCE_UPDATE',1,'2024-01-01 21:04:37',0,1),(925,150,'2024-01-02 07:06:12',1,1,1159,3,NULL,NULL,'PTCAdminUserFORCE_UPDATE',1,'2024-01-01 21:06:12',0,1),(926,150,'2024-01-02 07:10:03',1,1,1160,3,NULL,NULL,'PTCAdminUserFORCE_UPDATE',1,'2024-01-01 21:10:03',0,1),(927,150,'2024-01-02 07:14:10',1,1,1161,3,NULL,NULL,'PTCAdminUserFORCE_UPDATE',1,'2024-01-01 21:14:10',0,1),(928,150,'2024-01-02 07:20:02',1,1,1162,3,NULL,NULL,'PTCAdminUserFORCE_UPDATE',1,'2024-01-01 21:20:02',0,1),(929,150,'2024-01-02 07:23:44',1,1,1163,3,NULL,NULL,'PTCAdminUserFORCE_UPDATE',1,'2024-01-01 21:23:44',0,1),(930,150,'2024-01-02 07:50:12',1,1,1164,3,NULL,NULL,'PTCAdminUserFORCE_UPDATE',1,'2024-01-01 21:50:12',0,1),(931,150,'2024-01-02 07:51:51',1,1,1165,3,NULL,NULL,'PTCAdminUserFORCE_UPDATE',1,'2024-01-01 21:51:51',0,1),(932,150,'2024-01-02 08:05:41',1,1,1166,3,NULL,NULL,'PTCAdminUserFORCE_UPDATE',1,'2024-01-01 22:05:41',0,1),(933,150,'2024-01-02 08:09:00',1,1,1167,3,NULL,NULL,'PTCAdminUserFORCE_UPDATE',1,'2024-01-01 22:09:00',0,1),(934,150,'2024-01-02 08:19:57',1,1,1168,3,NULL,NULL,'PTCAdminUserFORCE_UPDATE',1,'2024-01-01 22:19:57',0,1),(935,150,'2024-01-02 08:44:26',1,1,1169,3,NULL,NULL,'PTCAdminUserFORCE_UPDATE',1,'2024-01-01 22:44:26',0,1),(936,150,'2024-01-02 08:46:03',1,1,1170,3,NULL,NULL,'PTCAdminUserFORCE_UPDATE',1,'2024-01-01 22:46:03',0,1),(937,150,'2024-01-02 08:47:42',1,1,1171,3,NULL,NULL,'PTCAdminUserFORCE_UPDATE',1,'2024-01-01 22:47:42',0,1),(938,150,'2024-01-02 08:48:17',1,1,1172,3,NULL,NULL,'PTCAdminUserFORCE_UPDATE',1,'2024-01-01 22:48:17',0,1),(939,150,'2024-01-02 09:06:17',1,1,1173,3,NULL,NULL,'PTCAdminUserFORCE_UPDATE',1,'2024-01-01 23:06:17',0,1),(940,150,'2024-01-02 09:10:29',1,1,1174,3,NULL,NULL,'PTCAdminUserFORCE_UPDATE',1,'2024-01-01 23:10:29',0,1),(941,149,'2024-01-02 09:21:51',1,1,1175,3,NULL,NULL,'PTCFORCE_UPDATE',1,'2024-01-01 23:21:51',0,1),(942,150,'2024-01-02 09:35:45',1,1,1176,3,NULL,NULL,'PTCAdminUserFORCE_UPDATE',1,'2024-01-01 23:35:45',0,1),(943,150,'2024-01-02 09:38:18',1,1,1177,3,NULL,NULL,'PTCAdminUserFORCE_UPDATE',1,'2024-01-01 23:38:18',0,1),(944,153,'2024-01-02 09:40:08',1,1,1178,3,NULL,NULL,'CMISUserFORCE_UPDATE',1,'2024-01-01 23:40:08',0,1),(945,150,'2024-01-02 09:40:34',1,1,1179,3,NULL,NULL,'PTCAdminUserFORCE_UPDATE',1,'2024-01-01 23:40:34',0,1),(946,149,'2024-01-02 09:44:32',1,1,1180,3,NULL,NULL,'PTCFORCE_UPDATE',1,'2024-01-01 23:44:32',0,1),(947,150,'2024-01-02 09:46:47',1,1,1181,3,NULL,NULL,'PTCAdminUserFORCE_UPDATE',1,'2024-01-01 23:46:47',0,1),(948,150,'2024-01-02 09:47:52',1,1,1182,3,NULL,NULL,'PTCAdminUserFORCE_UPDATE',1,'2024-01-01 23:47:52',0,1),(949,150,'2024-01-02 10:08:55',1,1,1183,3,NULL,NULL,'PTCAdminUserFORCE_UPDATE',1,'2024-01-02 00:08:55',0,1),(950,150,'2024-01-02 10:10:12',1,1,1184,3,NULL,NULL,'PTCAdminUserFORCE_UPDATE',1,'2024-01-02 00:10:12',0,1),(951,150,'2024-01-02 10:28:57',1,1,1185,3,NULL,NULL,'PTCAdminUserFORCE_UPDATE',1,'2024-01-02 00:28:57',0,1),(952,150,'2024-01-02 10:31:16',1,1,1186,3,NULL,NULL,'PTCAdminUserFORCE_UPDATE',1,'2024-01-02 00:31:16',0,1),(953,150,'2024-01-02 11:07:30',1,1,1187,3,NULL,NULL,'PTCAdminUserFORCE_UPDATE',1,'2024-01-02 01:07:30',0,1),(954,150,'2024-01-02 11:29:29',1,1,1188,3,NULL,NULL,'PTCAdminUserFORCE_UPDATE',1,'2024-01-02 01:29:29',0,1),(955,150,'2024-01-02 11:32:57',1,1,1189,3,NULL,NULL,'PTCAdminUserFORCE_UPDATE',1,'2024-01-02 01:32:57',0,1),(956,153,'2024-01-02 11:37:35',1,1,1190,3,NULL,NULL,'CMISUserFORCE_UPDATE',1,'2024-01-02 01:37:35',0,1),(957,153,'2024-01-02 11:38:22',1,1,1191,3,NULL,NULL,'CMISUserFORCE_UPDATE',1,'2024-01-02 01:38:22',0,1),(958,150,'2024-01-02 11:41:29',1,1,1192,3,NULL,NULL,'PTCAdminUserFORCE_UPDATE',1,'2024-01-02 01:41:29',0,1),(959,153,'2024-01-02 11:42:01',1,1,1193,3,NULL,NULL,'CMISUserFORCE_UPDATE',1,'2024-01-02 01:42:01',0,1),(960,153,'2024-01-02 11:42:26',1,1,1194,3,NULL,NULL,'CMISUserFORCE_UPDATE',1,'2024-01-02 01:42:26',0,1),(961,153,'2024-01-02 11:45:33',1,1,1195,3,NULL,NULL,'CMISUserFORCE_UPDATE',1,'2024-01-02 01:45:33',0,1),(962,149,'2024-01-02 11:50:05',1,1,1196,3,NULL,NULL,'PTCFORCE_UPDATE',1,'2024-01-02 01:50:05',0,1),(963,149,'2024-01-02 11:50:16',1,1,1197,3,NULL,NULL,'PTCFORCE_UPDATE',1,'2024-01-02 01:50:16',0,1),(964,153,'2024-01-02 11:50:41',1,1,1198,3,NULL,NULL,'CMISUserFORCE_UPDATE',1,'2024-01-02 01:50:41',0,1),(965,150,'2024-01-02 12:01:18',1,1,1199,3,NULL,NULL,'PTCAdminUserFORCE_UPDATE',1,'2024-01-02 02:01:18',0,1),(966,150,'2024-01-02 12:13:58',1,1,1200,3,NULL,NULL,'PTCAdminUserFORCE_UPDATE',1,'2024-01-02 02:13:58',0,1),(967,150,'2024-01-02 12:18:23',1,1,1201,3,NULL,NULL,'PTCAdminUserFORCE_UPDATE',1,'2024-01-02 02:18:23',0,1),(968,150,'2024-01-02 12:35:06',1,1,1202,3,NULL,NULL,'PTCAdminUserFORCE_UPDATE',1,'2024-01-02 02:35:06',0,1),(969,150,'2024-01-02 13:39:23',1,1,1203,3,NULL,NULL,'PTCAdminUserFORCE_UPDATE',1,'2024-01-02 03:39:23',0,1),(970,150,'2024-01-02 13:42:43',1,1,1204,3,NULL,NULL,'PTCAdminUserFORCE_UPDATE',1,'2024-01-02 03:42:43',0,1),(971,150,'2024-01-02 13:43:04',1,1,1205,3,NULL,NULL,'PTCAdminUserFORCE_UPDATE',1,'2024-01-02 03:43:04',0,1),(972,150,'2024-01-02 13:47:00',1,1,1206,3,NULL,NULL,'PTCAdminUserFORCE_UPDATE',1,'2024-01-02 03:47:00',0,1),(973,150,'2024-01-02 13:59:01',1,1,1207,3,NULL,NULL,'PTCAdminUserFORCE_UPDATE',1,'2024-01-02 03:59:01',0,1),(974,153,'2024-01-02 14:57:04',1,1,1208,3,NULL,NULL,'CMISUserFORCE_UPDATE',1,'2024-01-02 04:57:04',0,1),(975,150,'2024-01-02 15:27:15',1,1,1209,3,NULL,NULL,'PTCAdminUserFORCE_UPDATE',1,'2024-01-02 05:27:15',0,1),(976,150,'2024-01-02 15:32:04',1,1,1210,3,NULL,NULL,'PTCAdminUserFORCE_UPDATE',1,'2024-01-02 05:32:04',0,1),(977,150,'2024-01-02 16:42:30',1,1,1211,3,NULL,NULL,'PTCAdminUserFORCE_UPDATE',1,'2024-01-02 06:42:30',0,1),(978,150,'2024-01-02 17:12:52',1,1,1212,3,NULL,NULL,'PTCAdminUserFORCE_UPDATE',1,'2024-01-02 07:12:52',0,1),(979,150,'2024-01-02 17:16:00',1,1,1213,3,NULL,NULL,'PTCAdminUserFORCE_UPDATE',1,'2024-01-02 07:16:00',0,1),(980,150,'2024-01-02 17:21:25',1,1,1214,3,NULL,NULL,'PTCAdminUserFORCE_UPDATE',1,'2024-01-02 07:21:25',0,1),(981,150,'2024-01-02 17:22:00',1,1,1215,3,NULL,NULL,'PTCAdminUserFORCE_UPDATE',1,'2024-01-02 07:22:00',0,1),(982,150,'2024-01-02 17:27:36',1,1,1216,3,NULL,NULL,'PTCAdminUserFORCE_UPDATE',1,'2024-01-02 07:27:36',0,1),(983,150,'2024-01-02 17:32:40',1,1,1217,3,NULL,NULL,'PTCAdminUserFORCE_UPDATE',1,'2024-01-02 07:32:40',0,1),(984,150,'2024-01-02 17:34:47',1,1,1218,3,NULL,NULL,'PTCAdminUserFORCE_UPDATE',1,'2024-01-02 07:34:47',0,1),(985,150,'2024-01-02 17:35:20',1,1,1219,3,NULL,NULL,'PTCAdminUserFORCE_UPDATE',1,'2024-01-02 07:35:20',0,1),(986,150,'2024-01-02 17:36:27',1,1,1220,3,NULL,NULL,'PTCAdminUserFORCE_UPDATE',1,'2024-01-02 07:36:27',0,1),(987,150,'2024-01-02 17:36:33',1,1,1221,3,NULL,NULL,'PTCAdminUserFORCE_UPDATE',1,'2024-01-02 07:36:33',0,1),(988,153,'2024-01-02 17:41:24',1,1,1222,3,NULL,NULL,'CMISUserFORCE_UPDATE',1,'2024-01-02 07:41:24',0,1),(989,150,'2024-01-02 17:42:54',1,1,1223,3,NULL,NULL,'PTCAdminUserFORCE_UPDATE',1,'2024-01-02 07:42:54',0,1),(990,153,'2024-01-02 17:43:15',1,1,1224,3,NULL,NULL,'CMISUserFORCE_UPDATE',1,'2024-01-02 07:43:15',0,1),(991,150,'2024-01-02 17:44:49',1,1,1225,3,NULL,NULL,'PTCAdminUserFORCE_UPDATE',1,'2024-01-02 07:44:49',0,1),(992,150,'2024-01-02 18:05:23',1,1,1226,3,NULL,NULL,'PTCAdminUserFORCE_UPDATE',1,'2024-01-02 08:05:23',0,1),(993,149,'2024-01-02 18:18:02',1,1,1227,3,NULL,NULL,'PTCFORCE_UPDATE',1,'2024-01-02 08:18:02',0,1),(994,150,'2024-01-02 18:26:04',1,1,1228,3,NULL,NULL,'PTCAdminUserFORCE_UPDATE',1,'2024-01-02 08:26:04',0,1),(995,149,'2024-01-02 18:31:26',1,1,1229,3,NULL,NULL,'PTCFORCE_UPDATE',1,'2024-01-02 08:31:26',0,1),(996,153,'2024-01-02 18:38:22',1,1,1230,3,NULL,NULL,'CMISUserFORCE_UPDATE',1,'2024-01-02 08:38:22',0,1),(997,150,'2024-01-02 18:38:52',1,1,1231,3,NULL,NULL,'PTCAdminUserFORCE_UPDATE',1,'2024-01-02 08:38:52',0,1),(998,153,'2024-01-02 18:39:45',1,1,1232,3,NULL,NULL,'CMISUserFORCE_UPDATE',1,'2024-01-02 08:39:45',0,1),(999,149,'2024-01-02 18:45:04',1,1,1233,3,NULL,NULL,'PTCFORCE_UPDATE',1,'2024-01-02 08:45:04',0,1),(1000,150,'2024-01-02 18:48:49',1,1,1234,3,NULL,NULL,'PTCAdminUserFORCE_UPDATE',1,'2024-01-02 08:48:49',0,1),(1001,150,'2024-01-02 18:50:09',1,1,1235,3,NULL,NULL,'PTCAdminUserFORCE_UPDATE',1,'2024-01-02 08:50:09',0,1),(1002,150,'2024-01-02 22:53:28',1,1,1236,3,NULL,NULL,'PTCAdminUserFORCE_UPDATE',1,'2024-01-02 12:53:28',0,1),(1003,150,'2024-01-02 23:31:04',1,1,1237,3,NULL,NULL,'PTCAdminUserFORCE_UPDATE',1,'2024-01-02 13:31:04',0,1),(1004,150,'2024-01-03 05:44:55',1,1,1238,3,NULL,NULL,'PTCAdminUserFORCE_UPDATE',1,'2024-01-02 19:44:55',0,1),(1005,150,'2024-01-03 06:30:50',1,1,1239,3,NULL,NULL,'PTCAdminUserFORCE_UPDATE',1,'2024-01-02 20:30:50',0,1),(1006,150,'2024-01-03 06:59:08',1,1,1240,3,NULL,NULL,'PTCAdminUserFORCE_UPDATE',1,'2024-01-02 20:59:08',0,1),(1007,150,'2024-01-03 06:59:16',1,1,1241,3,NULL,NULL,'PTCAdminUserFORCE_UPDATE',1,'2024-01-02 20:59:16',0,1),(1008,150,'2024-01-03 07:06:47',1,1,1242,3,NULL,NULL,'PTCAdminUserFORCE_UPDATE',1,'2024-01-02 21:06:47',0,1),(1009,150,'2024-01-03 07:06:53',1,1,1243,3,NULL,NULL,'PTCAdminUserFORCE_UPDATE',1,'2024-01-02 21:06:53',0,1),(1010,150,'2024-01-03 07:07:35',1,1,1244,3,NULL,NULL,'PTCAdminUserFORCE_UPDATE',1,'2024-01-02 21:07:35',0,1),(1011,150,'2024-01-03 07:39:15',1,1,1245,3,NULL,NULL,'PTCAdminUserFORCE_UPDATE',1,'2024-01-02 21:39:15',0,1),(1012,150,'2024-01-03 07:39:24',1,1,1246,3,NULL,NULL,'PTCAdminUserFORCE_UPDATE',1,'2024-01-02 21:39:24',0,1),(1013,150,'2024-01-03 07:39:31',1,1,1247,3,NULL,NULL,'PTCAdminUserFORCE_UPDATE',1,'2024-01-02 21:39:31',0,1),(1014,150,'2024-01-03 08:15:32',1,1,1248,3,NULL,NULL,'PTCAdminUserFORCE_UPDATE',1,'2024-01-02 22:15:32',0,1),(1015,149,'2024-01-03 08:16:13',1,1,1249,3,NULL,NULL,'PTCFORCE_UPDATE',1,'2024-01-02 22:16:13',0,1),(1016,150,'2024-01-03 08:51:42',1,1,1250,3,NULL,NULL,'PTCAdminUserFORCE_UPDATE',1,'2024-01-02 22:51:42',0,1),(1017,150,'2024-01-03 08:52:58',1,1,1251,3,NULL,NULL,'PTCAdminUserFORCE_UPDATE',1,'2024-01-02 22:52:58',0,1),(1018,150,'2024-01-03 09:21:26',1,1,1252,3,NULL,NULL,'PTCAdminUserFORCE_UPDATE',1,'2024-01-02 23:21:26',0,1),(1019,150,'2024-01-03 09:22:44',1,1,1253,3,NULL,NULL,'PTCAdminUserFORCE_UPDATE',1,'2024-01-02 23:22:44',0,1),(1020,150,'2024-01-03 09:36:24',1,1,1254,3,NULL,NULL,'PTCAdminUserFORCE_UPDATE',1,'2024-01-02 23:36:24',0,1),(1021,150,'2024-01-03 09:39:17',1,1,1255,3,NULL,NULL,'PTCAdminUserFORCE_UPDATE',1,'2024-01-02 23:39:17',0,1),(1022,150,'2024-01-03 09:39:33',1,1,1256,3,NULL,NULL,'PTCAdminUserFORCE_UPDATE',1,'2024-01-02 23:39:33',0,1),(1023,150,'2024-01-03 09:42:42',1,1,1257,3,NULL,NULL,'PTCAdminUserFORCE_UPDATE',1,'2024-01-02 23:42:42',0,1),(1024,150,'2024-01-03 09:44:27',1,1,1258,3,NULL,NULL,'PTCAdminUserFORCE_UPDATE',1,'2024-01-02 23:44:27',0,1),(1025,150,'2024-01-03 09:58:33',1,1,1259,3,NULL,NULL,'PTCAdminUserFORCE_UPDATE',1,'2024-01-02 23:58:33',0,1),(1026,150,'2024-01-03 10:45:32',1,1,1260,3,NULL,NULL,'PTCAdminUserFORCE_UPDATE',1,'2024-01-03 00:45:32',0,1),(1027,150,'2024-01-03 11:02:03',1,1,1261,3,NULL,NULL,'PTCAdminUserFORCE_UPDATE',1,'2024-01-03 01:02:03',0,1),(1028,150,'2024-01-03 11:03:34',1,1,1262,3,NULL,NULL,'PTCAdminUserFORCE_UPDATE',1,'2024-01-03 01:03:34',0,1),(1029,150,'2024-01-03 11:05:16',1,1,1263,3,NULL,NULL,'PTCAdminUserFORCE_UPDATE',1,'2024-01-03 01:05:16',0,1),(1030,150,'2024-01-03 11:06:04',1,1,1264,3,NULL,NULL,'PTCAdminUserFORCE_UPDATE',1,'2024-01-03 01:06:04',0,1),(1031,150,'2024-01-03 11:36:39',1,1,1265,3,NULL,NULL,'PTCAdminUserFORCE_UPDATE',1,'2024-01-03 01:36:39',0,1),(1032,150,'2024-01-03 12:03:36',1,1,1266,3,NULL,NULL,'PTCAdminUserFORCE_UPDATE',1,'2024-01-03 02:03:36',0,1),(1033,150,'2024-01-03 12:03:54',1,1,1267,3,NULL,NULL,'PTCAdminUserFORCE_UPDATE',1,'2024-01-03 02:03:54',0,1),(1034,150,'2024-01-03 13:44:53',1,1,1268,3,NULL,NULL,'PTCAdminUserFORCE_UPDATE',1,'2024-01-03 03:44:53',0,1),(1035,150,'2024-01-03 13:46:16',1,1,1269,3,NULL,NULL,'PTCAdminUserFORCE_UPDATE',1,'2024-01-03 03:46:16',0,1),(1036,150,'2024-01-03 13:46:25',1,1,1270,3,NULL,NULL,'PTCAdminUserFORCE_UPDATE',1,'2024-01-03 03:46:25',0,1),(1037,150,'2024-01-03 13:55:47',1,1,1271,3,NULL,NULL,'PTCAdminUserFORCE_UPDATE',1,'2024-01-03 03:55:47',0,1),(1038,150,'2024-01-03 14:00:39',1,1,1272,3,NULL,NULL,'PTCAdminUserFORCE_UPDATE',1,'2024-01-03 04:00:39',0,1),(1039,149,'2024-01-03 14:01:30',1,1,1273,3,NULL,NULL,'PTCFORCE_UPDATE',1,'2024-01-03 04:01:30',0,1),(1040,150,'2024-01-03 14:04:56',1,1,1274,3,NULL,NULL,'PTCAdminUserFORCE_UPDATE',1,'2024-01-03 04:04:56',0,1),(1041,150,'2024-01-03 14:06:00',1,1,1275,3,NULL,NULL,'PTCAdminUserFORCE_UPDATE',1,'2024-01-03 04:06:00',0,1),(1042,150,'2024-01-03 14:11:54',1,1,1276,3,NULL,NULL,'PTCAdminUserFORCE_UPDATE',1,'2024-01-03 04:11:54',0,1),(1043,149,'2024-01-03 14:12:50',1,1,1277,3,NULL,NULL,'PTCFORCE_UPDATE',1,'2024-01-03 04:12:50',0,1),(1044,150,'2024-01-03 14:13:15',1,1,1278,3,NULL,NULL,'PTCAdminUserFORCE_UPDATE',1,'2024-01-03 04:13:15',0,1),(1045,150,'2024-01-03 14:14:40',1,1,1279,3,NULL,NULL,'PTCAdminUserFORCE_UPDATE',1,'2024-01-03 04:14:40',0,1),(1046,150,'2024-01-03 14:31:41',1,1,1280,3,NULL,NULL,'PTCAdminUserFORCE_UPDATE',1,'2024-01-03 04:31:41',0,1),(1047,150,'2024-01-03 14:59:21',1,1,1281,3,NULL,NULL,'PTCAdminUserFORCE_UPDATE',1,'2024-01-03 04:59:21',0,1),(1048,150,'2024-01-03 15:18:00',1,1,1282,3,NULL,NULL,'PTCAdminUserFORCE_UPDATE',1,'2024-01-03 05:18:00',0,1),(1049,149,'2024-01-03 15:23:56',1,1,1283,3,NULL,NULL,'PTCFORCE_UPDATE',1,'2024-01-03 05:23:56',0,1),(1050,163,'2024-01-03 15:45:34',1,1,1284,3,NULL,NULL,'marketinguser05FORCE_UPDATE',1,'2024-01-03 05:45:34',0,1),(1051,155,'2024-01-03 15:45:58',1,1,1285,3,NULL,NULL,'branchopsuser02FORCE_UPDATE',1,'2024-01-03 05:45:58',0,1),(1052,150,'2024-01-03 15:47:27',1,1,1286,3,NULL,NULL,'PTCAdminUserFORCE_UPDATE',1,'2024-01-03 05:47:27',0,1),(1053,150,'2024-01-03 15:48:02',1,1,1287,3,NULL,NULL,'PTCAdminUserFORCE_UPDATE',1,'2024-01-03 05:48:02',0,1),(1054,150,'2024-01-03 16:31:22',1,1,1288,3,NULL,NULL,'PTCAdminUserFORCE_UPDATE',1,'2024-01-03 06:31:22',0,1),(1055,150,'2024-01-03 16:32:18',1,1,1289,3,NULL,NULL,'PTCAdminUserFORCE_UPDATE',1,'2024-01-03 06:32:18',0,1),(1056,150,'2024-01-03 16:35:41',1,1,1290,3,NULL,NULL,'PTCAdminUserFORCE_UPDATE',1,'2024-01-03 06:35:41',0,1),(1057,150,'2024-01-03 17:28:12',1,1,1291,3,NULL,NULL,'PTCAdminUserFORCE_UPDATE',1,'2024-01-03 07:28:12',0,1),(1058,149,'2024-01-03 17:29:55',1,1,1292,3,NULL,NULL,'PTCFORCE_UPDATE',1,'2024-01-03 07:29:55',0,1),(1059,149,'2024-01-03 17:32:05',1,1,1293,3,NULL,NULL,'PTCFORCE_UPDATE',1,'2024-01-03 07:32:05',0,1),(1060,154,'2024-01-03 17:33:10',1,1,1294,3,NULL,NULL,'branchopsuser01FORCE_UPDATE',1,'2024-01-03 07:33:10',0,1),(1061,150,'2024-01-03 17:36:50',1,1,1295,3,NULL,NULL,'PTCAdminUserFORCE_UPDATE',1,'2024-01-03 07:36:50',0,1),(1062,155,'2024-01-03 17:37:19',1,1,1296,3,NULL,NULL,'branchopsuser02FORCE_UPDATE',1,'2024-01-03 07:37:19',0,1),(1063,150,'2024-01-03 17:38:19',1,1,1297,3,NULL,NULL,'PTCAdminUserFORCE_UPDATE',1,'2024-01-03 07:38:19',0,1),(1064,156,'2024-01-03 17:38:41',1,1,1298,3,NULL,NULL,'branchopsuser03FORCE_UPDATE',1,'2024-01-03 07:38:41',0,1),(1065,157,'2024-01-03 17:40:20',1,1,1299,3,NULL,NULL,'branchopsuser04FORCE_UPDATE',1,'2024-01-03 07:40:20',0,1),(1066,150,'2024-01-03 17:40:37',1,1,1300,3,NULL,NULL,'PTCAdminUserFORCE_UPDATE',1,'2024-01-03 07:40:37',0,1),(1067,158,'2024-01-03 17:40:52',1,1,1301,3,NULL,NULL,'branchopsuser05FORCE_UPDATE',1,'2024-01-03 07:40:52',0,1),(1068,159,'2024-01-03 17:41:25',1,1,1302,3,NULL,NULL,'marketinguser01FORCE_UPDATE',1,'2024-01-03 07:41:25',0,1),(1069,160,'2024-01-03 17:43:06',1,1,1303,3,NULL,NULL,'marketinguser02FORCE_UPDATE',1,'2024-01-03 07:43:06',0,1),(1070,161,'2024-01-03 17:45:54',1,1,1304,3,NULL,NULL,'marketinguser03FORCE_UPDATE',1,'2024-01-03 07:45:54',0,1),(1071,162,'2024-01-03 17:46:48',1,1,1305,3,NULL,NULL,'marketinguser04FORCE_UPDATE',1,'2024-01-03 07:46:48',0,1),(1072,163,'2024-01-03 17:52:56',1,1,1306,3,NULL,NULL,'marketinguser05FORCE_UPDATE',1,'2024-01-03 07:52:56',0,1),(1073,159,'2024-01-03 17:53:33',1,1,1307,3,NULL,NULL,'marketinguser01FORCE_UPDATE',1,'2024-01-03 07:53:33',0,1),(1074,150,'2024-01-03 17:54:27',1,1,1308,3,NULL,NULL,'PTCAdminUserFORCE_UPDATE',1,'2024-01-03 07:54:27',0,1),(1075,150,'2024-01-03 18:10:04',1,1,1309,3,NULL,NULL,'PTCAdminUserFORCE_UPDATE',1,'2024-01-03 08:10:04',0,1),(1076,150,'2024-01-03 18:10:27',1,1,1310,3,NULL,NULL,'PTCAdminUserFORCE_UPDATE',1,'2024-01-03 08:10:27',0,1),(1077,154,'2024-01-03 18:12:04',1,1,1311,3,NULL,NULL,'branchopsuser01FORCE_UPDATE',1,'2024-01-03 08:12:04',0,1),(1078,150,'2024-01-03 18:13:53',1,1,1312,3,NULL,NULL,'PTCAdminUserFORCE_UPDATE',1,'2024-01-03 08:13:53',0,1),(1079,150,'2024-01-03 18:23:20',1,1,1313,3,NULL,NULL,'PTCAdminUserFORCE_UPDATE',1,'2024-01-03 08:23:20',0,1),(1080,150,'2024-01-03 18:50:47',1,1,1314,3,NULL,NULL,'PTCAdminUserFORCE_UPDATE',1,'2024-01-03 08:50:47',0,1),(1081,150,'2024-01-03 18:54:28',1,1,1315,3,NULL,NULL,'PTCAdminUserFORCE_UPDATE',1,'2024-01-03 08:54:28',0,1),(1082,150,'2024-01-03 18:55:24',1,1,1316,3,NULL,NULL,'PTCAdminUserFORCE_UPDATE',1,'2024-01-03 08:55:24',0,1),(1083,150,'2024-01-03 21:33:29',1,1,1317,3,NULL,NULL,'PTCAdminUserFORCE_UPDATE',1,'2024-01-03 11:33:29',0,1),(1084,150,'2024-01-03 22:35:16',1,1,1318,3,NULL,NULL,'PTCAdminUserFORCE_UPDATE',1,'2024-01-03 12:35:16',0,1),(1085,150,'2024-01-04 00:58:37',1,1,1319,3,NULL,NULL,'PTCAdminUserFORCE_UPDATE',1,'2024-01-03 14:58:37',0,1),(1086,150,'2024-01-04 05:17:44',1,1,1320,3,NULL,NULL,'PTCAdminUserFORCE_UPDATE',1,'2024-01-03 19:17:44',0,1),(1087,149,'2024-01-04 05:17:59',1,1,1321,3,NULL,NULL,'PTCFORCE_UPDATE',1,'2024-01-03 19:17:59',0,1),(1088,159,'2024-01-04 05:20:37',1,1,1322,3,NULL,NULL,'marketinguser01FORCE_UPDATE',1,'2024-01-03 19:20:37',0,1),(1089,159,'2024-01-04 05:22:28',1,1,1323,3,NULL,NULL,'marketinguser01FORCE_UPDATE',1,'2024-01-03 19:22:28',0,1),(1090,160,'2024-01-04 05:22:41',1,1,1324,3,NULL,NULL,'marketinguser02FORCE_UPDATE',1,'2024-01-03 19:22:41',0,1),(1091,150,'2024-01-04 05:23:48',1,1,1325,3,NULL,NULL,'PTCAdminUserFORCE_UPDATE',1,'2024-01-03 19:23:48',0,1),(1092,161,'2024-01-04 05:24:10',1,1,1326,3,NULL,NULL,'marketinguser03FORCE_UPDATE',1,'2024-01-03 19:24:10',0,1),(1093,162,'2024-01-04 05:24:31',1,1,1327,3,NULL,NULL,'marketinguser04FORCE_UPDATE',1,'2024-01-03 19:24:31',0,1),(1094,163,'2024-01-04 05:24:48',1,1,1328,3,NULL,NULL,'marketinguser05FORCE_UPDATE',1,'2024-01-03 19:24:48',0,1),(1095,149,'2024-01-04 05:25:19',1,1,1329,3,NULL,NULL,'PTCFORCE_UPDATE',1,'2024-01-03 19:25:19',0,1),(1096,149,'2024-01-04 05:26:48',1,1,1330,3,NULL,NULL,'PTCFORCE_UPDATE',1,'2024-01-03 19:26:48',0,1),(1097,150,'2024-01-04 08:10:39',1,1,1331,3,NULL,NULL,'PTCAdminUserFORCE_UPDATE',1,'2024-01-03 22:10:39',0,1),(1098,150,'2024-01-04 08:53:19',1,1,1332,3,NULL,NULL,'PTCAdminUserFORCE_UPDATE',1,'2024-01-03 22:53:19',0,1),(1099,150,'2024-01-04 09:16:52',1,1,1333,3,NULL,NULL,'PTCAdminUserFORCE_UPDATE',1,'2024-01-03 23:16:52',0,1),(1100,150,'2024-01-04 09:17:08',1,1,1334,3,NULL,NULL,'PTCAdminUserFORCE_UPDATE',1,'2024-01-03 23:17:08',0,1),(1101,150,'2024-01-04 09:25:56',1,1,1335,3,NULL,NULL,'PTCAdminUserFORCE_UPDATE',1,'2024-01-03 23:25:56',0,1),(1102,150,'2024-01-04 09:46:00',1,1,1336,3,NULL,NULL,'PTCAdminUserFORCE_UPDATE',1,'2024-01-03 23:46:00',0,1),(1103,150,'2024-01-04 09:55:13',1,1,1337,3,NULL,NULL,'PTCAdminUserFORCE_UPDATE',1,'2024-01-03 23:55:13',0,1),(1104,150,'2024-01-04 10:04:08',1,1,1338,3,NULL,NULL,'PTCAdminUserFORCE_UPDATE',1,'2024-01-04 00:04:08',0,1),(1105,150,'2024-01-04 10:14:26',1,1,1339,3,NULL,NULL,'PTCAdminUserFORCE_UPDATE',1,'2024-01-04 00:14:26',0,1),(1106,150,'2024-01-04 10:15:53',1,1,1340,3,NULL,NULL,'PTCAdminUserFORCE_UPDATE',1,'2024-01-04 00:15:53',0,1),(1107,150,'2024-01-04 10:25:57',1,1,1341,3,NULL,NULL,'PTCAdminUserFORCE_UPDATE',1,'2024-01-04 00:25:57',0,1),(1108,149,'2024-01-04 10:31:16',1,1,1342,3,NULL,NULL,'PTCFORCE_UPDATE',1,'2024-01-04 00:31:16',0,1),(1109,153,'2024-01-04 10:33:44',1,1,1343,3,NULL,NULL,'CMISUserFORCE_UPDATE',1,'2024-01-04 00:33:44',0,1),(1110,150,'2024-01-04 11:09:21',1,1,1344,3,NULL,NULL,'PTCAdminUserFORCE_UPDATE',1,'2024-01-04 01:09:21',0,1),(1111,150,'2024-01-04 11:09:39',1,1,1345,3,NULL,NULL,'PTCAdminUserFORCE_UPDATE',1,'2024-01-04 01:09:39',0,1),(1112,150,'2024-01-04 11:10:25',1,1,1346,3,NULL,NULL,'PTCAdminUserFORCE_UPDATE',1,'2024-01-04 01:10:25',0,1),(1113,149,'2024-01-04 11:10:48',1,1,1347,3,NULL,NULL,'PTCFORCE_UPDATE',1,'2024-01-04 01:10:48',0,1),(1114,150,'2024-01-04 11:51:58',1,1,1348,3,NULL,NULL,'PTCAdminUserFORCE_UPDATE',1,'2024-01-04 01:51:58',0,1),(1115,150,'2024-01-04 12:15:16',1,1,1349,3,NULL,NULL,'PTCAdminUserFORCE_UPDATE',1,'2024-01-04 02:15:16',0,1),(1116,150,'2024-01-04 12:35:39',1,1,1350,3,NULL,NULL,'PTCAdminUserFORCE_UPDATE',1,'2024-01-04 02:35:39',0,1),(1117,149,'2024-01-04 12:41:29',1,1,1351,3,NULL,NULL,'PTCFORCE_UPDATE',1,'2024-01-04 02:41:29',0,1),(1118,150,'2024-01-04 13:38:45',1,1,1352,3,NULL,NULL,'PTCAdminUserFORCE_UPDATE',1,'2024-01-04 03:38:45',0,1),(1119,150,'2024-01-04 13:39:15',1,1,1353,3,NULL,NULL,'PTCAdminUserFORCE_UPDATE',1,'2024-01-04 03:39:15',0,1),(1120,150,'2024-01-04 13:50:10',1,1,1354,3,NULL,NULL,'PTCAdminUserFORCE_UPDATE',1,'2024-01-04 03:50:10',0,1),(1121,149,'2024-01-04 14:09:10',1,1,1355,3,NULL,NULL,'PTCFORCE_UPDATE',1,'2024-01-04 04:09:10',0,1),(1122,150,'2024-01-04 14:19:55',1,1,1356,3,NULL,NULL,'PTCAdminUserFORCE_UPDATE',1,'2024-01-04 04:19:55',0,1),(1123,150,'2024-01-04 14:22:48',1,1,1357,3,NULL,NULL,'PTCAdminUserFORCE_UPDATE',1,'2024-01-04 04:22:48',0,1),(1124,150,'2024-01-04 14:48:06',1,1,1358,3,NULL,NULL,'PTCAdminUserFORCE_UPDATE',1,'2024-01-04 04:48:06',0,1),(1125,150,'2024-01-04 14:55:09',1,1,1359,3,NULL,NULL,'PTCAdminUserFORCE_UPDATE',1,'2024-01-04 04:55:09',0,1),(1126,149,'2024-01-04 14:56:27',1,1,1360,3,NULL,NULL,'PTCFORCE_UPDATE',1,'2024-01-04 04:56:27',0,1),(1127,149,'2024-01-04 14:57:16',1,1,1361,3,NULL,NULL,'PTCFORCE_UPDATE',1,'2024-01-04 04:57:16',0,1),(1128,150,'2024-01-04 14:58:06',1,1,1362,3,NULL,NULL,'PTCAdminUserFORCE_UPDATE',1,'2024-01-04 04:58:06',0,1),(1129,149,'2024-01-04 15:00:08',1,1,1363,3,NULL,NULL,'PTCFORCE_UPDATE',1,'2024-01-04 05:00:08',0,1),(1130,150,'2024-01-04 15:01:30',1,1,1364,3,NULL,NULL,'PTCAdminUserFORCE_UPDATE',1,'2024-01-04 05:01:30',0,1),(1131,149,'2024-01-04 15:02:53',1,1,1365,3,NULL,NULL,'PTCFORCE_UPDATE',1,'2024-01-04 05:02:53',0,1),(1132,149,'2024-01-04 15:07:13',1,1,1366,3,NULL,NULL,'PTCFORCE_UPDATE',1,'2024-01-04 05:07:13',0,1),(1133,150,'2024-01-04 15:12:26',1,1,1367,3,NULL,NULL,'PTCAdminUserFORCE_UPDATE',1,'2024-01-04 05:12:26',0,1),(1134,150,'2024-01-04 15:13:21',1,1,1368,3,NULL,NULL,'PTCAdminUserFORCE_UPDATE',1,'2024-01-04 05:13:21',0,1),(1135,150,'2024-01-04 15:14:18',1,1,1369,3,NULL,NULL,'PTCAdminUserFORCE_UPDATE',1,'2024-01-04 05:14:18',0,1),(1136,149,'2024-01-04 15:18:06',1,1,1370,3,NULL,NULL,'PTCFORCE_UPDATE',1,'2024-01-04 05:18:06',0,1),(1137,150,'2024-01-04 15:19:36',1,1,1371,3,NULL,NULL,'PTCAdminUserFORCE_UPDATE',1,'2024-01-04 05:19:36',0,1),(1138,149,'2024-01-04 15:49:41',1,1,1372,3,NULL,NULL,'PTCFORCE_UPDATE',1,'2024-01-04 05:49:41',0,1),(1139,150,'2024-01-04 16:16:43',1,1,1373,3,NULL,NULL,'PTCAdminUserFORCE_UPDATE',1,'2024-01-04 06:16:43',0,1),(1140,150,'2024-01-04 16:31:20',1,1,1374,3,NULL,NULL,'PTCAdminUserFORCE_UPDATE',1,'2024-01-04 06:31:20',0,1),(1141,150,'2024-01-04 16:34:23',1,1,1375,3,NULL,NULL,'PTCAdminUserFORCE_UPDATE',1,'2024-01-04 06:34:23',0,1),(1142,150,'2024-01-04 16:34:58',1,1,1376,3,NULL,NULL,'PTCAdminUserFORCE_UPDATE',1,'2024-01-04 06:34:58',0,1),(1143,149,'2024-01-04 17:08:46',1,1,1377,3,NULL,NULL,'PTCFORCE_UPDATE',1,'2024-01-04 07:08:46',0,1),(1144,150,'2024-01-04 17:23:15',1,1,1378,3,NULL,NULL,'PTCAdminUserFORCE_UPDATE',1,'2024-01-04 07:23:15',0,1),(1145,149,'2024-01-04 18:06:13',1,1,1379,3,NULL,NULL,'PTCFORCE_UPDATE',1,'2024-01-04 08:06:13',0,1),(1146,150,'2024-01-04 21:01:31',1,1,1380,3,NULL,NULL,'PTCAdminUserFORCE_UPDATE',1,'2024-01-04 11:01:31',0,1),(1147,149,'2024-01-04 21:02:30',1,1,1381,3,NULL,NULL,'PTCFORCE_UPDATE',1,'2024-01-04 11:02:30',0,1),(1148,150,'2024-01-04 21:12:58',1,1,1382,3,NULL,NULL,'PTCAdminUserFORCE_UPDATE',1,'2024-01-04 11:12:58',0,1),(1149,150,'2024-01-04 23:07:13',1,1,1383,3,NULL,NULL,'PTCAdminUserFORCE_UPDATE',1,'2024-01-04 13:07:13',0,1),(1150,150,'2024-01-05 04:45:52',1,1,1384,3,NULL,NULL,'PTCAdminUserFORCE_UPDATE',1,'2024-01-04 18:45:52',0,1),(1151,149,'2024-01-05 04:46:18',1,1,1385,3,NULL,NULL,'PTCFORCE_UPDATE',1,'2024-01-04 18:46:18',0,1),(1152,159,'2024-01-05 04:49:21',1,1,1386,3,NULL,NULL,'marketinguser01FORCE_UPDATE',1,'2024-01-04 18:49:21',0,1),(1153,154,'2024-01-05 04:49:23',1,1,1387,3,NULL,NULL,'branchopsuser01FORCE_UPDATE',1,'2024-01-04 18:49:23',0,1),(1154,160,'2024-01-05 04:49:55',1,1,1388,3,NULL,NULL,'marketinguser02FORCE_UPDATE',1,'2024-01-04 18:49:55',0,1),(1155,159,'2024-01-05 04:50:06',1,1,1389,3,NULL,NULL,'marketinguser01FORCE_UPDATE',1,'2024-01-04 18:50:06',0,1),(1156,149,'2024-01-05 04:51:21',1,1,1390,3,NULL,NULL,'PTCFORCE_UPDATE',1,'2024-01-04 18:51:21',0,1),(1157,155,'2024-01-05 04:54:27',1,1,1391,3,NULL,NULL,'branchopsuser02FORCE_UPDATE',1,'2024-01-04 18:54:27',0,1),(1158,156,'2024-01-05 04:54:52',1,1,1392,3,NULL,NULL,'branchopsuser03FORCE_UPDATE',1,'2024-01-04 18:54:52',0,1),(1159,154,'2024-01-05 04:57:16',1,1,1393,3,NULL,NULL,'branchopsuser01FORCE_UPDATE',1,'2024-01-04 18:57:16',0,1),(1160,150,'2024-01-05 04:58:07',1,1,1394,3,NULL,NULL,'PTCAdminUserFORCE_UPDATE',1,'2024-01-04 18:58:07',0,1),(1161,154,'2024-01-05 05:30:58',1,1,1395,3,NULL,NULL,'branchopsuser01FORCE_UPDATE',1,'2024-01-04 19:30:58',0,1),(1162,150,'2024-01-05 05:31:11',1,1,1396,3,NULL,NULL,'PTCAdminUserFORCE_UPDATE',1,'2024-01-04 19:31:11',0,1),(1163,157,'2024-01-05 05:40:43',1,1,1397,3,NULL,NULL,'branchopsuser04FORCE_UPDATE',1,'2024-01-04 19:40:43',0,1),(1164,158,'2024-01-05 05:41:08',1,1,1398,3,NULL,NULL,'branchopsuser05FORCE_UPDATE',1,'2024-01-04 19:41:08',0,1),(1165,149,'2024-01-05 05:45:11',1,1,1399,3,NULL,NULL,'PTCFORCE_UPDATE',1,'2024-01-04 19:45:11',0,1),(1166,159,'2024-01-05 05:45:57',1,1,1400,3,NULL,NULL,'marketinguser01FORCE_UPDATE',1,'2024-01-04 19:45:57',0,1),(1167,160,'2024-01-05 05:46:30',1,1,1401,3,NULL,NULL,'marketinguser02FORCE_UPDATE',1,'2024-01-04 19:46:30',0,1),(1168,149,'2024-01-05 05:46:42',1,1,1402,3,NULL,NULL,'PTCFORCE_UPDATE',1,'2024-01-04 19:46:42',0,1),(1169,160,'2024-01-05 05:48:36',1,1,1403,3,NULL,NULL,'marketinguser02FORCE_UPDATE',1,'2024-01-04 19:48:36',0,1),(1170,161,'2024-01-05 05:48:55',1,1,1404,3,NULL,NULL,'marketinguser03FORCE_UPDATE',1,'2024-01-04 19:48:55',0,1),(1171,162,'2024-01-05 05:50:17',1,1,1405,3,NULL,NULL,'marketinguser04FORCE_UPDATE',1,'2024-01-04 19:50:17',0,1),(1172,149,'2024-01-05 05:51:15',1,1,1406,3,NULL,NULL,'PTCFORCE_UPDATE',1,'2024-01-04 19:51:15',0,1),(1173,163,'2024-01-05 05:52:29',1,1,1407,3,NULL,NULL,'marketinguser05FORCE_UPDATE',1,'2024-01-04 19:52:29',0,1),(1174,154,'2024-01-05 05:53:57',1,1,1408,3,NULL,NULL,'branchopsuser01FORCE_UPDATE',1,'2024-01-04 19:53:57',0,1),(1175,150,'2024-01-05 06:14:03',1,1,1409,3,NULL,NULL,'PTCAdminUserFORCE_UPDATE',1,'2024-01-04 20:14:03',0,1),(1176,154,'2024-01-05 08:06:16',1,1,1410,3,NULL,NULL,'branchopsuser01FORCE_UPDATE',1,'2024-01-04 22:06:16',0,1),(1177,150,'2024-01-05 08:09:07',1,1,1411,3,NULL,NULL,'PTCAdminUserFORCE_UPDATE',1,'2024-01-04 22:09:07',0,1),(1178,149,'2024-01-05 08:09:55',1,1,1412,3,NULL,NULL,'PTCFORCE_UPDATE',1,'2024-01-04 22:09:55',0,1),(1179,150,'2024-01-05 08:18:28',1,1,1413,3,NULL,NULL,'PTCAdminUserFORCE_UPDATE',1,'2024-01-04 22:18:28',0,1),(1180,150,'2024-01-05 08:22:40',1,1,1414,3,NULL,NULL,'PTCAdminUserFORCE_UPDATE',1,'2024-01-04 22:22:40',0,1),(1181,149,'2024-01-05 08:44:58',1,1,1415,3,NULL,NULL,'PTCFORCE_UPDATE',1,'2024-01-04 22:44:58',0,1),(1182,150,'2024-01-05 08:51:12',1,1,1416,3,NULL,NULL,'PTCAdminUserFORCE_UPDATE',1,'2024-01-04 22:51:12',0,1),(1183,150,'2024-01-05 09:09:51',1,1,1417,3,NULL,NULL,'PTCAdminUserFORCE_UPDATE',1,'2024-01-04 23:09:51',0,1),(1184,154,'2024-01-05 09:11:50',1,1,1418,3,NULL,NULL,'branchopsuser01FORCE_UPDATE',1,'2024-01-04 23:11:50',0,1),(1185,159,'2024-01-05 09:16:59',1,1,1419,3,NULL,NULL,'marketinguser01FORCE_UPDATE',1,'2024-01-04 23:16:59',0,1),(1186,154,'2024-01-05 09:17:13',1,1,1420,3,NULL,NULL,'branchopsuser01FORCE_UPDATE',1,'2024-01-04 23:17:13',0,1),(1187,149,'2024-01-05 09:20:30',1,1,1421,3,NULL,NULL,'PTCFORCE_UPDATE',1,'2024-01-04 23:20:30',0,1),(1188,150,'2024-01-05 09:25:28',1,1,1422,3,NULL,NULL,'PTCAdminUserFORCE_UPDATE',1,'2024-01-04 23:25:28',0,1),(1189,150,'2024-01-05 09:26:01',1,1,1423,3,NULL,NULL,'PTCAdminUserFORCE_UPDATE',1,'2024-01-04 23:26:01',0,1),(1190,154,'2024-01-05 09:47:10',1,1,1424,3,NULL,NULL,'branchopsuser01FORCE_UPDATE',1,'2024-01-04 23:47:10',0,1),(1191,150,'2024-01-05 09:51:04',1,1,1425,3,NULL,NULL,'PTCAdminUserFORCE_UPDATE',1,'2024-01-04 23:51:04',0,1),(1192,149,'2024-01-05 10:06:26',1,1,1426,3,NULL,NULL,'PTCFORCE_UPDATE',1,'2024-01-05 00:06:26',0,1),(1193,150,'2024-01-05 10:06:39',1,1,1427,3,NULL,NULL,'PTCAdminUserFORCE_UPDATE',1,'2024-01-05 00:06:39',0,1),(1194,149,'2024-01-05 10:09:17',1,1,1428,3,NULL,NULL,'PTCFORCE_UPDATE',1,'2024-01-05 00:09:17',0,1),(1195,154,'2024-01-05 10:25:32',1,1,1429,3,NULL,NULL,'branchopsuser01FORCE_UPDATE',1,'2024-01-05 00:25:32',0,1),(1196,150,'2024-01-05 11:00:44',1,1,1430,3,NULL,NULL,'PTCAdminUserFORCE_UPDATE',1,'2024-01-05 01:00:44',0,1),(1197,150,'2024-01-05 16:35:53',1,1,1431,3,NULL,NULL,'PTCAdminUserFORCE_UPDATE',1,'2024-01-05 06:35:53',0,1),(1198,150,'2024-01-05 16:39:28',1,1,1432,3,NULL,NULL,'PTCAdminUserFORCE_UPDATE',1,'2024-01-05 06:39:28',0,1),(1199,149,'2024-01-05 16:59:10',1,1,1433,3,NULL,NULL,'PTCFORCE_UPDATE',1,'2024-01-05 06:59:10',0,1),(1200,150,'2024-01-05 17:34:41',1,1,1434,3,NULL,NULL,'PTCAdminUserFORCE_UPDATE',1,'2024-01-05 07:34:41',0,1),(1201,150,'2024-01-05 19:15:22',1,1,1435,3,NULL,NULL,'PTCAdminUserFORCE_UPDATE',1,'2024-01-05 09:15:22',0,1),(1202,150,'2024-01-06 06:49:43',1,1,1436,3,NULL,NULL,'PTCAdminUserFORCE_UPDATE',1,'2024-01-05 20:49:43',0,1),(1203,155,'2024-01-06 06:51:12',1,1,1437,3,NULL,NULL,'branchopsuser02FORCE_UPDATE',1,'2024-01-05 20:51:12',0,1),(1204,159,'2024-01-06 06:53:53',1,1,1438,3,NULL,NULL,'marketinguser01FORCE_UPDATE',1,'2024-01-05 20:53:53',0,1),(1205,150,'2024-01-06 07:03:23',1,1,1439,3,NULL,NULL,'PTCAdminUserFORCE_UPDATE',1,'2024-01-05 21:03:23',0,1),(1206,149,'2024-01-06 08:21:44',1,1,1440,3,NULL,NULL,'PTCFORCE_UPDATE',1,'2024-01-05 22:21:44',0,1),(1207,150,'2024-01-06 08:22:46',1,1,1441,3,NULL,NULL,'PTCAdminUserFORCE_UPDATE',1,'2024-01-05 22:22:46',0,1),(1208,149,'2024-01-06 08:23:08',1,1,1442,3,NULL,NULL,'PTCFORCE_UPDATE',1,'2024-01-05 22:23:08',0,1),(1209,154,'2024-01-06 08:31:57',1,1,1443,3,NULL,NULL,'branchopsuser01FORCE_UPDATE',1,'2024-01-05 22:31:57',0,1),(1210,149,'2024-01-06 08:36:10',1,1,1444,3,NULL,NULL,'PTCFORCE_UPDATE',1,'2024-01-05 22:36:10',0,1),(1211,159,'2024-01-06 08:41:25',1,1,1445,3,NULL,NULL,'marketinguser01FORCE_UPDATE',1,'2024-01-05 22:41:25',0,1),(1212,150,'2024-01-06 09:15:40',1,1,1446,3,NULL,NULL,'PTCAdminUserFORCE_UPDATE',1,'2024-01-05 23:15:40',0,1),(1213,150,'2024-01-06 12:43:31',1,1,1447,3,NULL,NULL,'PTCAdminUserFORCE_UPDATE',1,'2024-01-06 02:43:31',0,1),(1214,155,'2024-01-06 12:52:34',1,1,1448,3,NULL,NULL,'branchopsuser02FORCE_UPDATE',1,'2024-01-06 02:52:34',0,1),(1215,150,'2024-01-07 17:14:17',1,1,1449,3,NULL,NULL,'PTCAdminUserFORCE_UPDATE',1,'2024-01-07 07:14:17',0,1),(1216,150,'2024-01-07 18:29:51',1,1,1450,3,NULL,NULL,'PTCAdminUserFORCE_UPDATE',1,'2024-01-07 08:29:51',0,1),(1217,154,'2024-01-08 06:13:03',1,1,1451,3,NULL,NULL,'branchopsuser01FORCE_UPDATE',1,'2024-01-07 20:13:03',0,1),(1218,155,'2024-01-08 06:23:37',1,1,1452,3,NULL,NULL,'branchopsuser02FORCE_UPDATE',1,'2024-01-07 20:23:37',0,1),(1219,150,'2024-01-08 06:24:29',1,1,1453,3,NULL,NULL,'PTCAdminUserFORCE_UPDATE',1,'2024-01-07 20:24:29',0,1),(1220,159,'2024-01-08 06:25:15',1,1,1454,3,NULL,NULL,'marketinguser01FORCE_UPDATE',1,'2024-01-07 20:25:15',0,1),(1221,155,'2024-01-08 06:28:25',1,1,1455,3,NULL,NULL,'branchopsuser02FORCE_UPDATE',1,'2024-01-07 20:28:25',0,1),(1222,155,'2024-01-08 06:39:10',1,1,1456,3,NULL,NULL,'branchopsuser02FORCE_UPDATE',1,'2024-01-07 20:39:10',0,1),(1223,159,'2024-01-08 07:02:43',1,1,1457,3,NULL,NULL,'marketinguser01FORCE_UPDATE',1,'2024-01-07 21:02:43',0,1),(1224,154,'2024-01-08 07:05:25',1,1,1458,3,NULL,NULL,'branchopsuser01FORCE_UPDATE',1,'2024-01-07 21:05:25',0,1),(1225,159,'2024-01-08 07:06:15',1,1,1459,3,NULL,NULL,'marketinguser01FORCE_UPDATE',1,'2024-01-07 21:06:15',0,1),(1226,156,'2024-01-08 07:24:53',1,1,1460,3,NULL,NULL,'branchopsuser03FORCE_UPDATE',1,'2024-01-07 21:24:53',0,1),(1227,157,'2024-01-08 07:27:22',1,1,1461,3,NULL,NULL,'branchopsuser04FORCE_UPDATE',1,'2024-01-07 21:27:22',0,1),(1228,158,'2024-01-08 07:30:27',1,1,1462,3,NULL,NULL,'branchopsuser05FORCE_UPDATE',1,'2024-01-07 21:30:27',0,1),(1229,159,'2024-01-08 07:32:18',1,1,1463,3,NULL,NULL,'marketinguser01FORCE_UPDATE',1,'2024-01-07 21:32:18',0,1),(1230,154,'2024-01-08 07:39:04',1,1,1464,3,NULL,NULL,'branchopsuser01FORCE_UPDATE',1,'2024-01-07 21:39:04',0,1),(1231,150,'2024-01-08 08:24:17',1,1,1465,3,NULL,NULL,'PTCAdminUserFORCE_UPDATE',1,'2024-01-07 22:24:17',0,1),(1232,154,'2024-01-08 09:08:06',1,1,1466,3,NULL,NULL,'branchopsuser01FORCE_UPDATE',1,'2024-01-07 23:08:06',0,1),(1233,159,'2024-01-08 11:24:54',1,1,1467,3,NULL,NULL,'marketinguser01FORCE_UPDATE',1,'2024-01-08 01:24:54',0,1),(1234,160,'2024-01-08 11:25:49',1,1,1468,3,NULL,NULL,'marketinguser02FORCE_UPDATE',1,'2024-01-08 01:25:49',0,1),(1235,161,'2024-01-08 11:26:29',1,1,1469,3,NULL,NULL,'marketinguser03FORCE_UPDATE',1,'2024-01-08 01:26:29',0,1),(1236,162,'2024-01-08 11:27:31',1,1,1470,3,NULL,NULL,'marketinguser04FORCE_UPDATE',1,'2024-01-08 01:27:31',0,1),(1237,163,'2024-01-08 11:27:55',1,1,1471,3,NULL,NULL,'marketinguser05FORCE_UPDATE',1,'2024-01-08 01:27:55',0,1),(1238,150,'2024-01-08 11:28:13',1,1,1472,3,NULL,NULL,'PTCAdminUserFORCE_UPDATE',1,'2024-01-08 01:28:13',0,1),(1239,149,'2024-01-08 11:28:32',1,1,1473,3,NULL,NULL,'PTCFORCE_UPDATE',1,'2024-01-08 01:28:32',0,1),(1240,154,'2024-01-08 11:29:36',1,1,1474,3,NULL,NULL,'branchopsuser01FORCE_UPDATE',1,'2024-01-08 01:29:36',0,1),(1241,150,'2024-01-08 11:31:54',1,1,1475,3,NULL,NULL,'PTCAdminUserFORCE_UPDATE',1,'2024-01-08 01:31:54',0,1),(1242,150,'2024-01-08 12:03:22',1,1,1476,3,NULL,NULL,'PTCAdminUserFORCE_UPDATE',1,'2024-01-08 02:03:22',0,1),(1243,150,'2024-01-08 12:39:53',1,1,1477,3,NULL,NULL,'PTCAdminUserFORCE_UPDATE',1,'2024-01-08 02:39:53',0,1),(1244,150,'2024-01-08 12:40:14',1,1,1478,3,NULL,NULL,'PTCAdminUserFORCE_UPDATE',1,'2024-01-08 02:40:14',0,1),(1245,159,'2024-01-08 13:09:43',1,1,1479,3,NULL,NULL,'marketinguser01FORCE_UPDATE',1,'2024-01-08 03:09:43',0,1),(1246,150,'2024-01-08 13:27:05',1,1,1480,3,NULL,NULL,'PTCAdminUserFORCE_UPDATE',1,'2024-01-08 03:27:05',0,1),(1247,149,'2024-01-08 13:39:31',1,1,1481,3,NULL,NULL,'PTCFORCE_UPDATE',1,'2024-01-08 03:39:31',0,1),(1248,150,'2024-01-08 13:40:57',1,1,1482,3,NULL,NULL,'PTCAdminUserFORCE_UPDATE',1,'2024-01-08 03:40:57',0,1),(1249,150,'2024-01-08 14:16:37',1,1,1483,3,NULL,NULL,'PTCAdminUserFORCE_UPDATE',1,'2024-01-08 04:16:37',0,1),(1250,150,'2024-01-08 14:50:00',1,1,1484,3,NULL,NULL,'PTCAdminUserFORCE_UPDATE',1,'2024-01-08 04:50:00',0,1),(1251,150,'2024-01-08 15:20:20',1,1,1485,3,NULL,NULL,'PTCAdminUserFORCE_UPDATE',1,'2024-01-08 05:20:20',0,1),(1252,150,'2024-01-08 16:07:49',1,1,1486,3,NULL,NULL,'PTCAdminUserFORCE_UPDATE',1,'2024-01-08 06:07:49',0,1),(1253,150,'2024-01-08 16:08:43',1,1,1487,3,NULL,NULL,'PTCAdminUserFORCE_UPDATE',1,'2024-01-08 06:08:43',0,1),(1254,150,'2024-01-08 16:43:56',1,1,1488,3,NULL,NULL,'PTCAdminUserFORCE_UPDATE',1,'2024-01-08 06:43:56',0,1),(1255,149,'2024-01-08 16:47:02',1,1,1489,3,NULL,NULL,'PTCFORCE_UPDATE',1,'2024-01-08 06:47:02',0,1),(1256,150,'2024-01-08 16:47:04',1,1,1490,3,NULL,NULL,'PTCAdminUserFORCE_UPDATE',1,'2024-01-08 06:47:04',0,1),(1257,150,'2024-01-08 16:49:57',1,1,1491,3,NULL,NULL,'PTCAdminUserFORCE_UPDATE',1,'2024-01-08 06:49:57',0,1),(1258,150,'2024-01-08 17:03:10',1,1,1492,3,NULL,NULL,'PTCAdminUserFORCE_UPDATE',1,'2024-01-08 07:03:10',0,1),(1259,150,'2024-01-08 17:37:12',1,1,1493,3,NULL,NULL,'PTCAdminUserFORCE_UPDATE',1,'2024-01-08 07:37:12',0,1),(1260,149,'2024-01-08 17:47:12',1,1,1494,3,NULL,NULL,'PTCFORCE_UPDATE',1,'2024-01-08 07:47:12',0,1),(1261,150,'2024-01-08 17:48:39',1,1,1495,3,NULL,NULL,'PTCAdminUserFORCE_UPDATE',1,'2024-01-08 07:48:39',0,1),(1262,149,'2024-01-08 17:51:34',1,1,1496,3,NULL,NULL,'PTCFORCE_UPDATE',1,'2024-01-08 07:51:34',0,1),(1263,149,'2024-01-08 17:57:42',1,1,1497,3,NULL,NULL,'PTCFORCE_UPDATE',1,'2024-01-08 07:57:42',0,1),(1264,150,'2024-01-08 17:57:54',1,1,1498,3,NULL,NULL,'PTCAdminUserFORCE_UPDATE',1,'2024-01-08 07:57:54',0,1),(1265,149,'2024-01-08 17:59:31',1,1,1499,3,NULL,NULL,'PTCFORCE_UPDATE',1,'2024-01-08 07:59:31',0,1),(1266,150,'2024-01-08 18:46:20',1,1,1500,3,NULL,NULL,'PTCAdminUserFORCE_UPDATE',1,'2024-01-08 08:46:20',0,1),(1267,150,'2024-01-08 21:30:19',1,1,1501,3,NULL,NULL,'PTCAdminUserFORCE_UPDATE',1,'2024-01-08 11:30:19',0,1),(1268,155,'2024-01-09 06:19:24',1,1,1502,3,NULL,NULL,'branchopsuser02FORCE_UPDATE',1,'2024-01-08 20:19:24',0,1),(1269,149,'2024-01-09 06:34:48',1,1,1503,3,NULL,NULL,'PTCFORCE_UPDATE',1,'2024-01-08 20:34:48',0,1),(1270,150,'2024-01-09 08:41:51',1,1,1504,3,NULL,NULL,'PTCAdminUserFORCE_UPDATE',1,'2024-01-08 22:41:51',0,1),(1271,154,'2024-01-09 08:58:53',1,1,1505,3,NULL,NULL,'branchopsuser01FORCE_UPDATE',1,'2024-01-08 22:58:53',0,1),(1272,155,'2024-01-09 08:59:52',1,1,1506,3,NULL,NULL,'branchopsuser02FORCE_UPDATE',1,'2024-01-08 22:59:52',0,1),(1273,155,'2024-01-09 09:02:04',1,1,1507,3,NULL,NULL,'branchopsuser02FORCE_UPDATE',1,'2024-01-08 23:02:04',0,1),(1274,156,'2024-01-09 09:02:13',1,1,1508,3,NULL,NULL,'branchopsuser03FORCE_UPDATE',1,'2024-01-08 23:02:13',0,1),(1275,158,'2024-01-09 09:02:47',1,1,1509,3,NULL,NULL,'branchopsuser05FORCE_UPDATE',1,'2024-01-08 23:02:47',0,1),(1276,157,'2024-01-09 09:03:11',1,1,1510,3,NULL,NULL,'branchopsuser04FORCE_UPDATE',1,'2024-01-08 23:03:11',0,1),(1277,159,'2024-01-09 09:03:32',1,1,1511,3,NULL,NULL,'marketinguser01FORCE_UPDATE',1,'2024-01-08 23:03:32',0,1),(1278,160,'2024-01-09 09:06:35',1,1,1512,3,NULL,NULL,'marketinguser02FORCE_UPDATE',1,'2024-01-08 23:06:35',0,1),(1279,149,'2024-01-09 09:06:46',1,1,1513,3,NULL,NULL,'PTCFORCE_UPDATE',1,'2024-01-08 23:06:46',0,1),(1280,161,'2024-01-09 09:06:50',1,1,1514,3,NULL,NULL,'marketinguser03FORCE_UPDATE',1,'2024-01-08 23:06:50',0,1),(1281,162,'2024-01-09 09:07:06',1,1,1515,3,NULL,NULL,'marketinguser04FORCE_UPDATE',1,'2024-01-08 23:07:06',0,1),(1282,163,'2024-01-09 09:07:24',1,1,1516,3,NULL,NULL,'marketinguser05FORCE_UPDATE',1,'2024-01-08 23:07:24',0,1),(1283,159,'2024-01-09 09:07:38',1,1,1517,3,NULL,NULL,'marketinguser01FORCE_UPDATE',1,'2024-01-08 23:07:38',0,1),(1284,160,'2024-01-09 09:07:50',1,1,1518,3,NULL,NULL,'marketinguser02FORCE_UPDATE',1,'2024-01-08 23:07:50',0,1),(1285,160,'2024-01-09 09:09:57',1,1,1519,3,NULL,NULL,'marketinguser02FORCE_UPDATE',1,'2024-01-08 23:09:57',0,1),(1286,154,'2024-01-09 09:59:21',1,1,1520,3,NULL,NULL,'branchopsuser01FORCE_UPDATE',1,'2024-01-08 23:59:21',0,1),(1287,150,'2024-01-09 10:30:23',1,1,1521,3,NULL,NULL,'PTCAdminUserFORCE_UPDATE',1,'2024-01-09 00:30:23',0,1),(1288,155,'2024-01-09 10:33:29',1,1,1522,3,NULL,NULL,'branchopsuser02FORCE_UPDATE',1,'2024-01-09 00:33:29',0,1),(1289,156,'2024-01-09 10:34:43',1,1,1523,3,NULL,NULL,'branchopsuser03FORCE_UPDATE',1,'2024-01-09 00:34:43',0,1),(1290,157,'2024-01-09 10:35:38',1,1,1524,3,NULL,NULL,'branchopsuser04FORCE_UPDATE',1,'2024-01-09 00:35:38',0,1),(1291,155,'2024-01-09 10:36:00',1,1,1525,3,NULL,NULL,'branchopsuser02FORCE_UPDATE',1,'2024-01-09 00:36:00',0,1),(1292,155,'2024-01-09 10:36:14',1,1,1526,3,NULL,NULL,'branchopsuser02FORCE_UPDATE',1,'2024-01-09 00:36:14',0,1),(1293,155,'2024-01-09 10:36:34',1,1,1527,3,NULL,NULL,'branchopsuser02FORCE_UPDATE',1,'2024-01-09 00:36:34',0,1),(1294,155,'2024-01-09 10:37:17',1,1,1528,3,NULL,NULL,'branchopsuser02FORCE_UPDATE',1,'2024-01-09 00:37:17',0,1),(1295,155,'2024-01-09 10:38:55',1,1,1529,3,NULL,NULL,'branchopsuser02FORCE_UPDATE',1,'2024-01-09 00:38:55',0,1),(1296,155,'2024-01-09 10:42:21',1,1,1530,3,NULL,NULL,'branchopsuser02FORCE_UPDATE',1,'2024-01-09 00:42:21',0,1),(1297,155,'2024-01-09 10:47:16',1,1,1531,3,NULL,NULL,'branchopsuser02FORCE_UPDATE',1,'2024-01-09 00:47:16',0,1),(1298,154,'2024-01-09 10:47:25',1,1,1532,3,NULL,NULL,'branchopsuser01FORCE_UPDATE',1,'2024-01-09 00:47:25',0,1),(1299,150,'2024-01-09 11:44:57',1,1,1533,3,NULL,NULL,'PTCAdminUserFORCE_UPDATE',1,'2024-01-09 01:44:57',0,1),(1300,159,'2024-01-09 11:51:12',1,1,1534,3,NULL,NULL,'marketinguser01FORCE_UPDATE',1,'2024-01-09 01:51:12',0,1),(1301,154,'2024-01-09 11:58:19',1,1,1535,3,NULL,NULL,'branchopsuser01FORCE_UPDATE',1,'2024-01-09 01:58:19',0,1),(1302,154,'2024-01-09 12:09:15',1,1,1536,3,NULL,NULL,'branchopsuser01FORCE_UPDATE',1,'2024-01-09 02:09:15',0,1),(1303,150,'2024-01-09 12:30:19',1,1,1537,3,NULL,NULL,'PTCAdminUserFORCE_UPDATE',1,'2024-01-09 02:30:19',0,1),(1304,155,'2024-01-09 13:08:54',1,1,1538,3,NULL,NULL,'branchopsuser02FORCE_UPDATE',1,'2024-01-09 03:08:54',0,1),(1305,150,'2024-01-09 13:09:02',1,1,1539,3,NULL,NULL,'PTCAdminUserFORCE_UPDATE',1,'2024-01-09 03:09:02',0,1),(1306,155,'2024-01-09 13:58:03',1,1,1540,3,NULL,NULL,'branchopsuser02FORCE_UPDATE',1,'2024-01-09 03:58:03',0,1),(1307,155,'2024-01-09 13:58:14',1,1,1541,3,NULL,NULL,'branchopsuser02FORCE_UPDATE',1,'2024-01-09 03:58:14',0,1),(1308,155,'2024-01-09 14:32:36',1,1,1542,3,NULL,NULL,'branchopsuser02FORCE_UPDATE',1,'2024-01-09 04:32:36',0,1),(1309,150,'2024-01-09 15:07:51',1,1,1543,3,NULL,NULL,'PTCAdminUserFORCE_UPDATE',1,'2024-01-09 05:07:51',0,1),(1310,159,'2024-01-10 05:30:54',1,1,1544,3,NULL,NULL,'marketinguser01FORCE_UPDATE',1,'2024-01-09 19:30:54',0,1),(1311,159,'2024-01-10 06:12:35',1,1,1545,3,NULL,NULL,'marketinguser01FORCE_UPDATE',1,'2024-01-09 20:12:35',0,1),(1312,157,'2024-01-10 09:02:44',1,1,1546,3,NULL,NULL,'branchopsuser04FORCE_UPDATE',1,'2024-01-09 23:02:44',0,1),(1313,150,'2024-01-10 09:12:34',1,1,1547,3,NULL,NULL,'PTCAdminUserFORCE_UPDATE',1,'2024-01-09 23:12:34',0,1),(1314,150,'2024-01-10 10:23:47',1,1,1548,3,NULL,NULL,'PTCAdminUserFORCE_UPDATE',1,'2024-01-10 00:23:47',0,1),(1315,150,'2024-01-10 11:15:26',1,1,1549,3,NULL,NULL,'PTCAdminUserFORCE_UPDATE',1,'2024-01-10 01:15:26',0,1),(1316,150,'2024-01-10 16:31:39',1,1,1550,3,NULL,NULL,'PTCAdminUserFORCE_UPDATE',1,'2024-01-10 06:31:39',0,1),(1317,150,'2024-01-10 16:39:37',1,1,1551,3,NULL,NULL,'PTCAdminUserFORCE_UPDATE',1,'2024-01-10 06:39:37',0,1),(1318,150,'2024-01-10 16:42:56',1,1,1552,3,NULL,NULL,'PTCAdminUserFORCE_UPDATE',1,'2024-01-10 06:42:56',0,1),(1319,150,'2024-01-10 16:43:13',1,1,1553,3,NULL,NULL,'PTCAdminUserFORCE_UPDATE',1,'2024-01-10 06:43:13',0,1),(1320,150,'2024-01-10 16:43:55',1,1,1554,3,NULL,NULL,'PTCAdminUserFORCE_UPDATE',1,'2024-01-10 06:43:55',0,1),(1321,150,'2024-01-10 16:44:26',1,1,1555,3,NULL,NULL,'PTCAdminUserFORCE_UPDATE',1,'2024-01-10 06:44:26',0,1),(1322,150,'2024-01-10 16:44:42',1,1,1556,3,NULL,NULL,'PTCAdminUserFORCE_UPDATE',1,'2024-01-10 06:44:42',0,1),(1323,150,'2024-01-10 16:45:04',1,1,1557,3,NULL,NULL,'PTCAdminUserFORCE_UPDATE',1,'2024-01-10 06:45:04',0,1),(1324,150,'2024-01-10 16:46:30',1,1,1558,3,NULL,NULL,'PTCAdminUserFORCE_UPDATE',1,'2024-01-10 06:46:30',0,1),(1325,150,'2024-01-10 17:29:31',1,1,1559,3,NULL,NULL,'PTCAdminUserFORCE_UPDATE',1,'2024-01-10 07:29:31',0,1),(1326,150,'2024-01-11 04:56:21',1,1,1560,3,NULL,NULL,'PTCAdminUserFORCE_UPDATE',1,'2024-01-10 18:56:21',0,1),(1327,155,'2024-01-11 04:58:20',1,1,1561,3,NULL,NULL,'branchopsuser02FORCE_UPDATE',1,'2024-01-10 18:58:20',0,1),(1328,150,'2024-01-11 04:59:31',1,1,1562,3,NULL,NULL,'PTCAdminUserFORCE_UPDATE',1,'2024-01-10 18:59:31',0,1),(1329,149,'2024-01-11 04:59:52',1,1,1563,3,NULL,NULL,'PTCFORCE_UPDATE',1,'2024-01-10 18:59:52',0,1),(1330,150,'2024-01-11 05:08:17',1,1,1564,3,NULL,NULL,'PTCAdminUserFORCE_UPDATE',1,'2024-01-10 19:08:17',0,1),(1331,150,'2024-01-11 05:09:09',1,1,1565,3,NULL,NULL,'PTCAdminUserFORCE_UPDATE',1,'2024-01-10 19:09:09',0,1),(1332,150,'2024-01-11 05:10:55',1,1,1566,3,NULL,NULL,'PTCAdminUserFORCE_UPDATE',1,'2024-01-10 19:10:55',0,1),(1333,149,'2024-01-11 05:46:06',1,1,1567,3,NULL,NULL,'PTCFORCE_UPDATE',1,'2024-01-10 19:46:06',0,1),(1334,159,'2024-01-11 05:48:23',1,1,1568,3,NULL,NULL,'marketinguser01FORCE_UPDATE',1,'2024-01-10 19:48:23',0,1),(1335,154,'2024-01-11 06:23:22',1,1,1569,3,NULL,NULL,'branchopsuser01FORCE_UPDATE',1,'2024-01-10 20:23:22',0,1),(1336,154,'2024-01-11 06:25:44',1,1,1570,3,NULL,NULL,'branchopsuser01FORCE_UPDATE',1,'2024-01-10 20:25:44',0,1),(1337,159,'2024-01-11 06:31:08',1,1,1571,3,NULL,NULL,'marketinguser01FORCE_UPDATE',1,'2024-01-10 20:31:08',0,1),(1338,149,'2024-01-11 06:54:17',1,1,1572,3,NULL,NULL,'PTCFORCE_UPDATE',1,'2024-01-10 20:54:17',0,1),(1339,154,'2024-01-11 06:55:49',1,1,1573,3,NULL,NULL,'branchopsuser01FORCE_UPDATE',1,'2024-01-10 20:55:49',0,1),(1340,159,'2024-01-11 06:59:11',1,1,1574,3,NULL,NULL,'marketinguser01FORCE_UPDATE',1,'2024-01-10 20:59:11',0,1),(1341,150,'2024-01-11 07:11:38',1,1,1575,3,NULL,NULL,'PTCAdminUserFORCE_UPDATE',1,'2024-01-10 21:11:38',0,1),(1342,159,'2024-01-11 07:38:07',1,1,1576,3,NULL,NULL,'marketinguser01FORCE_UPDATE',1,'2024-01-10 21:38:07',0,1),(1343,150,'2024-01-11 08:55:28',1,1,1577,3,NULL,NULL,'PTCAdminUserFORCE_UPDATE',1,'2024-01-10 22:55:28',0,1),(1344,159,'2024-01-11 09:05:09',1,1,1578,3,NULL,NULL,'marketinguser01FORCE_UPDATE',1,'2024-01-10 23:05:09',0,1),(1345,159,'2024-01-11 10:08:58',1,1,1579,3,NULL,NULL,'marketinguser01FORCE_UPDATE',1,'2024-01-11 00:08:58',0,1),(1346,159,'2024-01-11 10:35:13',1,1,1580,3,NULL,NULL,'marketinguser01FORCE_UPDATE',1,'2024-01-11 00:35:13',0,1),(1347,149,'2024-01-11 10:37:41',1,1,1581,3,NULL,NULL,'PTCFORCE_UPDATE',1,'2024-01-11 00:37:41',0,1),(1348,150,'2024-01-11 10:37:51',1,1,1582,3,NULL,NULL,'PTCAdminUserFORCE_UPDATE',1,'2024-01-11 00:37:51',0,1),(1349,150,'2024-01-11 11:38:11',1,1,1583,3,NULL,NULL,'PTCAdminUserFORCE_UPDATE',1,'2024-01-11 01:38:11',0,1),(1350,150,'2024-01-11 14:24:43',1,1,1584,3,NULL,NULL,'PTCAdminUserFORCE_UPDATE',1,'2024-01-11 04:24:43',0,1),(1351,150,'2024-01-11 14:34:46',1,1,1585,3,NULL,NULL,'PTCAdminUserFORCE_UPDATE',1,'2024-01-11 04:34:46',0,1),(1352,150,'2024-01-11 15:40:32',1,1,1586,3,NULL,NULL,'PTCAdminUserFORCE_UPDATE',1,'2024-01-11 05:40:32',0,1),(1353,150,'2024-01-11 15:41:06',1,1,1587,3,NULL,NULL,'PTCAdminUserFORCE_UPDATE',1,'2024-01-11 05:41:06',0,1),(1354,150,'2024-01-11 17:13:34',1,1,1588,3,NULL,NULL,'PTCAdminUserFORCE_UPDATE',1,'2024-01-11 07:13:34',0,1),(1355,149,'2024-01-11 17:20:13',1,1,1589,3,NULL,NULL,'PTCFORCE_UPDATE',1,'2024-01-11 07:20:13',0,1),(1356,150,'2024-01-11 17:24:45',1,1,1590,3,NULL,NULL,'PTCAdminUserFORCE_UPDATE',1,'2024-01-11 07:24:45',0,1),(1357,156,'2024-01-11 18:45:57',1,1,1591,3,NULL,NULL,'branchopsuser03FORCE_UPDATE',1,'2024-01-11 08:45:57',0,1),(1358,159,'2024-01-11 18:53:29',1,1,1592,3,NULL,NULL,'marketinguser01FORCE_UPDATE',1,'2024-01-11 08:53:29',0,1),(1359,156,'2024-01-11 18:56:05',1,1,1593,3,NULL,NULL,'branchopsuser03FORCE_UPDATE',1,'2024-01-11 08:56:05',0,1),(1360,150,'2024-01-11 19:27:51',1,1,1594,3,NULL,NULL,'PTCAdminUserFORCE_UPDATE',1,'2024-01-11 09:27:51',0,1),(1361,150,'2024-01-11 21:23:40',1,1,1595,3,NULL,NULL,'PTCAdminUserFORCE_UPDATE',1,'2024-01-11 11:23:40',0,1),(1362,150,'2024-01-11 22:28:53',1,1,1596,3,NULL,NULL,'PTCAdminUserFORCE_UPDATE',1,'2024-01-11 12:28:53',0,1),(1363,150,'2024-01-12 01:17:34',1,1,1597,3,NULL,NULL,'PTCAdminUserFORCE_UPDATE',1,'2024-01-11 15:17:34',0,1),(1364,156,'2024-01-12 05:27:20',1,1,1598,3,NULL,NULL,'branchopsuser03FORCE_UPDATE',1,'2024-01-11 19:27:20',0,1),(1365,154,'2024-01-12 05:31:54',1,1,1599,3,NULL,NULL,'branchopsuser01FORCE_UPDATE',1,'2024-01-11 19:31:54',0,1),(1366,150,'2024-01-12 05:35:23',1,1,1600,3,NULL,NULL,'PTCAdminUserFORCE_UPDATE',1,'2024-01-11 19:35:23',0,1),(1367,154,'2024-01-12 05:38:51',1,1,1601,3,NULL,NULL,'branchopsuser01FORCE_UPDATE',1,'2024-01-11 19:38:51',0,1),(1368,154,'2024-01-12 07:20:16',1,1,1602,3,NULL,NULL,'branchopsuser01FORCE_UPDATE',1,'2024-01-11 21:20:16',0,1),(1369,154,'2024-01-12 07:56:44',1,1,1603,3,NULL,NULL,'branchopsuser01FORCE_UPDATE',1,'2024-01-11 21:56:44',0,1),(1370,150,'2024-01-12 09:09:39',1,1,1604,3,NULL,NULL,'PTCAdminUserFORCE_UPDATE',1,'2024-01-11 23:09:39',0,1),(1371,154,'2024-01-12 09:13:21',1,1,1605,3,NULL,NULL,'branchopsuser01FORCE_UPDATE',1,'2024-01-11 23:13:21',0,1),(1372,154,'2024-01-12 09:17:59',1,1,1606,3,NULL,NULL,'branchopsuser01FORCE_UPDATE',1,'2024-01-11 23:17:59',0,1),(1373,150,'2024-01-12 09:18:35',1,1,1607,3,NULL,NULL,'PTCAdminUserFORCE_UPDATE',1,'2024-01-11 23:18:35',0,1),(1374,150,'2024-01-12 09:30:52',1,1,1608,3,NULL,NULL,'PTCAdminUserFORCE_UPDATE',1,'2024-01-11 23:30:52',0,1),(1375,150,'2024-01-12 09:41:19',1,1,1609,3,NULL,NULL,'PTCAdminUserFORCE_UPDATE',1,'2024-01-11 23:41:19',0,1),(1376,159,'2024-01-12 09:46:21',1,1,1610,3,NULL,NULL,'marketinguser01FORCE_UPDATE',1,'2024-01-11 23:46:21',0,1),(1377,156,'2024-01-12 09:47:11',1,1,1611,3,NULL,NULL,'branchopsuser03FORCE_UPDATE',1,'2024-01-11 23:47:11',0,1),(1378,154,'2024-01-12 09:47:57',1,1,1612,3,NULL,NULL,'branchopsuser01FORCE_UPDATE',1,'2024-01-11 23:47:57',0,1),(1379,159,'2024-01-12 10:04:55',1,1,1613,3,NULL,NULL,'marketinguser01FORCE_UPDATE',1,'2024-01-12 00:04:55',0,1),(1380,154,'2024-01-12 12:34:47',1,1,1614,3,NULL,NULL,'branchopsuser01FORCE_UPDATE',1,'2024-01-12 02:34:47',0,1),(1381,156,'2024-01-12 14:26:34',1,1,1615,3,NULL,NULL,'branchopsuser03FORCE_UPDATE',1,'2024-01-12 04:26:34',0,1),(1382,156,'2024-01-12 14:28:02',1,1,1616,3,NULL,NULL,'branchopsuser03FORCE_UPDATE',1,'2024-01-12 04:28:02',0,1),(1383,156,'2024-01-12 14:47:16',1,1,1617,3,NULL,NULL,'branchopsuser03FORCE_UPDATE',1,'2024-01-12 04:47:16',0,1),(1384,156,'2024-01-13 05:38:58',1,1,1618,3,NULL,NULL,'branchopsuser03FORCE_UPDATE',1,'2024-01-12 19:38:58',0,1),(1385,156,'2024-01-13 05:42:13',1,1,1619,3,NULL,NULL,'branchopsuser03FORCE_UPDATE',1,'2024-01-12 19:42:13',0,1),(1386,150,'2024-01-13 06:13:36',1,1,1620,3,NULL,NULL,'PTCAdminUserFORCE_UPDATE',1,'2024-01-12 20:13:36',0,1),(1387,159,'2024-01-13 06:15:08',1,1,1621,3,NULL,NULL,'marketinguser01FORCE_UPDATE',1,'2024-01-12 20:15:08',0,1),(1388,159,'2024-01-13 06:23:24',1,1,1622,3,NULL,NULL,'marketinguser01FORCE_UPDATE',1,'2024-01-12 20:23:24',0,1),(1389,159,'2024-01-13 06:35:46',1,1,1623,3,NULL,NULL,'marketinguser01FORCE_UPDATE',1,'2024-01-12 20:35:46',0,1),(1390,159,'2024-01-13 06:35:52',1,1,1624,3,NULL,NULL,'marketinguser01FORCE_UPDATE',1,'2024-01-12 20:35:52',0,1),(1391,159,'2024-01-13 06:36:00',1,1,1625,3,NULL,NULL,'marketinguser01FORCE_UPDATE',1,'2024-01-12 20:36:00',0,1),(1392,159,'2024-01-13 06:36:06',1,1,1626,3,NULL,NULL,'marketinguser01FORCE_UPDATE',1,'2024-01-12 20:36:06',0,1),(1393,159,'2024-01-13 06:36:21',1,1,1627,3,NULL,NULL,'marketinguser01FORCE_UPDATE',1,'2024-01-12 20:36:21',0,1),(1394,159,'2024-01-13 06:46:17',1,1,1628,3,NULL,NULL,'marketinguser01FORCE_UPDATE',1,'2024-01-12 20:46:17',0,1),(1395,156,'2024-01-13 07:04:06',1,1,1629,3,NULL,NULL,'branchopsuser03FORCE_UPDATE',1,'2024-01-12 21:04:06',0,1),(1396,159,'2024-01-13 07:07:09',1,1,1630,3,NULL,NULL,'marketinguser01FORCE_UPDATE',1,'2024-01-12 21:07:09',0,1),(1397,154,'2024-01-13 07:10:43',1,1,1631,3,NULL,NULL,'branchopsuser01FORCE_UPDATE',1,'2024-01-12 21:10:43',0,1),(1398,154,'2024-01-13 07:11:47',1,1,1632,3,NULL,NULL,'branchopsuser01FORCE_UPDATE',1,'2024-01-12 21:11:47',0,1),(1399,159,'2024-01-13 07:29:50',1,1,1633,3,NULL,NULL,'marketinguser01FORCE_UPDATE',1,'2024-01-12 21:29:50',0,1),(1400,154,'2024-01-13 08:03:40',1,1,1634,3,NULL,NULL,'branchopsuser01FORCE_UPDATE',1,'2024-01-12 22:03:40',0,1),(1401,154,'2024-01-13 08:28:41',1,1,1635,3,NULL,NULL,'branchopsuser01FORCE_UPDATE',1,'2024-01-12 22:28:41',0,1),(1402,159,'2024-01-13 09:04:46',1,1,1636,3,NULL,NULL,'marketinguser01FORCE_UPDATE',1,'2024-01-12 23:04:46',0,1),(1403,154,'2024-01-13 09:33:02',1,1,1637,3,NULL,NULL,'branchopsuser01FORCE_UPDATE',1,'2024-01-12 23:33:02',0,1),(1404,159,'2024-01-13 09:49:11',1,1,1638,3,NULL,NULL,'marketinguser01FORCE_UPDATE',1,'2024-01-12 23:49:11',0,1),(1405,159,'2024-01-13 10:56:41',1,1,1639,3,NULL,NULL,'marketinguser01FORCE_UPDATE',1,'2024-01-13 00:56:41',0,1),(1406,150,'2024-01-13 17:22:31',1,1,1640,3,NULL,NULL,'PTCAdminUserFORCE_UPDATE',1,'2024-01-13 07:22:31',0,1),(1407,154,'2024-01-15 06:33:58',1,1,1641,3,NULL,NULL,'branchopsuser01FORCE_UPDATE',1,'2024-01-14 20:33:58',0,1),(1408,154,'2024-01-15 07:52:58',1,1,1642,3,NULL,NULL,'branchopsuser01FORCE_UPDATE',1,'2024-01-14 21:52:58',0,1),(1409,154,'2024-01-15 09:19:20',1,1,1643,3,NULL,NULL,'branchopsuser01FORCE_UPDATE',1,'2024-01-14 23:19:20',0,1),(1410,159,'2024-01-15 10:44:59',1,1,1644,3,NULL,NULL,'marketinguser01FORCE_UPDATE',1,'2024-01-15 00:44:59',0,1),(1411,159,'2024-01-15 10:46:42',1,1,1645,3,NULL,NULL,'marketinguser01FORCE_UPDATE',1,'2024-01-15 00:46:42',0,1),(1412,156,'2024-01-15 11:26:00',1,1,1646,3,NULL,NULL,'branchopsuser03FORCE_UPDATE',1,'2024-01-15 01:26:00',0,1),(1413,156,'2024-01-15 11:26:31',1,1,1647,3,NULL,NULL,'branchopsuser03FORCE_UPDATE',1,'2024-01-15 01:26:31',0,1),(1414,156,'2024-01-15 11:28:53',1,1,1648,3,NULL,NULL,'branchopsuser03FORCE_UPDATE',1,'2024-01-15 01:28:53',0,1),(1415,159,'2024-01-15 11:30:37',1,1,1649,3,NULL,NULL,'marketinguser01FORCE_UPDATE',1,'2024-01-15 01:30:37',0,1),(1416,159,'2024-01-15 11:54:49',1,1,1650,3,NULL,NULL,'marketinguser01FORCE_UPDATE',1,'2024-01-15 01:54:49',0,1),(1417,150,'2024-01-15 12:06:36',1,1,1651,3,NULL,NULL,'PTCAdminUserFORCE_UPDATE',1,'2024-01-15 02:06:36',0,1),(1418,150,'2024-01-15 12:07:42',1,1,1652,3,NULL,NULL,'PTCAdminUserFORCE_UPDATE',1,'2024-01-15 02:07:42',0,1),(1419,150,'2024-01-15 12:08:02',1,1,1653,3,NULL,NULL,'PTCAdminUserFORCE_UPDATE',1,'2024-01-15 02:08:02',0,1),(1420,150,'2024-01-15 12:08:30',1,1,1654,3,NULL,NULL,'PTCAdminUserFORCE_UPDATE',1,'2024-01-15 02:08:30',0,1),(1421,156,'2024-01-15 12:19:24',1,1,1655,3,NULL,NULL,'branchopsuser03FORCE_UPDATE',1,'2024-01-15 02:19:24',0,1),(1422,154,'2024-01-15 19:35:00',1,1,1656,3,NULL,NULL,'branchopsuser01FORCE_UPDATE',1,'2024-01-15 09:35:00',0,1),(1423,159,'2024-01-16 05:09:24',1,1,1657,3,NULL,NULL,'marketinguser01FORCE_UPDATE',1,'2024-01-15 19:09:24',0,1),(1424,159,'2024-01-16 05:54:12',1,1,1658,3,NULL,NULL,'marketinguser01FORCE_UPDATE',1,'2024-01-15 19:54:12',0,1),(1425,159,'2024-01-16 08:02:47',1,1,1659,3,NULL,NULL,'marketinguser01FORCE_UPDATE',1,'2024-01-15 22:02:47',0,1),(1426,154,'2024-01-16 08:50:01',1,1,1660,3,NULL,NULL,'branchopsuser01FORCE_UPDATE',1,'2024-01-15 22:50:01',0,1),(1427,150,'2024-01-16 08:53:10',1,1,1661,3,NULL,NULL,'PTCAdminUserFORCE_UPDATE',1,'2024-01-15 22:53:10',0,1),(1428,159,'2024-01-16 08:57:23',1,1,1662,3,NULL,NULL,'marketinguser01FORCE_UPDATE',1,'2024-01-15 22:57:23',0,1),(1429,150,'2024-01-16 12:23:39',1,1,1663,3,NULL,NULL,'PTCAdminUserFORCE_UPDATE',1,'2024-01-16 02:23:39',0,1),(1430,159,'2024-01-16 12:40:44',1,1,1664,3,NULL,NULL,'marketinguser01FORCE_UPDATE',1,'2024-01-16 02:40:44',0,1),(1431,150,'2024-01-16 13:37:27',1,1,1665,3,NULL,NULL,'PTCAdminUserFORCE_UPDATE',1,'2024-01-16 03:37:27',0,1),(1432,150,'2024-01-16 14:04:21',1,1,1666,3,NULL,NULL,'PTCAdminUserFORCE_UPDATE',1,'2024-01-16 04:04:21',0,1),(1433,150,'2024-01-16 14:22:06',1,1,1667,3,NULL,NULL,'PTCAdminUserFORCE_UPDATE',1,'2024-01-16 04:22:06',0,1),(1434,159,'2024-01-16 16:09:20',1,1,1668,3,NULL,NULL,'marketinguser01FORCE_UPDATE',1,'2024-01-16 06:09:20',0,1),(1435,159,'2024-01-16 16:11:48',1,1,1669,3,NULL,NULL,'marketinguser01FORCE_UPDATE',1,'2024-01-16 06:11:48',0,1),(1436,159,'2024-01-16 16:15:04',1,1,1670,3,NULL,NULL,'marketinguser01FORCE_UPDATE',1,'2024-01-16 06:15:04',0,1),(1437,150,'2024-01-16 16:58:14',1,1,1671,3,NULL,NULL,'PTCAdminUserFORCE_UPDATE',1,'2024-01-16 06:58:14',0,1),(1438,159,'2024-01-16 17:03:57',1,1,1672,3,NULL,NULL,'marketinguser01FORCE_UPDATE',1,'2024-01-16 07:03:57',0,1),(1439,159,'2024-01-16 17:07:24',1,1,1673,3,NULL,NULL,'marketinguser01FORCE_UPDATE',1,'2024-01-16 07:07:24',0,1),(1440,159,'2024-01-16 17:09:54',1,1,1674,3,NULL,NULL,'marketinguser01FORCE_UPDATE',1,'2024-01-16 07:09:54',0,1),(1441,154,'2024-01-16 17:10:45',1,1,1675,3,NULL,NULL,'branchopsuser01FORCE_UPDATE',1,'2024-01-16 07:10:45',0,1),(1442,154,'2024-01-16 17:42:26',1,1,1676,3,NULL,NULL,'branchopsuser01FORCE_UPDATE',1,'2024-01-16 07:42:26',0,1),(1443,159,'2024-01-16 18:05:29',1,1,1677,3,NULL,NULL,'marketinguser01FORCE_UPDATE',1,'2024-01-16 08:05:29',0,1),(1444,159,'2024-01-16 19:59:21',1,1,1678,3,NULL,NULL,'marketinguser01FORCE_UPDATE',1,'2024-01-16 09:59:21',0,1),(1445,150,'2024-01-17 08:28:42',1,1,1679,3,NULL,NULL,'PTCAdminUserFORCE_UPDATE',1,'2024-01-16 22:28:42',0,1),(1446,155,'2024-01-17 08:58:33',1,1,1680,3,NULL,NULL,'branchopsuser02FORCE_UPDATE',1,'2024-01-16 22:58:33',0,1),(1447,155,'2024-01-17 09:01:06',1,1,1681,3,NULL,NULL,'branchopsuser02FORCE_UPDATE',1,'2024-01-16 23:01:06',0,1),(1448,155,'2024-01-17 09:38:38',1,1,1682,3,NULL,NULL,'branchopsuser02FORCE_UPDATE',1,'2024-01-16 23:38:38',0,1),(1449,155,'2024-01-17 11:04:11',1,1,1683,3,NULL,NULL,'branchopsuser02FORCE_UPDATE',1,'2024-01-17 01:04:11',0,1),(1450,150,'2024-01-17 15:29:22',1,1,1684,3,NULL,NULL,'PTCAdminUserFORCE_UPDATE',1,'2024-01-17 05:29:22',0,1),(1451,150,'2024-01-17 15:30:41',1,1,1685,3,NULL,NULL,'PTCAdminUserFORCE_UPDATE',1,'2024-01-17 05:30:41',0,1),(1452,150,'2024-01-17 15:32:00',1,1,1686,3,NULL,NULL,'PTCAdminUserFORCE_UPDATE',1,'2024-01-17 05:32:00',0,1),(1453,150,'2024-01-17 15:40:35',1,1,1687,3,NULL,NULL,'PTCAdminUserFORCE_UPDATE',1,'2024-01-17 05:40:35',0,1),(1454,150,'2024-01-17 16:06:46',1,1,1688,3,NULL,NULL,'PTCAdminUserFORCE_UPDATE',1,'2024-01-17 06:06:46',0,1),(1455,150,'2024-01-17 16:07:49',1,1,1689,3,NULL,NULL,'PTCAdminUserFORCE_UPDATE',1,'2024-01-17 06:07:49',0,1),(1456,155,'2024-01-17 16:08:12',1,1,1690,3,NULL,NULL,'branchopsuser02FORCE_UPDATE',1,'2024-01-17 06:08:12',0,1),(1457,155,'2024-01-17 16:08:44',1,1,1691,3,NULL,NULL,'branchopsuser02FORCE_UPDATE',1,'2024-01-17 06:08:44',0,1),(1458,150,'2024-01-18 06:37:15',1,1,1692,3,NULL,NULL,'PTCAdminUserFORCE_UPDATE',1,'2024-01-17 20:37:15',0,1),(1459,150,'2024-01-18 08:48:06',1,1,1693,3,NULL,NULL,'PTCAdminUserFORCE_UPDATE',1,'2024-01-17 22:48:06',0,1),(1460,159,'2024-01-18 09:42:06',1,1,1694,3,NULL,NULL,'marketinguser01FORCE_UPDATE',1,'2024-01-17 23:42:06',0,1),(1461,150,'2024-01-18 10:03:28',1,1,1695,3,NULL,NULL,'PTCAdminUserFORCE_UPDATE',1,'2024-01-18 00:03:28',0,1),(1462,150,'2024-01-18 10:55:54',1,1,1696,3,NULL,NULL,'PTCAdminUserFORCE_UPDATE',1,'2024-01-18 00:55:54',0,1),(1463,150,'2024-01-18 10:56:21',1,1,1697,3,NULL,NULL,'PTCAdminUserFORCE_UPDATE',1,'2024-01-18 00:56:21',0,1),(1464,150,'2024-01-18 12:19:41',1,1,1698,3,NULL,NULL,'PTCAdminUserFORCE_UPDATE',1,'2024-01-18 02:19:41',0,1),(1465,150,'2024-01-18 12:51:16',1,1,1699,3,NULL,NULL,'PTCAdminUserFORCE_UPDATE',1,'2024-01-18 02:51:16',0,1),(1466,150,'2024-01-18 15:35:53',1,1,1700,3,NULL,NULL,'PTCAdminUserFORCE_UPDATE',1,'2024-01-18 05:35:53',0,1),(1467,150,'2024-01-18 16:37:47',1,1,1701,3,NULL,NULL,'PTCAdminUserFORCE_UPDATE',1,'2024-01-18 06:37:47',0,1),(1468,150,'2024-01-18 16:38:59',1,1,1702,3,NULL,NULL,'PTCAdminUserFORCE_UPDATE',1,'2024-01-18 06:38:59',0,1),(1469,150,'2024-01-18 16:40:52',1,1,1703,3,NULL,NULL,'PTCAdminUserFORCE_UPDATE',1,'2024-01-18 06:40:52',0,1),(1470,150,'2024-01-18 16:41:07',1,1,1704,3,NULL,NULL,'PTCAdminUserFORCE_UPDATE',1,'2024-01-18 06:41:07',0,1),(1471,159,'2024-01-18 17:11:54',1,1,1705,3,NULL,NULL,'marketinguser01FORCE_UPDATE',1,'2024-01-18 07:11:54',0,1),(1472,150,'2024-01-18 17:13:34',1,1,1706,3,NULL,NULL,'PTCAdminUserFORCE_UPDATE',1,'2024-01-18 07:13:34',0,1),(1473,150,'2024-01-18 17:20:55',1,1,1707,3,NULL,NULL,'PTCAdminUserFORCE_UPDATE',1,'2024-01-18 07:20:55',0,1),(1474,149,'2024-01-19 11:30:02',1,1,1708,3,NULL,NULL,'PTCFORCE_UPDATE',1,'2024-01-19 01:30:02',0,1),(1475,159,'2024-01-19 11:52:11',1,1,1709,3,NULL,NULL,'marketinguser01FORCE_UPDATE',1,'2024-01-19 01:52:11',0,1),(1476,150,'2024-01-19 13:52:35',1,1,1710,3,NULL,NULL,'PTCAdminUserFORCE_UPDATE',1,'2024-01-19 03:52:35',0,1),(1477,150,'2024-01-19 13:59:15',1,1,1711,3,NULL,NULL,'PTCAdminUserFORCE_UPDATE',1,'2024-01-19 03:59:15',0,1),(1478,149,'2024-01-19 14:45:24',1,1,1712,3,NULL,NULL,'PTCFORCE_UPDATE',1,'2024-01-19 04:45:24',0,1),(1479,150,'2024-01-19 14:45:52',1,1,1713,3,NULL,NULL,'PTCAdminUserFORCE_UPDATE',1,'2024-01-19 04:45:52',0,1);
/*!40000 ALTER TABLE `SCHEDULAR` ENABLE KEYS */;
UNLOCK TABLES;

--
-- Table structure for table `SERVICES`
--

DROP TABLE IF EXISTS `SERVICES`;
/*!40101 SET @saved_cs_client     = @@character_set_client */;
/*!50503 SET character_set_client = utf8mb4 */;
CREATE TABLE `SERVICES` (
  `SERVICE_ID` int NOT NULL AUTO_INCREMENT,
  `SERVICE_NAME` varchar(45) NOT NULL,
  `STORE_ID` int DEFAULT NULL,
  `SERVICE_DETAILS` varchar(200) DEFAULT NULL,
  `IS_DELETED` tinyint(1) NOT NULL DEFAULT '0',
  PRIMARY KEY (`SERVICE_ID`),
  KEY `store_service_idx` (`STORE_ID`),
  CONSTRAINT `store_service` FOREIGN KEY (`STORE_ID`) REFERENCES `STORE_DETAILS` (`STORE_ID`)
) ENGINE=InnoDB DEFAULT CHARSET=latin1;
/*!40101 SET character_set_client = @saved_cs_client */;

--
-- Dumping data for table `SERVICES`
--

LOCK TABLES `SERVICES` WRITE;
/*!40000 ALTER TABLE `SERVICES` DISABLE KEYS */;
/*!40000 ALTER TABLE `SERVICES` ENABLE KEYS */;
UNLOCK TABLES;

--
-- Table structure for table `SERVICE_INTEGRATION_META_MAP`
--

DROP TABLE IF EXISTS `SERVICE_INTEGRATION_META_MAP`;
/*!40101 SET @saved_cs_client     = @@character_set_client */;
/*!50503 SET character_set_client = utf8mb4 */;
CREATE TABLE `SERVICE_INTEGRATION_META_MAP` (
  `MAP_ID` int NOT NULL AUTO_INCREMENT,
  `SERVICE_ID` int NOT NULL,
  `FIELD_NAME` varchar(100) NOT NULL,
  `META_ID` int NOT NULL,
  PRIMARY KEY (`MAP_ID`),
  KEY `FK_sub_file_meta_data_meta_id` (`META_ID`),
  CONSTRAINT `FK_sub_file_meta_data_meta_id` FOREIGN KEY (`META_ID`) REFERENCES `SUB_FILE_META_DATA` (`META_ID`)
) ENGINE=InnoDB DEFAULT CHARSET=latin1;
/*!40101 SET character_set_client = @saved_cs_client */;

--
-- Dumping data for table `SERVICE_INTEGRATION_META_MAP`
--

LOCK TABLES `SERVICE_INTEGRATION_META_MAP` WRITE;
/*!40000 ALTER TABLE `SERVICE_INTEGRATION_META_MAP` DISABLE KEYS */;
/*!40000 ALTER TABLE `SERVICE_INTEGRATION_META_MAP` ENABLE KEYS */;
UNLOCK TABLES;

--
-- Table structure for table `SERVICE_PARTS`
--

DROP TABLE IF EXISTS `SERVICE_PARTS`;
/*!40101 SET @saved_cs_client     = @@character_set_client */;
/*!50503 SET character_set_client = utf8mb4 */;
CREATE TABLE `SERVICE_PARTS` (
  `PART_ID` int NOT NULL AUTO_INCREMENT,
  `PART_NAME` varchar(45) NOT NULL,
  `STORE_ID` int DEFAULT NULL,
  `PART_DETAILS` varchar(200) DEFAULT NULL,
  `DURATION` int NOT NULL DEFAULT '0',
  `PRE_WAITING_TIME` int DEFAULT '0',
  `POST_WAITING_TIME` int DEFAULT '0',
  `IS_DELETED` tinyint(1) NOT NULL DEFAULT '0',
  PRIMARY KEY (`PART_ID`),
  KEY `part_service_idx` (`STORE_ID`),
  CONSTRAINT `service_parts_fk` FOREIGN KEY (`STORE_ID`) REFERENCES `STORE_DETAILS` (`STORE_ID`)
) ENGINE=InnoDB DEFAULT CHARSET=latin1;
/*!40101 SET character_set_client = @saved_cs_client */;

--
-- Dumping data for table `SERVICE_PARTS`
--

LOCK TABLES `SERVICE_PARTS` WRITE;
/*!40000 ALTER TABLE `SERVICE_PARTS` DISABLE KEYS */;
/*!40000 ALTER TABLE `SERVICE_PARTS` ENABLE KEYS */;
UNLOCK TABLES;

--
-- Table structure for table `SERVICE_PARTS_MAP`
--

DROP TABLE IF EXISTS `SERVICE_PARTS_MAP`;
/*!40101 SET @saved_cs_client     = @@character_set_client */;
/*!50503 SET character_set_client = utf8mb4 */;
CREATE TABLE `SERVICE_PARTS_MAP` (
  `PART_MAP_ID` int NOT NULL AUTO_INCREMENT,
  `SERVICE_ID` int NOT NULL,
  `PART_ID` int NOT NULL,
  `IS_DELETED` tinyint(1) NOT NULL DEFAULT '0',
  `IS_PRIMARY` tinyint(1) NOT NULL DEFAULT '0',
  `ORDER_ID` int DEFAULT NULL,
  PRIMARY KEY (`PART_MAP_ID`),
  KEY `service_map_idx` (`SERVICE_ID`),
  KEY `service_part_map_id_fk` (`PART_ID`),
  CONSTRAINT `service_id_fk` FOREIGN KEY (`SERVICE_ID`) REFERENCES `SERVICES` (`SERVICE_ID`),
  CONSTRAINT `service_part_map_id_fk` FOREIGN KEY (`PART_ID`) REFERENCES `SERVICE_PARTS` (`PART_ID`)
) ENGINE=InnoDB DEFAULT CHARSET=latin1;
/*!40101 SET character_set_client = @saved_cs_client */;

--
-- Dumping data for table `SERVICE_PARTS_MAP`
--

LOCK TABLES `SERVICE_PARTS_MAP` WRITE;
/*!40000 ALTER TABLE `SERVICE_PARTS_MAP` DISABLE KEYS */;
/*!40000 ALTER TABLE `SERVICE_PARTS_MAP` ENABLE KEYS */;
UNLOCK TABLES;

--
-- Table structure for table `SETTING_CONFIG`
--

DROP TABLE IF EXISTS `SETTING_CONFIG`;
/*!40101 SET @saved_cs_client     = @@character_set_client */;
/*!50503 SET character_set_client = utf8mb4 */;
CREATE TABLE `SETTING_CONFIG` (
  `CONFIG_ID` int NOT NULL AUTO_INCREMENT,
  `SETTING_ID` int NOT NULL,
  `CONFIG_FOR` varchar(45) NOT NULL,
  `REFERENCE_ID` int NOT NULL COMMENT 'REFERENCE_ID IS USER ID OR BUSINESS_MODEL_ID DEPENDS ON CONFIG_FOR',
  `CONFIG_VALUE` varchar(100) NOT NULL,
  PRIMARY KEY (`CONFIG_ID`),
  UNIQUE KEY `CONFIG_ID_UNIQUE` (`CONFIG_ID`),
  KEY `fk_SETTNG_CONFIG_1_idx` (`SETTING_ID`),
  CONSTRAINT `fk_SETTNG_CONFIG_1` FOREIGN KEY (`SETTING_ID`) REFERENCES `MASTER_SETTING` (`SETTING_ID`)
) ENGINE=InnoDB AUTO_INCREMENT=452 DEFAULT CHARSET=latin1;
/*!40101 SET character_set_client = @saved_cs_client */;

--
-- Dumping data for table `SETTING_CONFIG`
--

LOCK TABLES `SETTING_CONFIG` WRITE;
/*!40000 ALTER TABLE `SETTING_CONFIG` DISABLE KEYS */;
INSERT INTO `SETTING_CONFIG` VALUES (1,48,'PROVIDER',1,'false'),(2,49,'PROVIDER',1,'true'),(3,48,'PROVIDER',2,'true'),(4,49,'PROVIDER',2,'false'),(5,8,'INDIVIDUAL_BUSINESS',1,'1'),(6,9,'INDIVIDUAL_BUSINESS',1,'2'),(7,54,'INDIVIDUAL_BUSINESS',1,'3'),(10,10,'INDIVIDUAL_BUSINESS',1,'false'),(11,45,'INDIVIDUAL_BUSINESS',1,'false'),(12,46,'INDIVIDUAL_BUSINESS',1,'false'),(13,13,'INDIVIDUAL_BUSINESS',1,'false'),(14,15,'INDIVIDUAL_BUSINESS',1,'false'),(15,11,'INDIVIDUAL_BUSINESS',1,'false'),(16,2,'INDIVIDUAL_BUSINESS',1,'false'),(17,4,'INDIVIDUAL_BUSINESS',1,'false'),(18,3,'INDIVIDUAL_BUSINESS',1,'false'),(19,5,'INDIVIDUAL_BUSINESS',1,'false'),(20,7,'INDIVIDUAL_BUSINESS',1,'false'),(21,6,'INDIVIDUAL_BUSINESS',1,'false'),(22,30,'INDIVIDUAL_BUSINESS',1,'EST'),(23,53,'BUSINESS',1,'false'),(24,51,'BUSINESS',1,'USD'),(25,52,'BUSINESS',1,'2'),(26,47,'INDIVIDUAL_BUSINESS',1,'29'),(27,1,'INDIVIDUAL_BUSINESS',1,'1'),(32,12,'INDIVIDUAL_BUSINESS',1,'true'),(33,14,'INDIVIDUAL_BUSINESS',1,'false'),(34,8,'USER',7,'4'),(35,9,'USER',7,'5'),(36,54,'USER',7,'6'),(37,12,'USER',7,'false'),(38,14,'USER',7,'false'),(39,10,'USER',7,'false'),(40,45,'USER',7,'false'),(41,46,'USER',7,'false'),(42,13,'USER',7,'false'),(43,15,'USER',7,'false'),(44,11,'USER',7,'false'),(45,2,'USER',7,'false'),(46,4,'USER',7,'false'),(47,3,'USER',7,'false'),(48,5,'USER',7,'false'),(49,7,'USER',7,'false'),(50,6,'USER',7,'false'),(51,30,'USER',7,'IST'),(52,53,'BUSINESS',2,'true'),(53,51,'BUSINESS',2,'INR'),(54,52,'BUSINESS',2,'2'),(55,47,'USER',7,'4'),(56,30,'USER',8,'IST'),(57,8,'USER',8,'4'),(58,9,'USER',8,'5'),(59,54,'USER',8,'6'),(60,2,'USER',8,'false'),(61,4,'USER',8,'false'),(62,3,'USER',8,'false'),(63,5,'USER',8,'false'),(64,7,'USER',8,'false'),(65,6,'USER',8,'false'),(66,12,'USER',8,'false'),(67,14,'USER',8,'false'),(68,10,'USER',8,'false'),(69,45,'USER',8,'false'),(70,46,'USER',8,'false'),(71,13,'USER',8,'false'),(72,15,'USER',8,'false'),(73,11,'USER',8,'false'),(74,16,'USER',8,'false'),(75,18,'USER',8,'1'),(76,17,'USER',8,'false'),(77,19,'USER',8,'1'),(78,47,'USER',8,'5'),(79,1,'USER',11,'1'),(80,50,'INDIVIDUAL_BUSINESS',1,'1'),(81,38,'INDIVIDUAL_BUSINESS',1,'false'),(126,20,'INDIVIDUAL_BUSINESS',1,'12 Hour'),(127,25,'INDIVIDUAL_BUSINESS',1,'42'),(128,28,'INDIVIDUAL_BUSINESS',1,'47'),(129,43,'INDIVIDUAL_BUSINESS',1,'55'),(130,29,'INDIVIDUAL_BUSINESS',1,'56'),(131,44,'INDIVIDUAL_BUSINESS',1,'57'),(198,1,'USER',40,'1'),(199,25,'USER',40,'110'),(200,20,'USER',40,'12 Hour'),(201,30,'USER',40,'UTC'),(202,25,'USER',11,'111'),(203,25,'USER',5,'112'),(204,43,'USER',5,'117'),(205,44,'USER',5,'118'),(206,28,'USER',46,'129'),(207,29,'USER',46,'130'),(208,25,'USER',46,'131'),(209,43,'USER',46,'132'),(210,44,'USER',46,'133'),(214,29,'USER',5,'138'),(215,8,'INDIVIDUAL_BUSINESS',3,'7'),(216,9,'INDIVIDUAL_BUSINESS',3,'8'),(217,54,'INDIVIDUAL_BUSINESS',3,'9'),(218,12,'INDIVIDUAL_BUSINESS',3,'false'),(219,14,'INDIVIDUAL_BUSINESS',3,'false'),(220,10,'INDIVIDUAL_BUSINESS',3,'false'),(221,45,'INDIVIDUAL_BUSINESS',3,'false'),(222,46,'INDIVIDUAL_BUSINESS',3,'false'),(223,13,'INDIVIDUAL_BUSINESS',3,'false'),(224,15,'INDIVIDUAL_BUSINESS',3,'false'),(225,11,'INDIVIDUAL_BUSINESS',3,'false'),(226,2,'INDIVIDUAL_BUSINESS',3,'false'),(227,4,'INDIVIDUAL_BUSINESS',3,'false'),(228,3,'INDIVIDUAL_BUSINESS',3,'false'),(229,5,'INDIVIDUAL_BUSINESS',3,'false'),(230,7,'INDIVIDUAL_BUSINESS',3,'false'),(231,6,'INDIVIDUAL_BUSINESS',3,'false'),(232,30,'INDIVIDUAL_BUSINESS',3,'UTC'),(233,53,'BUSINESS',3,'false'),(234,51,'BUSINESS',3,'USD'),(235,52,'BUSINESS',3,'2'),(236,47,'INDIVIDUAL_BUSINESS',3,'28'),(241,1,'INDIVIDUAL_BUSINESS',3,'1'),(242,8,'INDIVIDUAL_BUSINESS',4,'10'),(243,9,'INDIVIDUAL_BUSINESS',4,'11'),(244,54,'INDIVIDUAL_BUSINESS',4,'12'),(245,12,'INDIVIDUAL_BUSINESS',4,'false'),(246,14,'INDIVIDUAL_BUSINESS',4,'false'),(247,10,'INDIVIDUAL_BUSINESS',4,'true'),(248,45,'INDIVIDUAL_BUSINESS',4,'false'),(249,46,'INDIVIDUAL_BUSINESS',4,'true'),(250,13,'INDIVIDUAL_BUSINESS',4,'false'),(251,15,'INDIVIDUAL_BUSINESS',4,'false'),(252,11,'INDIVIDUAL_BUSINESS',4,'false'),(253,2,'INDIVIDUAL_BUSINESS',4,'false'),(254,4,'INDIVIDUAL_BUSINESS',4,'false'),(255,3,'INDIVIDUAL_BUSINESS',4,'false'),(256,5,'INDIVIDUAL_BUSINESS',4,'false'),(257,7,'INDIVIDUAL_BUSINESS',4,'false'),(258,6,'INDIVIDUAL_BUSINESS',4,'false'),(259,30,'INDIVIDUAL_BUSINESS',4,'UTC'),(260,53,'BUSINESS',4,'false'),(261,51,'BUSINESS',4,'USD'),(262,52,'BUSINESS',4,'2'),(263,47,'INDIVIDUAL_BUSINESS',4,'31'),(264,8,'INDIVIDUAL_BUSINESS',5,'13'),(265,9,'INDIVIDUAL_BUSINESS',5,'14'),(266,54,'INDIVIDUAL_BUSINESS',5,'15'),(267,12,'INDIVIDUAL_BUSINESS',5,'false'),(268,14,'INDIVIDUAL_BUSINESS',5,'false'),(269,10,'INDIVIDUAL_BUSINESS',5,'false'),(270,45,'INDIVIDUAL_BUSINESS',5,'false'),(271,46,'INDIVIDUAL_BUSINESS',5,'false'),(272,13,'INDIVIDUAL_BUSINESS',5,'false'),(273,15,'INDIVIDUAL_BUSINESS',5,'false'),(274,11,'INDIVIDUAL_BUSINESS',5,'false'),(275,2,'INDIVIDUAL_BUSINESS',5,'false'),(276,4,'INDIVIDUAL_BUSINESS',5,'false'),(277,3,'INDIVIDUAL_BUSINESS',5,'false'),(278,5,'INDIVIDUAL_BUSINESS',5,'false'),(279,7,'INDIVIDUAL_BUSINESS',5,'false'),(280,6,'INDIVIDUAL_BUSINESS',5,'false'),(281,30,'INDIVIDUAL_BUSINESS',5,'EST'),(282,53,'BUSINESS',5,'false'),(283,51,'BUSINESS',5,'USD'),(284,52,'BUSINESS',5,'2'),(285,47,'INDIVIDUAL_BUSINESS',5,'33'),(286,1,'INDIVIDUAL_BUSINESS',4,'1'),(287,1,'INDIVIDUAL_BUSINESS',5,'1'),(288,1,'USER',60,'1'),(289,1,'USER',57,'1'),(290,1,'USER',71,'1'),(291,1,'USER',72,'1'),(292,1,'USER',67,'1'),(293,1,'USER',64,'1'),(294,20,'USER',67,'24 Hour'),(295,30,'USER',67,'IST'),(296,1,'USER',89,'1'),(297,20,'USER',89,'24 Hour'),(298,30,'USER',89,'IST'),(299,1,'DEFAULT',0,'1'),(300,30,'DEFAULT',0,'UTC'),(301,25,'USER',67,'183'),(302,29,'USER',67,'184'),(303,25,'USER',89,'187'),(304,29,'USER',89,'188'),(305,1,'USER',79,'2'),(306,20,'INDIVIDUAL_BUSINESS',4,'24 Hour'),(307,20,'USER',79,'24 Hour'),(308,30,'USER',79,'IST'),(309,28,'USER',5,'220'),(310,43,'USER',67,'223'),(311,43,'USER',89,'232'),(312,44,'USER',89,'250'),(313,44,'USER',67,'342'),(314,8,'INDIVIDUAL_BUSINESS',6,'16'),(315,9,'INDIVIDUAL_BUSINESS',6,'17'),(316,54,'INDIVIDUAL_BUSINESS',6,'18'),(317,12,'INDIVIDUAL_BUSINESS',6,'false'),(318,14,'INDIVIDUAL_BUSINESS',6,'false'),(319,10,'INDIVIDUAL_BUSINESS',6,'false'),(320,45,'INDIVIDUAL_BUSINESS',6,'false'),(321,46,'INDIVIDUAL_BUSINESS',6,'false'),(322,13,'INDIVIDUAL_BUSINESS',6,'false'),(323,15,'INDIVIDUAL_BUSINESS',6,'false'),(324,11,'INDIVIDUAL_BUSINESS',6,'false'),(325,2,'INDIVIDUAL_BUSINESS',6,'false'),(326,4,'INDIVIDUAL_BUSINESS',6,'false'),(327,3,'INDIVIDUAL_BUSINESS',6,'false'),(328,5,'INDIVIDUAL_BUSINESS',6,'false'),(329,7,'INDIVIDUAL_BUSINESS',6,'false'),(330,6,'INDIVIDUAL_BUSINESS',6,'false'),(331,30,'INDIVIDUAL_BUSINESS',6,'IST'),(332,30,'USER',112,'IST'),(333,53,'BUSINESS',6,'false'),(334,51,'BUSINESS',6,'INR'),(335,52,'BUSINESS',112,'2'),(336,47,'USER',112,'53'),(337,56,'INDIVIDUAL_BUSINESS',6,'Lead Name'),(338,55,'INDIVIDUAL_BUSINESS',6,'true'),(339,1,'INDIVIDUAL_BUSINESS',6,'2'),(340,1,'USER',113,'1'),(341,1,'USER',112,'1'),(342,1,'USER',119,'1'),(343,1,'USER',118,'1'),(344,1,'USER',115,'1'),(345,1,'USER',120,'1'),(346,1,'USER',117,'1'),(347,25,'USER',106,'356'),(348,55,'INDIVIDUAL_BUSINESS',4,'true'),(349,20,'USER',106,'12 Hour'),(350,30,'USER',106,'IST'),(351,20,'USER',122,'24 Hour'),(352,30,'USER',122,'IST'),(353,43,'USER',106,'361'),(354,29,'USER',106,'362'),(355,44,'USER',106,'363'),(356,1,'USER',114,'2'),(357,1,'USER',126,'1'),(358,1,'USER',128,'2'),(359,25,'USER',132,'389'),(360,1,'USER',127,'1'),(361,1,'USER',124,'2'),(362,25,'USER',139,'391'),(363,25,'USER',131,'392'),(364,57,'INDIVIDUAL_BUSINESS',1,'false'),(365,57,'INDIVIDUAL_BUSINESS',5,'false'),(366,57,'INDIVIDUAL_BUSINESS',4,'false'),(367,1,'USER',136,'1'),(412,8,'INDIVIDUAL_BUSINESS',9,'25'),(413,9,'INDIVIDUAL_BUSINESS',9,'26'),(414,54,'INDIVIDUAL_BUSINESS',9,'27'),(415,12,'INDIVIDUAL_BUSINESS',9,'false'),(416,14,'INDIVIDUAL_BUSINESS',9,'false'),(417,10,'INDIVIDUAL_BUSINESS',9,'false'),(418,45,'INDIVIDUAL_BUSINESS',9,'false'),(419,46,'INDIVIDUAL_BUSINESS',9,'false'),(420,13,'INDIVIDUAL_BUSINESS',9,'false'),(421,15,'INDIVIDUAL_BUSINESS',9,'false'),(422,11,'INDIVIDUAL_BUSINESS',9,'false'),(423,2,'INDIVIDUAL_BUSINESS',9,'false'),(424,4,'INDIVIDUAL_BUSINESS',9,'false'),(425,3,'INDIVIDUAL_BUSINESS',9,'false'),(426,5,'INDIVIDUAL_BUSINESS',9,'false'),(427,7,'INDIVIDUAL_BUSINESS',9,'false'),(428,6,'INDIVIDUAL_BUSINESS',9,'false'),(429,30,'INDIVIDUAL_BUSINESS',9,'IST'),(430,30,'USER',149,'IST'),(431,53,'BUSINESS',9,'false'),(432,51,'BUSINESS',9,'INR'),(433,52,'BUSINESS',149,'2'),(434,47,'USER',149,'85'),(435,1,'INDIVIDUAL_BUSINESS',9,'2'),(436,1,'USER',149,'5'),(437,1,'USER',150,'5'),(438,1,'USER',153,'5'),(439,1,'USER',163,'5'),(440,1,'USER',155,'5'),(441,1,'USER',156,'5'),(442,1,'USER',158,'5'),(443,1,'USER',160,'5'),(444,1,'USER',161,'5'),(445,1,'USER',162,'5'),(446,1,'USER',159,'5'),(447,1,'USER',154,'5'),(448,1,'USER',157,'5'),(449,20,'INDIVIDUAL_BUSINESS',9,'12 Hour'),(450,20,'USER',159,'12 Hour'),(451,30,'USER',159,'IST');
/*!40000 ALTER TABLE `SETTING_CONFIG` ENABLE KEYS */;
UNLOCK TABLES;

--
-- Table structure for table `SM_CONFIG_PARAMETER`
--

DROP TABLE IF EXISTS `SM_CONFIG_PARAMETER`;
/*!40101 SET @saved_cs_client     = @@character_set_client */;
/*!50503 SET character_set_client = utf8mb4 */;
CREATE TABLE `SM_CONFIG_PARAMETER` (
  `ID` int NOT NULL AUTO_INCREMENT,
  `SM_CONFIG_ID` int NOT NULL,
  `PARAMETER_ID` int NOT NULL,
  `PARAMETER_VALUE` varchar(500) NOT NULL,
  PRIMARY KEY (`ID`),
  KEY `fk_SM_CONFIG_PARAMETER_1_idx` (`PARAMETER_ID`),
  KEY `fk_SM_CONFIG_PARAMETER_2_idx` (`SM_CONFIG_ID`),
  CONSTRAINT `fk_SM_CONFIG_PARAMETER_1` FOREIGN KEY (`PARAMETER_ID`) REFERENCES `SM_CONFIG_PARAMETER_MASTER` (`ID`),
  CONSTRAINT `fk_SM_CONFIG_PARAMETER_2` FOREIGN KEY (`SM_CONFIG_ID`) REFERENCES `SM_PUBLISH_CONFIG_DETAILS` (`ID`)
) ENGINE=InnoDB AUTO_INCREMENT=5 DEFAULT CHARSET=latin1;
/*!40101 SET character_set_client = @saved_cs_client */;

--
-- Dumping data for table `SM_CONFIG_PARAMETER`
--

LOCK TABLES `SM_CONFIG_PARAMETER` WRITE;
/*!40000 ALTER TABLE `SM_CONFIG_PARAMETER` DISABLE KEYS */;
/*!40000 ALTER TABLE `SM_CONFIG_PARAMETER` ENABLE KEYS */;
UNLOCK TABLES;

--
-- Table structure for table `SM_CONFIG_PARAMETER_MASTER`
--

DROP TABLE IF EXISTS `SM_CONFIG_PARAMETER_MASTER`;
/*!40101 SET @saved_cs_client     = @@character_set_client */;
/*!50503 SET character_set_client = utf8mb4 */;
CREATE TABLE `SM_CONFIG_PARAMETER_MASTER` (
  `ID` int NOT NULL AUTO_INCREMENT,
  `SM_TYPE_ID` int NOT NULL,
  `PARAMETER_NAME` varchar(45) NOT NULL,
  `PARAMETER_DISPLAY_NAME` varchar(45) NOT NULL,
  PRIMARY KEY (`ID`),
  KEY `fk_SM_CONFIG_PARAMETER_MASTER_1_idx` (`SM_TYPE_ID`),
  CONSTRAINT `fk_SM_CONFIG_PARAMETER_MASTER_1` FOREIGN KEY (`SM_TYPE_ID`) REFERENCES `SOCIAL_MEDIA_SETTING` (`SOCIAL_MEDIA_ID`)
) ENGINE=InnoDB AUTO_INCREMENT=9 DEFAULT CHARSET=latin1;
/*!40101 SET character_set_client = @saved_cs_client */;

--
-- Dumping data for table `SM_CONFIG_PARAMETER_MASTER`
--

LOCK TABLES `SM_CONFIG_PARAMETER_MASTER` WRITE;
/*!40000 ALTER TABLE `SM_CONFIG_PARAMETER_MASTER` DISABLE KEYS */;
INSERT INTO `SM_CONFIG_PARAMETER_MASTER` VALUES (1,1,'ACCESS_TOKEN','ACCESS TOKEN'),(2,1,'PAGE_ID','PAGE ID'),(3,1,'APP_ID','APP ID'),(4,1,'APP_SECRET_ID','APP SECRET ID'),(5,2,'CONSUMER_KEY','CONSUMER KEY'),(6,2,'CONSUMER_SECRET_KEY','CONSUMER SECRET KEY'),(7,2,'ACCESS_TOKEN','ACCESS TOKEN'),(8,2,'ACCESS_TOKEN_SECRET','ACCESS TOKEN SECRET');
/*!40000 ALTER TABLE `SM_CONFIG_PARAMETER_MASTER` ENABLE KEYS */;
UNLOCK TABLES;

--
-- Table structure for table `SM_PUBLISH_CONFIG_DETAILS`
--

DROP TABLE IF EXISTS `SM_PUBLISH_CONFIG_DETAILS`;
/*!40101 SET @saved_cs_client     = @@character_set_client */;
/*!50503 SET character_set_client = utf8mb4 */;
CREATE TABLE `SM_PUBLISH_CONFIG_DETAILS` (
  `ID` int NOT NULL AUTO_INCREMENT,
  `USER_ID` int NOT NULL,
  `SM_TYPE_ID` int NOT NULL,
  `PUBLISH_LINK` varchar(45) DEFAULT NULL,
  `BUSINESS_HIERARCHY_ID` int DEFAULT NULL,
  PRIMARY KEY (`ID`),
  KEY `fk_SM_PUBLISH_CONFIG_DETAILS_1_idx` (`USER_ID`),
  KEY `fk_SM_PUBLISH_CONFIG_DETAILS_2_idx` (`SM_TYPE_ID`),
  CONSTRAINT `fk_SM_PUBLISH_CONFIG_DETAILS_1` FOREIGN KEY (`USER_ID`) REFERENCES `APP_USER` (`USER_ID`),
  CONSTRAINT `fk_SM_PUBLISH_CONFIG_DETAILS_2` FOREIGN KEY (`SM_TYPE_ID`) REFERENCES `SOCIAL_MEDIA_SETTING` (`SOCIAL_MEDIA_ID`)
) ENGINE=InnoDB AUTO_INCREMENT=2 DEFAULT CHARSET=latin1;
/*!40101 SET character_set_client = @saved_cs_client */;

--
-- Dumping data for table `SM_PUBLISH_CONFIG_DETAILS`
--

LOCK TABLES `SM_PUBLISH_CONFIG_DETAILS` WRITE;
/*!40000 ALTER TABLE `SM_PUBLISH_CONFIG_DETAILS` DISABLE KEYS */;
/*!40000 ALTER TABLE `SM_PUBLISH_CONFIG_DETAILS` ENABLE KEYS */;
UNLOCK TABLES;

--
-- Table structure for table `SM_PUBLISH_MESSAGE`
--

DROP TABLE IF EXISTS `SM_PUBLISH_MESSAGE`;
/*!40101 SET @saved_cs_client     = @@character_set_client */;
/*!50503 SET character_set_client = utf8mb4 */;
CREATE TABLE `SM_PUBLISH_MESSAGE` (
  `ID` int NOT NULL AUTO_INCREMENT,
  `SM_SCHEDULE_ID` int NOT NULL,
  `MESSAGE_TYPE` int NOT NULL COMMENT '1 - TEXT\n2 - IMAGE\n3 - LINK',
  `IS_DELETED` tinyint(1) NOT NULL DEFAULT '0',
  `VALUE` varchar(1000) NOT NULL,
  PRIMARY KEY (`ID`),
  KEY `fk_SM_PUBLISH_MESSAGE_1_idx` (`SM_SCHEDULE_ID`),
  CONSTRAINT `fk_SM_PUBLISH_MESSAGE_1` FOREIGN KEY (`SM_SCHEDULE_ID`) REFERENCES `SM_PUBLISH_SCHEDULE` (`ID`)
) ENGINE=InnoDB DEFAULT CHARSET=latin1;
/*!40101 SET character_set_client = @saved_cs_client */;

--
-- Dumping data for table `SM_PUBLISH_MESSAGE`
--

LOCK TABLES `SM_PUBLISH_MESSAGE` WRITE;
/*!40000 ALTER TABLE `SM_PUBLISH_MESSAGE` DISABLE KEYS */;
/*!40000 ALTER TABLE `SM_PUBLISH_MESSAGE` ENABLE KEYS */;
UNLOCK TABLES;

--
-- Table structure for table `SM_PUBLISH_SCHEDULE`
--

DROP TABLE IF EXISTS `SM_PUBLISH_SCHEDULE`;
/*!40101 SET @saved_cs_client     = @@character_set_client */;
/*!50503 SET character_set_client = utf8mb4 */;
CREATE TABLE `SM_PUBLISH_SCHEDULE` (
  `ID` int NOT NULL AUTO_INCREMENT,
  `CONFIG_ID` int NOT NULL,
  `SCHEDULE_ID` int NOT NULL,
  `CREATION_DATE` datetime NOT NULL,
  `IS_DELETED` tinyint(1) NOT NULL DEFAULT '0',
  `STATUS` varchar(45) NOT NULL COMMENT 'INIT\nSCHEDULED\nCOMPLETED',
  `BUSINESS_HIERARCHY_ID` int DEFAULT NULL,
  PRIMARY KEY (`ID`),
  KEY `fk_SM_PUBLISH_SCHEDULE_1_idx` (`CONFIG_ID`),
  KEY `fk_SM_PUBLISH_SCHEDULE_2_idx` (`SCHEDULE_ID`),
  CONSTRAINT `fk_SM_PUBLISH_SCHEDULE_1` FOREIGN KEY (`CONFIG_ID`) REFERENCES `SM_PUBLISH_CONFIG_DETAILS` (`ID`),
  CONSTRAINT `fk_SM_PUBLISH_SCHEDULE_2` FOREIGN KEY (`SCHEDULE_ID`) REFERENCES `SCHEDULAR` (`SCHEDULAR_ID`)
) ENGINE=InnoDB AUTO_INCREMENT=13 DEFAULT CHARSET=latin1;
/*!40101 SET character_set_client = @saved_cs_client */;

--
-- Dumping data for table `SM_PUBLISH_SCHEDULE`
--

LOCK TABLES `SM_PUBLISH_SCHEDULE` WRITE;
/*!40000 ALTER TABLE `SM_PUBLISH_SCHEDULE` DISABLE KEYS */;
/*!40000 ALTER TABLE `SM_PUBLISH_SCHEDULE` ENABLE KEYS */;
UNLOCK TABLES;

--
-- Table structure for table `SM_SCHEDULE_LOG`
--

DROP TABLE IF EXISTS `SM_SCHEDULE_LOG`;
/*!40101 SET @saved_cs_client     = @@character_set_client */;
/*!50503 SET character_set_client = utf8mb4 */;
CREATE TABLE `SM_SCHEDULE_LOG` (
  `ID` int NOT NULL AUTO_INCREMENT,
  `PUBLISH_ID` int NOT NULL,
  `PUBLISHED_DATE` datetime NOT NULL,
  `STATUS` varchar(45) NOT NULL COMMENT 'SUCCESS\nFAILURE',
  `MESSAGE` varchar(1000) DEFAULT NULL,
  PRIMARY KEY (`ID`),
  KEY `fk_SM_SCHEDULE_LOG_1_idx` (`PUBLISH_ID`),
  CONSTRAINT `fk_SM_SCHEDULE_LOG_1` FOREIGN KEY (`PUBLISH_ID`) REFERENCES `SM_PUBLISH_SCHEDULE` (`ID`)
) ENGINE=InnoDB DEFAULT CHARSET=latin1;
/*!40101 SET character_set_client = @saved_cs_client */;

--
-- Dumping data for table `SM_SCHEDULE_LOG`
--

LOCK TABLES `SM_SCHEDULE_LOG` WRITE;
/*!40000 ALTER TABLE `SM_SCHEDULE_LOG` DISABLE KEYS */;
/*!40000 ALTER TABLE `SM_SCHEDULE_LOG` ENABLE KEYS */;
UNLOCK TABLES;

--
-- Table structure for table `SOCIAL_MEDIA_SETTING`
--

DROP TABLE IF EXISTS `SOCIAL_MEDIA_SETTING`;
/*!40101 SET @saved_cs_client     = @@character_set_client */;
/*!50503 SET character_set_client = utf8mb4 */;
CREATE TABLE `SOCIAL_MEDIA_SETTING` (
  `SOCIAL_MEDIA_ID` int NOT NULL,
  `MEDIA_NAME` varchar(45) DEFAULT NULL,
  `SOCIAL_MEDIA_ICON` varchar(500) DEFAULT NULL,
  `MEDIA_IMAGE` varchar(100) DEFAULT NULL,
  `IS_PUBLISH_POST_SUPPORT` tinyint(1) NOT NULL DEFAULT '0',
  PRIMARY KEY (`SOCIAL_MEDIA_ID`)
) ENGINE=InnoDB DEFAULT CHARSET=latin1;
/*!40101 SET character_set_client = @saved_cs_client */;

--
-- Dumping data for table `SOCIAL_MEDIA_SETTING`
--

LOCK TABLES `SOCIAL_MEDIA_SETTING` WRITE;
/*!40000 ALTER TABLE `SOCIAL_MEDIA_SETTING` DISABLE KEYS */;
INSERT INTO `SOCIAL_MEDIA_SETTING` VALUES (1,'FACEBOOK','fa fa-facebook fa-md','https://loebig.files.wordpress.com/2013/10/facebook1.png',1),(2,'TWITTER','fa fa-twitter fa-md','https://loebig.files.wordpress.com/2013/10/twitter1.png',1),(3,'GOOGLE_PLUS','fa fa-google-plus fa-md','https://loebig.files.wordpress.com/2013/10/google-plus1.png',0),(4,'INSTAGRAM','fa fa-instagram fa-md','https://loebig.files.wordpress.com/2013/10/instagram1.png',0);
/*!40000 ALTER TABLE `SOCIAL_MEDIA_SETTING` ENABLE KEYS */;
UNLOCK TABLES;

--
-- Table structure for table `SPAM_WEIGH`
--

DROP TABLE IF EXISTS `SPAM_WEIGH`;
/*!40101 SET @saved_cs_client     = @@character_set_client */;
/*!50503 SET character_set_client = utf8mb4 */;
CREATE TABLE `SPAM_WEIGH` (
  `ID` int NOT NULL AUTO_INCREMENT,
  `SPAM_WORDS` varchar(100) DEFAULT NULL,
  `SPAM_WEIGHTAGE` double DEFAULT NULL,
  PRIMARY KEY (`ID`),
  UNIQUE KEY `ID_UNIQUE` (`ID`)
) ENGINE=InnoDB AUTO_INCREMENT=259 DEFAULT CHARSET=latin1;
/*!40101 SET character_set_client = @saved_cs_client */;

--
-- Dumping data for table `SPAM_WEIGH`
--

LOCK TABLES `SPAM_WEIGH` WRITE;
/*!40000 ALTER TABLE `SPAM_WEIGH` DISABLE KEYS */;
INSERT INTO `SPAM_WEIGH` VALUES (1,'Hidden assets',3.28),(2,'Reverses aging',3.37),(3,'Free investment',3.19),(4,'Stock disclaimer statement',3.04),(5,'Multi level marketing',3.01),(6,'Compare rates',2.83),(7,'Cable converter',2.75),(8,'Claims you can be removed from the list',2.7),(9,'Removes wrinkles',2.69),(10,'Compete for your business',2.57),(11,'Free installation',2.51),(12,'Free grant money',2.5),(13,'Auto email removal',2.36),(14,'Collect child support',2.33),(15,'Free leads',2.29),(16,'Amazing stuff',2.26),(17,'Tells you it\'s an ad',2.21),(18,'Cash bonus',2.2),(19,'Promise you ...!',2.15),(20,'Claims to be in accordance with some spam law',2.11),(21,'Discusses search engine listings',2.09),(22,'Free preview',2.07),(23,'Credit bureaus',2.03),(24,'No investment',2.01),(25,'Serious cash',2),(26,'4U',2),(27,'Accept credit cards',2),(28,'Act now! Don\'t hesitate!',2),(29,'Additional income',2),(30,'Addresses on CD',2),(31,'All natural',2),(32,'Apply Online',2),(33,'As seen on',2),(34,'Billing address',2),(35,'Avoid bankruptcy',2),(36,'Be amazed',2),(37,'Be your own boss',2),(38,'Being a member',2),(39,'Big bucks',2),(40,'Bill 1618',2),(41,'Billion dollars',2),(42,'Brand new pager',2),(43,'Bulk email',2),(44,'Buy direct',2),(45,'Buying judgments',2),(46,'Call free',2),(47,'Call now',2),(48,'Calling creditors',2),(49,'Cannot be combined with any other offer',2),(50,'Cancel at any time',2),(51,'Can\'t live without',2),(52,'Cashcashcash',2),(53,'Casino',2),(54,'Cell phone cancer scam',2),(55,'Cents on the dollar',2),(56,'Check or money order',2),(57,'Claims not to be selling anything',2),(58,'Claims to be legal',2),(59,'Claims you are a winner',2),(60,'Claims you registered with some kind of partner',2),(61,'Click below',2),(62,'Click here link',2),(63,'Click to remove',2),(64,'Click to remove mailto',2),(65,'Confidentially on all orders',2),(66,'Congratulations',2),(67,'Consolidate debt and credit',2),(68,'Stop snoring',2),(69,'get it now',2),(70,'Special promotion',2),(71,'Copy accurately',2),(72,'Copy DVDs',2),(73,'Credit card offers',2),(74,'Cures baldness',2),(75,'Dear email',2),(76,'Dear friend',2),(77,'Dear somebody',2),(78,'Different reply to',2),(79,'Direct email',2),(80,'Direct marketing',2),(81,'Do it today',2),(82,'Don\'t delete',2),(83,'Drastically reduced',2),(84,'Earn per week',2),(85,'Easy terms',2),(86,'Eliminate bad credit',2),(87,'Email harvest',2),(88,'Email marketing',2),(89,'Expect to earn',2),(90,'Fantastic deal',2),(91,'Fast Viagra delivery',2),(92,'Financial freedom',2),(93,'Find out anything',2),(94,'For free',2),(95,'For instant access',2),(96,'For just $',2),(97,'Free access',2),(98,'Free cell phone',2),(99,'Free consultation',2),(100,'Free DVD',2),(101,'Free membership',2),(102,'Free money',2),(103,'Free offer',2),(104,'Free priority mail',2),(105,'Free quote',2),(106,'Free sample',2),(107,'Free trial',2),(108,'Free website',2),(109,'Full refund',2),(110,'Get paid',2),(111,'Get started now',2),(112,'Gift certificate',2),(113,'Great offer',2),(114,'Guarantee',2),(115,'Have you been turned down?',2),(116,'Home employment',2),(117,'Human growth hormone',2),(118,'If only it were that easy',2),(119,'In accordance with laws',2),(120,'Increase sales',2),(121,'Increase traffic',2),(122,'Insurance',2),(123,'Investment decision',2),(124,'It\'s effective',2),(125,'Join millions of Americans',2),(126,'Laser printer',2),(127,'Limited time only',2),(128,'Long distance phone offer',2),(129,'Lose weight spam',2),(130,'Lower interest rates',2),(131,'Lower monthly payment',2),(132,'Lowest price',2),(133,'Luxury car',2),(134,'Mail in order form',2),(135,'Marketing solutions',2),(136,'Mass email',2),(137,'Meet singles',2),(138,'Member stuff',2),(139,'Message contains disclaimer',2),(140,'Money back',2),(141,'Money making',2),(142,'Month trial offer',2),(143,'More Internet traffic',2),(144,'Mortgage rates',2),(145,'MLM',2),(146,'Name brand',2),(147,'New customers only',2),(148,'New domain extensions',2),(149,'Nigerian',2),(150,'No age restrictions',2),(151,'No catch',2),(152,'No claim forms',2),(153,'No cost',2),(154,'No credit check',2),(155,'No disappointment',2),(156,'No experience',2),(157,'No fees',2),(158,'No gimmick',2),(159,'No inventory',2),(160,'No medical exams',2),(161,'No middleman',2),(162,'No obligation',2),(163,'No purchase necessary',2),(164,'No questions asked',2),(165,'No selling',2),(166,'No strings attached',2),(167,'Not intended',2),(168,'Off shore',2),(169,'Offer expires',2),(170,'Offers coupon',2),(171,'Offers extra cash',2),(172,'Offers free passwords',2),(173,'Once in lifetime',2),(174,'One hundred percent free',2),(175,'One hundred percent guaranteed',2),(176,'One time mailing',2),(177,'Online biz opportunity	Online pharmacy',2),(178,'Only $',2),(179,'Opportunity',2),(180,'Opt in',2),(181,'Order now',2),(182,'Order status',2),(183,'Orders shipped by priority mail',2),(184,'Outstanding values',2),(185,'Pennies a day',2),(186,'People just leave money laying around',2),(187,'Please read',2),(188,'Potential earnings',2),(189,'Print form signature',2),(190,'Print out and fax',2),(191,'Produced and sent out',2),(192,'Profits',2),(193,'Pure pro',2),(194,'fit',2),(195,'Real thing',2),(196,'Refinance home',2),(197,'Removal instructions',2),(198,'Remove in quotes',2),(199,'Remove subject',2),(200,'Reply remove subject',2),(201,'Requires initial investment',2),(202,'Reserves the right',2),(203,'Risk free',2),(204,'Round the world',2),(205,'S 1618',2),(206,'Safeguard notice',2),(207,'Satisfaction guaranteed',2),(208,'Save $',2),(209,'Save big money',2),(210,'Save up to',2),(211,'Score with babes',2),(212,'Section 301',2),(213,'See for yourself',2),(214,'Sent in compliance',2),(215,'Serious only',2),(216,'Shopping spree',2),(217,'Sign up free today',2),(218,'Social security number',2),(219,'Stainless steel',2),(220,'Stock alert',2),(221,'Stock pick',2),(222,'Strong buy',2),(223,'Stuff on sale',2),(224,'Subject to credit',2),(225,'Supplies are limited',2),(226,'Take action now',2),(227,'Talks about hidden charges',2),(228,'Terms and conditions',2),(229,'The best rates',2),(230,'The following form',2),(231,'They keep your money  no refund!',2),(232,'They\'re just giving it away',2),(233,'This isn\'t junk',2),(234,'This isn\'t spam',2),(235,'University diplomas',2),(236,'Unlimited',2),(237,'Unsecured credit/debt',2),(238,'Urgent',2),(239,'US dollars',2),(240,'Vacation offers',2),(241,'Viagra and other drugs',2),(242,'Wants credit card',2),(243,'We hate spam',2),(244,'We honor all',2),(245,'Weekend getaway',2),(246,'What are you waiting for?',2),(247,'While supplies last',2),(248,'While you sleep',2),(249,'Who really wins?',2),(250,'Why pay more?',2),(251,'Will not believe your eyes',2),(252,'Winner',2),(253,'Winning',2),(254,'Work at home',2),(255,'You have been selected',2),(256,'Your income',2),(257,'!!!',2),(258,'free!',2);
/*!40000 ALTER TABLE `SPAM_WEIGH` ENABLE KEYS */;
UNLOCK TABLES;

--
-- Table structure for table `SPECIAL_META_DATA`
--

DROP TABLE IF EXISTS `SPECIAL_META_DATA`;
/*!40101 SET @saved_cs_client     = @@character_set_client */;
/*!50503 SET character_set_client = utf8mb4 */;
CREATE TABLE `SPECIAL_META_DATA` (
  `META_ID` int NOT NULL AUTO_INCREMENT,
  `NAME` varchar(150) NOT NULL,
  `COLUMN_TYPE_ID` int NOT NULL,
  `DATA_FORMAT` varchar(45) DEFAULT NULL,
  PRIMARY KEY (`META_ID`),
  KEY `fk_smdColumnType` (`COLUMN_TYPE_ID`),
  CONSTRAINT `fk_smdColumnType` FOREIGN KEY (`COLUMN_TYPE_ID`) REFERENCES `COLUMN_TYPE` (`COLUMN_TYPE_ID`)
) ENGINE=InnoDB AUTO_INCREMENT=5 DEFAULT CHARSET=latin1;
/*!40101 SET character_set_client = @saved_cs_client */;

--
-- Dumping data for table `SPECIAL_META_DATA`
--

LOCK TABLES `SPECIAL_META_DATA` WRITE;
/*!40000 ALTER TABLE `SPECIAL_META_DATA` DISABLE KEYS */;
INSERT INTO `SPECIAL_META_DATA` VALUES (1,'Location',1,NULL),(2,'Weather (in celsius)',2,NULL),(3,'DateTime',11,'MM/dd/yyyy HH:mm:ss'),(4,'Time',5,'HH:mm:ss');
/*!40000 ALTER TABLE `SPECIAL_META_DATA` ENABLE KEYS */;
UNLOCK TABLES;

--
-- Table structure for table `SPRING_SESSION`
--

DROP TABLE IF EXISTS `SPRING_SESSION`;
/*!40101 SET @saved_cs_client     = @@character_set_client */;
/*!50503 SET character_set_client = utf8mb4 */;
CREATE TABLE `SPRING_SESSION` (
  `PRIMARY_ID` char(36) NOT NULL,
  `SESSION_ID` char(36) NOT NULL,
  `CREATION_TIME` bigint NOT NULL,
  `LAST_ACCESS_TIME` bigint NOT NULL,
  `MAX_INACTIVE_INTERVAL` int NOT NULL,
  `EXPIRY_TIME` bigint NOT NULL,
  `PRINCIPAL_NAME` varchar(100) DEFAULT NULL,
  PRIMARY KEY (`PRIMARY_ID`)
) ENGINE=InnoDB DEFAULT CHARSET=utf8mb4 COLLATE=utf8mb4_0900_ai_ci;
/*!40101 SET character_set_client = @saved_cs_client */;

--
-- Dumping data for table `SPRING_SESSION`
--

LOCK TABLES `SPRING_SESSION` WRITE;
/*!40000 ALTER TABLE `SPRING_SESSION` DISABLE KEYS */;
INSERT INTO `SPRING_SESSION` VALUES ('0252d92e-f755-4d4d-81a2-929e7ec4d00e','6abfdf41-0bc5-4f27-92e0-a4a0828f1783',1705662384189,1705662384189,1800,1705664184189,NULL),('08c1e8af-a37a-456d-a0e1-7f63a5c52733','4e001b2a-537f-4513-b639-c6ed80a3323e',1705661837313,1705661837313,1800,1705663637313,NULL),('0b90a928-bbf2-439e-b830-795c68a0307e','5721197c-c5a4-4269-bdbd-4871f65d0231',1705662434257,1705662434257,1800,1705664234257,NULL),('0ba23914-3e4c-43f6-9e3a-64ba66f19b32','6cad8e9d-4d09-4e8b-955a-6321edfbce03',1705661563055,1705661563055,1800,1705663363055,NULL),('0f857575-73e2-47a2-bbcf-215f40b915c0','83e9673a-5a8d-4957-bf69-b7b65298a5b7',1705662071633,1705662071633,1800,1705663871633,NULL),('12d176ac-b611-4d2c-af91-657a60ff0896','f012514d-f8ad-4f79-b43c-223bd75b59f1',1705661025830,1705661025830,1800,1705662825830,NULL),('132281d8-bd22-469a-af4a-563de301888b','f1610413-42cc-4e8e-98da-ac8cd6408693',1705662137395,1705662137395,1800,1705663937395,NULL),('137192cb-d24b-41ac-a73a-3f3cd9b18ae8','1a2ffeb4-6bf9-4577-941b-3c6eee4c1005',1705661408517,1705661408517,1800,1705663208517,NULL),('1a217810-3413-4579-90fb-666c21e6b5ba','d1e0365d-d884-4436-b37c-c6bb067e2781',1705661929337,1705661929337,1800,1705663729337,NULL),('1aebe0a4-9d4e-47d5-9919-4e06257b682e','72d1d465-f20e-46ee-9e7b-66152db8e8f5',1705660720870,1705660720870,1800,1705662520870,NULL),('1f666ff4-ebaf-4b79-95c4-872b91d49f97','c7b263a5-0b70-470a-a09c-1fb2cefbec52',1705661298530,1705661298530,1800,1705663098530,NULL),('22ab786f-046b-4b1d-93a5-c80ac3a29dea','326bc222-57ca-45d5-b647-ae553f662361',1705661952972,1705661952972,1800,1705663752972,NULL),('22d0221f-c76a-40ea-a91f-8c02939f17ec','4de43638-d945-483a-85df-7f9513c2bc06',1705662186306,1705662186306,1800,1705663986306,NULL),('287c9ba4-ac0d-4ce5-82ea-5ae47dc6d8fa','607eaa58-ac54-451a-9829-0f0b9486765a',1705661150595,1705661150595,1800,1705662950595,NULL),('2d0ff21c-52a9-47b0-b48c-2c0db8c04bfd','a1a29e87-aa5e-45c7-9353-48c4fc8c746e',1705662311912,1705662311912,1800,1705664111912,NULL),('2e9f96d0-cd58-48e9-9d04-5f1d9a5be590','a385dc43-d485-43f6-8826-fb346eb4ae53',1705662361527,1705662361527,1800,1705664161527,NULL),('2f571286-f27e-455a-a041-408f74b19136','c325661c-d51f-432e-b010-4aafac3a09f9',1705660901760,1705660901760,1800,1705662701760,NULL),('34fadebd-7eaa-4481-b93e-521de9aab059','8339c443-f427-4d13-816f-314401121689',1705662234990,1705662234990,1800,1705664034990,NULL),('36d3f858-e283-4e90-b924-fbc43bbfbfe7','c4144a50-45fb-46f8-a392-43918daffeac',1705662509478,1705662509478,1800,1705664309478,NULL),('3732d34e-785d-49b6-bef4-1896460a0c93','a9d431b5-9695-4b01-8d11-0d2230604b5c',1705661976744,1705661976744,1800,1705663776744,NULL),('3a8d5c88-5c9c-483f-90e2-7e5f0bc62640','4f8c61ee-8068-4a9e-819b-523ec987d14b',1705660779660,1705660779660,1800,1705662579660,NULL),('3e1aab12-bc78-41cf-990b-6bbf2ce6da46','9a9242f0-ab4c-4946-bc69-614c25d839b9',1705660963538,1705660963538,1800,1705662763538,NULL),('40a03cd6-1d60-427c-9c57-25df795a4952','18361589-da3e-4c3b-8fa4-8b397fe7c51f',1705660760018,1705660760018,1800,1705662560018,NULL),('421be680-ee93-46c1-bfdf-9dc5e107fd9c','66fd01a3-ccc8-4444-8489-c4087e9b3c2d',1705661631362,1705661631362,1800,1705663431362,NULL),('4424f7d7-2cff-4e6f-8bf6-7ce42f587b08','bb55a585-3fa0-457c-b98c-88271a751ac7',1705661320515,1705661320515,1800,1705663120515,NULL),('4758ea8d-2fca-470a-ace5-fa389f08ea00','3ee3d711-cad0-4eee-913c-27efe601422f',1705660701910,1705660701910,1800,1705662501910,NULL),('4a39c388-3acd-4118-bdeb-ab50593e9f6f','4c3a922f-c2f6-4dc9-ad31-e2c25dab2863',1705661585956,1705661585956,1800,1705663385956,NULL),('4bed22e2-ffd8-4ab2-8ae6-bf82f5ce00ef','838ecc5a-fd11-47ad-9e01-b1ecc0b8bbc8',1705660860891,1705660860891,1800,1705662660891,NULL),('4dc80e39-43fd-48f8-9bcf-a7de1ed1664c','493ed161-f1ea-4463-a3f7-389afe5f6f22',1705661860663,1705661860664,1800,1705663660664,NULL),('5148d4a0-6f94-486b-931d-dfa5e2597570','c128151c-f7ed-47a9-87ed-5800c15e8c37',1705661342223,1705661342223,1800,1705663142223,NULL),('547ca5eb-8654-4962-93a8-d3215fcef056','b5f520ff-1e4a-4af7-940f-6e7175a4005e',1705661147137,1705661147137,1800,1705662947137,NULL),('5765cc99-c0a8-4e29-a0c3-0559e586e9aa','900cca73-93b4-44b0-a94b-ca7e180e02ae',1705661109727,1705661109727,1800,1705662909727,NULL),('58741479-babe-4e67-a0c4-a0e0a18dd678','a372b99b-cb6a-45ca-97f2-43bc95b7f731',1705661089354,1705661089354,1800,1705662889354,NULL),('5d2ad906-7ad0-470b-a721-9a07179d5ab1','9ffd06bd-1f4d-43dd-8f0e-1cfbaeceeb95',1705662210570,1705662210570,1800,1705664010570,NULL),('5da900da-8e3d-413d-8868-ac0512768cd6','e974d268-0177-4090-894a-0f1f90643975',1705660943541,1705660943541,1800,1705662743541,NULL),('600fc3ff-56e0-46d9-9892-671d1aa5a85a','3dc25aae-964b-4c53-8484-154e22b3099e',1705662409130,1705662409130,1800,1705664209130,NULL),('60f2e61b-21bf-4ccd-87bf-f4f68be94798','2c80e069-ffcd-45b8-8ab3-9119604f811a',1705661882059,1705661882059,1800,1705663682059,NULL),('62dba9bc-dc6d-4f0b-8941-6b2865a5190b','e7ee074b-f5f5-4752-b7e5-154a7dbb9bf4',1705661608484,1705661608484,1800,1705663408484,NULL),('63bc7d2c-1246-4e18-878a-8d4e9a1c6687','51f1e80e-9d91-49a1-a4da-854ec4554e7a',1705662047737,1705662047737,1800,1705663847737,NULL),('64744e5a-79b8-4bf1-a243-e044e00faedf','ae4aebfe-ba0e-4aed-acf1-8e30c0786920',1705662458770,1705662458770,1800,1705664258770,NULL),('64ce1ce9-e16d-42ae-a23a-72a494ca7758','995abaf1-72e2-486b-a88c-2a48abc81d2b',1705660740492,1705660740492,1800,1705662540492,NULL),('66edfd26-39ae-4014-b515-48ef655114ed','558f56ab-22bc-4d31-97db-ca5fbde1e09b',1705661147284,1705662530656,1800,1705664330656,'PTCAdminUser'),('6deb8df8-5a1a-45e7-98fa-c96a2aaae236','d7b45285-61a0-4f37-bfb1-f8d9b2ae8b7d',1705661905581,1705661905581,1800,1705663705581,NULL),('6fd0362f-69d9-495f-a7e1-e74427f1f7ba','92722e4e-0174-4bb7-93fe-b28b02b3a955',1705662288980,1705662288980,1800,1705664088980,NULL),('74da773f-259a-469a-8cee-35a700218950','32a9539d-3ad5-442b-8b37-dabfd1897155',1705661496985,1705661496985,1800,1705663296985,NULL),('826e50c1-2149-4374-af56-96137f139c1d','100dab3f-7086-491d-8154-9ddda646e717',1705662119451,1705662119451,1800,1705663919451,NULL),('845dd42f-865e-4b35-8a16-e15d7935440d','a15d1ed4-7b34-4307-87a4-ef744793f088',1705662336607,1705662336607,1800,1705664136607,NULL),('845e045a-d018-47be-b2d2-9220a12e5c1e','b926cea5-f3a1-4532-9dd7-8fb236ec36dd',1705661139010,1705661139010,1800,1705662939010,NULL),('85bc1877-8308-44b2-9a0d-a6954c350a90','50db5f89-e1e4-467f-9c6d-cfb599d3d0d6',1705661004599,1705661004599,1800,1705662804599,NULL),('85e0e02a-728e-484f-8ad7-fa581aba692b','5ab58a6a-904f-4767-88d6-58d0930091a0',1705661767583,1705661767583,1800,1705663567583,NULL),('872e2e64-3386-4974-ad96-224d30123879','2dba9e88-1545-4cb5-8491-f70486176731',1705660680969,1705660680969,1800,1705662480969,NULL),('8951a614-7f7a-42f4-a8f3-4cb8cf3dd17d','151fd4f3-f730-425d-8833-10fa11b1a1f7',1705661255108,1705661255108,1800,1705663055108,NULL),('8e1062a0-99c9-4389-9cd2-7cba6be2403a','ecd6712a-a746-4436-b280-9a5fa55f6126',1705661129005,1705661129005,1800,1705662929005,NULL),('9016d184-5f7c-470d-ba3d-9bd370af893d','d2710a4d-0353-4397-aaf5-e00c98f2d2f0',1705662484011,1705662484011,1800,1705664284011,NULL),('9112210e-c320-4d23-afeb-64b15cb165d8','a09fdf2b-5931-428b-8781-71ece8211f06',1705661212071,1705661212071,1800,1705663012071,NULL),('9481edb5-afda-4974-8f17-b033aee01a2b','818d8acf-cb5f-4a38-bdba-9e571333e722',1705661172281,1705661172281,1800,1705662972281,NULL),('949472bf-4861-4864-a3ee-b2dcc37bfbbb','b4f4d317-a494-4709-9f48-e9adffd67780',1705662260272,1705662260272,1800,1705664060272,NULL),('953b049e-b8bf-451c-97d3-2de55ef1ace4','abc2ede7-83b3-42cf-82ed-4e0d9c42f68c',1705660983911,1705660983911,1800,1705662783911,NULL),('99cd64ea-0dba-4a75-a8bd-4ec5b312827d','56aced90-432f-4f66-a059-95bdd511daa2',1705661654277,1705661654277,1800,1705663454277,NULL),('9a8461c1-27ad-4fad-9d35-8ecf71fe7929','d133375f-8187-49dd-a231-f2fb237b9241',1705661046778,1705661046778,1800,1705662846778,NULL),('9aa7689c-a43b-4731-907c-5337b9c2eb81','06af7091-2370-4a81-8983-e48ed2358c01',1705661474238,1705661474238,1800,1705663274238,NULL),('9c259042-8fc4-411e-bbdc-d12a162eea1d','a6e1a260-f04f-4ea2-b9b5-2604ac4b919f',1705661451827,1705661451827,1800,1705663251827,NULL),('a073b3b7-7696-460f-9c61-4522ec53f126','960d0b49-f65d-4a86-a723-f234d6de7c6f',1705661139021,1705661139558,1800,1705662939558,NULL),('a2637c5f-80ff-4f5d-a8fb-42335ae979b4','fabc47d9-ca42-425e-8ece-070431ec8a50',1705661676633,1705661676633,1800,1705663476633,NULL),('a27d9428-60aa-43fc-8ae7-da71511744cb','8d3159bc-8be8-4817-9856-fc600971347d',1705661386126,1705661386126,1800,1705663186126,NULL),('a4e8908e-20b9-45d5-9e01-cb4785b4d5fb','0ec83447-80e2-44b8-814f-14955858e1a2',1705660880982,1705660880982,1800,1705662680982,NULL),('a675e0d5-8f52-4271-9dd6-f1243b3de466','3a817e14-6e9b-47ca-80e5-ae3ffc65e449',1705661364109,1705661364109,1800,1705663164109,NULL),('a6ac714e-bb34-478d-9334-d68e21f9977e','adc164bb-bbad-40bd-bc86-8b746600c790',1705661191288,1705661191288,1800,1705662991288,NULL),('b01c3f52-5f5a-40ff-80d4-3cf269286281','efe14f59-13fa-48b7-9399-db43d8873216',1705661745661,1705661745661,1800,1705663545661,NULL),('b78ac44e-b594-4421-bc88-846f194252c4','88390e65-9713-4b3c-ac6b-55bee0e9e948',1705660840355,1705660840355,1800,1705662640355,NULL),('b95ed8b4-cb27-4740-8445-4cec5379bad0','b9054518-69ef-4f97-b348-1c9e8f96ffd1',1705661519446,1705661519446,1800,1705663319446,NULL),('bbf4250b-7fd0-4bce-83dc-eefd213de6bd','9291ef8f-8d47-4fbf-8b61-9530c78e7656',1705661790769,1705661790769,1800,1705663590769,NULL),('bdee94f4-47bd-4864-8228-7904238991e9','6e897e85-b12b-45ac-8d36-cc0d1310691b',1705661069554,1705661069554,1800,1705662869554,NULL),('bee63a26-0206-4cfb-9ac9-89394f788006','30a0a7e6-920d-4796-a99e-a47b4452ce84',1705661276235,1705661276235,1800,1705663076235,NULL),('c45d3519-658a-4f5d-96ac-bada6c48d557','47b376dc-5230-4459-a690-15ce9e4d655f',1705661429421,1705661429421,1800,1705663229421,NULL),('c5d4356f-8eb0-4fe6-92c0-29146d559ac8','82f9cc3f-ec9e-42ce-98f9-2152ff44826c',1705662161553,1705662161553,1800,1705663961553,NULL),('cf073c18-9e60-4ba4-8844-5aeb59e54789','e87b43cf-3668-4636-a2fd-e7d630d87edf',1705662023959,1705662023959,1800,1705663823959,NULL),('d1fbf6c8-51b4-49df-8705-8a665924a090','41944f37-a380-4c42-b187-9b6cea652cab',1705661699611,1705661699611,1800,1705663499611,NULL),('d428209b-9f93-4fc7-8aab-fafc0a957f26','8bf97c87-a9f2-4a51-9eca-18a5d732874a',1705661722810,1705661722810,1800,1705663522810,NULL),('d95e019e-2f29-4f2e-bd99-54bc72a83657','5c5fa34a-68e3-4963-89a0-df5d7c4d5514',1705661540151,1705661540151,1800,1705663340151,NULL),('df541349-eda9-4c2c-addb-44c40ad27b05','a035202b-d7aa-4d37-b257-06d3b01b4a7d',1705661234023,1705661234023,1800,1705663034023,NULL),('dfada40a-8f08-4aff-9757-aeacf764f733','b466346c-ed24-40c8-8712-612c2937cf5c',1705660922631,1705660922631,1800,1705662722631,NULL),('e0594d11-8b1f-464e-9d4d-0280573df11c','dd83b007-e5f8-4e1d-ba07-6fbfe9a39ed8',1705662000213,1705662000213,1800,1705663800213,NULL),('e59479e3-a0ec-48d0-b8c4-b24ab6600013','ee1a93dc-a95b-4929-aea6-d2b1c114de6a',1705662095278,1705662095278,1800,1705663895278,NULL),('e96842de-ba98-473f-a76e-a260c481d359','d6f9a3b7-fbc5-4909-a41e-7e24095101de',1705661813745,1705661813745,1800,1705663613745,NULL),('edeee420-cd58-4d6b-a126-df8339df4de2','438137c1-babb-4932-a815-de3d4ba5398e',1705660819751,1705660819751,1800,1705662619751,NULL),('fb7678d5-d494-4136-9b1b-cbbfd9a7a001','ae6cda60-7b6e-496f-856e-8ac536224a1c',1705660799984,1705660799984,1800,1705662599984,NULL);
/*!40000 ALTER TABLE `SPRING_SESSION` ENABLE KEYS */;
UNLOCK TABLES;

--
-- Table structure for table `SPRING_SESSION_ATTRIBUTES`
--

DROP TABLE IF EXISTS `SPRING_SESSION_ATTRIBUTES`;
/*!40101 SET @saved_cs_client     = @@character_set_client */;
/*!50503 SET character_set_client = utf8mb4 */;
CREATE TABLE `SPRING_SESSION_ATTRIBUTES` (
  `SESSION_PRIMARY_ID` char(36) NOT NULL,
  `ATTRIBUTE_NAME` varchar(200) NOT NULL,
  `ATTRIBUTE_BYTES` blob NOT NULL,
  PRIMARY KEY (`SESSION_PRIMARY_ID`,`ATTRIBUTE_NAME`),
  CONSTRAINT `SPRING_SESSION_ATTRIBUTES_FK` FOREIGN KEY (`SESSION_PRIMARY_ID`) REFERENCES `SPRING_SESSION` (`PRIMARY_ID`) ON DELETE CASCADE
) ENGINE=InnoDB DEFAULT CHARSET=utf8mb4 COLLATE=utf8mb4_0900_ai_ci;
/*!40101 SET character_set_client = @saved_cs_client */;

--
-- Dumping data for table `SPRING_SESSION_ATTRIBUTES`
--

LOCK TABLES `SPRING_SESSION_ATTRIBUTES` WRITE;
/*!40000 ALTER TABLE `SPRING_SESSION_ATTRIBUTES` DISABLE KEYS */;
INSERT INTO `SPRING_SESSION_ATTRIBUTES` VALUES ('0252d92e-f755-4d4d-81a2-929e7ec4d00e','org.springframework.security.web.csrf.HttpSessionCsrfTokenRepository.CSRF_TOKEN',_binary '\\0sr\06org.springframework.security.web.csrf.DefaultCsrfTokenZ\\/\\0L\0\nheaderNamet\0Ljava/lang/String;L\0\rparameterNameq\0~\0L\0tokenq\0~\0xpt\0X-XSRF-TOKENt\0_csrft\0$3a947bf9-2314-4b15-9f1f-968b964acb62'),('08c1e8af-a37a-456d-a0e1-7f63a5c52733','org.springframework.security.web.csrf.HttpSessionCsrfTokenRepository.CSRF_TOKEN',_binary '\\0sr\06org.springframework.security.web.csrf.DefaultCsrfTokenZ\\/\\0L\0\nheaderNamet\0Ljava/lang/String;L\0\rparameterNameq\0~\0L\0tokenq\0~\0xpt\0X-XSRF-TOKENt\0_csrft\0$9f644701-c13b-4125-b19e-9195b10cc552'),('0b90a928-bbf2-439e-b830-795c68a0307e','org.springframework.security.web.csrf.HttpSessionCsrfTokenRepository.CSRF_TOKEN',_binary '\\0sr\06org.springframework.security.web.csrf.DefaultCsrfTokenZ\\/\\0L\0\nheaderNamet\0Ljava/lang/String;L\0\rparameterNameq\0~\0L\0tokenq\0~\0xpt\0X-XSRF-TOKENt\0_csrft\0$3b643117-56e7-47a6-893c-2f566f5f0194'),('0ba23914-3e4c-43f6-9e3a-64ba66f19b32','org.springframework.security.web.csrf.HttpSessionCsrfTokenRepository.CSRF_TOKEN',_binary '\\0sr\06org.springframework.security.web.csrf.DefaultCsrfTokenZ\\/\\0L\0\nheaderNamet\0Ljava/lang/String;L\0\rparameterNameq\0~\0L\0tokenq\0~\0xpt\0X-XSRF-TOKENt\0_csrft\0$6eb05a3c-8b82-494e-b093-31d9006a1a6d'),('0f857575-73e2-47a2-bbcf-215f40b915c0','org.springframework.security.web.csrf.HttpSessionCsrfTokenRepository.CSRF_TOKEN',_binary '\\0sr\06org.springframework.security.web.csrf.DefaultCsrfTokenZ\\/\\0L\0\nheaderNamet\0Ljava/lang/String;L\0\rparameterNameq\0~\0L\0tokenq\0~\0xpt\0X-XSRF-TOKENt\0_csrft\0$33128e54-528e-46dc-a851-1b68f19ddbe8'),('12d176ac-b611-4d2c-af91-657a60ff0896','org.springframework.security.web.csrf.HttpSessionCsrfTokenRepository.CSRF_TOKEN',_binary '\\0sr\06org.springframework.security.web.csrf.DefaultCsrfTokenZ\\/\\0L\0\nheaderNamet\0Ljava/lang/String;L\0\rparameterNameq\0~\0L\0tokenq\0~\0xpt\0X-XSRF-TOKENt\0_csrft\0$517538c5-229a-444b-be3e-9b78ed19f7a2'),('132281d8-bd22-469a-af4a-563de301888b','org.springframework.security.web.csrf.HttpSessionCsrfTokenRepository.CSRF_TOKEN',_binary '\\0sr\06org.springframework.security.web.csrf.DefaultCsrfTokenZ\\/\\0L\0\nheaderNamet\0Ljava/lang/String;L\0\rparameterNameq\0~\0L\0tokenq\0~\0xpt\0X-XSRF-TOKENt\0_csrft\0$adc48e5b-6f33-45e3-a95d-c4f6d6565f91'),('137192cb-d24b-41ac-a73a-3f3cd9b18ae8','org.springframework.security.web.csrf.HttpSessionCsrfTokenRepository.CSRF_TOKEN',_binary '\\0sr\06org.springframework.security.web.csrf.DefaultCsrfTokenZ\\/\\0L\0\nheaderNamet\0Ljava/lang/String;L\0\rparameterNameq\0~\0L\0tokenq\0~\0xpt\0X-XSRF-TOKENt\0_csrft\0$627e60c7-e5d6-47ca-b0e0-2b9ccf14ff74'),('1a217810-3413-4579-90fb-666c21e6b5ba','org.springframework.security.web.csrf.HttpSessionCsrfTokenRepository.CSRF_TOKEN',_binary '\\0sr\06org.springframework.security.web.csrf.DefaultCsrfTokenZ\\/\\0L\0\nheaderNamet\0Ljava/lang/String;L\0\rparameterNameq\0~\0L\0tokenq\0~\0xpt\0X-XSRF-TOKENt\0_csrft\0$d27bc0a3-5658-4e01-8fc4-c4f8944c8d78'),('1aebe0a4-9d4e-47d5-9919-4e06257b682e','org.springframework.security.web.csrf.HttpSessionCsrfTokenRepository.CSRF_TOKEN',_binary '\\0sr\06org.springframework.security.web.csrf.DefaultCsrfTokenZ\\/\\0L\0\nheaderNamet\0Ljava/lang/String;L\0\rparameterNameq\0~\0L\0tokenq\0~\0xpt\0X-XSRF-TOKENt\0_csrft\0$d2acb6be-1778-43b2-9162-8b71f5b9692d'),('1f666ff4-ebaf-4b79-95c4-872b91d49f97','org.springframework.security.web.csrf.HttpSessionCsrfTokenRepository.CSRF_TOKEN',_binary '\\0sr\06org.springframework.security.web.csrf.DefaultCsrfTokenZ\\/\\0L\0\nheaderNamet\0Ljava/lang/String;L\0\rparameterNameq\0~\0L\0tokenq\0~\0xpt\0X-XSRF-TOKENt\0_csrft\0$f9eeca19-00eb-4b50-8904-729186e350ae'),('22ab786f-046b-4b1d-93a5-c80ac3a29dea','org.springframework.security.web.csrf.HttpSessionCsrfTokenRepository.CSRF_TOKEN',_binary '\\0sr\06org.springframework.security.web.csrf.DefaultCsrfTokenZ\\/\\0L\0\nheaderNamet\0Ljava/lang/String;L\0\rparameterNameq\0~\0L\0tokenq\0~\0xpt\0X-XSRF-TOKENt\0_csrft\0$e347c397-91d3-4f99-bb67-fec87d60c88d'),('22d0221f-c76a-40ea-a91f-8c02939f17ec','org.springframework.security.web.csrf.HttpSessionCsrfTokenRepository.CSRF_TOKEN',_binary '\\0sr\06org.springframework.security.web.csrf.DefaultCsrfTokenZ\\/\\0L\0\nheaderNamet\0Ljava/lang/String;L\0\rparameterNameq\0~\0L\0tokenq\0~\0xpt\0X-XSRF-TOKENt\0_csrft\0$5439e681-7a12-46ec-b7f3-dfe8c8aab751'),('287c9ba4-ac0d-4ce5-82ea-5ae47dc6d8fa','org.springframework.security.web.csrf.HttpSessionCsrfTokenRepository.CSRF_TOKEN',_binary '\\0sr\06org.springframework.security.web.csrf.DefaultCsrfTokenZ\\/\\0L\0\nheaderNamet\0Ljava/lang/String;L\0\rparameterNameq\0~\0L\0tokenq\0~\0xpt\0X-XSRF-TOKENt\0_csrft\0$a19b0334-831f-4534-8fa8-bebd825507ec'),('2d0ff21c-52a9-47b0-b48c-2c0db8c04bfd','org.springframework.security.web.csrf.HttpSessionCsrfTokenRepository.CSRF_TOKEN',_binary '\\0sr\06org.springframework.security.web.csrf.DefaultCsrfTokenZ\\/\\0L\0\nheaderNamet\0Ljava/lang/String;L\0\rparameterNameq\0~\0L\0tokenq\0~\0xpt\0X-XSRF-TOKENt\0_csrft\0$b89e83d2-7520-4660-967c-b7201a0c6b89'),('2e9f96d0-cd58-48e9-9d04-5f1d9a5be590','org.springframework.security.web.csrf.HttpSessionCsrfTokenRepository.CSRF_TOKEN',_binary '\\0sr\06org.springframework.security.web.csrf.DefaultCsrfTokenZ\\/\\0L\0\nheaderNamet\0Ljava/lang/String;L\0\rparameterNameq\0~\0L\0tokenq\0~\0xpt\0X-XSRF-TOKENt\0_csrft\0$bba6df1c-514f-4292-a4df-d9e79dc0e4e3'),('2f571286-f27e-455a-a041-408f74b19136','org.springframework.security.web.csrf.HttpSessionCsrfTokenRepository.CSRF_TOKEN',_binary '\\0sr\06org.springframework.security.web.csrf.DefaultCsrfTokenZ\\/\\0L\0\nheaderNamet\0Ljava/lang/String;L\0\rparameterNameq\0~\0L\0tokenq\0~\0xpt\0X-XSRF-TOKENt\0_csrft\0$76485ed8-ae98-4c04-8e2d-1d44744dedc1'),('34fadebd-7eaa-4481-b93e-521de9aab059','org.springframework.security.web.csrf.HttpSessionCsrfTokenRepository.CSRF_TOKEN',_binary '\\0sr\06org.springframework.security.web.csrf.DefaultCsrfTokenZ\\/\\0L\0\nheaderNamet\0Ljava/lang/String;L\0\rparameterNameq\0~\0L\0tokenq\0~\0xpt\0X-XSRF-TOKENt\0_csrft\0$b33cb5e4-69cd-42d1-912f-7c7c5788f226'),('36d3f858-e283-4e90-b924-fbc43bbfbfe7','org.springframework.security.web.csrf.HttpSessionCsrfTokenRepository.CSRF_TOKEN',_binary '\\0sr\06org.springframework.security.web.csrf.DefaultCsrfTokenZ\\/\\0L\0\nheaderNamet\0Ljava/lang/String;L\0\rparameterNameq\0~\0L\0tokenq\0~\0xpt\0X-XSRF-TOKENt\0_csrft\0$66f0f06e-b98c-4e32-964f-bcd6a49218f3'),('3732d34e-785d-49b6-bef4-1896460a0c93','org.springframework.security.web.csrf.HttpSessionCsrfTokenRepository.CSRF_TOKEN',_binary '\\0sr\06org.springframework.security.web.csrf.DefaultCsrfTokenZ\\/\\0L\0\nheaderNamet\0Ljava/lang/String;L\0\rparameterNameq\0~\0L\0tokenq\0~\0xpt\0X-XSRF-TOKENt\0_csrft\0$90dfd588-931d-42a0-b9f1-a75116c942e0'),('3a8d5c88-5c9c-483f-90e2-7e5f0bc62640','org.springframework.security.web.csrf.HttpSessionCsrfTokenRepository.CSRF_TOKEN',_binary '\\0sr\06org.springframework.security.web.csrf.DefaultCsrfTokenZ\\/\\0L\0\nheaderNamet\0Ljava/lang/String;L\0\rparameterNameq\0~\0L\0tokenq\0~\0xpt\0X-XSRF-TOKENt\0_csrft\0$bc9c8dad-2b61-4277-895f-8e5237aa6d19'),('3e1aab12-bc78-41cf-990b-6bbf2ce6da46','org.springframework.security.web.csrf.HttpSessionCsrfTokenRepository.CSRF_TOKEN',_binary '\\0sr\06org.springframework.security.web.csrf.DefaultCsrfTokenZ\\/\\0L\0\nheaderNamet\0Ljava/lang/String;L\0\rparameterNameq\0~\0L\0tokenq\0~\0xpt\0X-XSRF-TOKENt\0_csrft\0$ab12542c-c0fa-4c8b-ba41-1de96348578b'),('40a03cd6-1d60-427c-9c57-25df795a4952','org.springframework.security.web.csrf.HttpSessionCsrfTokenRepository.CSRF_TOKEN',_binary '\\0sr\06org.springframework.security.web.csrf.DefaultCsrfTokenZ\\/\\0L\0\nheaderNamet\0Ljava/lang/String;L\0\rparameterNameq\0~\0L\0tokenq\0~\0xpt\0X-XSRF-TOKENt\0_csrft\0$cda4f224-4948-4e1c-9672-13d914313726'),('421be680-ee93-46c1-bfdf-9dc5e107fd9c','org.springframework.security.web.csrf.HttpSessionCsrfTokenRepository.CSRF_TOKEN',_binary '\\0sr\06org.springframework.security.web.csrf.DefaultCsrfTokenZ\\/\\0L\0\nheaderNamet\0Ljava/lang/String;L\0\rparameterNameq\0~\0L\0tokenq\0~\0xpt\0X-XSRF-TOKENt\0_csrft\0$69f8cf9b-e65b-4aa1-be1e-39526fdc5994'),('4424f7d7-2cff-4e6f-8bf6-7ce42f587b08','org.springframework.security.web.csrf.HttpSessionCsrfTokenRepository.CSRF_TOKEN',_binary '\\0sr\06org.springframework.security.web.csrf.DefaultCsrfTokenZ\\/\\0L\0\nheaderNamet\0Ljava/lang/String;L\0\rparameterNameq\0~\0L\0tokenq\0~\0xpt\0X-XSRF-TOKENt\0_csrft\0$fed55ccc-a7c8-464e-ab9a-a104093da980'),('4758ea8d-2fca-470a-ace5-fa389f08ea00','org.springframework.security.web.csrf.HttpSessionCsrfTokenRepository.CSRF_TOKEN',_binary '\\0sr\06org.springframework.security.web.csrf.DefaultCsrfTokenZ\\/\\0L\0\nheaderNamet\0Ljava/lang/String;L\0\rparameterNameq\0~\0L\0tokenq\0~\0xpt\0X-XSRF-TOKENt\0_csrft\0$17a17d91-f29e-44f1-be03-4f20c1228ee5'),('4a39c388-3acd-4118-bdeb-ab50593e9f6f','org.springframework.security.web.csrf.HttpSessionCsrfTokenRepository.CSRF_TOKEN',_binary '\\0sr\06org.springframework.security.web.csrf.DefaultCsrfTokenZ\\/\\0L\0\nheaderNamet\0Ljava/lang/String;L\0\rparameterNameq\0~\0L\0tokenq\0~\0xpt\0X-XSRF-TOKENt\0_csrft\0$9108a5ea-5cab-4254-a721-fd6a7203a3fc'),('4bed22e2-ffd8-4ab2-8ae6-bf82f5ce00ef','org.springframework.security.web.csrf.HttpSessionCsrfTokenRepository.CSRF_TOKEN',_binary '\\0sr\06org.springframework.security.web.csrf.DefaultCsrfTokenZ\\/\\0L\0\nheaderNamet\0Ljava/lang/String;L\0\rparameterNameq\0~\0L\0tokenq\0~\0xpt\0X-XSRF-TOKENt\0_csrft\0$99e7175d-493a-4b3a-b166-efece616a2d0'),('4dc80e39-43fd-48f8-9bcf-a7de1ed1664c','org.springframework.security.web.csrf.HttpSessionCsrfTokenRepository.CSRF_TOKEN',_binary '\\0sr\06org.springframework.security.web.csrf.DefaultCsrfTokenZ\\/\\0L\0\nheaderNamet\0Ljava/lang/String;L\0\rparameterNameq\0~\0L\0tokenq\0~\0xpt\0X-XSRF-TOKENt\0_csrft\0$9aa26f6b-b7d3-41ad-98a6-c8ecd9e10ba5'),('5148d4a0-6f94-486b-931d-dfa5e2597570','org.springframework.security.web.csrf.HttpSessionCsrfTokenRepository.CSRF_TOKEN',_binary '\\0sr\06org.springframework.security.web.csrf.DefaultCsrfTokenZ\\/\\0L\0\nheaderNamet\0Ljava/lang/String;L\0\rparameterNameq\0~\0L\0tokenq\0~\0xpt\0X-XSRF-TOKENt\0_csrft\0$9b9f1be8-605e-4117-badb-155d55c481a6'),('547ca5eb-8654-4962-93a8-d3215fcef056','org.springframework.security.web.csrf.HttpSessionCsrfTokenRepository.CSRF_TOKEN',_binary '\\0sr\06org.springframework.security.web.csrf.DefaultCsrfTokenZ\\/\\0L\0\nheaderNamet\0Ljava/lang/String;L\0\rparameterNameq\0~\0L\0tokenq\0~\0xpt\0X-XSRF-TOKENt\0_csrft\0$12efec82-9d09-4a4c-a256-e4b3d6132050'),('5765cc99-c0a8-4e29-a0c3-0559e586e9aa','org.springframework.security.web.csrf.HttpSessionCsrfTokenRepository.CSRF_TOKEN',_binary '\\0sr\06org.springframework.security.web.csrf.DefaultCsrfTokenZ\\/\\0L\0\nheaderNamet\0Ljava/lang/String;L\0\rparameterNameq\0~\0L\0tokenq\0~\0xpt\0X-XSRF-TOKENt\0_csrft\0$fa28d368-7edd-4b36-80b2-5a1f94aab44a'),('58741479-babe-4e67-a0c4-a0e0a18dd678','org.springframework.security.web.csrf.HttpSessionCsrfTokenRepository.CSRF_TOKEN',_binary '\\0sr\06org.springframework.security.web.csrf.DefaultCsrfTokenZ\\/\\0L\0\nheaderNamet\0Ljava/lang/String;L\0\rparameterNameq\0~\0L\0tokenq\0~\0xpt\0X-XSRF-TOKENt\0_csrft\0$29aac699-105e-4825-9d57-fbfbcfb760f7'),('5d2ad906-7ad0-470b-a721-9a07179d5ab1','org.springframework.security.web.csrf.HttpSessionCsrfTokenRepository.CSRF_TOKEN',_binary '\\0sr\06org.springframework.security.web.csrf.DefaultCsrfTokenZ\\/\\0L\0\nheaderNamet\0Ljava/lang/String;L\0\rparameterNameq\0~\0L\0tokenq\0~\0xpt\0X-XSRF-TOKENt\0_csrft\0$5477c94d-afb5-4173-be79-f3965a1da0ab'),('5da900da-8e3d-413d-8868-ac0512768cd6','org.springframework.security.web.csrf.HttpSessionCsrfTokenRepository.CSRF_TOKEN',_binary '\\0sr\06org.springframework.security.web.csrf.DefaultCsrfTokenZ\\/\\0L\0\nheaderNamet\0Ljava/lang/String;L\0\rparameterNameq\0~\0L\0tokenq\0~\0xpt\0X-XSRF-TOKENt\0_csrft\0$855bab05-fd85-48a9-bff1-3c4270760d04'),('600fc3ff-56e0-46d9-9892-671d1aa5a85a','org.springframework.security.web.csrf.HttpSessionCsrfTokenRepository.CSRF_TOKEN',_binary '\\0sr\06org.springframework.security.web.csrf.DefaultCsrfTokenZ\\/\\0L\0\nheaderNamet\0Ljava/lang/String;L\0\rparameterNameq\0~\0L\0tokenq\0~\0xpt\0X-XSRF-TOKENt\0_csrft\0$aac73a68-00ce-4a82-a024-f91b4437a85b'),('60f2e61b-21bf-4ccd-87bf-f4f68be94798','org.springframework.security.web.csrf.HttpSessionCsrfTokenRepository.CSRF_TOKEN',_binary '\\0sr\06org.springframework.security.web.csrf.DefaultCsrfTokenZ\\/\\0L\0\nheaderNamet\0Ljava/lang/String;L\0\rparameterNameq\0~\0L\0tokenq\0~\0xpt\0X-XSRF-TOKENt\0_csrft\0$f8a74959-2793-4c39-8298-bbb6263f97d9'),('62dba9bc-dc6d-4f0b-8941-6b2865a5190b','org.springframework.security.web.csrf.HttpSessionCsrfTokenRepository.CSRF_TOKEN',_binary '\\0sr\06org.springframework.security.web.csrf.DefaultCsrfTokenZ\\/\\0L\0\nheaderNamet\0Ljava/lang/String;L\0\rparameterNameq\0~\0L\0tokenq\0~\0xpt\0X-XSRF-TOKENt\0_csrft\0$001b1aff-06ae-47fa-bb5a-d39922a093a6'),('63bc7d2c-1246-4e18-878a-8d4e9a1c6687','org.springframework.security.web.csrf.HttpSessionCsrfTokenRepository.CSRF_TOKEN',_binary '\\0sr\06org.springframework.security.web.csrf.DefaultCsrfTokenZ\\/\\0L\0\nheaderNamet\0Ljava/lang/String;L\0\rparameterNameq\0~\0L\0tokenq\0~\0xpt\0X-XSRF-TOKENt\0_csrft\0$16018ea7-69f4-41e3-9a33-61258919c3e2'),('64744e5a-79b8-4bf1-a243-e044e00faedf','org.springframework.security.web.csrf.HttpSessionCsrfTokenRepository.CSRF_TOKEN',_binary '\\0sr\06org.springframework.security.web.csrf.DefaultCsrfTokenZ\\/\\0L\0\nheaderNamet\0Ljava/lang/String;L\0\rparameterNameq\0~\0L\0tokenq\0~\0xpt\0X-XSRF-TOKENt\0_csrft\0$eb94c314-14ee-4ef6-8cdd-cd5e93ccbc42'),('64ce1ce9-e16d-42ae-a23a-72a494ca7758','org.springframework.security.web.csrf.HttpSessionCsrfTokenRepository.CSRF_TOKEN',_binary '\\0sr\06org.springframework.security.web.csrf.DefaultCsrfTokenZ\\/\\0L\0\nheaderNamet\0Ljava/lang/String;L\0\rparameterNameq\0~\0L\0tokenq\0~\0xpt\0X-XSRF-TOKENt\0_csrft\0$66325be2-c624-4faf-a05e-189b694ae717'),('66edfd26-39ae-4014-b515-48ef655114ed','org.springframework.security.web.csrf.HttpSessionCsrfTokenRepository.CSRF_TOKEN',_binary '\\0sr\06org.springframework.security.web.csrf.DefaultCsrfTokenZ\\/\\0L\0\nheaderNamet\0Ljava/lang/String;L\0\rparameterNameq\0~\0L\0tokenq\0~\0xpt\0X-XSRF-TOKENt\0_csrft\0$53487d36-a0f4-47ed-bc65-321a2627d412'),('66edfd26-39ae-4014-b515-48ef655114ed','SPRING_SECURITY_CONTEXT',_binary '\\0sr\0=org.springframework.security.core.context.SecurityContextImpl\0\0\0\0\0\0\0L\0authenticationt\02Lorg/springframework/security/core/Authentication;xpsr\0Oorg.springframework.security.authentication.UsernamePasswordAuthenticationToken\0\0\0\0\0\0\0L\0credentialst\0Ljava/lang/Object;L\0	principalq\0~\0xr\0Gorg.springframework.security.authentication.AbstractAuthenticationToken(~nGd\0Z\0\rauthenticatedL\0authoritiest\0Ljava/util/Collection;L\0detailsq\0~\0xpsr\0&java.util.Collections$UnmodifiableList%1\\0L\0listt\0Ljava/util/List;xr\0,java.util.Collections$UnmodifiableCollectionB\0\^\\0L\0cq\0~\0xpsr\0java.util.ArrayListx\\a\0I\0sizexp\0\0\0w\0\0\0sr\0Borg.springframework.security.core.authority.SimpleGrantedAuthority\0\0\0\0\0\0\0L\0rolet\0Ljava/lang/String;xpt\0BUSINESS_ADMINsq\0~\0t\0\rBUSINESS_USERxq\0~\0\rsr\0Horg.springframework.security.web.authentication.WebAuthenticationDetails\0\0\0\0\0\0\0L\0\rremoteAddressq\0~\0L\0	sessionIdq\0~\0xpt\0\r10.217.129.68t\0$cd726fc3-61fe-48b4-8b30-6d1bc1161fcdpsr\02org.springframework.security.core.userdetails.User\0\0\0\0\0\0\0Z\0accountNonExpiredZ\0accountNonLockedZ\0credentialsNonExpiredZ\0enabledL\0authoritiest\0Ljava/util/Set;L\0passwordq\0~\0L\0usernameq\0~\0xpsr\0%java.util.Collections$UnmodifiableSetU\0\0xq\0~\0\nsr\0java.util.TreeSetP\[\0\0xpsr\0Forg.springframework.security.core.userdetails.User$AuthorityComparator\0\0\0\0\0\0\0\0xpw\0\0\0q\0~\0q\0~\0xpt\0PTCAdminUser'),('66edfd26-39ae-4014-b515-48ef655114ed','SPRING_SECURITY_SAVED_REQUEST',_binary '\\0sr\0Aorg.springframework.security.web.savedrequest.DefaultSavedRequest@HD6d\0I\0\nserverPortL\0contextPatht\0Ljava/lang/String;L\0cookiest\0Ljava/util/ArrayList;L\0headerst\0Ljava/util/Map;L\0localesq\0~\0L\0methodq\0~\0L\0\nparametersq\0~\0L\0pathInfoq\0~\0L\0queryStringq\0~\0L\0\nrequestURIq\0~\0L\0\nrequestURLq\0~\0L\0schemeq\0~\0L\0\nserverNameq\0~\0L\0servletPathq\0~\0xp\0\0\0Pt\0\0sr\0java.util.ArrayListx\\a\0I\0sizexp\0\0\0w\0\0\0sr\09org.springframework.security.web.savedrequest.SavedCookie@+f\0I\0maxAgeZ\0secureI\0versionL\0commentq\0~\0L\0domainq\0~\0L\0nameq\0~\0L\0pathq\0~\0L\0valueq\0~\0xp\0\0\0\0\0ppt\0\nXSRF-TOKENpt\0$9cf3e8ca-e55a-4da6-aba4-f1295dc6f609sq\0~\0\0\0\0\0\0ppt\0busThemept\0WHITE_WITH_GREENsq\0~\0\0\0\0\0\0ppt\0\ZdefaultBusinessHierarchyIdpt\023sq\0~\0\0\0\0\0\0ppt\0storeIdspt\0nullxsr\0java.util.TreeMap\>-%j\\0L\0\ncomparatort\0Ljava/util/Comparator;xpsr\0*java.lang.String$CaseInsensitiveComparatorw\\}\\P\\\0\0xpw\0\0\0t\0acceptsq\0~\0\0\0\0w\0\0\0t\0*/*xt\0accept-encodingsq\0~\0\0\0\0w\0\0\0t\0\rgzip, deflatext\0accept-languagesq\0~\0\0\0\0w\0\0\0t\0en-US,en;q=0.9xt\0\nconnectionsq\0~\0\0\0\0w\0\0\0t\0closext\0cookiesq\0~\0\0\0\0w\0\0\0t\0xXSRF-TOKEN=9cf3e8ca-e55a-4da6-aba4-f1295dc6f609; busTheme=WHITE_WITH_GREEN; defaultBusinessHierarchyId=23; storeIds=nullxt\0hostsq\0~\0\0\0\0w\0\0\0t\0mr403s0332d.palawangroup.comxt\0referersq\0~\0\0\0\0w\0\0\0t\01http://mr403s0332d.palawangroup.com:4200/businessxt\0\nuser-agentsq\0~\0\0\0\0w\0\0\0t\0oMozilla/5.0 (Windows NT 10.0; Win64; x64) AppleWebKit/537.36 (KHTML, like Gecko) Chrome/120.0.0.0 Safari/537.36xt\0x-forwarded-forsq\0~\0\0\0\0w\0\0\0t\010.202.24.4xt\0x-forwarded-protosq\0~\0\0\0\0w\0\0\0t\0httpxt\0	x-real-ipsq\0~\0\0\0\0w\0\0\0t\010.202.24.4xxsq\0~\0\0\0\0w\0\0\0sr\0java.util.Locale~`0\\0I\0hashcodeL\0countryq\0~\0L\0\nextensionsq\0~\0L\0languageq\0~\0L\0scriptq\0~\0L\0variantq\0~\0xpt\0USq\0~\0t\0enq\0~\0q\0~\0xsq\0~\0<q\0~\0q\0~\0q\0~\0?q\0~\0q\0~\0xxt\0GETsq\0~\0pw\0\0\0t\0tur\0[Ljava.lang.String;\V\\{G\0\0xp\0\0\0t\0\r1705661146355xpt\0t=1705661146355t\0/forcedLogout/infot\05http://mr403s0332d.palawangroup.com/forcedLogout/infot\0httpt\0mr403s0332d.palawangroup.comt\0/forcedLogout/info'),('6deb8df8-5a1a-45e7-98fa-c96a2aaae236','org.springframework.security.web.csrf.HttpSessionCsrfTokenRepository.CSRF_TOKEN',_binary '\\0sr\06org.springframework.security.web.csrf.DefaultCsrfTokenZ\\/\\0L\0\nheaderNamet\0Ljava/lang/String;L\0\rparameterNameq\0~\0L\0tokenq\0~\0xpt\0X-XSRF-TOKENt\0_csrft\0$bbcd006c-ea3a-4f8c-b57b-4494b5c41823'),('6fd0362f-69d9-495f-a7e1-e74427f1f7ba','org.springframework.security.web.csrf.HttpSessionCsrfTokenRepository.CSRF_TOKEN',_binary '\\0sr\06org.springframework.security.web.csrf.DefaultCsrfTokenZ\\/\\0L\0\nheaderNamet\0Ljava/lang/String;L\0\rparameterNameq\0~\0L\0tokenq\0~\0xpt\0X-XSRF-TOKENt\0_csrft\0$5dc7fbdd-0ee8-4da2-867b-081b141de9b7'),('74da773f-259a-469a-8cee-35a700218950','org.springframework.security.web.csrf.HttpSessionCsrfTokenRepository.CSRF_TOKEN',_binary '\\0sr\06org.springframework.security.web.csrf.DefaultCsrfTokenZ\\/\\0L\0\nheaderNamet\0Ljava/lang/String;L\0\rparameterNameq\0~\0L\0tokenq\0~\0xpt\0X-XSRF-TOKENt\0_csrft\0$d1a9eb9f-9e23-4bc8-bbfa-4b79cfcc1e29'),('826e50c1-2149-4374-af56-96137f139c1d','org.springframework.security.web.csrf.HttpSessionCsrfTokenRepository.CSRF_TOKEN',_binary '\\0sr\06org.springframework.security.web.csrf.DefaultCsrfTokenZ\\/\\0L\0\nheaderNamet\0Ljava/lang/String;L\0\rparameterNameq\0~\0L\0tokenq\0~\0xpt\0X-XSRF-TOKENt\0_csrft\0$aee45ce2-6c2c-4960-84b0-f9acbfdbef03'),('845dd42f-865e-4b35-8a16-e15d7935440d','org.springframework.security.web.csrf.HttpSessionCsrfTokenRepository.CSRF_TOKEN',_binary '\\0sr\06org.springframework.security.web.csrf.DefaultCsrfTokenZ\\/\\0L\0\nheaderNamet\0Ljava/lang/String;L\0\rparameterNameq\0~\0L\0tokenq\0~\0xpt\0X-XSRF-TOKENt\0_csrft\0$d1e4f910-ecb2-4e6e-b10e-ab92eda4d62d'),('845e045a-d018-47be-b2d2-9220a12e5c1e','org.springframework.security.web.csrf.HttpSessionCsrfTokenRepository.CSRF_TOKEN',_binary '\\0sr\06org.springframework.security.web.csrf.DefaultCsrfTokenZ\\/\\0L\0\nheaderNamet\0Ljava/lang/String;L\0\rparameterNameq\0~\0L\0tokenq\0~\0xpt\0X-XSRF-TOKENt\0_csrft\0$dbc3277d-ca6d-4921-99fc-04f628878615'),('85bc1877-8308-44b2-9a0d-a6954c350a90','org.springframework.security.web.csrf.HttpSessionCsrfTokenRepository.CSRF_TOKEN',_binary '\\0sr\06org.springframework.security.web.csrf.DefaultCsrfTokenZ\\/\\0L\0\nheaderNamet\0Ljava/lang/String;L\0\rparameterNameq\0~\0L\0tokenq\0~\0xpt\0X-XSRF-TOKENt\0_csrft\0$af94ae45-eba4-406f-9e5f-e3c4246fd9b0'),('85e0e02a-728e-484f-8ad7-fa581aba692b','org.springframework.security.web.csrf.HttpSessionCsrfTokenRepository.CSRF_TOKEN',_binary '\\0sr\06org.springframework.security.web.csrf.DefaultCsrfTokenZ\\/\\0L\0\nheaderNamet\0Ljava/lang/String;L\0\rparameterNameq\0~\0L\0tokenq\0~\0xpt\0X-XSRF-TOKENt\0_csrft\0$b633dafa-b556-44af-87b5-6065eb38d89b'),('872e2e64-3386-4974-ad96-224d30123879','org.springframework.security.web.csrf.HttpSessionCsrfTokenRepository.CSRF_TOKEN',_binary '\\0sr\06org.springframework.security.web.csrf.DefaultCsrfTokenZ\\/\\0L\0\nheaderNamet\0Ljava/lang/String;L\0\rparameterNameq\0~\0L\0tokenq\0~\0xpt\0X-XSRF-TOKENt\0_csrft\0$bfb8e7fc-7117-4d52-ad9c-388c3df9c6e2'),('8951a614-7f7a-42f4-a8f3-4cb8cf3dd17d','org.springframework.security.web.csrf.HttpSessionCsrfTokenRepository.CSRF_TOKEN',_binary '\\0sr\06org.springframework.security.web.csrf.DefaultCsrfTokenZ\\/\\0L\0\nheaderNamet\0Ljava/lang/String;L\0\rparameterNameq\0~\0L\0tokenq\0~\0xpt\0X-XSRF-TOKENt\0_csrft\0$af608f06-b08f-4ebb-8210-aa42dddb9d7a'),('8e1062a0-99c9-4389-9cd2-7cba6be2403a','org.springframework.security.web.csrf.HttpSessionCsrfTokenRepository.CSRF_TOKEN',_binary '\\0sr\06org.springframework.security.web.csrf.DefaultCsrfTokenZ\\/\\0L\0\nheaderNamet\0Ljava/lang/String;L\0\rparameterNameq\0~\0L\0tokenq\0~\0xpt\0X-XSRF-TOKENt\0_csrft\0$d0a741ef-a8ee-4c3d-8168-905c518c13d4'),('9016d184-5f7c-470d-ba3d-9bd370af893d','org.springframework.security.web.csrf.HttpSessionCsrfTokenRepository.CSRF_TOKEN',_binary '\\0sr\06org.springframework.security.web.csrf.DefaultCsrfTokenZ\\/\\0L\0\nheaderNamet\0Ljava/lang/String;L\0\rparameterNameq\0~\0L\0tokenq\0~\0xpt\0X-XSRF-TOKENt\0_csrft\0$7eec4228-4ed2-4ba4-bbad-06d90a1eda2d'),('9112210e-c320-4d23-afeb-64b15cb165d8','org.springframework.security.web.csrf.HttpSessionCsrfTokenRepository.CSRF_TOKEN',_binary '\\0sr\06org.springframework.security.web.csrf.DefaultCsrfTokenZ\\/\\0L\0\nheaderNamet\0Ljava/lang/String;L\0\rparameterNameq\0~\0L\0tokenq\0~\0xpt\0X-XSRF-TOKENt\0_csrft\0$fcbffef3-c134-4714-a442-2802e3fa58a6'),('9481edb5-afda-4974-8f17-b033aee01a2b','org.springframework.security.web.csrf.HttpSessionCsrfTokenRepository.CSRF_TOKEN',_binary '\\0sr\06org.springframework.security.web.csrf.DefaultCsrfTokenZ\\/\\0L\0\nheaderNamet\0Ljava/lang/String;L\0\rparameterNameq\0~\0L\0tokenq\0~\0xpt\0X-XSRF-TOKENt\0_csrft\0$1677fbfc-2c96-4bb8-99e7-a6eeb2bca49e'),('949472bf-4861-4864-a3ee-b2dcc37bfbbb','org.springframework.security.web.csrf.HttpSessionCsrfTokenRepository.CSRF_TOKEN',_binary '\\0sr\06org.springframework.security.web.csrf.DefaultCsrfTokenZ\\/\\0L\0\nheaderNamet\0Ljava/lang/String;L\0\rparameterNameq\0~\0L\0tokenq\0~\0xpt\0X-XSRF-TOKENt\0_csrft\0$6ff845a1-776c-49a2-8999-343dd59a0c36'),('953b049e-b8bf-451c-97d3-2de55ef1ace4','org.springframework.security.web.csrf.HttpSessionCsrfTokenRepository.CSRF_TOKEN',_binary '\\0sr\06org.springframework.security.web.csrf.DefaultCsrfTokenZ\\/\\0L\0\nheaderNamet\0Ljava/lang/String;L\0\rparameterNameq\0~\0L\0tokenq\0~\0xpt\0X-XSRF-TOKENt\0_csrft\0$5f03a73f-a997-4b95-9140-3abc685c659b'),('99cd64ea-0dba-4a75-a8bd-4ec5b312827d','org.springframework.security.web.csrf.HttpSessionCsrfTokenRepository.CSRF_TOKEN',_binary '\\0sr\06org.springframework.security.web.csrf.DefaultCsrfTokenZ\\/\\0L\0\nheaderNamet\0Ljava/lang/String;L\0\rparameterNameq\0~\0L\0tokenq\0~\0xpt\0X-XSRF-TOKENt\0_csrft\0$1696f00f-f4b9-4b9c-9fe0-51e0f72df35a'),('9a8461c1-27ad-4fad-9d35-8ecf71fe7929','org.springframework.security.web.csrf.HttpSessionCsrfTokenRepository.CSRF_TOKEN',_binary '\\0sr\06org.springframework.security.web.csrf.DefaultCsrfTokenZ\\/\\0L\0\nheaderNamet\0Ljava/lang/String;L\0\rparameterNameq\0~\0L\0tokenq\0~\0xpt\0X-XSRF-TOKENt\0_csrft\0$34def664-96a5-448b-8017-b7690cb252ff'),('9aa7689c-a43b-4731-907c-5337b9c2eb81','org.springframework.security.web.csrf.HttpSessionCsrfTokenRepository.CSRF_TOKEN',_binary '\\0sr\06org.springframework.security.web.csrf.DefaultCsrfTokenZ\\/\\0L\0\nheaderNamet\0Ljava/lang/String;L\0\rparameterNameq\0~\0L\0tokenq\0~\0xpt\0X-XSRF-TOKENt\0_csrft\0$d5f5f52b-907a-406e-9149-316bce621fec'),('9c259042-8fc4-411e-bbdc-d12a162eea1d','org.springframework.security.web.csrf.HttpSessionCsrfTokenRepository.CSRF_TOKEN',_binary '\\0sr\06org.springframework.security.web.csrf.DefaultCsrfTokenZ\\/\\0L\0\nheaderNamet\0Ljava/lang/String;L\0\rparameterNameq\0~\0L\0tokenq\0~\0xpt\0X-XSRF-TOKENt\0_csrft\0$02112aec-c811-4d74-b644-e861271dde2f'),('a073b3b7-7696-460f-9c61-4522ec53f126','org.springframework.security.web.csrf.HttpSessionCsrfTokenRepository.CSRF_TOKEN',_binary '\\0sr\06org.springframework.security.web.csrf.DefaultCsrfTokenZ\\/\\0L\0\nheaderNamet\0Ljava/lang/String;L\0\rparameterNameq\0~\0L\0tokenq\0~\0xpt\0X-XSRF-TOKENt\0_csrft\0$783048ea-d5b6-4e63-88a8-07b4396ec68b'),('a073b3b7-7696-460f-9c61-4522ec53f126','SPRING_SECURITY_SAVED_REQUEST',_binary '\\0sr\0Aorg.springframework.security.web.savedrequest.DefaultSavedRequest@HD6d\0I\0\nserverPortL\0contextPatht\0Ljava/lang/String;L\0cookiest\0Ljava/util/ArrayList;L\0headerst\0Ljava/util/Map;L\0localesq\0~\0L\0methodq\0~\0L\0\nparametersq\0~\0L\0pathInfoq\0~\0L\0queryStringq\0~\0L\0\nrequestURIq\0~\0L\0\nrequestURLq\0~\0L\0schemeq\0~\0L\0\nserverNameq\0~\0L\0servletPathq\0~\0xp\0\0\0Pt\0\0sr\0java.util.ArrayListx\\a\0I\0sizexp\0\0\0w\0\0\0sr\09org.springframework.security.web.savedrequest.SavedCookie@+f\0I\0maxAgeZ\0secureI\0versionL\0commentq\0~\0L\0domainq\0~\0L\0nameq\0~\0L\0pathq\0~\0L\0valueq\0~\0xp\0\0\0\0\0ppt\0\ZdefaultBusinessHierarchyIdpt\023sq\0~\0\0\0\0\0\0ppt\0\nXSRF-TOKENpt\0$3f22f9e1-5ed1-440b-8a76-f61125afda0esq\0~\0\0\0\0\0\0ppt\0SESSIONpt\00OTYwZDBiNDktZjY1ZC00YTg2LWE3MjMtZjIzNGQ2ZGU3YzZmxsr\0java.util.TreeMap\>-%j\\0L\0\ncomparatort\0Ljava/util/Comparator;xpsr\0*java.lang.String$CaseInsensitiveComparatorw\\}\\P\\\0\0xpw\0\0\0t\0acceptsq\0~\0\0\0\0w\0\0\0t\0*/*xt\0accept-encodingsq\0~\0\0\0\0w\0\0\0t\0\rgzip, deflatext\0accept-languagesq\0~\0\0\0\0w\0\0\0t\0en-US,en;q=0.9xt\0\nconnectionsq\0~\0\0\0\0w\0\0\0t\0closext\0cookiesq\0~\0\0\0\0w\0\0\0t\0defaultBusinessHierarchyId=23; XSRF-TOKEN=3f22f9e1-5ed1-440b-8a76-f61125afda0e; SESSION=OTYwZDBiNDktZjY1ZC00YTg2LWE3MjMtZjIzNGQ2ZGU3YzZmxt\0hostsq\0~\0\0\0\0w\0\0\0t\0mr403s0332d.palawangroup.comxt\0referersq\0~\0\0\0\0w\0\0\0t\01http://mr403s0332d.palawangroup.com:4200/businessxt\0\nuser-agentsq\0~\0\0\0\0w\0\0\0t\0oMozilla/5.0 (Windows NT 10.0; Win64; x64) AppleWebKit/537.36 (KHTML, like Gecko) Chrome/120.0.0.0 Safari/537.36xt\0x-forwarded-forsq\0~\0\0\0\0w\0\0\0t\010.202.24.2xt\0x-forwarded-protosq\0~\0\0\0\0w\0\0\0t\0httpxt\0	x-real-ipsq\0~\0\0\0\0w\0\0\0t\010.202.24.2xxsq\0~\0\0\0\0w\0\0\0sr\0java.util.Locale~`0\\0I\0hashcodeL\0countryq\0~\0L\0\nextensionsq\0~\0L\0languageq\0~\0L\0scriptq\0~\0L\0variantq\0~\0xpt\0USq\0~\0t\0enq\0~\0q\0~\0xsq\0~\09q\0~\0q\0~\0q\0~\0<q\0~\0q\0~\0xxt\0GETsq\0~\0pw\0\0\0t\0tur\0[Ljava.lang.String;\V\\{G\0\0xp\0\0\0t\0\r1705661137912xpt\0t=1705661137912t\0/forcedLogout/infot\05http://mr403s0332d.palawangroup.com/forcedLogout/infot\0httpt\0mr403s0332d.palawangroup.comt\0/forcedLogout/info'),('a2637c5f-80ff-4f5d-a8fb-42335ae979b4','org.springframework.security.web.csrf.HttpSessionCsrfTokenRepository.CSRF_TOKEN',_binary '\\0sr\06org.springframework.security.web.csrf.DefaultCsrfTokenZ\\/\\0L\0\nheaderNamet\0Ljava/lang/String;L\0\rparameterNameq\0~\0L\0tokenq\0~\0xpt\0X-XSRF-TOKENt\0_csrft\0$4f453d0d-892e-47b3-bee1-3c7697f2060e'),('a27d9428-60aa-43fc-8ae7-da71511744cb','org.springframework.security.web.csrf.HttpSessionCsrfTokenRepository.CSRF_TOKEN',_binary '\\0sr\06org.springframework.security.web.csrf.DefaultCsrfTokenZ\\/\\0L\0\nheaderNamet\0Ljava/lang/String;L\0\rparameterNameq\0~\0L\0tokenq\0~\0xpt\0X-XSRF-TOKENt\0_csrft\0$649f9826-6cb1-4fa7-9d81-003d897c79a2'),('a4e8908e-20b9-45d5-9e01-cb4785b4d5fb','org.springframework.security.web.csrf.HttpSessionCsrfTokenRepository.CSRF_TOKEN',_binary '\\0sr\06org.springframework.security.web.csrf.DefaultCsrfTokenZ\\/\\0L\0\nheaderNamet\0Ljava/lang/String;L\0\rparameterNameq\0~\0L\0tokenq\0~\0xpt\0X-XSRF-TOKENt\0_csrft\0$83c9717f-1ed3-42fe-b1a7-be9fb7fd4a71'),('a675e0d5-8f52-4271-9dd6-f1243b3de466','org.springframework.security.web.csrf.HttpSessionCsrfTokenRepository.CSRF_TOKEN',_binary '\\0sr\06org.springframework.security.web.csrf.DefaultCsrfTokenZ\\/\\0L\0\nheaderNamet\0Ljava/lang/String;L\0\rparameterNameq\0~\0L\0tokenq\0~\0xpt\0X-XSRF-TOKENt\0_csrft\0$28389bf9-9c26-4753-9d80-997573d01cc3'),('a6ac714e-bb34-478d-9334-d68e21f9977e','org.springframework.security.web.csrf.HttpSessionCsrfTokenRepository.CSRF_TOKEN',_binary '\\0sr\06org.springframework.security.web.csrf.DefaultCsrfTokenZ\\/\\0L\0\nheaderNamet\0Ljava/lang/String;L\0\rparameterNameq\0~\0L\0tokenq\0~\0xpt\0X-XSRF-TOKENt\0_csrft\0$75748ba4-7c3e-4ccf-964f-1289f1f20709'),('b01c3f52-5f5a-40ff-80d4-3cf269286281','org.springframework.security.web.csrf.HttpSessionCsrfTokenRepository.CSRF_TOKEN',_binary '\\0sr\06org.springframework.security.web.csrf.DefaultCsrfTokenZ\\/\\0L\0\nheaderNamet\0Ljava/lang/String;L\0\rparameterNameq\0~\0L\0tokenq\0~\0xpt\0X-XSRF-TOKENt\0_csrft\0$d2cc1fc5-8774-44a9-9c84-3d4a50699132'),('b78ac44e-b594-4421-bc88-846f194252c4','org.springframework.security.web.csrf.HttpSessionCsrfTokenRepository.CSRF_TOKEN',_binary '\\0sr\06org.springframework.security.web.csrf.DefaultCsrfTokenZ\\/\\0L\0\nheaderNamet\0Ljava/lang/String;L\0\rparameterNameq\0~\0L\0tokenq\0~\0xpt\0X-XSRF-TOKENt\0_csrft\0$760f904e-e16b-4b6c-8c64-27c776fb2aa5'),('b95ed8b4-cb27-4740-8445-4cec5379bad0','org.springframework.security.web.csrf.HttpSessionCsrfTokenRepository.CSRF_TOKEN',_binary '\\0sr\06org.springframework.security.web.csrf.DefaultCsrfTokenZ\\/\\0L\0\nheaderNamet\0Ljava/lang/String;L\0\rparameterNameq\0~\0L\0tokenq\0~\0xpt\0X-XSRF-TOKENt\0_csrft\0$7bef7115-4ca1-4cc9-8ad8-22f8798db9a1'),('bbf4250b-7fd0-4bce-83dc-eefd213de6bd','org.springframework.security.web.csrf.HttpSessionCsrfTokenRepository.CSRF_TOKEN',_binary '\\0sr\06org.springframework.security.web.csrf.DefaultCsrfTokenZ\\/\\0L\0\nheaderNamet\0Ljava/lang/String;L\0\rparameterNameq\0~\0L\0tokenq\0~\0xpt\0X-XSRF-TOKENt\0_csrft\0$236e000d-20be-4d1a-ba09-fb2afedf7666'),('bdee94f4-47bd-4864-8228-7904238991e9','org.springframework.security.web.csrf.HttpSessionCsrfTokenRepository.CSRF_TOKEN',_binary '\\0sr\06org.springframework.security.web.csrf.DefaultCsrfTokenZ\\/\\0L\0\nheaderNamet\0Ljava/lang/String;L\0\rparameterNameq\0~\0L\0tokenq\0~\0xpt\0X-XSRF-TOKENt\0_csrft\0$92ed7952-b863-4b65-b816-ae8249aaf923'),('bee63a26-0206-4cfb-9ac9-89394f788006','org.springframework.security.web.csrf.HttpSessionCsrfTokenRepository.CSRF_TOKEN',_binary '\\0sr\06org.springframework.security.web.csrf.DefaultCsrfTokenZ\\/\\0L\0\nheaderNamet\0Ljava/lang/String;L\0\rparameterNameq\0~\0L\0tokenq\0~\0xpt\0X-XSRF-TOKENt\0_csrft\0$a8bf1a00-9bf7-4637-b477-b7c0e0292556'),('c45d3519-658a-4f5d-96ac-bada6c48d557','org.springframework.security.web.csrf.HttpSessionCsrfTokenRepository.CSRF_TOKEN',_binary '\\0sr\06org.springframework.security.web.csrf.DefaultCsrfTokenZ\\/\\0L\0\nheaderNamet\0Ljava/lang/String;L\0\rparameterNameq\0~\0L\0tokenq\0~\0xpt\0X-XSRF-TOKENt\0_csrft\0$9628ce1a-1d6b-4b85-be24-0040b13f969e'),('c5d4356f-8eb0-4fe6-92c0-29146d559ac8','org.springframework.security.web.csrf.HttpSessionCsrfTokenRepository.CSRF_TOKEN',_binary '\\0sr\06org.springframework.security.web.csrf.DefaultCsrfTokenZ\\/\\0L\0\nheaderNamet\0Ljava/lang/String;L\0\rparameterNameq\0~\0L\0tokenq\0~\0xpt\0X-XSRF-TOKENt\0_csrft\0$15d64c2d-61a1-4d8e-b871-8d4c1155f1a4'),('cf073c18-9e60-4ba4-8844-5aeb59e54789','org.springframework.security.web.csrf.HttpSessionCsrfTokenRepository.CSRF_TOKEN',_binary '\\0sr\06org.springframework.security.web.csrf.DefaultCsrfTokenZ\\/\\0L\0\nheaderNamet\0Ljava/lang/String;L\0\rparameterNameq\0~\0L\0tokenq\0~\0xpt\0X-XSRF-TOKENt\0_csrft\0$71817b0e-e93d-4111-872f-21a1d4cf8584'),('d1fbf6c8-51b4-49df-8705-8a665924a090','org.springframework.security.web.csrf.HttpSessionCsrfTokenRepository.CSRF_TOKEN',_binary '\\0sr\06org.springframework.security.web.csrf.DefaultCsrfTokenZ\\/\\0L\0\nheaderNamet\0Ljava/lang/String;L\0\rparameterNameq\0~\0L\0tokenq\0~\0xpt\0X-XSRF-TOKENt\0_csrft\0$a3d6f44c-7969-48b3-8f01-10018c1a2cdc'),('d428209b-9f93-4fc7-8aab-fafc0a957f26','org.springframework.security.web.csrf.HttpSessionCsrfTokenRepository.CSRF_TOKEN',_binary '\\0sr\06org.springframework.security.web.csrf.DefaultCsrfTokenZ\\/\\0L\0\nheaderNamet\0Ljava/lang/String;L\0\rparameterNameq\0~\0L\0tokenq\0~\0xpt\0X-XSRF-TOKENt\0_csrft\0$59d3fd03-afd2-4c8c-8588-7802841520e7'),('d95e019e-2f29-4f2e-bd99-54bc72a83657','org.springframework.security.web.csrf.HttpSessionCsrfTokenRepository.CSRF_TOKEN',_binary '\\0sr\06org.springframework.security.web.csrf.DefaultCsrfTokenZ\\/\\0L\0\nheaderNamet\0Ljava/lang/String;L\0\rparameterNameq\0~\0L\0tokenq\0~\0xpt\0X-XSRF-TOKENt\0_csrft\0$d3bf3e4c-335a-4468-a9d8-d2346277129a'),('df541349-eda9-4c2c-addb-44c40ad27b05','org.springframework.security.web.csrf.HttpSessionCsrfTokenRepository.CSRF_TOKEN',_binary '\\0sr\06org.springframework.security.web.csrf.DefaultCsrfTokenZ\\/\\0L\0\nheaderNamet\0Ljava/lang/String;L\0\rparameterNameq\0~\0L\0tokenq\0~\0xpt\0X-XSRF-TOKENt\0_csrft\0$e426ecab-4ecd-4f71-b522-881ea86efc4e'),('dfada40a-8f08-4aff-9757-aeacf764f733','org.springframework.security.web.csrf.HttpSessionCsrfTokenRepository.CSRF_TOKEN',_binary '\\0sr\06org.springframework.security.web.csrf.DefaultCsrfTokenZ\\/\\0L\0\nheaderNamet\0Ljava/lang/String;L\0\rparameterNameq\0~\0L\0tokenq\0~\0xpt\0X-XSRF-TOKENt\0_csrft\0$9f9695f9-e29a-4c2d-a8e2-21c516bbc78d'),('e0594d11-8b1f-464e-9d4d-0280573df11c','org.springframework.security.web.csrf.HttpSessionCsrfTokenRepository.CSRF_TOKEN',_binary '\\0sr\06org.springframework.security.web.csrf.DefaultCsrfTokenZ\\/\\0L\0\nheaderNamet\0Ljava/lang/String;L\0\rparameterNameq\0~\0L\0tokenq\0~\0xpt\0X-XSRF-TOKENt\0_csrft\0$18139623-f8c3-4e06-82a1-3509ec5c2b9b'),('e59479e3-a0ec-48d0-b8c4-b24ab6600013','org.springframework.security.web.csrf.HttpSessionCsrfTokenRepository.CSRF_TOKEN',_binary '\\0sr\06org.springframework.security.web.csrf.DefaultCsrfTokenZ\\/\\0L\0\nheaderNamet\0Ljava/lang/String;L\0\rparameterNameq\0~\0L\0tokenq\0~\0xpt\0X-XSRF-TOKENt\0_csrft\0$42a9b56e-6c9f-48d9-b404-d79ea87c6175'),('e96842de-ba98-473f-a76e-a260c481d359','org.springframework.security.web.csrf.HttpSessionCsrfTokenRepository.CSRF_TOKEN',_binary '\\0sr\06org.springframework.security.web.csrf.DefaultCsrfTokenZ\\/\\0L\0\nheaderNamet\0Ljava/lang/String;L\0\rparameterNameq\0~\0L\0tokenq\0~\0xpt\0X-XSRF-TOKENt\0_csrft\0$610d1a47-3b4a-4a92-84e9-46133cdbaa8e'),('edeee420-cd58-4d6b-a126-df8339df4de2','org.springframework.security.web.csrf.HttpSessionCsrfTokenRepository.CSRF_TOKEN',_binary '\\0sr\06org.springframework.security.web.csrf.DefaultCsrfTokenZ\\/\\0L\0\nheaderNamet\0Ljava/lang/String;L\0\rparameterNameq\0~\0L\0tokenq\0~\0xpt\0X-XSRF-TOKENt\0_csrft\0$fbd2ef2b-e782-4236-8ed9-0da1e786aa69'),('fb7678d5-d494-4136-9b1b-cbbfd9a7a001','org.springframework.security.web.csrf.HttpSessionCsrfTokenRepository.CSRF_TOKEN',_binary '\\0sr\06org.springframework.security.web.csrf.DefaultCsrfTokenZ\\/\\0L\0\nheaderNamet\0Ljava/lang/String;L\0\rparameterNameq\0~\0L\0tokenq\0~\0xpt\0X-XSRF-TOKENt\0_csrft\0$6d8bc07c-2a37-4701-b71a-3a47b87f77e2');
/*!40000 ALTER TABLE `SPRING_SESSION_ATTRIBUTES` ENABLE KEYS */;
UNLOCK TABLES;

--
-- Table structure for table `STAFF_DETAILS`
--

DROP TABLE IF EXISTS `STAFF_DETAILS`;
/*!40101 SET @saved_cs_client     = @@character_set_client */;
/*!50503 SET character_set_client = utf8mb4 */;
CREATE TABLE `STAFF_DETAILS` (
  `ID` int NOT NULL AUTO_INCREMENT,
  `STAFF_ID` varchar(45) NOT NULL,
  `STAFF_CODE` varchar(45) DEFAULT NULL,
  `FIRST_NAME` varchar(45) DEFAULT NULL,
  `LAST_NAME` varchar(45) DEFAULT NULL,
  `QUALIFICATION` varchar(45) DEFAULT NULL,
  `IS_DELETED` tinyint(1) NOT NULL DEFAULT '0',
  PRIMARY KEY (`ID`)
) ENGINE=InnoDB DEFAULT CHARSET=latin1;
/*!40101 SET character_set_client = @saved_cs_client */;

--
-- Dumping data for table `STAFF_DETAILS`
--

LOCK TABLES `STAFF_DETAILS` WRITE;
/*!40000 ALTER TABLE `STAFF_DETAILS` DISABLE KEYS */;
/*!40000 ALTER TABLE `STAFF_DETAILS` ENABLE KEYS */;
UNLOCK TABLES;

--
-- Table structure for table `STAGE_DETAILS`
--

DROP TABLE IF EXISTS `STAGE_DETAILS`;
/*!40101 SET @saved_cs_client     = @@character_set_client */;
/*!50503 SET character_set_client = utf8mb4 */;
CREATE TABLE `STAGE_DETAILS` (
  `ID` int NOT NULL AUTO_INCREMENT,
  `STAGE` int DEFAULT NULL,
  `STAGE_NAME` varchar(45) DEFAULT NULL,
  `PAGE_ID` varchar(45) DEFAULT NULL,
  PRIMARY KEY (`ID`)
) ENGINE=InnoDB AUTO_INCREMENT=17 DEFAULT CHARSET=latin1;
/*!40101 SET character_set_client = @saved_cs_client */;

--
-- Dumping data for table `STAGE_DETAILS`
--

LOCK TABLES `STAGE_DETAILS` WRITE;
/*!40000 ALTER TABLE `STAGE_DETAILS` DISABLE KEYS */;
INSERT INTO `STAGE_DETAILS` VALUES (1,1,'Lead Information','1'),(2,2,'FINANCIAL INFORMATION','1'),(3,3,'Address Information','1'),(4,4,'ID and Other Documents','1'),(5,1,'Account Information','3'),(6,2,'FINANCIAL INFORMATION','3'),(7,3,'Address Information','3'),(8,4,'ID and Other Documents','3'),(10,1,'Contact Information','5'),(11,2,'Address Detail','5'),(12,3,'Description','5'),(13,1,'Opportunity Information','7'),(14,2,'Description','7'),(15,1,'Ticket Information','20'),(16,1,'Product Information','22');
/*!40000 ALTER TABLE `STAGE_DETAILS` ENABLE KEYS */;
UNLOCK TABLES;

--
-- Table structure for table `STORE_DETAILS`
--

DROP TABLE IF EXISTS `STORE_DETAILS`;
/*!40101 SET @saved_cs_client     = @@character_set_client */;
/*!50503 SET character_set_client = utf8mb4 */;
CREATE TABLE `STORE_DETAILS` (
  `STORE_ID` int NOT NULL AUTO_INCREMENT,
  `EXTERNAL_STORE_ID` varchar(45) NOT NULL,
  `STORE_NAME` varchar(45) NOT NULL,
  `STORE_LOGO` varchar(500) NOT NULL,
  `STORE_ADDRESS` varchar(100) NOT NULL,
  `STORE_PHONE_NUMBER` varchar(45) NOT NULL,
  `CREATION_DATE` datetime DEFAULT NULL,
  `MODIFIED_DATE` datetime DEFAULT NULL,
  `IS_DELETED` tinyint(1) NOT NULL DEFAULT '0',
  `IS_DATA_SHARED` int NOT NULL DEFAULT '0',
  `AUTH_TOKEN` varchar(100) NOT NULL,
  PRIMARY KEY (`STORE_ID`)
) ENGINE=InnoDB AUTO_INCREMENT=7 DEFAULT CHARSET=latin1;
/*!40101 SET character_set_client = @saved_cs_client */;

--
-- Dumping data for table `STORE_DETAILS`
--

LOCK TABLES `STORE_DETAILS` WRITE;
/*!40000 ALTER TABLE `STORE_DETAILS` DISABLE KEYS */;
INSERT INTO `STORE_DETAILS` VALUES (1,'323','Store User','http://50.112.4.157:8011/getDynamicImageFile?dynamicImageId=eyJ1c2VySWQiOjQsInJhbmRvbUlkIjoiMzUwNWJiMGYtNDJlOS00NDU3LThjODQtMjg3MDQyNDJlZGJlIn0=','asd','8667289319','2020-08-17 05:22:42',NULL,0,1,'asds23');
/*!40000 ALTER TABLE `STORE_DETAILS` ENABLE KEYS */;
UNLOCK TABLES;

--
-- Table structure for table `SUBLIST_MENU_MAP`
--

DROP TABLE IF EXISTS `SUBLIST_MENU_MAP`;
/*!40101 SET @saved_cs_client     = @@character_set_client */;
/*!50503 SET character_set_client = utf8mb4 */;
CREATE TABLE `SUBLIST_MENU_MAP` (
  `SUBLIST_MENU_MAP_ID` int NOT NULL AUTO_INCREMENT,
  `MENU_ID` int NOT NULL,
  `SUBLIST_ID` int NOT NULL,
  `IS_DELETED` tinyint NOT NULL DEFAULT '0',
  PRIMARY KEY (`SUBLIST_MENU_MAP_ID`),
  KEY `fk_SUBLIST_MENU_SUBLIST_idx` (`SUBLIST_ID`),
  KEY `fk_SUBLIST_MENU_MAP_MENU_idx` (`MENU_ID`),
  CONSTRAINT `fk_SUBLIST_MENU_MAP_MENU` FOREIGN KEY (`MENU_ID`) REFERENCES `MENU` (`MENU_ID`),
  CONSTRAINT `fk_SUBLIST_MENU_SUBLIST` FOREIGN KEY (`SUBLIST_ID`) REFERENCES `SUB_LIST` (`LIST_ID`)
) ENGINE=InnoDB AUTO_INCREMENT=8 DEFAULT CHARSET=utf8mb4 COLLATE=utf8mb4_0900_ai_ci;
/*!40101 SET character_set_client = @saved_cs_client */;

--
-- Dumping data for table `SUBLIST_MENU_MAP`
--

LOCK TABLES `SUBLIST_MENU_MAP` WRITE;
/*!40000 ALTER TABLE `SUBLIST_MENU_MAP` DISABLE KEYS */;
/*!40000 ALTER TABLE `SUBLIST_MENU_MAP` ENABLE KEYS */;
UNLOCK TABLES;

--
-- Table structure for table `SUB_CATEGORY`
--

DROP TABLE IF EXISTS `SUB_CATEGORY`;
/*!40101 SET @saved_cs_client     = @@character_set_client */;
/*!50503 SET character_set_client = utf8mb4 */;
CREATE TABLE `SUB_CATEGORY` (
  `SUB_CATEGORY_ID` int NOT NULL AUTO_INCREMENT,
  `SUB_CATEGORY_NAME` varchar(200) NOT NULL,
  `DESCRIPTION` varchar(200) DEFAULT NULL,
  `STORE_ID` int DEFAULT NULL,
  `IS_DELETED` tinyint(1) NOT NULL DEFAULT '0',
  PRIMARY KEY (`SUB_CATEGORY_ID`),
  KEY `business_sub_category_idx` (`STORE_ID`),
  CONSTRAINT `BUSINESS_SUB_CATAGORY` FOREIGN KEY (`STORE_ID`) REFERENCES `STORE_DETAILS` (`STORE_ID`)
) ENGINE=InnoDB DEFAULT CHARSET=latin1;
/*!40101 SET character_set_client = @saved_cs_client */;

--
-- Dumping data for table `SUB_CATEGORY`
--

LOCK TABLES `SUB_CATEGORY` WRITE;
/*!40000 ALTER TABLE `SUB_CATEGORY` DISABLE KEYS */;
/*!40000 ALTER TABLE `SUB_CATEGORY` ENABLE KEYS */;
UNLOCK TABLES;

--
-- Table structure for table `SUB_FILE_META_DATA`
--

DROP TABLE IF EXISTS `SUB_FILE_META_DATA`;
/*!40101 SET @saved_cs_client     = @@character_set_client */;
/*!50503 SET character_set_client = utf8mb4 */;
CREATE TABLE `SUB_FILE_META_DATA` (
  `META_ID` int NOT NULL AUTO_INCREMENT,
  `COLUMN_NAME` varchar(50) NOT NULL,
  `COLUMN_POSITION` int NOT NULL,
  `CREATION_DATE` datetime DEFAULT NULL,
  `COLUMN_TYPE_ID` int NOT NULL,
  `LIST_ID` int NOT NULL,
  `DATA_FORMATE` varchar(45) DEFAULT NULL,
  `REFERANCE_META_ID` int DEFAULT NULL,
  `UNIQUE_ID` tinyint DEFAULT '0',
  PRIMARY KEY (`META_ID`),
  UNIQUE KEY `unique_index_name_listid` (`COLUMN_NAME`,`LIST_ID`),
  KEY `FK_qirba983kgx7d0r6r3ocoddyc` (`COLUMN_TYPE_ID`),
  KEY `FK_tcc5lxo8ah2dwh8yovoqo4qcr` (`LIST_ID`),
  KEY `IDX_NAME_LIST` (`COLUMN_NAME`,`LIST_ID`),
  KEY `fk_SUB_FILE_META_DATA_1_idx` (`META_ID`,`REFERANCE_META_ID`),
  CONSTRAINT `FK_qirba983kgx7d0r6r3ocoddyc` FOREIGN KEY (`COLUMN_TYPE_ID`) REFERENCES `COLUMN_TYPE` (`COLUMN_TYPE_ID`),
  CONSTRAINT `FK_tcc5lxo8ah2dwh8yovoqo4qcr` FOREIGN KEY (`LIST_ID`) REFERENCES `SUB_LIST` (`LIST_ID`)
) ENGINE=InnoDB AUTO_INCREMENT=2398 DEFAULT CHARSET=latin1;
/*!40101 SET character_set_client = @saved_cs_client */;

--
-- Dumping data for table `SUB_FILE_META_DATA`
--

LOCK TABLES `SUB_FILE_META_DATA` WRITE;
/*!40000 ALTER TABLE `SUB_FILE_META_DATA` DISABLE KEYS */;
INSERT INTO `SUB_FILE_META_DATA` VALUES (2006,'Industry',2,'2023-11-16 08:39:33',27,76,NULL,NULL,0),(2007,'Annual Revenue',3,'2023-11-16 08:39:33',1,76,NULL,NULL,0),(2008,'Account Name',4,'2023-11-16 08:39:33',1,76,NULL,NULL,0),(2009,'Description',5,'2023-11-16 08:39:33',1,76,NULL,NULL,0),(2010,'Status',6,'2023-11-16 08:39:33',1,76,NULL,NULL,0),(2011,'No of Employees',7,'2023-11-16 08:39:33',2,76,NULL,NULL,0),(2012,'Account Owner',8,'2023-11-16 08:39:33',26,76,NULL,NULL,0),(2013,'Account Number',9,'2023-11-16 08:39:34',1,76,NULL,NULL,0),(2014,'Account Type',10,'2023-11-16 08:39:34',1,76,NULL,NULL,0),(2015,'Ownership',11,'2023-11-16 08:39:34',27,76,NULL,NULL,0),(2016,'SIC Code',12,'2023-11-16 08:39:34',1,76,NULL,NULL,0),(2017,'Account Image',0,'2024-01-02 08:35:18',18,76,NULL,NULL,0),(2018,'Billing Street',14,'2023-11-16 08:39:34',1,76,NULL,NULL,0),(2019,'Billing City',15,'2023-11-16 08:39:34',1,76,NULL,NULL,0),(2020,'Billing State',16,'2023-11-16 08:39:34',1,76,NULL,NULL,0),(2021,'Billing Postal',17,'2023-11-16 08:39:34',1,76,NULL,NULL,0),(2022,'Billing Country',18,'2023-11-16 08:39:34',1,76,NULL,NULL,0),(2023,'Email Id',19,'2023-11-16 08:39:34',3,76,NULL,NULL,0),(2024,'Activities',20,'2023-11-16 08:39:34',17,76,NULL,NULL,0),(2025,'Website',21,'2023-11-16 08:39:34',1,76,NULL,NULL,0),(2026,'Phone Number',22,'2023-11-16 08:39:34',1,76,NULL,NULL,0),(2027,'Fax',23,'2023-11-16 08:39:34',1,76,NULL,NULL,0),(2028,'SMS Opt out',25,'2023-11-16 08:39:34',8,76,NULL,NULL,0),(2029,'Notes',26,'2023-11-16 08:39:34',17,76,NULL,NULL,0),(2030,'Contacts',27,'2023-11-16 08:39:34',22,76,NULL,NULL,0),(2031,'Parent Account',28,'2023-11-16 08:39:34',20,76,NULL,NULL,0),(2032,'Campaign Ids',29,'2023-11-16 08:39:34',23,76,NULL,NULL,0),(2033,'Id',30,'2023-11-16 08:39:34',1,76,NULL,NULL,0),(2034,'Created By',31,'2023-11-16 08:39:34',1,76,'MM/dd/yyyy HH:mm:ss',NULL,0),(2035,'Created Date',32,'2023-11-16 08:39:34',11,76,'MM/dd/yyyy HH:mm:ss',NULL,0),(2036,'Modified By',33,'2023-11-16 08:39:34',1,76,NULL,NULL,0),(2037,'Modified Date',34,'2023-11-16 08:39:34',11,76,'MM/dd/yyyy HH:mm:ss',NULL,0),(2038,'IsDeleted',28,'2023-11-16 08:39:34',12,76,NULL,NULL,0),(2039,'Business Hierarchy Id',0,'2023-11-16 08:39:34',1,76,NULL,NULL,0),(2040,'LeadId',0,'2023-11-16 08:39:34',1,76,NULL,NULL,0),(2041,'CallRecodings',35,'2023-11-16 08:39:34',17,76,NULL,NULL,0),(2042,'IsUnsubscribed',0,'2023-11-16 08:39:34',6,76,NULL,NULL,0),(2043,'Mobile',0,'2023-11-16 08:39:34',8,76,NULL,NULL,0),(2044,'Bill Id',1,'2023-11-16 08:39:34',1,77,NULL,NULL,0),(2045,'Date',2,'2023-11-16 08:39:34',10,77,'yyyy-MM-dd\'T\'HH:mm:ss',NULL,0),(2046,'Charge',3,'2023-11-16 08:39:34',16,77,NULL,NULL,0),(2047,'Description',4,'2023-11-16 08:39:34',1,77,NULL,NULL,0),(2048,'Customer Id',5,'2023-11-16 08:39:34',7,77,NULL,NULL,0),(2049,'Invoice Number',6,'2023-11-16 08:39:34',1,77,NULL,NULL,0),(2050,'HST Tax',7,'2023-11-16 08:39:34',2,77,NULL,NULL,0),(2051,'Payment Type',8,'2023-11-16 08:39:34',1,77,NULL,NULL,0),(2052,'Sub Total',9,'2023-11-16 08:39:34',16,77,NULL,NULL,0),(2053,'Store Id',11,'2023-11-16 08:39:34',1,77,NULL,NULL,0),(2054,'_id',12,'2023-11-16 08:39:34',1,77,NULL,NULL,0),(2055,'Billing Type',13,'2023-11-16 08:39:34',1,77,NULL,NULL,0),(2056,'Service Id',14,'2023-11-16 08:39:34',2,77,NULL,NULL,0),(2057,'Service Name',15,'2023-11-16 08:39:34',1,77,NULL,NULL,0),(2058,'Part Id',16,'2023-11-16 08:39:34',2,77,NULL,NULL,0),(2059,'Part Name',17,'2023-11-16 08:39:35',1,77,NULL,NULL,0),(2060,'Resource Id',18,'2023-11-16 08:39:35',2,77,NULL,NULL,0),(2061,'Resource Name',19,'2023-11-16 08:39:35',1,77,NULL,NULL,0),(2062,'Variant Id',20,'2023-11-16 08:39:35',2,77,NULL,NULL,0),(2063,'Variant Name',21,'2023-11-16 08:39:35',1,77,NULL,NULL,0),(2064,'Product Id',22,'2023-11-16 08:39:35',2,77,NULL,NULL,0),(2065,'Product Name',23,'2023-11-16 08:39:35',1,77,NULL,NULL,0),(2066,'PromoIdForBill',24,'2023-11-16 08:39:35',1,77,NULL,NULL,0),(2067,'PromoIdForInvoice',25,'2023-11-16 08:39:35',1,77,NULL,NULL,0),(2068,'Quantity',26,'2023-11-16 08:39:35',2,77,NULL,NULL,0),(2069,'Discount',27,'2023-11-16 08:39:35',2,77,NULL,NULL,0),(2070,'Business Hierarchy Id',0,'2023-11-16 08:39:35',1,77,NULL,NULL,0),(2071,'_id',1,'2023-11-16 08:39:35',1,78,NULL,NULL,0),(2072,'Staff Id',2,'2023-11-16 08:39:35',1,78,NULL,NULL,0),(2073,'Customer Id',3,'2023-11-16 08:39:35',7,78,NULL,NULL,0),(2074,'Start Time',4,'2023-11-16 08:39:35',11,78,'MM/dd/yyyy hh:mm:ss a',NULL,0),(2075,'Duration',5,'2023-11-16 08:39:35',2,78,NULL,NULL,0),(2076,'Service Name',6,'2023-11-16 08:39:35',1,78,NULL,NULL,0),(2077,'Staff Name',7,'2023-11-16 08:39:35',1,78,NULL,NULL,0),(2078,'Booked Id',8,'2023-11-16 08:39:35',1,78,NULL,NULL,0),(2079,'Block Id',9,'2023-11-16 08:39:35',1,78,NULL,NULL,0),(2080,'Service Id',10,'2023-11-16 08:39:35',1,78,NULL,NULL,0),(2081,'Status',11,'2023-11-16 08:39:35',14,78,NULL,NULL,0),(2082,'Store Id',12,'2023-11-16 08:39:35',1,78,NULL,NULL,0),(2083,'IsOnLineBooking',13,'2023-11-16 08:39:35',12,78,NULL,NULL,0),(2084,'End Time',14,'2023-11-16 08:39:35',11,78,'MM/dd/yyyy hh:mm:ss a',NULL,0),(2085,'Booking Reference Id',15,'2023-11-16 08:39:35',1,78,NULL,NULL,0),(2086,'Service Part Id',16,'2023-11-16 08:39:35',2,78,NULL,NULL,0),(2087,'Service Part Order',17,'2023-11-16 08:39:35',2,78,NULL,NULL,0),(2088,'Service Part Name',18,'2023-11-16 08:39:35',1,78,NULL,NULL,0),(2089,'Business Hierarchy Id',0,'2023-11-16 08:39:35',1,78,NULL,NULL,0),(2090,'Id',1,'2023-11-16 08:39:35',1,79,NULL,NULL,0),(2091,'Id',1,'2023-11-16 08:39:35',1,80,NULL,NULL,0),(2092,'Id',1,'2023-11-16 08:39:35',1,81,NULL,NULL,0),(2093,'Id',1,'2023-11-16 08:39:35',1,82,NULL,NULL,0),(2094,'Contact Owner',1,'2023-11-16 08:39:35',26,83,NULL,NULL,0),(2095,'Lead Source',2,'2023-11-16 08:39:35',27,83,NULL,NULL,0),(2096,'Account Name',3,'2023-11-16 08:39:35',20,83,NULL,NULL,0),(2097,'First Name',4,'2023-11-16 08:39:35',1,83,NULL,NULL,0),(2098,'Title',5,'2023-11-16 08:39:35',1,83,NULL,NULL,0),(2099,'Department',6,'2023-11-16 08:39:35',1,83,NULL,NULL,0),(2100,'Phone Number',7,'2023-11-16 08:39:35',1,83,NULL,NULL,0),(2101,'Mobile',8,'2023-11-16 08:39:35',1,83,NULL,NULL,0),(2102,'Primary email Id',9,'2023-11-16 08:39:36',3,83,NULL,NULL,0),(2103,'Secondary Email',10,'2023-11-16 08:39:36',24,83,NULL,NULL,0),(2104,'Fax',11,'2023-11-16 08:39:36',1,83,NULL,NULL,0),(2105,'Skype ID',12,'2023-11-16 08:39:36',1,83,NULL,NULL,0),(2106,'Twitter',13,'2023-11-16 08:39:36',1,83,NULL,NULL,0),(2107,'Reporting To',14,'2023-11-16 08:39:36',1,83,NULL,NULL,0),(2108,'Street',15,'2023-11-16 08:39:36',1,83,NULL,NULL,0),(2109,'City',16,'2023-11-16 08:39:36',1,83,NULL,NULL,0),(2110,'State',17,'2023-11-16 08:39:36',1,83,NULL,NULL,0),(2111,'Country',18,'2023-11-16 08:39:36',1,83,NULL,NULL,0),(2112,'Zip Code',19,'2023-11-16 08:39:36',1,83,NULL,NULL,0),(2113,'Id',20,'2023-11-16 08:39:36',1,83,NULL,NULL,0),(2114,'Description',21,'2023-11-16 08:39:36',1,83,NULL,NULL,0),(2115,'Notes',22,'2023-11-16 08:39:36',17,83,NULL,NULL,0),(2116,'Reporting Contacts',23,'2023-11-16 08:39:36',22,83,NULL,NULL,0),(2117,'Account',24,'2023-11-16 08:39:36',24,83,NULL,NULL,0),(2118,'Created By',25,'2023-11-16 08:39:36',1,83,NULL,NULL,0),(2119,'Created Date',26,'2023-11-16 08:39:36',11,83,'MM/dd/yyyy HH:mm:ss',NULL,0),(2120,'Modified By',27,'2023-11-16 08:39:36',1,83,NULL,NULL,0),(2121,'Modified Date',28,'2023-11-16 08:39:36',11,83,'MM/dd/yyyy HH:mm:ss',NULL,0),(2122,'IsDeleted',28,'2023-11-16 08:39:36',12,83,NULL,NULL,0),(2123,'Conversation',20,'2023-11-16 08:39:36',17,83,NULL,NULL,0),(2124,'Business Hierarchy Id',0,'2023-11-16 08:39:36',1,83,NULL,NULL,0),(2125,'CallRecodings',29,'2023-11-16 08:39:36',17,83,NULL,NULL,0),(2126,'Last Name',0,'2023-11-16 08:39:36',1,83,NULL,NULL,0),(2127,'Opportunity Owner',1,'2023-11-16 08:39:36',26,84,NULL,NULL,0),(2128,'Opportunity Name',2,'2023-11-16 08:39:36',1,84,NULL,NULL,0),(2129,'Lead/Account',3,'2023-11-16 08:39:37',1,84,NULL,NULL,0),(2130,'Type',4,'2023-11-16 08:39:37',1,84,NULL,NULL,0),(2131,'Next Step',5,'2023-11-16 08:39:37',1,84,NULL,NULL,0),(2132,'Lead Source',6,'2023-11-16 08:39:37',27,84,NULL,NULL,0),(2133,'Contact Name',7,'2023-11-16 08:39:37',19,84,NULL,NULL,0),(2134,'Amount',8,'2023-11-16 08:39:37',25,84,NULL,NULL,0),(2135,'Closing Date',9,'2023-11-16 08:39:37',5,84,'MM/dd/yyyy',NULL,0),(2136,'Stage',10,'2023-11-16 08:39:37',1,84,NULL,NULL,0),(2137,'Probability (%)',11,'2023-11-16 08:39:37',1,84,NULL,NULL,0),(2138,'Expected Revenue',12,'2023-11-16 08:39:37',25,84,NULL,NULL,0),(2139,'Campaign Source',13,'2023-11-16 08:39:37',1,84,NULL,NULL,0),(2140,'Description To',14,'2023-11-16 08:39:37',1,84,NULL,NULL,0),(2141,'Id',15,'2023-11-16 08:39:37',1,84,NULL,NULL,0),(2142,'Notes',16,'2023-11-16 08:39:37',17,84,NULL,NULL,0),(2143,'Stage History',17,'2023-11-16 08:39:37',17,84,NULL,NULL,0),(2144,'Competitors',18,'2023-11-16 08:39:37',17,84,NULL,NULL,0),(2145,'Contact Roles',19,'2023-11-16 08:39:37',17,84,NULL,NULL,0),(2146,'Created By',20,'2023-11-16 08:39:37',1,84,NULL,NULL,0),(2147,'Created Date',21,'2023-11-16 08:39:37',11,84,'MM/dd/yyyy HH:mm:ss',NULL,0),(2148,'Modified By',22,'2023-11-16 08:39:37',1,84,NULL,NULL,0),(2149,'Modified Date',23,'2023-11-16 08:39:37',11,84,'MM/dd/yyyy HH:mm:ss',NULL,0),(2150,'IsDeleted',24,'2023-11-16 08:39:37',12,84,NULL,NULL,0),(2151,'Search Type',37,'2023-11-16 08:39:37',1,84,NULL,NULL,0),(2152,'Product',26,'2023-11-16 08:39:37',1,84,NULL,NULL,0),(2153,'Business Hierarchy Id',0,'2023-11-16 08:39:37',1,84,NULL,NULL,0),(2154,'CallRecodings',38,'2023-11-16 08:39:37',17,84,NULL,NULL,0),(2155,'Lead Owner',1,'2023-11-16 08:39:37',26,85,NULL,NULL,0),(2156,'First Name',0,'2024-01-08 07:03:00',1,85,NULL,NULL,0),(2157,'Last Name',3,'2023-11-16 08:39:38',1,85,NULL,NULL,0),(2158,'Industry',4,'2023-11-16 08:39:38',27,85,NULL,NULL,0),(2159,'Annual Revenue',5,'2023-11-16 08:39:38',25,85,NULL,NULL,0),(2160,'Lead Source',6,'2023-11-16 08:39:38',27,85,NULL,NULL,0),(2161,'Title',7,'2023-11-16 08:39:38',1,85,NULL,NULL,0),(2162,'Phone Number',8,'2023-11-16 08:39:38',8,85,NULL,NULL,0),(2163,'Mobile',0,'2023-12-13 03:55:32',8,85,NULL,NULL,0),(2164,'Secondary Email',10,'2023-11-16 08:39:38',24,85,NULL,NULL,0),(2165,'Company Name',11,'2023-11-16 08:39:38',1,85,NULL,NULL,0),(2166,'Fax',12,'2023-11-16 08:39:38',1,85,NULL,NULL,0),(2167,'Website',13,'2023-11-16 08:39:38',1,85,NULL,NULL,0),(2168,'Lead Status',0,'2024-01-04 23:24:29',27,85,NULL,NULL,0),(2169,'No of Employees',14,'2023-11-16 08:39:38',2,85,NULL,NULL,0),(2170,'Skype',15,'2023-11-16 08:39:38',1,85,NULL,NULL,0),(2171,'Twitter',16,'2023-11-16 08:39:38',1,85,NULL,NULL,0),(2172,'Image',17,'2023-11-16 08:39:38',18,85,NULL,NULL,0),(2173,'Street',18,'2023-11-16 08:39:38',1,85,NULL,NULL,0),(2174,'City',19,'2023-11-16 08:39:38',1,85,NULL,NULL,0),(2175,'State',20,'2023-11-16 08:39:38',1,85,NULL,NULL,0),(2176,'Country',21,'2023-11-16 08:39:38',1,85,NULL,NULL,0),(2177,'Zip Code',22,'2023-11-16 08:39:39',1,85,NULL,NULL,0),(2178,'Description',23,'2023-11-16 08:39:39',1,85,NULL,NULL,0),(2179,'Email Id',0,'2023-12-13 03:56:20',3,85,NULL,NULL,0),(2180,'Notes',25,'2023-11-16 08:39:39',17,85,NULL,NULL,0),(2181,'Campaign Ids',26,'2023-11-16 08:39:39',23,85,NULL,NULL,0),(2182,'Id',27,'2023-11-16 08:39:39',1,85,NULL,NULL,0),(2183,'IsDeleted',28,'2023-11-16 08:39:39',12,85,NULL,NULL,0),(2184,'Skype ID',29,'2023-11-16 08:39:39',1,85,NULL,NULL,0),(2185,'Created By',30,'2023-11-16 08:39:39',1,85,NULL,NULL,0),(2186,'Created Date',31,'2023-11-16 08:39:39',11,85,'MM/dd/yyyy HH:mm:ss',NULL,0),(2187,'Modified By',32,'2023-11-16 08:39:39',1,85,NULL,NULL,0),(2188,'Modified Date',33,'2023-11-16 08:39:39',11,85,'MM/dd/yyyy HH:mm:ss',NULL,0),(2189,'IsConverted',33,'2023-11-16 08:39:39',12,85,NULL,NULL,0),(2190,'isContacted',35,'2023-11-16 08:39:39',12,85,NULL,NULL,0),(2191,'Status History',34,'2023-11-16 08:39:39',17,85,NULL,NULL,0),(2192,'Conversation',20,'2023-11-16 08:39:39',17,85,NULL,NULL,0),(2193,'Business Hierarchy Id',0,'2023-11-16 08:39:39',1,85,NULL,NULL,0),(2194,'CallRecodings',36,'2023-11-16 08:39:39',17,85,NULL,NULL,0),(2195,'IsUnsubscribed',0,'2023-11-16 08:39:39',6,85,NULL,NULL,0),(2196,'Ticket Number',1,'2023-11-16 08:39:39',1,86,NULL,NULL,0),(2197,'Ticket Type',2,'2023-11-16 08:39:39',27,86,NULL,NULL,0),(2198,'Requested By',3,'2023-11-16 08:39:39',1,86,NULL,NULL,0),(2199,'Requested Detail',4,'2023-11-16 08:39:39',1,86,NULL,NULL,0),(2200,'Status',5,'2023-11-16 08:39:39',27,86,NULL,NULL,0),(2201,'Priority',6,'2023-11-16 08:39:39',27,86,NULL,NULL,0),(2202,'Detail Description',7,'2023-11-16 08:39:40',7,86,NULL,NULL,0),(2203,'Ticket Severity',8,'2023-11-16 08:39:40',27,86,NULL,NULL,0),(2204,'Requested Date',9,'2023-11-16 08:39:40',5,86,'MM/dd/yyyy',NULL,0),(2205,'Requested By Type',10,'2023-11-16 08:39:40',1,86,NULL,NULL,0),(2206,'Due Date',11,'2023-11-16 08:39:40',5,86,'MM/dd/yyyy',NULL,0),(2207,'Modified Date',12,'2023-11-16 08:39:40',11,86,'MM/dd/yyyy HH:mm:ss',NULL,0),(2208,'Modified By',13,'2023-11-16 08:39:40',1,86,NULL,NULL,0),(2209,'Created By',14,'2023-11-16 08:39:40',1,86,NULL,NULL,0),(2210,'Created Date',15,'2023-11-16 08:39:40',11,86,'MM/dd/yyyy HH:mm:ss',NULL,0),(2211,'Notes',16,'2023-11-16 08:39:40',17,86,NULL,NULL,0),(2212,'Ticket History',17,'2023-11-16 08:39:40',17,86,NULL,NULL,0),(2213,'Id',18,'2023-11-16 08:39:40',1,86,NULL,NULL,0),(2214,'Assigned To',19,'2023-11-16 08:39:40',26,86,NULL,NULL,0),(2215,'Title',20,'2023-11-16 08:39:40',1,86,NULL,NULL,0),(2216,'Business Hierarchy Id',0,'2023-11-16 08:39:40',1,86,NULL,NULL,0),(2217,'CallRecodings',21,'2023-11-16 08:39:40',17,86,NULL,NULL,0),(2218,'Product Number',1,'2023-11-16 08:39:40',1,87,NULL,NULL,0),(2219,'Product Type',2,'2023-11-16 08:39:40',27,87,NULL,NULL,0),(2220,'Product Name',3,'2023-11-16 08:39:40',1,87,NULL,NULL,0),(2221,'Time Period',4,'2023-11-16 08:39:40',1,87,NULL,NULL,0),(2222,'Description',5,'2023-11-16 08:39:40',7,87,NULL,NULL,0),(2223,'Modified Date',6,'2023-11-16 08:39:40',11,87,'MM/dd/yyyy HH:mm:ss',NULL,0),(2224,'Modified By',7,'2023-11-16 08:39:40',1,87,NULL,NULL,0),(2225,'Created By',8,'2023-11-16 08:39:40',1,87,NULL,NULL,0),(2226,'Created Date',9,'2023-11-16 08:39:40',11,87,'MM/dd/yyyy HH:mm:ss',NULL,0),(2227,'Notes',10,'2023-11-16 08:39:40',17,87,NULL,NULL,0),(2228,'Product Detail',11,'2023-11-16 08:39:41',7,87,NULL,NULL,0),(2229,'Id',12,'2023-11-16 08:39:41',1,87,NULL,NULL,0),(2230,'IsDeleted',13,'2023-11-16 08:39:41',12,87,NULL,NULL,0),(2231,'Business Hierarchy Id',0,'2023-11-16 08:39:41',1,87,NULL,NULL,0),(2232,'Purchased Product Number',1,'2023-11-16 08:39:41',1,88,NULL,NULL,0),(2233,'Purchased Product Type',2,'2023-11-16 08:39:41',27,88,NULL,NULL,0),(2234,'Purchased Product Name',3,'2023-11-16 08:39:41',1,88,NULL,NULL,0),(2235,'Time Period',4,'2023-11-16 08:39:41',1,88,NULL,NULL,0),(2236,'Description',5,'2023-11-16 08:39:41',7,88,NULL,NULL,0),(2237,'Modified Date',6,'2023-11-16 08:39:41',11,88,'MM/dd/yyyy HH:mm:ss',NULL,0),(2238,'Modified By',7,'2023-11-16 08:39:41',1,88,NULL,NULL,0),(2239,'Created By',8,'2023-11-16 08:39:41',1,88,NULL,NULL,0),(2240,'Created Date',9,'2023-11-16 08:39:41',11,88,'MM/dd/yyyy HH:mm:ss',NULL,0),(2241,'Purchased Product Detail',11,'2023-11-16 08:39:41',7,88,NULL,NULL,0),(2242,'Account',14,'2023-11-16 08:39:41',20,88,NULL,NULL,0),(2243,'Id',15,'2023-11-16 08:39:41',1,88,NULL,NULL,0),(2244,'Product',16,'2023-11-16 08:39:41',1,88,NULL,NULL,0),(2245,'Value',17,'2023-11-16 08:39:41',1,88,NULL,NULL,0),(2246,'Sold By',18,'2023-11-16 08:39:41',26,88,NULL,NULL,0),(2247,'OpportunityId',19,'2023-11-16 08:39:41',1,88,NULL,NULL,0),(2248,'Purchased Date',20,'2023-11-16 08:39:41',11,88,'MM/dd/yyyy',NULL,0),(2249,'IsDeleted',19,'2023-11-16 08:39:41',12,88,NULL,NULL,0),(2250,'Business Hierarchy Id',0,'2023-11-16 08:39:41',1,88,NULL,NULL,0),(2251,'PPGCustomerIDNumber',0,'2023-12-07 08:13:49',1,85,NULL,NULL,0),(2252,'PPGCustomerIDNumber',0,'2023-12-07 08:14:18',1,76,NULL,NULL,0),(2253,'SukiCardNo',0,'2023-12-07 08:14:45',1,76,NULL,NULL,0),(2254,'LastName',0,'2024-01-08 07:48:04',1,76,NULL,NULL,0),(2255,'FirstName',0,'2024-01-08 07:47:49',1,76,NULL,NULL,0),(2256,'MiddleName',0,'2024-01-08 07:47:58',1,76,NULL,NULL,0),(2257,'Suffix',0,'2023-12-07 08:16:08',1,76,NULL,NULL,0),(2258,'BirthDate',0,'2024-01-08 07:48:19',5,76,'MM/dd/yyyy',NULL,0),(2259,'Sex',0,'2023-12-13 00:18:19',29,76,NULL,NULL,0),(2260,'MaritalStatus',0,'2023-12-13 00:23:11',29,76,NULL,NULL,0),(2261,'MobileNumber',0,'2023-12-07 08:17:28',8,76,NULL,NULL,0),(2262,'Occupation',0,'2023-12-07 08:17:46',1,76,NULL,NULL,0),(2263,'PresentProvince',0,'2023-12-13 08:02:38',1,76,NULL,NULL,0),(2264,'PresentCountry',0,'2023-12-13 08:03:44',1,76,NULL,NULL,0),(2265,'SourceofFunds',0,'2023-12-13 00:27:16',30,76,NULL,NULL,0),(2266,'NatureofWork',0,'2023-12-13 01:23:20',27,76,NULL,NULL,0),(2267,'EmployedPrivatePosition',0,'2023-12-13 08:18:32',1,76,NULL,NULL,0),(2268,'EmployedPrivateNameofEmployer',0,'2023-12-13 08:23:08',1,76,NULL,NULL,0),(2269,'AverageMonthlyIncome',0,'2023-12-07 08:20:21',1,76,NULL,NULL,0),(2270,'TypeofID',0,'2023-12-13 08:05:06',27,76,NULL,NULL,0),(2271,'IDNumber',0,'2023-12-13 08:04:16',1,76,NULL,NULL,0),(2272,'IDIssuedOn',0,'2023-12-13 08:04:24',5,76,'MM/dd/yyyy',NULL,0),(2273,'IDExpiryDate',0,'2023-12-13 08:04:35',5,76,'MM/dd/yyyy',NULL,0),(2274,'BranchCode',0,'2023-12-07 08:21:58',1,76,NULL,NULL,0),(2275,'CreatedDate',0,'2023-12-07 08:22:20',5,76,'MM/dd/yyyy',NULL,0),(2276,'PresentCity/Municipality',0,'2023-12-13 08:03:26',1,76,NULL,NULL,0),(2277,'PresentUnit-Flr/Bldg',0,'2023-12-13 08:03:08',1,76,NULL,NULL,0),(2278,'EmployedPrivateOfficeAddress',0,'2023-12-13 08:19:08',1,76,NULL,NULL,0),(2279,'Customer ID No.',0,'2023-12-13 01:38:33',1,76,NULL,NULL,0),(2280,'Suki Card Points',0,'2023-12-13 01:39:10',1,76,NULL,NULL,0),(2281,'CustomerType',0,'2023-12-13 01:43:23',27,76,NULL,NULL,0),(2282,'Customer Profile Status',0,'2023-12-13 01:44:02',27,76,NULL,NULL,0),(2283,'Philsys Card No.',0,'2023-12-13 01:44:25',2,76,NULL,NULL,0),(2284,'Prefix',0,'2023-12-13 01:46:28',1,76,NULL,NULL,0),(2285,'Nickname',0,'2023-12-13 01:46:47',1,76,NULL,NULL,0),(2286,'Birth Place',0,'2023-12-13 01:47:11',1,76,NULL,NULL,0),(2287,'Is Minor?',0,'2023-12-13 01:49:57',29,76,NULL,NULL,0),(2288,'Nationality',0,'2023-12-13 01:50:14',1,76,NULL,NULL,0),(2289,'Region',0,'2023-12-13 01:50:33',1,76,NULL,NULL,0),(2290,'Barangay',0,'2023-12-13 01:50:54',1,76,NULL,NULL,0),(2291,'Subd/Village (Purok/Sitio)',0,'2023-12-13 01:51:11',1,76,NULL,NULL,0),(2292,'Zip Code',0,'2023-12-13 01:51:32',1,76,NULL,NULL,0),(2293,'Country',0,'2023-12-13 01:51:45',1,76,NULL,NULL,0),(2294,'Landline Number',0,'2023-12-13 01:52:15',2,76,NULL,NULL,0),(2295,'Opt In Option',0,'2023-12-13 01:52:40',29,76,NULL,NULL,0),(2296,'Other Sources of Funds',0,'2023-12-13 01:53:33',1,76,NULL,NULL,0),(2297,'Others Nature of Work',0,'2023-12-13 01:53:52',1,76,NULL,NULL,0),(2298,'is PEP?',0,'2023-12-13 01:54:46',29,76,NULL,NULL,0),(2299,'No Expiry',0,'2023-12-13 08:04:47',29,76,NULL,NULL,0),(2300,'Document Type',0,'2023-12-13 01:56:59',27,76,NULL,NULL,0),(2301,'Document Number',0,'2023-12-13 01:57:21',1,76,NULL,NULL,0),(2302,'Document Issued On',0,'2023-12-13 01:58:09',5,76,'MM/dd/yyyy',NULL,0),(2303,'Document Expiry Date',0,'2023-12-13 01:58:34',5,76,'MM/dd/yyyy',NULL,0),(2304,'Document No Expiry',0,'2023-12-13 01:58:56',29,76,NULL,NULL,0),(2305,'Risk Profile',0,'2023-12-13 02:00:23',2,76,NULL,NULL,0),(2306,'Risk Watch Category',0,'2023-12-13 02:00:41',1,76,NULL,NULL,0),(2307,'Last Modified',0,'2023-12-13 02:02:09',11,76,'MM/dd/yyyy HH:mm:ss',NULL,0),(2308,'Checked By',0,'2023-12-13 02:02:17',1,76,NULL,NULL,0),(2309,'Encoded By',0,'2023-12-13 02:02:33',1,76,NULL,NULL,0),(2310,'ModifiedBy',0,'2023-12-13 02:02:57',1,76,NULL,NULL,0),(2311,'Unit-Flr/Bldg/House No. and Street Name',0,'2023-12-13 02:07:42',1,76,NULL,NULL,0),(2312,'Lead ID No.',0,'2023-12-13 03:44:40',1,85,NULL,NULL,0),(2313,'PPG Lead ID Number',0,'2023-12-13 03:45:03',1,85,NULL,NULL,0),(2314,'Suki Card No.',0,'2023-12-13 03:46:11',1,85,NULL,NULL,0),(2315,'Suki Card Points',0,'2023-12-13 03:46:29',2,85,NULL,NULL,0),(2316,'Prefix',0,'2023-12-13 03:46:50',1,85,NULL,NULL,0),(2317,'Middle Name',0,'2023-12-13 03:47:13',1,85,NULL,NULL,0),(2318,'Lead Type',0,'2023-12-13 03:48:01',27,85,NULL,NULL,0),(2319,'Lead Profile Status',0,'2023-12-13 03:48:19',27,85,NULL,NULL,0),(2320,'Suffix',0,'2023-12-13 03:48:35',1,85,NULL,NULL,0),(2321,'Nickname',0,'2023-12-13 03:48:51',1,85,NULL,NULL,0),(2322,'Birth Date',0,'2023-12-13 03:49:29',5,85,'MM/dd/yyyy',NULL,0),(2323,'Birth Place',0,'2023-12-13 03:49:44',1,85,NULL,NULL,0),(2324,'Is Minor?',0,'2023-12-13 03:50:03',29,85,NULL,NULL,0),(2325,'Sex (Gender)',0,'2023-12-13 03:50:28',29,85,NULL,NULL,0),(2326,'Marital Status',0,'2023-12-13 03:50:50',29,85,NULL,NULL,0),(2327,'Nationality',0,'2023-12-13 03:51:11',1,85,NULL,NULL,0),(2328,'Lead Since',0,'2023-12-13 03:51:32',11,85,'MM/dd/yyyy HH:mm:ss',NULL,0),(2329,'Mothers Maiden Name',0,'2023-12-13 03:51:58',1,85,NULL,NULL,0),(2330,'Region',0,'2023-12-13 03:53:08',1,85,NULL,NULL,0),(2331,'Province',0,'2023-12-13 03:53:29',1,85,NULL,NULL,0),(2332,'City/Municipality',0,'2023-12-13 03:53:46',1,85,NULL,NULL,0),(2333,'Barangay',0,'2023-12-13 03:54:01',1,85,NULL,NULL,0),(2334,'Subd/Village (Purok/Sitio)',0,'2023-12-13 03:54:26',1,85,NULL,NULL,0),(2335,'Unit-Flr/Bldg/House No. and Street Name',0,'2023-12-13 03:54:41',1,85,NULL,NULL,0),(2336,'Landline Number',0,'2023-12-13 03:56:00',8,85,NULL,NULL,0),(2337,'Opt In',0,'2023-12-13 03:56:44',29,85,NULL,NULL,0),(2338,'is PEP?',0,'2023-12-13 03:57:03',29,85,NULL,NULL,0),(2339,'Type of ID',0,'2023-12-13 03:57:31',27,85,NULL,NULL,0),(2340,'ID Number',0,'2023-12-13 03:57:49',1,85,NULL,NULL,0),(2341,'Issued On',0,'2023-12-13 03:59:41',5,85,'MM/dd/yyyy',NULL,0),(2342,'ID Expiry Date',0,'2023-12-13 03:58:38',5,85,'MM/dd/yyyy',NULL,0),(2343,'ID No Expiry',0,'2023-12-13 03:59:04',29,85,NULL,NULL,0),(2344,'Document Type',0,'2023-12-13 03:59:25',27,85,NULL,NULL,0),(2345,'Document Number',0,'2023-12-13 04:00:03',1,85,NULL,NULL,0),(2346,'Document Issued On',0,'2023-12-13 04:00:22',5,85,'MM/dd/yyyy',NULL,0),(2347,'Document Expiry Date',0,'2023-12-13 04:00:40',5,85,'MM/dd/yyyy',NULL,0),(2348,'Document No Expiry',0,'2023-12-13 04:01:02',29,85,NULL,NULL,0),(2349,'Branch Code',0,'2023-12-13 04:01:29',1,85,NULL,NULL,0),(2350,'Risk Profile',0,'2023-12-13 04:01:47',1,85,NULL,NULL,0),(2351,'Risk Watch Category',0,'2023-12-13 04:02:14',1,85,NULL,NULL,0),(2352,'Last Modified',0,'2023-12-13 04:02:34',11,85,'MM/dd/yyyy HH:mm:ss',NULL,0),(2353,'Registered At',0,'2023-12-13 04:02:50',1,85,NULL,NULL,0),(2354,'Checked By',0,'2023-12-13 04:03:06',1,85,NULL,NULL,0),(2355,'Encoded By',0,'2023-12-13 04:03:24',1,85,NULL,NULL,0),(2356,'ModifiedBy',0,'2023-12-13 04:03:43',1,85,NULL,NULL,0),(2357,'CreatedDate',0,'2023-12-13 04:04:01',5,85,'MM/dd/yyyy',NULL,0),(2358,'Province',0,'2023-12-13 04:45:24',1,76,NULL,NULL,0),(2359,'City/Municipality',0,'2023-12-13 04:45:44',1,76,NULL,NULL,0),(2360,'Registered At',0,'2023-12-13 04:46:45',1,76,NULL,NULL,0),(2361,'Birth Country',0,'2023-12-13 07:06:49',1,76,NULL,NULL,0),(2362,'Customer Since',0,'2023-12-13 07:07:54',5,76,'MM/dd/yyyy',NULL,0),(2363,'Mothers Maiden Name',0,'2023-12-13 07:08:10',1,76,NULL,NULL,0),(2364,'PresentBarangay',0,'2023-12-13 08:02:47',1,76,NULL,NULL,0),(2365,'PresentSubd/Village (Purok/Sitio)',0,'2023-12-13 08:03:18',1,76,NULL,NULL,0),(2366,'PresentRegion',0,'2023-12-13 08:03:37',1,76,NULL,NULL,0),(2367,'PresentZip Code',0,'2023-12-13 08:03:52',1,76,NULL,NULL,0),(2368,'EmployedPrivateNatureofBusiness',0,'2023-12-13 08:22:07',1,76,NULL,NULL,0),(2369,'Consent',0,'2023-12-13 07:14:02',1,76,NULL,NULL,0),(2370,'PresentProvince',0,'2023-12-13 08:02:24',1,85,NULL,NULL,0),(2371,'Present Barangay',0,'2023-12-13 07:26:55',1,85,NULL,NULL,0),(2372,'Present Unit-Flr/Bldg/House No.',0,'2023-12-13 07:27:15',1,85,NULL,NULL,0),(2373,'Present Subd/Village (Purok/Sitio)',0,'2023-12-13 07:27:37',1,85,NULL,NULL,0),(2374,'Present City/Municipality',0,'2023-12-13 07:27:55',1,85,NULL,NULL,0),(2375,'Present Country',0,'2023-12-13 07:28:10',1,85,NULL,NULL,0),(2376,'Present Region',0,'2023-12-13 07:28:42',1,85,NULL,NULL,0),(2377,'Present Zip Code',0,'2023-12-13 07:29:00',1,85,NULL,NULL,0),(2378,'Birth Country',0,'2023-12-13 07:30:08',1,85,NULL,NULL,0),(2379,'Source of Funds',0,'2023-12-13 07:38:36',27,85,NULL,NULL,0),(2380,'Other Sources of Funds',0,'2023-12-13 07:39:05',1,85,NULL,NULL,0),(2381,'Nature of Work',0,'2023-12-13 07:39:29',27,85,NULL,NULL,0),(2382,'OthersNature of Work',0,'2023-12-13 07:40:27',1,85,NULL,NULL,0),(2383,'EmployedPrivatePosition',0,'2023-12-13 10:29:03',1,85,NULL,NULL,0),(2384,'EmployedPrivateNameofEmployer',0,'2023-12-13 10:30:16',1,85,NULL,NULL,0),(2385,'EmployedPrivateNatureofBusiness',0,'2023-12-13 10:29:38',1,85,NULL,NULL,0),(2386,'EmployedPrivateOfficeAddress',0,'2023-12-13 10:29:22',1,85,NULL,NULL,0),(2387,'AverageMonthlyIncome',0,'2023-12-13 08:10:44',2,85,NULL,NULL,0),(2388,'AverageAnnualIncome',0,'2023-12-13 08:11:33',1,85,NULL,NULL,0),(2389,'AverageAnnualIncome',0,'2023-12-13 08:12:22',1,76,NULL,NULL,0),(2390,'3HashCode',0,'2023-12-18 00:46:17',1,85,NULL,NULL,1),(2391,'4HashCode',0,'2023-12-18 00:46:35',1,85,NULL,NULL,1),(2392,'3HashCode',0,'2023-12-18 00:47:25',1,76,NULL,NULL,1),(2393,'4HashCode',0,'2023-12-18 00:47:55',1,76,NULL,NULL,1),(2394,'Customer Status',0,'2023-12-22 06:01:41',27,76,NULL,NULL,0),(2395,'Lead ID No',0,'2024-01-02 08:18:42',1,85,NULL,NULL,0),(2396,'Customer ID No',0,'2024-01-02 08:20:56',1,76,NULL,NULL,1),(2397,'Occupation',0,'2024-01-04 04:32:23',1,85,NULL,NULL,0);
/*!40000 ALTER TABLE `SUB_FILE_META_DATA` ENABLE KEYS */;
UNLOCK TABLES;

--
-- Table structure for table `SUB_FILE_META_DATA_FOR_INNER_DATA`
--

DROP TABLE IF EXISTS `SUB_FILE_META_DATA_FOR_INNER_DATA`;
/*!40101 SET @saved_cs_client     = @@character_set_client */;
/*!50503 SET character_set_client = utf8mb4 */;
CREATE TABLE `SUB_FILE_META_DATA_FOR_INNER_DATA` (
  `META_ID` int NOT NULL AUTO_INCREMENT,
  `SUB_FILE_META_DATA_ID` int DEFAULT NULL,
  `COLUMN_NAME` varchar(50) NOT NULL,
  `COLUMN_TYPE_ID` int NOT NULL,
  `DATA_FORMATE` varchar(45) DEFAULT NULL,
  `REFERENCE_META_ID` int DEFAULT NULL,
  PRIMARY KEY (`META_ID`),
  KEY `fx_subfile_meta_data_id_idx` (`SUB_FILE_META_DATA_ID`),
  KEY `fk_column_type_idx_idx` (`COLUMN_TYPE_ID`),
  KEY `fk_subfile_meta_data_for_inner_data_idx` (`REFERENCE_META_ID`),
  CONSTRAINT `fk_column_type_idx` FOREIGN KEY (`COLUMN_TYPE_ID`) REFERENCES `COLUMN_TYPE` (`COLUMN_TYPE_ID`),
  CONSTRAINT `fk_subfile_meta_data_for_inner_data` FOREIGN KEY (`REFERENCE_META_ID`) REFERENCES `SUB_FILE_META_DATA_FOR_INNER_DATA` (`META_ID`),
  CONSTRAINT `fx_subfile_meta_data_id` FOREIGN KEY (`SUB_FILE_META_DATA_ID`) REFERENCES `SUB_FILE_META_DATA` (`META_ID`)
) ENGINE=InnoDB AUTO_INCREMENT=718 DEFAULT CHARSET=latin1;
/*!40101 SET character_set_client = @saved_cs_client */;

--
-- Dumping data for table `SUB_FILE_META_DATA_FOR_INNER_DATA`
--

LOCK TABLES `SUB_FILE_META_DATA_FOR_INNER_DATA` WRITE;
/*!40000 ALTER TABLE `SUB_FILE_META_DATA_FOR_INNER_DATA` DISABLE KEYS */;
INSERT INTO `SUB_FILE_META_DATA_FOR_INNER_DATA` VALUES (631,2024,'_id',1,NULL,NULL),(632,2024,'Activity Owner Type',1,NULL,NULL),(633,2024,'Activity Owner',1,NULL,NULL),(634,2024,'Activity For Type',1,NULL,NULL),(635,2024,'_id',1,NULL,NULL),(636,2024,'Details',1,NULL,NULL),(637,2024,'Date and Time',1,'MM/dd/yyyy HH:mm:ss',NULL),(638,2024,'TaskId',1,NULL,NULL),(639,2024,'IsDeleted',12,NULL,NULL),(640,2029,'Note',7,NULL,NULL),(641,2029,'Date',11,'MM/dd/yyyy HH:mm:ss',NULL),(642,2029,'Modified By',1,NULL,NULL),(643,2041,'Resource Name',1,NULL,NULL),(644,2041,'Resource Id',1,NULL,NULL),(645,2041,'Customer Name',1,NULL,NULL),(646,2041,'Customer Id',1,NULL,NULL),(647,2041,'Recording URL',1,NULL,NULL),(648,2041,'Called Time',11,'MM/dd/yyyy HH:mm:ss',NULL),(649,2115,'Note',7,NULL,NULL),(650,2115,'Date',11,'MM/dd/yyyy HH:mm:ss',NULL),(651,2115,'Modified By',1,NULL,NULL),(652,2123,'Name',1,NULL,NULL),(653,2123,'Unique Id',1,NULL,NULL),(654,2123,'Message',7,NULL,NULL),(655,2123,'Date',11,NULL,NULL),(656,2125,'Resource Name',1,NULL,NULL),(657,2125,'Resource Id',1,NULL,NULL),(658,2125,'Customer Name',1,NULL,NULL),(659,2125,'Customer Id',1,NULL,NULL),(660,2125,'Recording URL',1,NULL,NULL),(661,2125,'Called Time',11,'MM/dd/yyyy HH:mm:ss',NULL),(662,2142,'Note',7,NULL,NULL),(663,2142,'Date',11,'MM/dd/yyyy HH:mm:ss',NULL),(664,2142,'Modified By',1,NULL,NULL),(665,2143,'Stage',1,NULL,NULL),(666,2143,'Amount',1,NULL,NULL),(667,2143,'Closing Date',11,'MM/dd/yyyy',NULL),(668,2143,'Modified By',1,NULL,NULL),(669,2143,'Modified Time',11,'MM/dd/yyyy HH:mm:ss',NULL),(670,2144,'Competitor Name',1,NULL,NULL),(671,2144,'Website',1,NULL,NULL),(672,2144,'Strengths',1,NULL,NULL),(673,2144,'Weakness',1,NULL,NULL),(674,2144,'Modified By',1,NULL,NULL),(675,2144,'Modified Time',11,'MM/dd/yyyy HH:mm:ss',NULL),(676,2144,'isDeleted',1,NULL,NULL),(677,2144,'_id',1,NULL,NULL),(678,2145,'Contact Id',1,NULL,NULL),(679,2145,'Contact Role Id',2,NULL,NULL),(680,2145,'_id',1,NULL,NULL),(681,2154,'Resource Name',1,NULL,NULL),(682,2154,'Resource Id',1,NULL,NULL),(683,2154,'Customer Name',1,NULL,NULL),(684,2154,'Customer Id',1,NULL,NULL),(685,2154,'Recording URL',1,NULL,NULL),(686,2154,'Called Time',11,'MM/dd/yyyy HH:mm:ss',NULL),(687,2180,'Note',7,NULL,NULL),(688,2180,'Date',11,'MM/dd/yyyy HH:mm:ss',NULL),(689,2180,'Modified By',1,NULL,NULL),(690,2191,'Status',1,NULL,NULL),(691,2191,'Modified By',1,NULL,NULL),(692,2191,'Modified Time',11,'MM/dd/yyyy HH:mm:ss',NULL),(693,2192,'Name',1,NULL,NULL),(694,2192,'Unique Id',1,NULL,NULL),(695,2192,'Message',7,NULL,NULL),(696,2192,'Date',11,NULL,NULL),(697,2194,'Resource Name',1,NULL,NULL),(698,2194,'Resource Id',1,NULL,NULL),(699,2194,'Customer Name',1,NULL,NULL),(700,2194,'Customer Id',1,NULL,NULL),(701,2194,'Recording URL',1,NULL,NULL),(702,2194,'Called Time',11,'MM/dd/yyyy HH:mm:ss',NULL),(703,2211,'Note',7,NULL,NULL),(704,2211,'Modified By',1,NULL,NULL),(705,2211,'Modified Time',11,'MM/dd/yyyy HH:mm:ss',NULL),(706,2212,'Status',1,NULL,NULL),(707,2212,'Modified By',1,NULL,NULL),(708,2212,'Modified Time',11,'MM/dd/yyyy HH:mm:ss',NULL),(709,2217,'Resource Name',1,NULL,NULL),(710,2217,'Resource Id',1,NULL,NULL),(711,2217,'Customer Name',1,NULL,NULL),(712,2217,'Customer Id',1,NULL,NULL),(713,2217,'Recording URL',1,NULL,NULL),(714,2217,'Called Time',11,'MM/dd/yyyy HH:mm:ss',NULL),(715,2227,'Note',7,NULL,NULL),(716,2227,'Modified By',1,NULL,NULL),(717,2227,'Modified Time',11,'MM/dd/yyyy HH:mm:ss',NULL);
/*!40000 ALTER TABLE `SUB_FILE_META_DATA_FOR_INNER_DATA` ENABLE KEYS */;
UNLOCK TABLES;

--
-- Table structure for table `SUB_FILE_SELECT`
--

DROP TABLE IF EXISTS `SUB_FILE_SELECT`;
/*!40101 SET @saved_cs_client     = @@character_set_client */;
/*!50503 SET character_set_client = utf8mb4 */;
CREATE TABLE `SUB_FILE_SELECT` (
  `FIELD_ID` int NOT NULL AUTO_INCREMENT,
  `FIELD_NAME` varchar(45) DEFAULT NULL,
  `BUSINESS_ID` int NOT NULL,
  `IS_DELETED` tinyint DEFAULT '0',
  PRIMARY KEY (`FIELD_ID`),
  UNIQUE KEY `unique_index_fieldname_businessid` (`FIELD_NAME`,`BUSINESS_ID`),
  KEY `fk_SUB_FILE_SELECT_1_idx` (`BUSINESS_ID`),
  CONSTRAINT `fk_SUB_FILE_SELECT_1` FOREIGN KEY (`BUSINESS_ID`) REFERENCES `BUSINESS_DETAILS` (`BUSINESS_DETAIL_ID`)
) ENGINE=InnoDB AUTO_INCREMENT=182 DEFAULT CHARSET=latin1;
/*!40101 SET character_set_client = @saved_cs_client */;

--
-- Dumping data for table `SUB_FILE_SELECT`
--

LOCK TABLES `SUB_FILE_SELECT` WRITE;
/*!40000 ALTER TABLE `SUB_FILE_SELECT` DISABLE KEYS */;
INSERT INTO `SUB_FILE_SELECT` VALUES (161,'Industry',9,0),(162,'Ownership',9,0),(163,'Lead Source',9,0),(164,'Lead Status',9,0),(165,'Ticket Type',9,0),(166,'Ticket Status',9,0),(167,'Ticket Priority',9,0),(168,'Ticket Severity',9,0),(169,'Product Type',9,0),(170,'TASK_CALL_PURPOSE',9,0),(171,'TASK_CALL_RESULT',9,0),(172,'TASK_CALL_TYPE',9,0),(173,'Gender',9,0),(174,'Civil Status',9,0),(175,'Source of fund',9,0),(176,'IDTypes',9,0),(177,'Nature of work',9,0),(178,'CustomerType',9,0),(179,'CustomerProfileStatus',9,0),(180,'Boolean',9,0),(181,'DocumentType',9,0);
/*!40000 ALTER TABLE `SUB_FILE_SELECT` ENABLE KEYS */;
UNLOCK TABLES;

--
-- Table structure for table `SUB_FILE_SELECT_MAP`
--

DROP TABLE IF EXISTS `SUB_FILE_SELECT_MAP`;
/*!40101 SET @saved_cs_client     = @@character_set_client */;
/*!50503 SET character_set_client = utf8mb4 */;
CREATE TABLE `SUB_FILE_SELECT_MAP` (
  `MAP_ID` int NOT NULL AUTO_INCREMENT,
  `SUBFILE_META_ID` int DEFAULT NULL,
  `SELECT_ID` int DEFAULT NULL,
  `IS_DELETED` tinyint DEFAULT '0',
  PRIMARY KEY (`MAP_ID`)
) ENGINE=InnoDB AUTO_INCREMENT=209 DEFAULT CHARSET=latin1;
/*!40101 SET character_set_client = @saved_cs_client */;

--
-- Dumping data for table `SUB_FILE_SELECT_MAP`
--

LOCK TABLES `SUB_FILE_SELECT_MAP` WRITE;
/*!40000 ALTER TABLE `SUB_FILE_SELECT_MAP` DISABLE KEYS */;
INSERT INTO `SUB_FILE_SELECT_MAP` VALUES (1,1,1,0),(2,135,1,0),(3,224,2,0),(4,358,2,0),(5,390,3,0),(6,524,3,0),(7,556,4,0),(8,690,4,0),(16,80,8,0),(17,113,8,0),(18,137,8,0),(19,303,9,0),(20,336,9,0),(21,360,9,0),(22,469,10,0),(23,502,10,0),(24,526,10,0),(25,635,11,0),(26,668,11,0),(27,692,11,0),(31,145,15,0),(32,368,16,0),(33,534,17,0),(34,700,18,0),(38,10,67,0),(39,233,23,0),(40,399,24,0),(41,565,25,0),(45,736,29,0),(46,819,30,0),(47,902,31,0),(48,985,32,0),(52,738,36,0),(53,821,37,0),(54,904,38,0),(55,987,39,0),(59,735,43,0),(60,818,44,0),(61,901,45,0),(62,984,46,0),(66,732,50,0),(67,815,51,0),(68,898,52,0),(69,981,53,0),(73,763,57,0),(74,846,58,0),(75,929,59,0),(76,1012,60,0),(80,778,57,0),(81,861,58,0),(82,944,59,0),(83,1027,60,0),(87,1125,64,0),(88,1126,3,0),(89,1127,65,0),(90,1128,66,0),(91,1129,73,0),(92,1130,74,0),(93,1131,73,0),(94,1132,76,0),(95,1142,3,0),(96,1143,97,0),(97,1144,98,0),(98,1158,100,0),(99,1159,10,0),(100,1168,10,0),(101,1169,100,0),(102,1173,64,0),(103,1174,17,0),(104,1177,100,0),(105,1179,3,0),(106,1180,74,0),(107,1182,100,0),(108,1184,17,0),(109,1185,64,0),(110,1186,100,0),(111,1190,100,0),(112,1191,10,0),(113,1192,3,0),(114,1196,64,0),(115,1198,100,0),(116,1200,102,0),(117,1209,103,0),(118,1285,104,0),(119,1322,104,0),(120,1348,102,0),(121,1350,104,0),(122,1358,105,0),(123,1387,106,0),(124,1390,107,0),(125,1391,108,0),(126,1393,109,0),(127,1409,110,0),(128,1423,110,0),(129,1452,117,0),(130,1453,64,0),(131,1457,118,0),(132,1460,74,0),(133,1468,125,0),(134,1469,126,0),(135,1470,127,0),(136,1471,128,0),(137,1485,131,0),(138,1486,132,0),(139,1500,133,0),(140,1501,134,0),(141,1514,135,0),(142,1515,136,0),(169,2006,161,0),(170,2015,162,0),(171,2095,163,0),(172,2132,163,0),(173,2158,161,0),(174,2160,163,0),(175,2168,164,0),(176,2197,165,0),(177,2200,166,0),(178,2201,167,0),(179,2203,168,0),(180,2219,169,0),(181,2233,169,0),(182,2259,173,0),(183,2260,174,0),(184,2265,175,0),(185,2270,176,0),(186,2266,177,0),(187,2281,178,0),(188,2282,179,0),(189,2287,180,0),(190,2295,180,0),(191,2298,180,0),(192,2299,180,0),(193,2300,181,0),(194,2304,180,0),(195,2318,178,0),(196,2319,179,0),(197,2324,180,0),(198,2325,173,0),(199,2326,174,0),(200,2337,180,0),(201,2338,180,0),(202,2339,176,0),(203,2343,180,0),(204,2344,181,0),(205,2348,180,0),(206,2379,175,0),(207,2381,177,0),(208,2394,178,0);
/*!40000 ALTER TABLE `SUB_FILE_SELECT_MAP` ENABLE KEYS */;
UNLOCK TABLES;

--
-- Table structure for table `SUB_FILE_SELECT_OPTION`
--

DROP TABLE IF EXISTS `SUB_FILE_SELECT_OPTION`;
/*!40101 SET @saved_cs_client     = @@character_set_client */;
/*!50503 SET character_set_client = utf8mb4 */;
CREATE TABLE `SUB_FILE_SELECT_OPTION` (
  `OPTION_ID` int NOT NULL AUTO_INCREMENT,
  `OPTION_NAME` varchar(45) DEFAULT NULL,
  `FIELD_ID` int DEFAULT NULL,
  `POSITION` int DEFAULT NULL,
  `EDIT_RESTRICTED` tinyint DEFAULT '0',
  `DELETE_RESTRICTED` tinyint DEFAULT '0',
  `IS_DELETED` tinyint DEFAULT '0',
  PRIMARY KEY (`OPTION_ID`)
) ENGINE=InnoDB AUTO_INCREMENT=1220 DEFAULT CHARSET=latin1;
/*!40101 SET character_set_client = @saved_cs_client */;

--
-- Dumping data for table `SUB_FILE_SELECT_OPTION`
--

LOCK TABLES `SUB_FILE_SELECT_OPTION` WRITE;
/*!40000 ALTER TABLE `SUB_FILE_SELECT_OPTION` DISABLE KEYS */;
INSERT INTO `SUB_FILE_SELECT_OPTION` VALUES (1,'Automotive',1,0,0,0,0),(2,'Cement',1,0,0,0,0),(3,'Chemicals',1,0,0,0,0),(4,'Consulting',1,0,0,0,0),(5,'Distributor',1,0,0,0,0),(6,'Govt/Military',1,0,0,0,0),(7,'Metals',1,0,0,0,0),(8,'Mining',1,0,0,0,0),(9,'Non-Rail Misc',1,0,0,0,0),(10,'Passenger Rail',1,0,0,0,0),(11,'Power Generation',1,0,0,0,0),(12,'Rail-New Car',1,0,0,0,0),(13,'Rail-Parts',1,0,0,0,0),(14,'Rail-Repair',1,0,0,0,0),(15,'Railroad',1,0,0,0,0),(16,'Railroad-Shortline',1,0,0,0,0),(17,'Track/MOW',1,0,0,0,0),(18,'Warehousing',1,0,0,0,0),(19,'Automotive',2,0,0,0,0),(20,'Cement',2,0,0,0,0),(21,'Chemicals',2,0,0,0,0),(22,'Consulting',2,0,0,0,0),(23,'Distributor',2,0,0,0,0),(24,'Govt/Military',2,0,0,0,0),(25,'Metals',2,0,0,0,0),(26,'Mining',2,0,0,0,0),(27,'Non-Rail Misc',2,0,0,0,0),(28,'Passenger Rail',2,0,0,0,0),(29,'Power Generation',2,0,0,0,0),(30,'Rail-New Car',2,0,0,0,0),(31,'Rail-Parts',2,0,0,0,0),(32,'Rail-Repair',2,0,0,0,0),(33,'Railroad',2,0,0,0,0),(34,'Railroad-Shortline',2,0,0,0,0),(35,'Track/MOW',2,0,0,0,0),(36,'Warehousing',2,0,0,0,0),(37,'Automotive',3,0,0,0,0),(38,'Cement',3,0,0,0,0),(39,'Chemicals',3,0,0,0,0),(40,'Consulting',3,0,0,0,0),(41,'Distributor',3,0,0,0,0),(42,'Govt/Military',3,0,0,0,0),(43,'Metals',3,0,0,0,0),(44,'Mining',3,0,0,0,0),(45,'Non-Rail Misc',3,0,0,0,0),(46,'Passenger Rail',3,0,0,0,0),(47,'Power Generation',3,0,0,0,0),(48,'Rail-New Car',3,0,0,0,0),(49,'Rail-Parts',3,0,0,0,0),(50,'Rail-Repair',3,0,0,0,0),(51,'Railroad',3,0,0,0,0),(52,'Railroad-Shortline',3,0,0,0,0),(53,'Track/MOW',3,0,0,0,0),(54,'Warehousing',3,0,0,0,0),(55,'Automotive',4,23,0,0,0),(56,'Cement',4,31,0,0,0),(57,'Chemicals',4,30,0,0,0),(58,'Consulting',4,29,0,0,0),(59,'Distributor',4,28,0,0,0),(60,'Govt/Military',4,27,0,0,0),(61,'Metals',4,26,0,0,0),(62,'Mining',4,25,0,0,0),(63,'Non-Rail Misc',4,24,0,0,0),(64,'Passenger Rail',4,14,0,0,0),(65,'Power Generation',4,22,0,0,0),(66,'Rail-New Car',4,21,0,0,0),(67,'Rail-Parts',4,20,0,0,0),(68,'Rail-Repair',4,19,0,0,0),(69,'Railroad',4,18,0,0,0),(70,'Railroad-Shortline',4,17,0,0,0),(71,'Track/MOW',4,16,0,0,0),(72,'Warehousing',4,15,0,0,0),(73,'Advertisement',8,10,0,0,0),(74,'Cold Call',8,17,0,0,0),(75,'Employee Referral',8,16,0,0,0),(76,'External Referral',8,15,0,0,0),(77,'Online Store',8,14,0,0,0),(78,'Partner',8,13,0,0,0),(79,'Public Relations',8,12,0,0,0),(80,'Sales Email Alias',8,11,0,0,0),(81,'Seminar Partner',8,1,0,0,0),(82,'Internal Seminar',8,9,0,0,0),(83,'Trade Show',8,8,0,0,0),(84,'Web Download',8,7,0,0,0),(85,'Web Research',8,6,0,0,0),(86,'Chat',8,5,0,0,0),(87,'Others',8,4,0,0,0),(88,'Advertisement',9,0,0,0,0),(89,'Cold Call',9,0,0,0,0),(90,'Employee Referral',9,0,0,0,0),(91,'External Referral',9,0,0,0,0),(92,'Online Store',9,0,0,0,0),(93,'Partner',9,0,0,0,0),(94,'Public Relations',9,0,0,0,0),(95,'Sales Email Alias',9,0,0,0,0),(96,'Seminar Partner',9,0,0,0,0),(97,'Internal Seminar',9,0,0,0,0),(98,'Trade Show',9,0,0,0,0),(99,'Web Download',9,0,0,0,0),(100,'Web Research',9,0,0,0,0),(101,'Chat',9,0,0,0,0),(102,'Others',9,0,0,0,0),(103,'Advertisement',10,0,0,0,0),(104,'Cold Call',10,0,0,0,0),(105,'Employee Referral',10,0,0,0,0),(106,'External Referral',10,0,0,0,0),(107,'Online Store',10,0,0,0,0),(108,'Partner',10,0,0,0,0),(109,'Public Relations',10,0,0,0,0),(110,'Sales Email Alias',10,0,0,0,0),(111,'Seminar Partner',10,0,0,0,0),(112,'Internal Seminar',10,0,0,0,0),(113,'Trade Show',10,0,0,0,0),(114,'Web Download',10,0,0,0,0),(115,'Web Research',10,0,0,0,0),(116,'Chat',10,0,0,0,0),(117,'Others',10,0,0,0,0),(118,'Advertisement',11,2,0,0,0),(119,'Cold Call',11,3,0,0,0),(120,'Employee Referral',11,4,0,0,0),(121,'External Referral',11,5,0,0,0),(122,'Online Store',11,6,0,0,0),(123,'Partner',11,7,0,0,0),(124,'Public Relations',11,8,0,0,0),(125,'Sales Email Alias',11,9,0,0,0),(126,'Seminar Partner',11,10,0,0,0),(127,'Internal Seminar',11,11,0,0,0),(128,'Trade Show',11,12,0,0,0),(129,'Web Download',11,13,0,0,0),(130,'Web Research',11,14,0,0,0),(131,'Chat',11,15,0,0,0),(132,'Others',11,16,0,0,0),(133,'New',15,0,0,0,0),(134,'Scheduled for Contact',15,0,0,0,0),(135,'Contact in Backlog',15,0,0,0,0),(136,'Attempted to Contact',15,0,0,0,0),(137,'Contacted',15,0,0,0,0),(138,'Junk Lead',15,0,0,0,0),(139,'Lost Lead',15,0,0,0,0),(140,'Pre-Qualified',15,0,0,0,0),(141,'Not Qualified',15,0,0,0,0),(142,'New',16,0,0,0,0),(143,'Scheduled for Contact',16,0,0,0,0),(144,'Contact in Backlog',16,0,0,0,0),(145,'Attempted to Contact',16,0,0,0,0),(146,'Contacted',16,0,0,0,0),(147,'Junk Lead',16,0,0,0,0),(148,'Lost Lead',16,0,0,0,0),(149,'Pre-Qualified',16,0,0,0,0),(150,'Not Qualified',16,0,0,0,0),(151,'New',17,0,0,0,0),(152,'Scheduled for Contact',17,0,0,0,0),(153,'Contact in Backlog',17,0,0,0,0),(154,'Attempted to Contact',17,0,0,0,0),(155,'Contacted',17,0,0,0,0),(156,'Junk Lead',17,0,0,0,0),(157,'Lost Lead',17,0,0,0,1),(158,'Pre-Qualified',17,0,0,0,0),(159,'Not Qualified',17,0,0,0,0),(160,'New',18,1,0,0,0),(161,'Lead Follow Up',18,2,0,0,0),(162,'Semi Qualified',18,3,0,0,0),(163,'Qualified',18,4,0,0,0),(164,'Nurture',18,5,0,0,0),(165,'DND',18,6,0,0,0),(166,'Lost Lead',18,0,0,0,1),(167,'Pre-Qualified',18,7,0,0,0),(168,'Not Qualified',18,8,0,0,0),(169,'Private',22,0,0,0,0),(170,'Public',22,0,0,0,0),(171,'Subsidiary',22,0,0,0,0),(172,'Government',22,0,0,0,0),(173,'Partnership',22,0,0,0,0),(174,'Privately help',22,0,0,0,0),(175,'Public Company',22,0,0,0,0),(176,'Others',22,0,0,0,0),(177,'Private',23,0,0,0,0),(178,'Public',23,0,0,0,0),(179,'Subsidiary',23,0,0,0,0),(180,'Government',23,0,0,0,0),(181,'Partnership',23,0,0,0,0),(182,'Privately help',23,0,0,0,0),(183,'Public Company',23,0,0,0,0),(184,'Others',23,0,0,0,0),(185,'Private',24,0,0,0,0),(186,'Public',24,0,0,0,0),(187,'Subsidiary',24,0,0,0,0),(188,'Government',24,0,0,0,0),(189,'Partnership',24,0,0,0,0),(190,'Privately help',24,0,0,0,0),(191,'Public Company',24,0,0,0,0),(192,'Others',24,0,0,0,0),(193,'Private',25,0,0,0,0),(194,'Public',25,0,0,0,0),(195,'Subsidiary',25,0,0,0,0),(196,'Government',25,0,0,0,0),(197,'Partnership',25,0,0,0,0),(198,'Privately help',25,0,0,0,0),(199,'Public Company',25,0,0,0,0),(200,'Others',25,0,0,0,0),(201,'P1',29,0,0,0,0),(202,'P2',29,0,0,0,0),(203,'P3',29,0,0,0,0),(204,'P4',29,0,0,0,0),(205,'P1',30,0,0,0,0),(206,'P2',30,0,0,0,0),(207,'P3',30,0,0,0,0),(208,'P4',30,0,0,0,0),(209,'P1',31,0,0,0,0),(210,'P2',31,0,0,0,0),(211,'P3',31,0,0,0,0),(212,'P4',31,0,0,0,0),(213,'P1',32,0,0,0,0),(214,'P2',32,0,0,0,0),(215,'P3',32,0,0,0,0),(216,'P4',32,0,0,0,0),(217,'Immediate/Critical',36,0,0,0,0),(218,'High',36,0,0,0,0),(219,'Medium',36,0,0,0,0),(220,'Low',36,0,0,0,0),(221,'Immediate/Critical',37,0,0,0,0),(222,'High',37,0,0,0,0),(223,'Medium',37,0,0,0,0),(224,'Low',37,0,0,0,0),(225,'Immediate/Critical',38,0,0,0,0),(226,'High',38,0,0,0,0),(227,'Medium',38,0,0,0,0),(228,'Low',38,0,0,0,0),(229,'Immediate/Critical',39,0,0,0,0),(230,'High',39,0,0,0,0),(231,'Medium',39,0,0,0,0),(232,'Low',39,0,0,0,0),(233,'New',43,0,0,0,0),(234,'CLosed',43,0,0,0,0),(235,'Energy CAP',43,0,0,0,0),(236,'On Hold',43,0,0,0,0),(237,'In Progress',43,0,0,0,0),(238,'Pending Customer Reply',43,0,0,0,0),(239,'New',44,0,0,0,0),(240,'CLosed',44,0,0,0,0),(241,'Energy CAP',44,0,0,0,0),(242,'On Hold',44,0,0,0,0),(243,'In Progress',44,0,0,0,0),(244,'Pending Customer Reply',44,0,0,0,0),(245,'New',45,0,0,0,0),(246,'CLosed',45,0,0,0,0),(247,'Energy CAP',45,0,0,0,0),(248,'On Hold',45,0,0,0,0),(249,'In Progress',45,0,0,0,0),(250,'Pending Customer Reply',45,0,0,0,0),(251,'New',46,0,0,0,0),(252,'CLosed',46,0,0,0,0),(253,'Energy CAP',46,0,0,0,0),(254,'On Hold',46,0,0,0,0),(255,'In Progress',46,0,0,0,0),(256,'Pending Customer Reply',46,0,0,0,0),(257,'Support',50,0,0,0,0),(258,'Sales',50,0,0,0,0),(259,'Onboarding',50,0,0,0,0),(260,'RMA',50,0,0,0,0),(261,'Clarification',50,0,0,0,0),(262,'Funding',50,0,0,0,0),(263,'Support',51,0,0,0,0),(264,'Sales',51,0,0,0,0),(265,'Onboarding',51,0,0,0,0),(266,'RMA',51,0,0,0,0),(267,'Clarification',51,0,0,0,0),(268,'Funding',51,0,0,0,0),(269,'Support',52,0,0,0,0),(270,'Sales',52,0,0,0,0),(271,'Onboarding',52,0,0,0,0),(272,'RMA',52,0,0,0,0),(273,'Clarification',52,0,0,0,0),(274,'Funding',52,0,0,0,0),(275,'Support',53,0,0,0,0),(276,'Sales',53,0,0,0,0),(277,'Onboarding',53,0,0,0,0),(278,'RMA',53,0,0,0,0),(279,'Clarification',53,0,0,0,0),(280,'Funding',53,0,0,0,0),(281,'Motor Insurance',57,0,0,0,0),(282,'Health Insurance',57,0,0,0,0),(283,'Personal Accident Insurance',57,0,0,0,0),(284,'Householder\'s Insurance',57,0,0,0,0),(285,'Overseas Travel Insurance',57,0,0,0,0),(286,'Home Insurance',57,0,0,0,0),(287,'Custom Insurance',57,0,0,0,0),(288,'Motor Insurance',58,0,0,0,0),(289,'Health Insurance',58,0,0,0,0),(290,'Personal Accident Insurance',58,0,0,0,0),(291,'Householder\'s Insurance',58,0,0,0,0),(292,'Overseas Travel Insurance',58,0,0,0,0),(293,'Home Insurance',58,0,0,0,0),(294,'Custom Insurance',58,0,0,0,0),(295,'Motor Insurance',59,0,0,0,0),(296,'Health Insurance',59,0,0,0,0),(297,'Personal Accident Insurance',59,0,0,0,0),(298,'Householder\'s Insurance',59,0,0,0,0),(299,'Overseas Travel Insurance',59,0,0,0,0),(300,'Home Insurance',59,0,0,0,0),(301,'Custom Insurance',59,0,0,0,0),(302,'Motor Insurance',60,0,0,0,0),(303,'Health Insurance',60,0,0,0,0),(304,'Personal Accident Insurance',60,0,0,0,0),(305,'Householder\'s Insurance',60,0,0,0,0),(306,'Overseas Travel Insurance',60,0,0,0,0),(307,'Home Insurance',60,0,0,0,0),(308,'Custom Insurance',60,0,0,0,0),(309,'Auto',64,0,0,0,0),(310,'Auto 1',64,0,0,0,1),(311,'Auto 2',64,0,0,0,1),(312,'Insurance',4,11,0,0,0),(313,'Mr.',65,1,0,0,0),(314,'Ms.',65,2,0,0,0),(315,'Mrs.',65,3,0,0,0),(316,'Linkedin',11,1,0,0,0),(317,'SCAN',66,15,0,0,0),(318,'NL',66,16,0,0,0),(319,'Canada',66,19,0,0,0),(320,'UAE',66,18,0,0,0),(321,'Australia',66,20,0,0,0),(322,'Active Account',67,1,0,0,0),(323,'Potential Account',67,2,0,0,0),(324,'Inactive Account',67,3,0,0,0),(325,'claims',52,0,0,0,0),(326,'NorthEast',74,0,0,0,0),(327,'South',74,0,0,0,0),(328,'NorthEast',73,2,0,0,0),(329,'SouthEast',73,3,0,0,0),(330,'Northwest',73,1,0,0,0),(331,'SouthWest',73,4,0,0,0),(332,'HR',76,1,0,0,0),(333,'ERP',76,2,0,0,0),(334,'CRM',76,3,0,0,0),(335,'IT services',3,0,0,0,0),(347,'Administrative',78,0,0,0,0),(348,'Demo',78,0,0,0,0),(349,'Dest',78,0,0,0,0),(350,'Negotiation',78,0,0,0,0),(351,'Project',78,0,0,0,0),(352,'Prospecting',78,0,0,0,0),(353,'Administrative',79,0,0,0,0),(354,'Demo',79,0,0,0,0),(355,'Dest',79,0,0,0,0),(356,'Negotiation',79,0,0,0,0),(357,'Project',79,0,0,0,0),(358,'Prospecting',79,0,0,0,0),(359,'Administrative',80,0,0,0,0),(360,'Demo',80,0,0,0,0),(361,'Dest',80,0,0,0,0),(362,'Negotiation',80,0,0,0,0),(363,'Project',80,0,0,0,0),(364,'Prospecting',80,0,0,0,0),(365,'Interested',84,0,0,0,0),(366,'Invalid number',84,0,0,0,0),(367,'No response/Busy',84,0,0,0,0),(368,'Not interested',84,0,0,0,0),(369,'Requested call back',84,0,0,0,0),(370,'Requested more info',84,0,0,0,0),(371,'Interested',85,0,0,0,0),(372,'Invalid number',85,0,0,0,0),(373,'No response/Busy',85,0,0,0,0),(374,'Not interested',85,0,0,0,0),(375,'Requested call back',85,0,0,0,0),(376,'Requested more info',85,0,0,0,0),(377,'Interested',86,0,0,0,0),(378,'Invalid number',86,0,0,0,0),(379,'No response/Busy',86,0,0,0,0),(380,'Not interested',86,0,0,0,0),(381,'Requested call back',86,0,0,0,0),(382,'Requested more info',86,0,0,0,0),(383,'Interested',87,0,0,0,0),(384,'Invalid number',87,0,0,0,0),(385,'No response/Busy',87,0,0,0,0),(386,'Not interested',87,0,0,0,0),(387,'Requested call back',87,0,0,0,0),(388,'Requested more info',87,0,0,0,0),(389,'Business Review',77,1,0,0,0),(390,'Collections',77,2,0,0,0),(391,'Customer Onboarding',77,3,0,0,0),(392,'Determine Potential',77,4,0,0,0),(393,'Follow-up',77,5,0,0,0),(394,'Identify Decision Makers',77,6,0,0,0),(395,'IT Support',77,7,0,0,0),(396,'MySource Demo',77,8,0,0,0),(397,'Needs Analysis',77,9,0,0,0),(398,'Negotiation',77,10,0,0,0),(399,'Obtain data',77,11,0,0,0),(400,'Pricing/Agreement',77,12,0,0,0),(401,'Project',77,13,0,0,0),(402,'Prospecting',77,14,0,0,0),(403,'Sales Presentation',77,15,0,0,0),(404,'Secure commitment',77,16,0,0,0),(405,'Service/Quality',77,17,0,0,0),(406,'Uncover pain points',77,18,0,0,0),(407,'Lost Lead',17,0,0,0,0),(408,'Customer Referral',8,3,0,0,0),(409,'Logistics Company',1,0,0,0,0),(410,'Phone',88,0,0,0,0),(411,'In Person',88,0,0,0,0),(412,'Email',88,0,0,0,0),(413,'Text',88,0,0,0,0),(414,'Phone',89,0,0,0,0),(415,'In Person',89,0,0,0,0),(416,'Email',89,0,0,0,0),(417,'Text',89,0,0,0,0),(418,'Phone',90,0,0,0,0),(419,'In Person',90,0,0,0,0),(420,'Email',90,0,0,0,0),(421,'Text',90,0,0,0,0),(422,'Phone',91,0,0,0,0),(423,'In Person',91,0,0,0,0),(424,'Email',91,0,0,0,0),(425,'Text',91,0,0,0,0),(426,'Information Technology',4,12,0,0,0),(427,'Financial Services',4,13,0,0,0),(428,'UK&I',66,17,0,0,0),(429,'USA',66,14,0,0,0),(430,'Requested',97,2,0,0,0),(431,'Accepted',97,3,0,0,0),(432,'Inmail Sent',97,4,0,0,0),(433,'Introduction email sent',98,1,0,0,0),(434,'1st follow-up',98,2,0,0,0),(435,'2nd follow-up',98,3,0,0,0),(436,'3rd follow-up',98,4,0,0,0),(437,'4th follow-up',98,5,0,0,0),(438,'5th follow-up',98,6,0,0,0),(439,'New Lead',97,1,0,0,0),(440,'Male',99,1,0,0,0),(441,'Female',99,2,0,0,0),(442,'Mr',100,1,0,0,0),(443,'Ms',100,2,0,0,0),(444,'Mrs',100,3,0,0,0),(445,'Logistics and Supply chai',4,10,0,0,0),(446,'Health',4,9,0,0,0),(447,'VC & Private equity',4,8,0,0,0),(448,'Germany',66,7,0,0,0),(449,'Europe',66,8,0,0,0),(450,'Egypt',66,9,0,0,0),(451,'UK',66,10,0,0,0),(452,'Singapore',66,11,0,0,0),(453,'Africa',66,12,0,0,0),(454,'South Africa',66,13,0,0,0),(455,'Brazil',66,6,0,0,0),(456,'Poland',66,5,0,0,0),(457,'India',66,4,0,0,0),(458,'Finance',4,7,0,0,0),(459,'Banking',4,6,0,0,0),(460,'IT & Services',4,5,0,0,0),(461,'Insuretech',4,4,0,0,0),(462,'Hospital & health care',4,3,0,0,0),(463,'Internet',4,2,0,0,0),(464,'Israel',66,3,0,0,0),(465,'Pakistan',66,2,0,0,0),(466,'Japan',66,1,0,0,0),(467,'Fintech',4,1,0,0,0),(468,'Netherland',66,0,0,0,0),(469,'Automotive',102,0,0,0,0),(470,'Cement',102,0,0,0,0),(471,'Chemicals',102,0,0,0,0),(472,'Consulting',102,0,0,0,0),(473,'Distributor',102,0,0,0,0),(474,'Govt/Military',102,0,0,0,0),(475,'Metals',102,0,0,0,0),(476,'Mining',102,0,0,0,0),(477,'Non-Rail Misc',102,0,0,0,0),(478,'Passenger Rail',102,0,0,0,0),(479,'Power Generation',102,0,0,0,0),(480,'Rail-New Car',102,0,0,0,0),(481,'Rail-Parts',102,0,0,0,0),(482,'Rail-Repair',102,0,0,0,0),(483,'Railroad',102,0,0,0,0),(484,'Railroad-Shortline',102,0,0,0,0),(485,'Track/MOW',102,0,0,0,0),(486,'Warehousing',102,0,0,0,0),(487,'Private',103,0,0,0,0),(488,'Public',103,0,0,0,0),(489,'Subsidiary',103,0,0,0,0),(490,'Government',103,0,0,0,0),(491,'Partnership',103,0,0,0,0),(492,'Privately help',103,0,0,0,0),(493,'Public Company',103,0,0,0,0),(494,'Others',103,0,0,0,0),(495,'Advertisement',104,0,0,0,1),(496,'Cold Call',104,0,0,0,1),(497,'Employee Referral',104,0,0,0,1),(498,'External Referral',104,0,0,0,1),(499,'Naukri',104,0,0,0,0),(500,'Partner',104,0,0,0,1),(501,'Public Relations',104,0,0,0,1),(502,'Sales Email Alias',104,0,0,0,1),(503,'Seminar Partner',104,0,0,0,1),(504,'Internal Seminar',104,0,0,0,1),(505,'Trade Show',104,0,0,0,1),(506,'Web Download',104,0,0,0,1),(507,'Web Research',104,0,0,0,1),(508,'Chat',104,0,0,0,1),(509,'LinkedIn',104,0,0,0,0),(510,'Advertisement',104,0,0,0,1),(511,'Cold Call',104,0,0,0,1),(512,'Employee Referral',104,0,0,0,1),(513,'External Referral',104,0,0,0,1),(514,'Online Store',104,0,0,0,1),(515,'Partner',104,0,0,0,1),(516,'Public Relations',104,0,0,0,1),(517,'Sales Email Alias',104,0,0,0,1),(518,'Seminar Partner',104,0,0,0,1),(519,'Internal Seminar',104,0,0,0,1),(520,'Trade Show',104,0,0,0,1),(521,'Web Download',104,0,0,0,1),(522,'Web Research',104,0,0,0,1),(523,'TimesJob',104,0,0,0,0),(524,'Indeed',104,0,0,0,0),(525,'Automotive',102,0,0,0,0),(526,'Cement',102,0,0,0,0),(527,'Chemicals',102,0,0,0,0),(528,'Consulting',102,0,0,0,0),(529,'Distributor',102,0,0,0,0),(530,'Govt/Military',102,0,0,0,0),(531,'Metals',102,0,0,0,0),(532,'Mining',102,0,0,0,0),(533,'Non-Rail Misc',102,0,0,0,0),(534,'Passenger Rail',102,0,0,0,0),(535,'Power Generation',102,0,0,0,0),(536,'Rail-New Car',102,0,0,0,0),(537,'Rail-Parts',102,0,0,0,0),(538,'Rail-Repair',102,0,0,0,0),(539,'Railroad',102,0,0,0,0),(540,'Railroad-Shortline',102,0,0,0,0),(541,'Track/MOW',102,0,0,0,0),(542,'Warehousing',102,0,0,0,0),(543,'Advertisement',104,0,0,0,1),(544,'Cold Call',104,0,0,0,1),(545,'Employee Referral',104,0,0,0,1),(546,'External Referral',104,0,0,0,1),(547,'Online Store',104,0,0,0,1),(548,'Partner',104,0,0,0,1),(549,'Public Relations',104,0,0,0,1),(550,'Sales Email Alias',104,0,0,0,1),(551,'Seminar Partner',104,0,0,0,1),(552,'Internal Seminar',104,0,0,0,1),(553,'Trade Show',104,0,0,0,1),(554,'Web Download',104,0,0,0,1),(555,'Web Research',104,0,0,0,1),(556,'Chat',104,0,0,0,1),(557,'Employee Referral',104,0,0,0,0),(558,'New',105,0,0,0,0),(559,'Level 1 - Scheduled',105,0,0,0,0),(560,'Level 1 - Rejected',105,0,0,0,0),(561,'Level 2 - Scheduled',105,0,0,0,0),(562,'Level 2 - Selected',105,0,0,0,0),(563,'Level 2 - Rejected',105,0,0,0,0),(564,'Client interview - Select',105,0,0,0,0),(565,'Client interview - Reject',105,0,0,0,0),(566,'Onboarded',105,0,0,0,0),(567,'Support',106,0,0,0,0),(568,'Sales',106,0,0,0,0),(569,'Onboarding',106,0,0,0,0),(570,'RMA',106,0,0,0,0),(571,'Clarification',106,0,0,0,0),(572,'Funding',106,0,0,0,0),(573,'New',107,0,0,0,0),(574,'CLosed',107,0,0,0,0),(575,'Energy CAP',107,0,0,0,0),(576,'On Hold',107,0,0,0,0),(577,'In Progress',107,0,0,0,0),(578,'Pending Customer Reply',107,0,0,0,0),(579,'P1',108,0,0,0,0),(580,'P2',108,0,0,0,0),(581,'P3',108,0,0,0,0),(582,'P4',108,0,0,0,0),(583,'Immediate/Critical',109,0,0,0,0),(584,'High',109,0,0,0,0),(585,'Medium',109,0,0,0,0),(586,'Low',109,0,0,0,0),(587,'Motor Insurance',110,0,0,0,1),(588,'Health Insurance',110,0,0,0,1),(589,'Personal Accident Insurance',110,0,0,0,1),(590,'Householder\'s Insurance',110,0,0,0,1),(591,'Overseas Travel Insurance',110,0,0,0,1),(592,'Home Insurance',110,0,0,0,1),(593,'Custom Insurance',110,0,0,0,1),(594,'Motor Insurance',110,0,0,0,1),(595,'Health Insurance',110,0,0,0,1),(596,'Personal Accident Insurance',110,0,0,0,1),(597,'Householder\'s Insurance',110,0,0,0,1),(598,'Overseas Travel Insurance',110,0,0,0,1),(599,'Home Insurance',110,0,0,0,1),(600,'Custom Insurance',110,0,0,0,1),(601,'Administrative',111,0,0,0,0),(602,'Demo',111,0,0,0,0),(603,'Dest',111,0,0,0,0),(604,'Negotiation',111,0,0,0,0),(605,'Project',111,0,0,0,0),(606,'Prospecting',111,0,0,0,0),(607,'Interested',112,0,0,0,0),(608,'Invalid number',112,0,0,0,0),(609,'No response/Busy',112,0,0,0,0),(610,'Not interested',112,0,0,0,0),(611,'Requested call back',112,0,0,0,0),(612,'Requested more info',112,0,0,0,0),(613,'Phone',113,0,0,0,0),(614,'In Person',113,0,0,0,0),(615,'Email',113,0,0,0,0),(616,'Text',113,0,0,0,0),(617,'Offered',105,0,0,0,0),(618,'Client interview schedule',105,0,0,0,0),(619,'Candidate Referral',104,0,0,0,0),(620,'College',104,0,0,0,0),(621,'Training Institute',104,0,0,0,0),(622,'Others',104,0,0,0,0),(623,'Offer Declined',105,0,0,0,0),(624,'BGV Info Mail Sent',105,0,0,0,1),(625,'BGV Info Mail Sent',117,1,0,0,0),(626,'Pre Onboarding Process',117,2,0,0,0),(627,'khj',64,0,0,0,0),(628,'Calibration',118,1,0,0,0),(629,'Profile Selected-Internal',118,2,0,0,0),(630,'Profile Submitted',118,3,0,0,0),(631,'Client Interview',118,4,0,0,0),(632,'Client Selected',118,5,0,0,0),(633,'Offer Accepted',118,6,0,0,0),(634,'Java',110,0,0,0,0),(635,'Java Experienced',110,0,0,0,1),(636,'Angular',110,0,0,0,0),(637,'Angular experienced',110,0,0,0,1),(638,'Full Stack Java',110,0,0,0,0),(639,'Full Stack Node',110,0,0,0,0),(640,'Node JS',110,0,0,0,0),(641,'Python',110,0,0,0,0),(642,'Quality Assurance',110,0,0,0,0),(643,'Business Analysist',110,0,0,0,0),(644,'Software Architect',110,0,0,0,0),(645,'Dot Net',110,0,0,0,0),(646,'Mobile',119,1,1,1,0),(647,'Laptop',119,2,1,1,0),(648,'SmartTV',119,3,1,1,0),(649,'Tablet',119,4,1,1,0),(650,'Southern',74,0,0,0,0),(651,'ssss',123,0,0,0,0),(652,'eee',123,0,0,0,0),(653,'one',124,1,0,0,0),(654,'two',124,2,0,0,0),(655,'three',124,3,0,0,0),(656,'four',124,4,0,0,0),(657,'Individual',125,0,0,0,0),(658,'Corporate Partners',125,0,0,0,0),(659,'Corporate Walk-In',125,0,0,0,0),(660,'18 to 25',126,0,0,0,0),(661,'25 to 35',126,0,0,0,0),(662,'35 to 45',126,0,0,0,0),(663,'45 to 60',126,0,0,0,0),(664,'Above 60',126,0,0,0,0),(665,'Below 18',126,0,0,0,0),(666,'geographics',127,1,0,0,0),(667,'demographics',127,2,0,0,0),(668,'psychographics',127,3,0,0,0),(669,'behaviour',127,4,0,0,0),(670,'Dubai',128,0,0,0,0),(671,'Abu Dhabi',128,0,0,0,0),(672,'Sharjah',128,0,0,0,0),(673,'Ras Al Khaimah',128,0,0,0,0),(674,'Fujairah',128,0,0,0,0),(675,'Ajman',128,0,0,0,0),(676,'Umm Al Quwain',128,0,0,0,0),(677,'one',129,1,0,0,0),(678,'two',129,2,0,0,0),(679,'three',129,3,0,0,0),(680,'four',129,4,0,0,0),(681,'five',129,5,0,0,0),(682,'van1',130,1,0,0,0),(683,'van2',130,2,0,0,0),(684,'van3',130,3,0,0,0),(685,'van4',130,4,0,0,0),(686,'van5',130,5,0,0,0),(687,'Paid',131,1,0,0,0),(688,'UnPaid',131,2,0,0,0),(689,'Partially Paid',131,3,0,0,0),(690,'Cash',132,1,0,0,0),(691,'Credit/Debit Card',132,2,0,0,0),(692,'Online/UPI',132,3,0,0,0),(693,'vijji',8,2,0,0,0),(694,'Paid',133,1,0,0,0),(695,'UnPaid',133,2,0,0,0),(696,'Partially Paid',133,3,0,0,0),(697,'Cash',134,1,0,0,0),(698,'Credit/Debit Card',134,2,0,0,0),(699,'Online/UPI',134,3,0,0,0),(700,'Paid',135,1,0,0,0),(701,'UnPaid',135,2,0,0,0),(702,'Partially Paid',135,3,0,0,0),(703,'Cash',136,1,0,0,0),(704,'Credit/Debit Card',136,2,0,0,0),(705,'Online/UPI',136,3,0,0,0),(1002,'Automotive',161,0,0,0,0),(1003,'Cement',161,0,0,0,0),(1004,'Chemicals',161,0,0,0,0),(1005,'Consulting',161,0,0,0,0),(1006,'Distributor',161,0,0,0,0),(1007,'Govt/Military',161,0,0,0,0),(1008,'Metals',161,0,0,0,0),(1009,'Mining',161,0,0,0,0),(1010,'Non-Rail Misc',161,0,0,0,0),(1011,'Passenger Rail',161,0,0,0,0),(1012,'Power Generation',161,0,0,0,0),(1013,'Rail-New Car',161,0,0,0,0),(1014,'Rail-Parts',161,0,0,0,0),(1015,'Rail-Repair',161,0,0,0,0),(1016,'Railroad',161,0,0,0,0),(1017,'Railroad-Shortline',161,0,0,0,0),(1018,'Track/MOW',161,0,0,0,0),(1019,'Warehousing',161,0,0,0,0),(1020,'Private',162,0,0,0,0),(1021,'Public',162,0,0,0,0),(1022,'Subsidiary',162,0,0,0,0),(1023,'Government',162,0,0,0,0),(1024,'Partnership',162,0,0,0,0),(1025,'Privately help',162,0,0,0,0),(1026,'Public Company',162,0,0,0,0),(1027,'Others',162,0,0,0,0),(1028,'Advertisement',163,0,0,0,0),(1029,'Cold Call',163,0,0,0,0),(1030,'Employee Referral',163,0,0,0,0),(1031,'External Referral',163,0,0,0,0),(1032,'Online Store',163,0,0,0,0),(1033,'Partner',163,0,0,0,0),(1034,'Public Relations',163,0,0,0,0),(1035,'Sales Email Alias',163,0,0,0,0),(1036,'Seminar Partner',163,0,0,0,0),(1037,'Internal Seminar',163,0,0,0,0),(1038,'Trade Show',163,0,0,0,0),(1039,'Web Download',163,0,0,0,0),(1040,'Web Research',163,0,0,0,0),(1041,'Chat',163,0,0,0,0),(1042,'Others',163,0,0,0,0),(1043,'Advertisement',163,0,0,0,0),(1044,'Cold Call',163,0,0,0,0),(1045,'Employee Referral',163,0,0,0,0),(1046,'External Referral',163,0,0,0,0),(1047,'Online Store',163,0,0,0,0),(1048,'Partner',163,0,0,0,0),(1049,'Public Relations',163,0,0,0,0),(1050,'Sales Email Alias',163,0,0,0,0),(1051,'Seminar Partner',163,0,0,0,0),(1052,'Internal Seminar',163,0,0,0,0),(1053,'Trade Show',163,0,0,0,0),(1054,'Web Download',163,0,0,0,0),(1055,'Web Research',163,0,0,0,0),(1056,'Chat',163,0,0,0,0),(1057,'Others',163,0,0,0,0),(1058,'Automotive',161,0,0,0,0),(1059,'Cement',161,0,0,0,0),(1060,'Chemicals',161,0,0,0,0),(1061,'Consulting',161,0,0,0,0),(1062,'Distributor',161,0,0,0,0),(1063,'Govt/Military',161,0,0,0,0),(1064,'Metals',161,0,0,0,0),(1065,'Mining',161,0,0,0,0),(1066,'Non-Rail Misc',161,0,0,0,0),(1067,'Passenger Rail',161,0,0,0,0),(1068,'Power Generation',161,0,0,0,0),(1069,'Rail-New Car',161,0,0,0,0),(1070,'Rail-Parts',161,0,0,0,0),(1071,'Rail-Repair',161,0,0,0,0),(1072,'Railroad',161,0,0,0,0),(1073,'Railroad-Shortline',161,0,0,0,0),(1074,'Track/MOW',161,0,0,0,0),(1075,'Warehousing',161,0,0,0,0),(1076,'Advertisement',163,0,0,0,0),(1077,'Cold Call',163,0,0,0,0),(1078,'Employee Referral',163,0,0,0,0),(1079,'External Referral',163,0,0,0,0),(1080,'Online Store',163,0,0,0,0),(1081,'Partner',163,0,0,0,0),(1082,'Public Relations',163,0,0,0,0),(1083,'Sales Email Alias',163,0,0,0,0),(1084,'Seminar Partner',163,0,0,0,0),(1085,'Internal Seminar',163,0,0,0,0),(1086,'Trade Show',163,0,0,0,0),(1087,'Web Download',163,0,0,0,0),(1088,'Web Research',163,0,0,0,0),(1089,'Chat',163,0,0,0,0),(1090,'Others',163,0,0,0,0),(1091,'Basic',164,1,0,0,0),(1092,'Scheduled for Contact',164,0,0,0,1),(1093,'Restricted',164,3,0,0,0),(1094,'Attempted to Contact',164,0,0,0,1),(1095,'Contacted',164,0,0,0,1),(1096,'Junk Lead',164,0,0,0,1),(1097,'Lost Lead',164,0,0,0,1),(1098,'Pre-Qualified',164,0,0,0,1),(1099,'Not Qualified',164,0,0,0,1),(1100,'Support',165,0,0,0,0),(1101,'Sales',165,0,0,0,0),(1102,'Onboarding',165,0,0,0,0),(1103,'RMA',165,0,0,0,0),(1104,'Clarification',165,0,0,0,0),(1105,'Funding',165,0,0,0,0),(1106,'New',166,0,0,0,0),(1107,'CLosed',166,0,0,0,0),(1108,'Energy CAP',166,0,0,0,0),(1109,'On Hold',166,0,0,0,0),(1110,'In Progress',166,0,0,0,0),(1111,'Pending Customer Reply',166,0,0,0,0),(1112,'P1',167,0,0,0,0),(1113,'P2',167,0,0,0,0),(1114,'P3',167,0,0,0,0),(1115,'P4',167,0,0,0,0),(1116,'Immediate/Critical',168,0,0,0,0),(1117,'High',168,0,0,0,0),(1118,'Medium',168,0,0,0,0),(1119,'Low',168,0,0,0,0),(1120,'Motor Insurance',169,0,0,0,0),(1121,'Health Insurance',169,0,0,0,0),(1122,'Personal Accident Insurance',169,0,0,0,0),(1123,'Householder\'s Insurance',169,0,0,0,0),(1124,'Overseas Travel Insurance',169,0,0,0,0),(1125,'Home Insurance',169,0,0,0,0),(1126,'Custom Insurance',169,0,0,0,0),(1127,'Motor Insurance',169,0,0,0,0),(1128,'Health Insurance',169,0,0,0,0),(1129,'Personal Accident Insurance',169,0,0,0,0),(1130,'Householder\'s Insurance',169,0,0,0,0),(1131,'Overseas Travel Insurance',169,0,0,0,0),(1132,'Home Insurance',169,0,0,0,0),(1133,'Custom Insurance',169,0,0,0,0),(1134,'Administrative',170,0,0,0,0),(1135,'Demo',170,0,0,0,0),(1136,'Dest',170,0,0,0,0),(1137,'Negotiation',170,0,0,0,0),(1138,'Project',170,0,0,0,0),(1139,'Prospecting',170,0,0,0,0),(1140,'Interested',171,0,0,0,0),(1141,'Invalid number',171,0,0,0,0),(1142,'No response/Busy',171,0,0,0,0),(1143,'Not interested',171,0,0,0,0),(1144,'Requested call back',171,0,0,0,0),(1145,'Requested more info',171,0,0,0,0),(1146,'Phone',172,0,0,0,0),(1147,'In Person',172,0,0,0,0),(1148,'Email',172,0,0,0,0),(1149,'Text',172,0,0,0,0),(1150,'a',163,0,0,0,1),(1151,'a',163,0,0,0,1),(1152,'Male',173,1,0,0,0),(1153,'Female',173,2,0,0,0),(1154,'Single',174,0,0,0,0),(1155,'Married',174,2,0,0,0),(1156,'Widowed',174,3,0,0,0),(1157,'Salary',175,1,0,0,0),(1158,'Pension',175,2,0,0,0),(1159,'Business',175,3,0,0,0),(1160,'Rental Income',175,4,0,0,0),(1161,'Commission',175,5,0,0,0),(1162,'Savings',175,6,0,0,0),(1163,'Sale of Property/ies',175,7,0,0,0),(1164,'Debt/Utang',175,8,0,0,0),(1165,'Gifts/Regalo',175,9,0,0,0),(1166,'Practice of Profession',175,10,0,0,0),(1167,'Remittances/Allowances',175,11,0,0,0),(1168,'From Relatives/Friends',175,12,0,0,0),(1169,'From Government',175,13,0,0,0),(1170,'Others',175,14,0,0,0),(1171,'Phil-ID/Printed ePhil ID',176,13,0,0,0),(1172,'Driver\'s License',176,24,0,0,0),(1173,'Foreign Passport',176,23,0,0,0),(1174,'(PRC) ID',176,22,0,0,0),(1175,'IBP',176,21,0,0,0),(1176,'Postal ID',176,20,0,0,0),(1177,'Seafarer\'s ID',176,19,0,0,0),(1178,'ACR)/ (ICR)',176,18,0,0,0),(1179,'GOCC ID',176,17,0,0,0),(1180,'PWD ID',176,16,0,0,0),(1181,'GSIS E-Card',176,15,0,0,0),(1182,'SSS Card',176,14,0,0,0),(1183,'UMID Card',176,1,0,0,0),(1184,'OWWA ID or OFW ID',176,12,0,0,0),(1185,'Pag-ibig Loyalty Card',176,11,0,0,0),(1186,'HDMF - PVC',176,10,0,0,0),(1187,'NBI Cleareance',176,9,0,0,0),(1188,'Police Clearance',176,8,0,0,0),(1189,'Voter\'s ID',176,7,0,0,0),(1190,'Senior Citizen ID',176,6,0,0,0),(1191,'School ID with Validation',176,5,0,0,0),(1192,'Company ID',176,4,0,0,0),(1193,'Barangay ID',176,3,0,0,0),(1194,'4P\'s ID',176,2,0,0,0),(1195,'Employed Private',177,1,0,0,0),(1196,'Self-Employed',177,2,0,0,0),(1197,'Government Employee',177,3,0,0,0),(1198,'Student',177,4,0,0,0),(1199,'Unemployed',177,5,0,0,0),(1200,'Yes',180,1,0,0,0),(1201,'No',180,2,0,0,0),(1202,'Basic',179,1,0,0,0),(1203,'Verified',179,2,0,0,0),(1204,'Restricted',179,3,0,0,0),(1205,'Individual',178,1,0,0,0),(1206,'Corporate partners',178,2,0,0,0),(1207,'Corporate walk-ins',178,3,0,0,0),(1208,'Barangay Clearance',181,1,0,0,0),(1209,'Customer Information',181,2,0,0,0),(1210,'Securities',181,3,0,0,0),(1211,'Board Resolution',181,4,0,0,0),(1212,'Business/Mayor\'s Permit',181,5,0,0,0),(1213,'Articles of Incorporation',181,6,0,0,0),(1214,'GIS',181,7,0,0,0),(1215,'BSP issued license',181,8,0,0,0),(1216,'Articles of Partnership',181,9,0,0,0),(1217,'Department of Trade',181,10,0,0,0),(1218,'SPA',181,11,0,0,0),(1219,'Verified',164,2,0,0,0);
/*!40000 ALTER TABLE `SUB_FILE_SELECT_OPTION` ENABLE KEYS */;
UNLOCK TABLES;

--
-- Table structure for table `SUB_LIST`
--

DROP TABLE IF EXISTS `SUB_LIST`;
/*!40101 SET @saved_cs_client     = @@character_set_client */;
/*!50503 SET character_set_client = utf8mb4 */;
CREATE TABLE `SUB_LIST` (
  `LIST_ID` int NOT NULL AUTO_INCREMENT,
  `CREATION_DATE` datetime NOT NULL,
  `LIST_DESC` varchar(255) DEFAULT NULL,
  `LIST_NAME` varchar(45) NOT NULL,
  `USER_ID` int NOT NULL,
  `IS_IDENTITY_USER_GENERATED` tinyint(1) DEFAULT NULL,
  `IS_DELETED` tinyint(1) NOT NULL DEFAULT '0',
  `IDENTITY_META_ID` int DEFAULT NULL,
  `COLLECTION_NAME` varchar(45) DEFAULT NULL,
  PRIMARY KEY (`LIST_ID`),
  KEY `FK_gdhh23fkid5x8aeve739qo4cx` (`USER_ID`),
  KEY `IDX_LIST_USER_UNQ` (`LIST_NAME`,`USER_ID`),
  CONSTRAINT `FK_gdhh23fkid5x8aeve739qo4cx` FOREIGN KEY (`USER_ID`) REFERENCES `APP_USER` (`USER_ID`)
) ENGINE=InnoDB AUTO_INCREMENT=89 DEFAULT CHARSET=latin1;
/*!40101 SET character_set_client = @saved_cs_client */;

--
-- Dumping data for table `SUB_LIST`
--

LOCK TABLES `SUB_LIST` WRITE;
/*!40000 ALTER TABLE `SUB_LIST` DISABLE KEYS */;
INSERT INTO `SUB_LIST` VALUES (76,'2023-11-16 08:39:33','PTC CUSTOMER','PTCCUSTOMERDETAILS',149,1,0,2033,'PTCCUSTOMERDETAILS76'),(77,'2023-11-16 08:39:34','PTC TRANSACTION','PTCTRANSACTIONDETAILS',149,0,0,2054,'PTCTRANSACTIONDETAILS77'),(78,'2023-11-16 08:39:35','PTC APPOINTMENT','PTCAPPOINTMENTDETAILS',149,0,0,2071,'PTCAPPOINTMENTDETAILS78'),(79,'2023-11-16 08:39:35','PTC LEAD_CARRIER','PTCLEADCARRIERDETAILS',149,0,0,2090,'PTCLEADCARRIERDETAILS79'),(80,'2023-11-16 08:39:35','PTC LEAD_VENDOR','PTCLEADVENDORDETAILS',149,0,0,2091,'PTCLEADVENDORDETAILS80'),(81,'2023-11-16 08:39:35','PTC VENDOR','PTCVENDORDETAILS',149,0,0,2092,'PTCVENDORDETAILS81'),(82,'2023-11-16 08:39:35','PTC CARRIER','PTCCARRIERDETAILS',149,0,0,2093,'PTCCARRIERDETAILS82'),(83,'2023-11-16 08:39:35','PTC CONTACT','PTCCONTACTDETAILS',149,0,0,2113,'PTCCONTACTDETAILS83'),(84,'2023-11-16 08:39:36','PTC OPPORTUNITY','PTCOPPORTUNITYDETAILS',149,0,0,2141,'PTCOPPORTUNITYDETAILS84'),(85,'2023-11-16 08:39:37','PTC LEAD','PTCLEADDETAILS',149,0,0,2182,'PTCLEADDETAILS85'),(86,'2023-11-16 08:39:39','PTC TICKETS','PTCTICKETSDETAILS',149,0,0,2213,'PTCTICKETSDETAILS86'),(87,'2023-11-16 08:39:40','PTC PRODUCT','PTCPRODUCTDETAILS',149,0,0,2229,'PTCPRODUCTDETAILS87'),(88,'2023-11-16 08:39:41','PTC PURCHASED_PRODUCT','PTCPURCHASEDPRODUCTDETAILS',149,0,0,2243,'PTCPURCHASEDPRODUCTDETAILS88');
/*!40000 ALTER TABLE `SUB_LIST` ENABLE KEYS */;
UNLOCK TABLES;

--
-- Table structure for table `SUB_LIST_EXTENSION`
--

DROP TABLE IF EXISTS `SUB_LIST_EXTENSION`;
/*!40101 SET @saved_cs_client     = @@character_set_client */;
/*!50503 SET character_set_client = utf8mb4 */;
CREATE TABLE `SUB_LIST_EXTENSION` (
  `EXTENSION_ID` int NOT NULL AUTO_INCREMENT,
  `LIST_ID` int NOT NULL,
  `XML_DATA_LOCATION` longtext NOT NULL,
  PRIMARY KEY (`EXTENSION_ID`),
  KEY `SUBLIST_EXT_SUBLISTID_idx` (`LIST_ID`),
  CONSTRAINT `SUBLIST_EXT_SUBLISTID` FOREIGN KEY (`LIST_ID`) REFERENCES `SUB_LIST` (`LIST_ID`)
) ENGINE=InnoDB DEFAULT CHARSET=latin1;
/*!40101 SET character_set_client = @saved_cs_client */;

--
-- Dumping data for table `SUB_LIST_EXTENSION`
--

LOCK TABLES `SUB_LIST_EXTENSION` WRITE;
/*!40000 ALTER TABLE `SUB_LIST_EXTENSION` DISABLE KEYS */;
/*!40000 ALTER TABLE `SUB_LIST_EXTENSION` ENABLE KEYS */;
UNLOCK TABLES;

--
-- Table structure for table `SUB_LIST_POSITION_MAP`
--

DROP TABLE IF EXISTS `SUB_LIST_POSITION_MAP`;
/*!40101 SET @saved_cs_client     = @@character_set_client */;
/*!50503 SET character_set_client = utf8mb4 */;
CREATE TABLE `SUB_LIST_POSITION_MAP` (
  `ID` int NOT NULL AUTO_INCREMENT,
  `SUB_LIST_META_ID` int NOT NULL,
  `PAGE_ID` int NOT NULL,
  `COLUMN_POSITON` int NOT NULL,
  `ALIAS` varchar(45) DEFAULT NULL,
  `SECTION` int DEFAULT NULL,
  `LINE` int DEFAULT NULL,
  `POSITION` int DEFAULT NULL,
  `BUSINESS_ID` int DEFAULT NULL,
  `IS_AVAILABLE` tinyint NOT NULL DEFAULT '1',
  `IS_DELETED` tinyint NOT NULL DEFAULT '0',
  `SYSTEM_REQUIRED_FIELDS` tinyint NOT NULL DEFAULT '0',
  PRIMARY KEY (`ID`),
  KEY `FK_SUB` (`SUB_LIST_META_ID`),
  KEY `FK_SECTION_idx` (`SECTION`),
  KEY `fk_business_details_id_idx` (`BUSINESS_ID`),
  CONSTRAINT `fk_business_details_id` FOREIGN KEY (`BUSINESS_ID`) REFERENCES `BUSINESS_DETAILS` (`BUSINESS_DETAIL_ID`),
  CONSTRAINT `FK_SECTION` FOREIGN KEY (`SECTION`) REFERENCES `STAGE_DETAILS` (`ID`),
  CONSTRAINT `FK_SUB` FOREIGN KEY (`SUB_LIST_META_ID`) REFERENCES `SUB_FILE_META_DATA` (`META_ID`)
) ENGINE=InnoDB AUTO_INCREMENT=2379 DEFAULT CHARSET=latin1;
/*!40101 SET character_set_client = @saved_cs_client */;

--
-- Dumping data for table `SUB_LIST_POSITION_MAP`
--

LOCK TABLES `SUB_LIST_POSITION_MAP` WRITE;
/*!40000 ALTER TABLE `SUB_LIST_POSITION_MAP` DISABLE KEYS */;
INSERT INTO `SUB_LIST_POSITION_MAP` VALUES (1979,2006,3,6,'Industry',2,1,9,9,0,0,0),(1980,2007,3,7,'Annual Revenue',4,2,2,9,0,0,0),(1981,2008,3,2,'Account Name',4,1,1,9,0,0,0),(1982,2008,4,2,'Account Name',NULL,NULL,NULL,9,1,1,1),(1983,2009,3,19,'Description',3,1,6,9,0,0,0),(1984,2011,3,10,'Employees',2,1,4,9,0,0,0),(1985,2012,3,1,'Account Owner',4,1,2,9,0,0,0),(1986,2012,4,1,'Account Owner',NULL,NULL,NULL,9,1,1,1),(1987,2013,3,4,'Account Number',2,1,7,9,0,0,0),(1988,2014,3,5,'Account Type',2,1,8,9,0,0,0),(1989,2015,3,11,'Ownership',2,1,2,9,0,0,0),(1990,2016,3,12,'SIC Code',2,1,3,9,0,0,0),(1991,2017,3,13,'Customer Image',1,1,1,9,1,0,0),(1992,2018,3,14,'Billing Street',3,1,1,9,0,0,0),(1993,2019,3,15,'Billing City',3,1,2,9,0,0,0),(1994,2020,3,16,'Billing State',3,1,3,9,0,0,0),(1995,2021,3,17,'Billing Code',3,1,4,9,0,0,0),(1996,2022,3,18,'Billing Country',3,1,5,9,0,0,0),(1997,2023,3,21,'Email Id',1,1,9,9,1,0,0),(1998,2025,3,3,'Website',2,1,5,9,0,0,0),(1999,2025,4,3,'Website',NULL,NULL,NULL,9,1,1,0),(2000,2026,3,8,'Phone',2,1,1,9,0,0,0),(2001,2027,3,9,'Fax',2,1,6,9,0,0,0),(2002,2031,3,22,'Parent Account',4,2,1,9,0,0,0),(2003,2033,4,4,'Id',NULL,NULL,NULL,9,1,0,0),(2004,2035,3,0,'Created Date',NULL,NULL,NULL,9,1,0,0),(2005,2037,3,0,'Modified Date',NULL,NULL,NULL,9,1,0,0),(2006,2040,11,0,'LeadId',NULL,NULL,NULL,9,1,0,0),(2007,2043,3,1,'Mobile',1,1,10,9,1,0,1),(2008,2094,5,1,'Contact Owner',1,1,1,9,1,0,1),(2009,2094,6,2,NULL,NULL,NULL,NULL,9,1,0,1),(2010,2095,5,2,'Lead Source',1,2,1,9,1,0,0),(2011,2096,5,3,'Account Name',1,2,2,9,1,0,1),(2012,2097,5,4,'First Name',1,1,2,9,1,0,1),(2013,2097,6,1,NULL,NULL,NULL,NULL,9,1,0,1),(2014,2098,5,5,'Title',1,1,3,9,1,0,0),(2015,2098,6,3,NULL,NULL,NULL,NULL,9,1,0,0),(2016,2099,5,6,'Department',1,2,3,9,1,0,0),(2017,2100,5,7,'Phone Number',1,1,5,9,1,0,1),(2018,2101,5,8,'Mobile',1,2,5,9,1,0,0),(2019,2102,5,9,'primary email Id',1,1,4,9,1,0,1),(2020,2103,5,10,'Secondary Email',1,2,4,9,1,0,0),(2021,2104,5,12,'Fax',1,1,6,9,1,0,0),(2022,2105,5,13,'Skype ID',1,1,7,9,1,0,0),(2023,2106,5,14,'Twitter',1,2,6,9,1,0,0),(2024,2107,5,15,'Reporting To',1,2,7,9,1,0,0),(2025,2107,6,4,NULL,NULL,NULL,NULL,9,1,0,0),(2026,2108,5,16,'Street',2,1,1,9,1,0,0),(2027,2109,5,17,'City',2,1,2,9,1,0,0),(2028,2110,5,18,'State',2,1,3,9,1,0,0),(2029,2111,5,19,'Country',2,2,1,9,1,0,0),(2030,2111,6,5,NULL,NULL,NULL,NULL,9,1,0,0),(2031,2112,5,20,'Zip Code',2,2,2,9,1,0,0),(2032,2113,6,6,NULL,NULL,NULL,NULL,9,1,0,0),(2033,2114,5,21,'Description',3,1,1,9,1,0,0),(2034,2119,5,0,'Created Date',NULL,NULL,NULL,9,1,0,0),(2035,2121,5,0,'Modified Date',NULL,NULL,NULL,9,1,0,0),(2036,2126,5,1,'Last Name',2,1,1,9,1,0,1),(2037,2126,6,1,NULL,NULL,NULL,NULL,9,1,0,1),(2038,2127,7,1,'Opportunity Owner',1,1,1,9,1,0,1),(2039,2127,8,1,NULL,NULL,NULL,NULL,9,1,1,1),(2040,2127,25,1,'Sold By',NULL,NULL,NULL,9,1,0,1),(2041,2127,27,2,'Opportunity Owner',NULL,NULL,NULL,9,1,0,0),(2042,2128,7,2,'Opportunity Name',1,1,2,9,1,0,1),(2043,2128,8,2,NULL,NULL,NULL,NULL,9,1,1,1),(2044,2128,27,1,'Opportunity Name',NULL,NULL,NULL,9,1,0,0),(2045,2129,7,3,'Lead/Account Name',1,1,3,9,1,0,1),(2046,2129,25,2,'Account',NULL,NULL,NULL,9,1,0,1),(2047,2129,27,4,'Lead/Account',NULL,NULL,NULL,9,1,0,0),(2048,2130,7,4,'Type',1,1,4,9,1,0,0),(2049,2130,8,3,NULL,NULL,NULL,NULL,9,1,1,0),(2050,2131,7,5,'Next Step',1,1,7,9,1,0,0),(2051,2132,7,6,'Lead Source',1,1,5,9,1,0,0),(2052,2133,7,7,'Contact Name',1,1,6,9,1,0,1),(2053,2133,27,3,'Contact Name',NULL,NULL,NULL,9,1,0,0),(2054,2134,7,8,'Amount',1,2,1,9,1,0,1),(2055,2134,25,5,'Value',NULL,NULL,NULL,9,1,0,1),(2056,2134,27,5,'Amount',NULL,NULL,NULL,9,1,0,0),(2057,2135,7,9,'Closing Date',1,2,2,9,1,0,1),(2058,2136,7,10,'Stage',1,2,3,9,1,0,1),(2059,2136,8,4,NULL,NULL,NULL,NULL,9,1,1,1),(2060,2136,27,6,'Stage',NULL,NULL,NULL,9,1,0,0),(2061,2137,7,11,'Probability (%)',1,2,4,9,1,0,0),(2062,2138,7,12,'Expected Revenue',1,2,5,9,1,0,0),(2063,2139,7,13,'Campaign Source',1,2,6,9,1,0,0),(2064,2140,7,14,'Description',2,1,1,9,1,0,0),(2065,2140,8,5,NULL,NULL,NULL,NULL,9,1,1,0),(2066,2141,8,6,NULL,NULL,NULL,NULL,9,1,0,0),(2067,2141,25,4,'OpportunityId',NULL,NULL,NULL,9,1,0,0),(2068,2141,27,7,'Id',NULL,NULL,NULL,9,1,0,0),(2069,2147,7,0,'Created Date',NULL,NULL,NULL,9,1,0,0),(2070,2149,7,0,'Modified Date',NULL,NULL,NULL,9,1,0,0),(2071,2151,7,15,'Search Type',1,2,16,9,1,0,1),(2072,2152,7,3,'Product',1,1,8,9,1,0,1),(2073,2152,25,3,'Purchased Product Name',NULL,NULL,NULL,9,1,0,1),(2074,2155,1,1,'Lead Owner',4,2,2,9,0,0,0),(2075,2155,10,1,'Contact Owner',NULL,NULL,NULL,9,1,0,1),(2076,2155,2,3,'Lead Owner',NULL,NULL,NULL,9,1,1,1),(2077,2155,11,16,'Account Owner',NULL,NULL,NULL,9,1,0,1),(2078,2155,26,4,'Lead Owner',NULL,NULL,NULL,9,1,0,0),(2079,2156,1,2,'First Name',1,1,3,9,1,0,0),(2080,2156,2,1,'26',NULL,1,NULL,9,1,1,1),(2081,2156,10,3,'First Name',NULL,NULL,NULL,9,1,0,1),(2082,2156,26,1,'First Name',NULL,NULL,NULL,9,1,0,0),(2083,2157,1,3,'Last Name',1,1,5,9,1,0,1),(2084,2157,2,2,'27',NULL,1,NULL,9,1,1,1),(2085,2157,10,19,'Last Name',NULL,NULL,NULL,9,1,0,1),(2086,2157,26,2,'Last Name',NULL,NULL,NULL,9,1,0,0),(2087,2158,1,4,'Industry',4,2,8,9,0,0,0),(2088,2158,11,3,'Industry',NULL,NULL,NULL,9,1,0,0),(2089,2159,1,5,'Annual Revenue',4,2,4,9,0,0,0),(2090,2159,11,4,'Annual Revenue',NULL,NULL,NULL,9,1,0,1),(2091,2160,1,6,'Lead Source',4,2,6,9,0,0,0),(2092,2160,2,4,NULL,NULL,NULL,NULL,9,1,1,0),(2093,2160,10,11,'Lead Source',NULL,NULL,NULL,9,1,0,0),(2094,2161,1,7,'Title',4,2,5,9,0,0,0),(2095,2161,10,12,'Title',NULL,NULL,NULL,9,1,0,0),(2096,2162,1,8,'Phone Number',4,2,7,9,0,0,0),(2097,2162,11,5,'Phone Number',NULL,NULL,NULL,9,1,0,0),(2098,2162,10,13,'Phone Number',NULL,NULL,NULL,9,1,0,0),(2099,2163,1,9,'Mobile Number',1,1,9,9,1,0,1),(2100,2163,10,16,'Mobile',NULL,NULL,NULL,9,1,0,1),(2101,2164,1,11,'Secondary email',4,2,9,9,0,0,0),(2102,2164,10,17,'Secondary Email',NULL,NULL,NULL,9,1,0,0),(2103,2165,1,12,'Company Name',4,2,1,9,0,0,0),(2104,2165,2,3,'2',NULL,NULL,NULL,9,1,1,1),(2105,2165,10,2,'Account Name',NULL,NULL,NULL,9,1,0,1),(2106,2165,11,2,'Company Name',NULL,NULL,NULL,9,1,0,1),(2107,2165,26,3,'Company Name',NULL,NULL,NULL,9,1,0,0),(2108,2166,1,13,'Fax',4,2,14,9,0,0,0),(2109,2166,11,6,'Fax',NULL,NULL,NULL,9,1,0,0),(2110,2166,10,14,'Fax',NULL,NULL,NULL,9,1,0,0),(2111,2167,1,14,'Website',4,2,11,9,0,0,0),(2112,2167,11,8,'Website',NULL,NULL,NULL,9,1,0,0),(2113,2168,1,15,'Lead Profile Status',1,2,4,9,1,0,0),(2114,2168,26,5,'Lead Profile Status',NULL,NULL,NULL,9,1,0,0),(2115,2169,1,16,'No of Employees',4,2,10,9,0,0,0),(2116,2169,11,7,'No of Employees',NULL,NULL,NULL,9,1,0,0),(2117,2171,1,18,'Twitter',4,2,13,9,0,0,0),(2118,2171,10,18,'Twitter',NULL,NULL,NULL,9,1,0,0),(2119,2172,1,19,'Lead Image',1,1,1,9,1,0,0),(2120,2172,11,17,'Account Image',NULL,NULL,NULL,9,1,0,0),(2121,2173,1,20,'Street',4,2,15,9,0,0,0),(2122,2173,10,5,'Street',NULL,NULL,NULL,9,1,0,0),(2123,2173,11,9,'Billing Street',NULL,NULL,NULL,9,1,0,0),(2124,2174,1,21,'City',4,2,17,9,0,0,0),(2125,2174,10,6,'City',NULL,NULL,NULL,9,1,0,0),(2126,2174,11,10,'Billing City',NULL,NULL,NULL,9,1,0,0),(2127,2175,1,22,'State',4,2,18,9,0,0,0),(2128,2175,10,7,'State',NULL,NULL,NULL,9,1,0,0),(2129,2175,11,11,'Billing State',NULL,NULL,NULL,9,1,0,0),(2130,2176,1,23,'Country',3,1,6,9,1,0,0),(2131,2176,10,8,'Country',NULL,NULL,NULL,9,1,0,0),(2132,2176,11,13,'Billing Country',NULL,NULL,NULL,9,1,0,0),(2133,2177,1,24,'Zip Code',3,1,8,9,1,0,0),(2134,2177,10,9,'Zip Code',NULL,NULL,NULL,9,1,0,0),(2135,2177,11,12,'Billing Postal',NULL,NULL,NULL,9,1,0,0),(2136,2178,1,25,'Description',4,2,16,9,0,0,0),(2137,2178,10,4,'Description',NULL,NULL,NULL,9,1,0,0),(2138,2178,11,14,'Description',NULL,NULL,NULL,9,1,0,0),(2139,2179,1,22,'Email Address',1,1,10,9,1,0,1),(2140,2179,10,10,'Primary email Id',NULL,NULL,NULL,9,1,0,1),(2141,2179,11,15,'Email Id',NULL,NULL,NULL,9,1,0,1),(2142,2182,2,5,NULL,NULL,NULL,NULL,9,1,0,0),(2143,2182,26,6,'Id',NULL,NULL,NULL,9,1,0,0),(2144,2184,1,17,'Skype ID',4,2,12,9,0,0,0),(2145,2184,10,15,'Skype ID',NULL,NULL,NULL,9,1,0,0),(2146,2186,1,0,'Created Date',NULL,NULL,NULL,9,1,0,0),(2147,2188,1,0,'Modified Date',NULL,NULL,NULL,9,1,0,0),(2148,2190,1,0,'Is Contacted',NULL,NULL,NULL,9,1,0,0),(2149,2196,20,1,'Ticket Number',1,1,1,9,1,0,0),(2150,2196,21,1,'Ticket Number',NULL,NULL,NULL,9,1,0,0),(2151,2196,28,1,'Ticket Number',NULL,NULL,NULL,9,1,0,0),(2152,2197,20,2,'Ticket Type',1,1,5,9,1,0,0),(2153,2197,21,2,'Ticket Type',NULL,NULL,NULL,9,1,0,0),(2154,2198,20,3,'Requested By',1,1,2,9,1,0,1),(2155,2199,20,4,'Requested Detail',1,1,6,9,1,0,0),(2156,2199,21,4,'Requested Detail',NULL,NULL,NULL,9,1,0,0),(2157,2200,20,5,'Status',1,2,2,9,1,0,1),(2158,2200,21,5,'Status',NULL,NULL,NULL,9,1,0,1),(2159,2200,28,4,'Status',NULL,NULL,NULL,9,1,0,0),(2160,2201,20,6,'Priority',1,2,5,9,1,0,1),(2161,2201,21,6,'Priority',NULL,NULL,NULL,9,1,0,1),(2162,2201,28,3,'Priority',NULL,NULL,NULL,9,1,0,0),(2163,2203,20,7,'Ticket Severity',1,2,6,9,1,0,0),(2164,2204,20,9,'Requested Date',1,2,3,9,1,0,0),(2165,2205,20,8,'Requested By Type',1,2,4,9,1,0,1),(2166,2206,20,10,'Due Date',1,1,3,9,1,0,0),(2167,2206,21,7,'Due Date',NULL,NULL,NULL,9,1,0,0),(2168,2207,20,0,'Modified Date',NULL,NULL,NULL,9,1,0,0),(2169,2210,20,0,'Created Date',NULL,NULL,NULL,9,1,0,0),(2170,2213,21,9,'Id',NULL,NULL,NULL,9,1,0,0),(2171,2213,28,5,'Id',NULL,NULL,NULL,9,1,0,0),(2172,2214,20,12,'Assigned To',1,2,1,9,1,0,1),(2173,2214,21,8,'Assigned To',NULL,NULL,NULL,9,1,0,1),(2174,2215,20,13,'Title',1,1,4,9,1,0,1),(2175,2215,28,2,'Title',NULL,NULL,NULL,9,1,0,0),(2176,2218,22,1,'Product Number',1,2,2,9,1,0,0),(2177,2218,23,1,'Product Number',NULL,NULL,NULL,9,1,0,0),(2178,2219,22,2,'Product Type',1,1,1,9,1,0,1),(2179,2219,23,2,'Product Type',NULL,NULL,NULL,9,1,0,1),(2180,2220,22,3,'Product Name',1,2,1,9,1,0,1),(2181,2220,23,3,'Product Name',NULL,NULL,NULL,9,1,0,1),(2182,2221,22,4,'Time Period',1,1,3,9,1,0,1),(2183,2221,23,4,'Time Period',NULL,NULL,NULL,9,1,0,1),(2184,2222,22,5,'Description',1,2,3,9,1,0,0),(2185,2222,23,5,'Description',NULL,NULL,NULL,9,1,0,0),(2186,2223,22,0,'Modified Date',NULL,NULL,NULL,9,1,0,0),(2187,2226,22,0,'Created Date',NULL,NULL,NULL,9,1,0,0),(2188,2228,22,6,'Product Detail',1,1,2,9,1,0,0),(2189,2229,23,6,'Id',NULL,NULL,NULL,9,1,0,0),(2190,2233,24,1,'Product Type',1,2,3,9,1,0,0),(2191,2235,24,2,'Time Period',1,2,2,9,1,0,0),(2192,2236,24,3,'Description',1,1,4,9,1,0,0),(2193,2242,24,5,'Account',1,1,1,9,1,0,0),(2194,2244,24,4,'Product',1,2,1,9,1,0,0),(2195,2245,24,6,'Value',1,2,4,9,1,0,0),(2196,2246,24,7,'Sold By',1,1,2,9,1,0,0),(2197,2248,24,8,'Purchased Date',1,1,3,9,1,0,0),(2198,2156,2,5,'First Name',NULL,NULL,NULL,9,1,0,0),(2199,2157,2,4,'Last Name',NULL,NULL,NULL,9,1,0,1),(2200,2159,2,4,'Annual Revenue',NULL,NULL,NULL,9,1,1,1),(2201,2162,2,5,'Phone Number',NULL,NULL,NULL,9,1,1,0),(2202,2179,2,3,'Email Address',NULL,NULL,NULL,9,1,1,1),(2203,2129,8,1,'Lead/Account Name',NULL,NULL,NULL,9,1,1,1),(2204,2127,8,1,'Opportunity Owner',NULL,NULL,NULL,9,1,0,1),(2205,2128,8,2,'Opportunity Name',NULL,NULL,NULL,9,1,0,0),(2206,2136,8,3,'Stage',NULL,NULL,NULL,9,1,0,0),(2207,2130,8,4,'Type',NULL,NULL,NULL,9,1,0,0),(2208,2152,8,5,'Product',NULL,NULL,NULL,9,1,0,1),(2209,2251,1,0,'PPGCustomerIDNumber',1,2,5,9,1,0,0),(2210,2252,3,0,'PPGCustomerIDNumber',1,2,8,9,1,0,0),(2211,2253,3,0,'SukiCardNo',1,2,2,9,1,0,0),(2212,2254,3,0,'Last Name',1,1,5,9,1,0,0),(2213,2255,3,0,'First Name',1,1,3,9,1,0,0),(2214,2256,3,0,'Middle Name',1,1,4,9,1,0,0),(2215,2257,3,0,'Suffix',1,1,7,9,1,0,0),(2216,2258,3,0,'Birth Date',1,1,17,9,1,0,0),(2217,2259,3,0,'Sex',1,1,12,9,1,0,0),(2218,2260,3,0,'MaritalStatus',1,1,14,9,1,0,0),(2219,2261,3,0,'MobileNumber',NULL,1,0,9,0,0,0),(2220,2262,3,0,'Occupation',1,1,13,9,1,0,0),(2221,2263,3,0,'Present Province',3,2,1,9,1,0,0),(2222,2264,3,0,'Present Country',3,2,7,9,1,0,0),(2223,2265,3,0,'SourceofFunds',2,1,1,9,1,0,0),(2224,2266,3,0,'NatureofWork',2,1,2,9,1,0,0),(2225,2267,3,0,'Position',2,2,1,9,1,0,0),(2226,2268,3,0,'Employer/Business/Govt agency/School name',2,2,2,9,1,0,0),(2227,2269,3,0,'AverageMonthlyIncome',2,1,5,9,1,0,0),(2228,2270,3,0,'Type of ID',4,2,1,9,1,0,0),(2229,2271,3,0,'ID Number',4,2,2,9,1,0,0),(2230,2272,3,0,'ID IssuedOn',4,2,3,9,1,0,0),(2231,2273,3,0,'ID ExpiryDate',4,2,4,9,1,0,0),(2232,2274,3,0,'BranchCode',1,2,5,9,1,0,0),(2233,2275,3,0,'CreatedDate',1,2,12,9,1,0,0),(2234,2276,3,0,'Present City/Municipality',3,2,5,9,1,0,0),(2235,2277,3,0,'Present Unit-Flr/Bldg',3,2,3,9,1,0,0),(2236,2278,3,0,'Office/School Address',2,2,4,9,1,0,0),(2237,2279,3,0,'Customer ID No.',1,2,2,9,0,0,0),(2238,2280,3,0,'Suki Card Points',1,2,4,9,1,0,0),(2239,2281,3,0,'CustomerType',1,2,1,9,1,0,0),(2240,2282,3,0,'Customer Profile Status',1,2,6,9,1,0,0),(2241,2283,3,0,'Philsys Card No.',1,1,22,9,1,0,0),(2242,2284,3,0,'Prefix',1,1,6,9,1,0,0),(2243,2285,3,0,'Nickname',1,1,8,9,1,0,0),(2244,2286,3,0,'Birth Place',1,1,18,9,1,0,0),(2245,2287,3,0,'Is Minor?',1,1,15,9,1,0,0),(2246,2288,3,0,'Nationality',1,1,20,9,1,0,0),(2247,2289,3,0,'Region',3,1,6,9,1,0,0),(2248,2290,3,0,'Barangay',3,1,2,9,1,0,0),(2249,2291,3,0,'Subd/Village (Purok/Sitio)',3,1,4,9,1,0,0),(2250,2292,3,0,'Zip Code',3,1,8,9,1,0,0),(2251,2293,3,0,'Country',3,1,7,9,1,0,0),(2252,2294,3,0,'Landline Number',1,1,11,9,1,0,0),(2253,2295,3,0,'Opt In Option',3,1,9,9,1,0,0),(2254,2296,3,0,'Other Sources of Funds',2,1,4,9,1,0,0),(2255,2297,3,0,'Others Nature of Work',2,1,3,9,1,0,0),(2256,2298,3,0,'is PEP?',1,1,16,9,1,0,0),(2257,2299,3,0,'ID No Expiry',4,2,5,9,1,0,0),(2258,2300,3,0,'Document Type',4,1,1,9,1,0,0),(2259,2301,3,0,'Document Number',4,1,2,9,1,0,0),(2260,2302,3,0,'Document Issued On',4,1,3,9,1,0,0),(2261,2303,3,0,'Document Expiry Date',4,1,4,9,1,0,0),(2262,2304,3,0,'Document No Expiry',4,1,5,9,1,0,0),(2263,2305,3,0,'Risk Profile',1,2,9,9,1,0,0),(2264,2306,3,0,'Risk Watch Category',1,2,10,9,1,0,0),(2265,2307,3,0,'Last Modified',1,2,15,9,1,0,0),(2266,2308,3,0,'Checked By',1,2,13,9,1,0,0),(2267,2309,3,0,'Encoded By',1,2,16,9,1,0,0),(2268,2310,3,0,'ModifiedBy',1,2,14,9,1,0,0),(2269,2311,3,0,'Unit-Flr/Bldg/House No. and Street Name',3,1,3,9,1,0,0),(2270,2312,1,0,'Lead ID No.',1,2,4,9,0,0,0),(2271,2313,1,0,'PPG Lead ID Number',1,2,4,9,0,0,0),(2272,2314,1,0,'Suki Card No.',1,2,1,9,1,0,0),(2273,2315,1,0,'Suki Card Points',1,2,2,9,1,0,0),(2274,2316,1,0,'Prefix',1,1,8,9,1,0,0),(2275,2317,1,0,'Middle Name',1,1,4,9,1,0,0),(2276,2318,1,0,'Lead Type',1,2,3,9,1,0,0),(2277,2319,1,0,'Lead Profile Status',1,2,6,9,0,0,0),(2278,2320,1,0,'Suffix',1,1,7,9,1,0,0),(2279,2321,1,0,'Nickname',1,1,6,9,1,0,0),(2280,2322,1,0,'Birth Date',1,1,14,9,1,0,0),(2281,2323,1,0,'Birth Place',1,1,15,9,1,0,0),(2282,2324,1,0,'Is Minor?',1,1,17,9,1,0,0),(2283,2325,1,0,'Sex (Gender)',1,1,13,9,1,0,0),(2284,2326,1,0,'Marital Status',1,1,19,9,1,0,0),(2285,2327,1,0,'Nationality',1,1,21,9,1,0,0),(2286,2328,1,0,'Lead Since',1,2,6,9,1,0,0),(2287,2329,1,0,'Mothers Maiden Name',1,1,20,9,1,0,0),(2288,2330,1,0,'Region',3,1,7,9,1,0,0),(2289,2331,1,0,'Province',3,1,1,9,1,0,0),(2290,2332,1,0,'City/Municipality',3,1,5,9,1,0,0),(2291,2333,1,0,'Barangay',3,1,2,9,1,0,0),(2292,2334,1,0,'Subd/Village (Purok/Sitio)',3,1,4,9,1,0,0),(2293,2335,1,0,'Unit-Flr/Bldg/House No. and Street Name',3,1,3,9,1,0,0),(2294,2336,1,0,'Landline Number',1,1,12,9,1,0,0),(2295,2337,1,0,'Opt In',3,1,9,9,1,0,0),(2296,2338,1,0,'is PEP?',1,1,18,9,1,0,0),(2297,2339,1,0,'Type of ID',4,2,1,9,1,0,0),(2298,2340,1,0,'ID Number',4,2,2,9,1,0,0),(2299,2341,1,0,'ID Issued On',4,2,3,9,1,0,0),(2300,2342,1,0,'ID Expiry Date',4,2,4,9,1,0,0),(2301,2343,1,0,'ID No Expiry',4,2,5,9,1,0,0),(2302,2344,1,0,'Document Type',4,1,1,9,1,0,0),(2303,2345,1,0,'Document Number',4,1,2,9,1,0,0),(2304,2346,1,0,'Document Issued On',4,1,3,9,1,0,0),(2305,2347,1,0,'Document Expiry Date',4,1,4,9,1,0,0),(2306,2348,1,0,'Document No Expiry',4,1,5,9,1,0,0),(2307,2349,1,0,'Branch Code',1,2,10,9,1,0,0),(2308,2350,1,0,'Risk Profile',1,2,8,9,1,0,0),(2309,2351,1,0,'Risk Watch Category',1,2,7,9,1,0,0),(2310,2352,1,0,'Last Modified',1,2,12,9,1,0,0),(2311,2353,1,0,'Registered At',1,2,11,9,1,0,0),(2312,2354,1,0,'Checked By',1,2,13,9,1,0,0),(2313,2355,1,0,'Encoded By',1,2,14,9,1,0,0),(2314,2356,1,0,'ModifiedBy',1,2,15,9,1,0,0),(2315,2357,1,0,'CreatedDate',1,2,9,9,1,0,0),(2316,2358,3,0,'Province',3,1,1,9,1,0,0),(2317,2359,3,0,'City/Municipality',3,1,5,9,1,0,0),(2318,2360,3,0,'Registered At',1,2,17,9,1,0,0),(2319,2361,3,0,'Birth Country',1,1,19,9,1,0,0),(2320,2362,3,0,'Customer Since',1,2,7,9,1,0,0),(2321,2363,3,0,'Mothers Maiden Name',1,1,21,9,1,0,0),(2322,2364,3,0,'Present Barangay',3,2,2,9,1,0,0),(2323,2365,3,0,'Present Subd/Village (Purok/Sitio)',3,2,4,9,1,0,0),(2324,2366,3,0,'Present Region',3,2,6,9,1,0,0),(2325,2367,3,0,'Present Zip Code',3,2,8,9,1,0,0),(2326,2368,3,0,'Nature of Business',2,2,3,9,1,0,0),(2327,2369,3,0,'Consent',1,2,11,9,1,0,0),(2328,2370,1,0,'Present Province',3,2,1,9,1,0,0),(2329,2371,1,0,'Present Barangay',3,2,2,9,1,0,0),(2330,2372,1,0,'Present Unit-Flr/Bldg/House No.',3,2,3,9,1,0,0),(2331,2373,1,0,'Present Subd/Village (Purok/Sitio)',3,2,4,9,1,0,0),(2332,2374,1,0,'Present City/Municipality',3,2,5,9,1,0,0),(2333,2375,1,0,'Present Country',3,2,6,9,1,0,0),(2334,2376,1,0,'Present Region',3,2,7,9,1,0,0),(2335,2377,1,0,'Present Zip Code',3,2,8,9,1,0,0),(2336,2378,1,0,'Birth Country',1,1,16,9,1,0,0),(2337,2379,1,0,'Source of Funds',2,1,1,9,1,0,0),(2338,2380,1,0,'Other Sources of Funds',2,1,3,9,1,0,0),(2339,2381,1,0,'Nature of Work',2,1,2,9,1,0,0),(2340,2382,1,0,'Other Nature of Work',2,1,4,9,1,0,0),(2341,2383,1,0,'Position',2,2,1,9,1,0,0),(2342,2384,1,0,'Employer/Business/Govt agency/School name',2,2,2,9,1,0,0),(2343,2385,1,0,'Nature of Business',2,2,3,9,1,0,0),(2344,2386,1,0,'Office/School Address',2,2,4,9,1,0,0),(2345,2387,1,0,'AverageMonthlyIncome',1,1,22,9,1,0,0),(2346,2388,1,0,'AverageAnnualIncome',1,1,23,9,1,0,0),(2347,2389,3,0,'AverageAnnualIncome',2,1,6,9,1,0,0),(2348,2255,4,5,'First Name',NULL,NULL,NULL,9,1,0,0),(2349,2254,4,4,'Last Name',NULL,NULL,NULL,9,1,0,0),(2350,2023,4,6,'Email Id',NULL,NULL,NULL,9,1,1,0),(2351,2043,4,7,'Mobile',NULL,NULL,NULL,9,1,1,1),(2352,2163,2,4,'Mobile Number',NULL,NULL,NULL,9,1,1,1),(2353,2390,1,0,'3HashCode',NULL,NULL,NULL,9,1,0,0),(2354,2391,1,0,'4HashCode',NULL,NULL,NULL,9,1,0,0),(2355,2392,3,0,'3HashCode',NULL,NULL,NULL,9,1,0,0),(2356,2393,3,0,'4HashCode',NULL,NULL,NULL,9,1,0,0),(2357,2394,3,0,'Customer Status',1,2,3,9,1,0,0),(2358,2395,1,0,'Lead ID No',1,1,2,9,1,0,0),(2359,2396,3,0,'Customer ID No',1,1,2,9,1,0,0),(2360,2396,4,2,'Customer ID No',NULL,NULL,NULL,9,1,0,0),(2361,2253,4,3,'SukiCardNo',NULL,NULL,NULL,9,1,0,0),(2362,2363,4,7,'Mothers Maiden Name',NULL,NULL,NULL,9,1,0,0),(2363,2258,4,8,'Birth Date',NULL,NULL,NULL,9,1,0,0),(2364,2305,4,9,'Risk Profile',NULL,NULL,NULL,9,1,0,0),(2365,2306,4,10,'Risk Watch Category',NULL,NULL,NULL,9,1,0,0),(2366,2282,4,11,'Customer Profile Status',NULL,NULL,NULL,9,1,0,0),(2367,2397,1,0,'Occupation',1,1,11,9,1,0,0),(2368,2256,4,6,'Middle Name',NULL,NULL,NULL,9,1,0,0),(2369,2395,2,2,'Lead ID No',NULL,NULL,NULL,9,1,0,0),(2370,2314,2,3,'Suki Card No.',NULL,NULL,NULL,9,1,0,0),(2371,2317,2,6,'Middle Name',NULL,NULL,NULL,9,1,0,0),(2372,2329,2,7,'Mothers Maiden Name',NULL,NULL,NULL,9,1,0,0),(2373,2322,2,8,'Birth Date',NULL,NULL,NULL,9,1,0,0),(2374,2350,2,9,'Risk Profile',NULL,NULL,NULL,9,1,0,0),(2375,2351,2,10,'Risk Watch Category',NULL,NULL,NULL,9,1,0,0),(2376,2319,2,10,'Lead Profile Status',NULL,NULL,NULL,9,1,1,0),(2377,2017,4,1,'Customer Image',1,1,2,9,1,0,0),(2378,2172,2,1,'Lead Image',1,1,2,9,1,0,0);
/*!40000 ALTER TABLE `SUB_LIST_POSITION_MAP` ENABLE KEYS */;
UNLOCK TABLES;

--
-- Table structure for table `SURVEY`
--

DROP TABLE IF EXISTS `SURVEY`;
/*!40101 SET @saved_cs_client     = @@character_set_client */;
/*!50503 SET character_set_client = utf8mb4 */;
CREATE TABLE `SURVEY` (
  `SURVEY_ID` int NOT NULL AUTO_INCREMENT,
  `BUSINESS_ID` int NOT NULL,
  `VERSION_ID` int DEFAULT NULL,
  `SURVEY_NAME` varchar(45) NOT NULL,
  `IS_DELETED` tinyint(1) NOT NULL DEFAULT '0',
  `SURVEY_TYPE` varchar(45) NOT NULL,
  `USER_ID` int NOT NULL,
  `BUSINESS_HIERARCHY_ID` int DEFAULT NULL,
  `SURVEY_PAGE_ID` int DEFAULT NULL,
  PRIMARY KEY (`SURVEY_ID`),
  KEY `fk_SURVEY_1_idx` (`BUSINESS_ID`),
  KEY `fk_SURVEY_2_idx` (`USER_ID`),
  KEY `BUSINESS_HIERARCHY_ID` (`BUSINESS_HIERARCHY_ID`),
  CONSTRAINT `fk_SURVEY_1` FOREIGN KEY (`BUSINESS_ID`) REFERENCES `BUSINESS_DETAILS` (`BUSINESS_DETAIL_ID`),
  CONSTRAINT `fk_SURVEY_2` FOREIGN KEY (`USER_ID`) REFERENCES `APP_USER` (`USER_ID`),
  CONSTRAINT `SURVEY_ibfk_1` FOREIGN KEY (`BUSINESS_HIERARCHY_ID`) REFERENCES `BUSINESS_HIERARCHY` (`BUSINESS_HIERARCHY_ID`)
) ENGINE=InnoDB AUTO_INCREMENT=87 DEFAULT CHARSET=latin1;
/*!40101 SET character_set_client = @saved_cs_client */;

--
-- Dumping data for table `SURVEY`
--

LOCK TABLES `SURVEY` WRITE;
/*!40000 ALTER TABLE `SURVEY` DISABLE KEYS */;
INSERT INTO `SURVEY` VALUES (84,9,1,'Default_Survey',0,'Ready_To_Use',149,22,NULL),(85,9,1,'Default_Survey',0,'Review',149,22,NULL),(86,9,1,'Default_Survey',0,'Review',150,23,NULL);
/*!40000 ALTER TABLE `SURVEY` ENABLE KEYS */;
UNLOCK TABLES;

--
-- Table structure for table `SURVEY_QUESTIONS`
--

DROP TABLE IF EXISTS `SURVEY_QUESTIONS`;
/*!40101 SET @saved_cs_client     = @@character_set_client */;
/*!50503 SET character_set_client = utf8mb4 */;
CREATE TABLE `SURVEY_QUESTIONS` (
  `QUESTION_ID` int NOT NULL AUTO_INCREMENT,
  `SURVEY_ID` int NOT NULL,
  `QUESTION` varchar(500) NOT NULL,
  `VERSION` int NOT NULL,
  `CREATION_DATE` datetime NOT NULL,
  `IS_DELETED` tinyint(1) NOT NULL DEFAULT '0',
  PRIMARY KEY (`QUESTION_ID`),
  KEY `fk_SURVEY_QUESTIONS_1_idx` (`SURVEY_ID`),
  CONSTRAINT `fk_SURVEY_QUESTIONS_1` FOREIGN KEY (`SURVEY_ID`) REFERENCES `SURVEY` (`SURVEY_ID`)
) ENGINE=InnoDB AUTO_INCREMENT=206 DEFAULT CHARSET=latin1;
/*!40101 SET character_set_client = @saved_cs_client */;

--
-- Dumping data for table `SURVEY_QUESTIONS`
--

LOCK TABLES `SURVEY_QUESTIONS` WRITE;
/*!40000 ALTER TABLE `SURVEY_QUESTIONS` DISABLE KEYS */;
INSERT INTO `SURVEY_QUESTIONS` VALUES (200,84,'Was it easy to Place Deals?',1,'2023-11-16 08:39:45',0),(201,84,'How do you rate the service?',1,'2023-11-16 08:39:45',0),(202,84,'How was the communication?',1,'2023-11-16 08:39:45',0),(203,84,'Where all your request is fullfilled?',1,'2023-11-16 08:39:45',0),(204,85,'Rate us?',1,'2023-11-16 08:39:45',0),(205,86,'Rate us?',1,'2023-11-16 08:41:58',0);
/*!40000 ALTER TABLE `SURVEY_QUESTIONS` ENABLE KEYS */;
UNLOCK TABLES;

--
-- Table structure for table `SURVEY_SCHEDULE_MAP`
--

DROP TABLE IF EXISTS `SURVEY_SCHEDULE_MAP`;
/*!40101 SET @saved_cs_client     = @@character_set_client */;
/*!50503 SET character_set_client = utf8mb4 */;
CREATE TABLE `SURVEY_SCHEDULE_MAP` (
  `ID` int NOT NULL AUTO_INCREMENT,
  `CAMPAIGN_ID` int NOT NULL,
  `SURVEY_ID` int NOT NULL,
  PRIMARY KEY (`ID`),
  KEY `CAMPAIGN_ID_idx` (`CAMPAIGN_ID`),
  KEY `SURVEY_ID_idx` (`SURVEY_ID`),
  CONSTRAINT `CAMPAIGN_ID` FOREIGN KEY (`CAMPAIGN_ID`) REFERENCES `CAMPAIGN` (`CAMPAIGN_ID`),
  CONSTRAINT `SURVEY_ID` FOREIGN KEY (`SURVEY_ID`) REFERENCES `SURVEY` (`SURVEY_ID`)
) ENGINE=InnoDB DEFAULT CHARSET=latin1;
/*!40101 SET character_set_client = @saved_cs_client */;

--
-- Dumping data for table `SURVEY_SCHEDULE_MAP`
--

LOCK TABLES `SURVEY_SCHEDULE_MAP` WRITE;
/*!40000 ALTER TABLE `SURVEY_SCHEDULE_MAP` DISABLE KEYS */;
/*!40000 ALTER TABLE `SURVEY_SCHEDULE_MAP` ENABLE KEYS */;
UNLOCK TABLES;

--
-- Table structure for table `SYSTEM_DATA_SELECT_MAP`
--

DROP TABLE IF EXISTS `SYSTEM_DATA_SELECT_MAP`;
/*!40101 SET @saved_cs_client     = @@character_set_client */;
/*!50503 SET character_set_client = utf8mb4 */;
CREATE TABLE `SYSTEM_DATA_SELECT_MAP` (
  `ID` int NOT NULL AUTO_INCREMENT,
  `SYSTEM_DATA_NAME` varchar(100) NOT NULL,
  `BUSINESS_ID` int NOT NULL,
  `SELECT_ID` int NOT NULL,
  `IS_DELETED` tinyint NOT NULL DEFAULT '0',
  PRIMARY KEY (`ID`),
  KEY `business_detail_systemselect_fk_idx` (`BUSINESS_ID`),
  CONSTRAINT `business_detail_systemselect_fk` FOREIGN KEY (`BUSINESS_ID`) REFERENCES `BUSINESS_DETAILS` (`BUSINESS_DETAIL_ID`)
) ENGINE=InnoDB AUTO_INCREMENT=28 DEFAULT CHARSET=utf8mb4 COLLATE=utf8mb4_0900_ai_ci;
/*!40101 SET character_set_client = @saved_cs_client */;

--
-- Dumping data for table `SYSTEM_DATA_SELECT_MAP`
--

LOCK TABLES `SYSTEM_DATA_SELECT_MAP` WRITE;
/*!40000 ALTER TABLE `SYSTEM_DATA_SELECT_MAP` DISABLE KEYS */;
INSERT INTO `SYSTEM_DATA_SELECT_MAP` VALUES (25,'TASK_CALL_PURPOSE',9,170,0),(26,'TASK_CALL_RESULT',9,171,0),(27,'TASK_CALL_TYPE',9,172,0);
/*!40000 ALTER TABLE `SYSTEM_DATA_SELECT_MAP` ENABLE KEYS */;
UNLOCK TABLES;

--
-- Table structure for table `SYSTEM_PARAMETER`
--

DROP TABLE IF EXISTS `SYSTEM_PARAMETER`;
/*!40101 SET @saved_cs_client     = @@character_set_client */;
/*!50503 SET character_set_client = utf8mb4 */;
CREATE TABLE `SYSTEM_PARAMETER` (
  `SYSTEM_PARAMETER_ID` int NOT NULL AUTO_INCREMENT,
  `PARAMETER_NAME` varchar(45) NOT NULL,
  `PARAMETER_VALUE` varchar(255) NOT NULL,
  `IS_SYSTEM_CONTROL` tinyint(1) NOT NULL,
  `IS_VALIDATE` tinyint(1) NOT NULL DEFAULT '0',
  PRIMARY KEY (`SYSTEM_PARAMETER_ID`)
) ENGINE=InnoDB AUTO_INCREMENT=45 DEFAULT CHARSET=latin1;
/*!40101 SET character_set_client = @saved_cs_client */;

--
-- Dumping data for table `SYSTEM_PARAMETER`
--

LOCK TABLES `SYSTEM_PARAMETER` WRITE;
/*!40000 ALTER TABLE `SYSTEM_PARAMETER` DISABLE KEYS */;
INSERT INTO `SYSTEM_PARAMETER` VALUES (1,'ID','_id',1,0),(2,'NUMBER_TYPE','2',1,0),(3,'IDENTITY_TYPE','Identity',1,0),(4,'IDENTITY_TYPE_ID','4',1,0),(5,'DATE_TYPE','Date',1,0),(6,'DATE_TYPE_ID','5',1,0),(7,'SAMPLE_DATA_ROW_LIMIT','4',0,0),(8,'USER_DEFINED','User_defined',1,0),(9,'DEFAULT','Default',1,0),(10,'PREVIEW_IMAGE','https://pixabay.com/static/uploads/photo/2015/06/29/16/26/lion-825704__180.jpg',0,0),(11,'SAVED','Saved',1,0),(12,'DRAFT','Draft',1,0),(13,'PREVIEW_IMAGE_USER_DEF','https://pixabay.com/static/uploads/photo/2015/06/28/17/25/horse-824688__180.jpg',0,0),(14,'MAX_SCHEDULE_REPEAT_INTERVAL','30',0,0),(16,'SUB_FILE_PATH','/STFS0029M/',1,0),(17,'SUB_FILE_BACKUP_PATH','/STFS0029M/BackupFiles/',1,0),(18,'EMAIL_PATTERN','^[\\w-_\\.+]*[\\w-_\\.]\\@([\\w-_]+\\.)+[\\w]+[\\w]$',1,0),(19,'PASSWORD_LENGTH','8',1,0),(20,'VALID_NAME_PATTERN','^[A-Za-z0-9 _@\\.\'\\/-]*$',1,0),(21,'API_KEY_VALID_DAYS','30',0,0),(22,'LAYOUT','layout',1,0),(23,'MILANO_INSERT_DATA_URL','http://www.milanosupport.com:8000/api/MClient/?pageCount=1000&pageNumber=',0,0),(24,'MILANO_PAGE_COUNT_URL','http://milanodata.milanoconnect.com:9057/api/MClient/pageCount/',0,0),(25,'MILANO_KEY','LKdmnhPnDdNYo4Acga9xmJwwj6sSFTvnVAgi82uCygs=',0,0),(26,'ERROR_LIMIT_COUNT','1500001',1,0),(27,'USER_DEFINED_CATEGORY_ID','1',1,0),(28,'SMS_COMM_SERVER_NAME','Twilio',1,0),(29,'DATE_FORMAT_SETTING','12 Hour',1,0),(30,'MANDATORY_COLUMN_TYPE','Email, PhoneNumber',1,0),(31,'DEFAULT_TIME_ZONE','EST',1,0),(32,'PHONE_NUMBER_PATTERN','^\\+?(\\d{9,15})$',1,0),(33,'SCHEDULAR_JOB_LIMIT_COUNT','50',1,0),(34,'MILANO_CUSTOMER_KEY','LKdmnhPnDdNYo4Acga9xmJwwj6sSFTvnVAgi82uCygs=',1,0),(35,'MILANO_APPOINTMENT_KEY','MkRDMDU0NUEtRUNBQy00QThELUIyMDAtOUM4ODM3NUFCNjM1',1,0),(36,'MILANO_TRANSACTION_KEY','L7fQVvWYDm2DUVPgo1eJMAPGQQdQDTXI/m0izDUE/CI=',1,0),(37,'MILANO_API_STORE_COMMON_KEY','LKdmnhPnDdNYo4Acga9xmJwwj6sSFTvnVAgi82uCygs=',0,0),(38,'STORE_OPEN_TIME','09:00',1,0),(39,'STORE_CLOSE_TIME','21:00',1,0),(40,'ALLOWED_CHARACTER','160',1,0),(41,'DATA_UPLOAD_PROCESS_TIME','8',1,0),(42,'RESOURCE_SERVICE_MAP_COST_LIMIT','10000000',1,0),(43,'CHUNK_BY','15',1,0),(44,'DEFAULT_CURRENCY','USD',1,0);
/*!40000 ALTER TABLE `SYSTEM_PARAMETER` ENABLE KEYS */;
UNLOCK TABLES;

--
-- Table structure for table `TASK`
--

DROP TABLE IF EXISTS `TASK`;
/*!40101 SET @saved_cs_client     = @@character_set_client */;
/*!50503 SET character_set_client = utf8mb4 */;
CREATE TABLE `TASK` (
  `ID` int NOT NULL AUTO_INCREMENT,
  `SCHEDULAR_ID` int DEFAULT NULL,
  `TO_WHOM` varchar(40) DEFAULT NULL,
  `TO_WHOM_NAME` varchar(40) DEFAULT NULL,
  `SURVEY_TEMPLATE_ID` int DEFAULT NULL,
  `ATTACHMENTID` varchar(100) DEFAULT NULL,
  `TASK_OWNER` int NOT NULL,
  `SUBJECT` varchar(250) NOT NULL,
  `PRODUCT_NAME_ID` int DEFAULT NULL,
  `TASK_TYPE` int NOT NULL,
  `LEAD_OR_ACCOUNT_ID` varchar(45) DEFAULT NULL,
  `CONTACT_ID` varchar(45) DEFAULT NULL,
  `OPPORTUNITY_ID` varchar(45) DEFAULT NULL,
  `DUE_DATE` datetime NOT NULL,
  `PRIORITY` int DEFAULT NULL,
  `STATUS` int DEFAULT NULL,
  `REMINDER_ENABLED` tinyint(1) NOT NULL DEFAULT '0',
  `CAMPAIGN_ID` int DEFAULT NULL,
  `DECRIPTION` varchar(1000) DEFAULT NULL,
  `CALL_PURPOSE` varchar(45) DEFAULT NULL,
  `CALL_RESULT` varchar(45) DEFAULT NULL,
  `CALL_TYPE` varchar(45) DEFAULT NULL,
  `FROM_DATE` datetime DEFAULT NULL,
  `TO_DATE` datetime DEFAULT NULL,
  `PARTICIPANTS` varchar(10000) DEFAULT NULL,
  `SEARCH_TYPE` varchar(45) DEFAULT NULL,
  `CREATED_BY` int NOT NULL,
  `CREATED_DATE` datetime NOT NULL,
  `MODIFIED_BY` int NOT NULL,
  `MODIFIED_DATE` datetime NOT NULL,
  `BUSINESS_DETAILS_ID` int NOT NULL,
  `BUSINESS_HIERARCHY_ID` int DEFAULT NULL,
  `SEARCHED_FROM` varchar(45) DEFAULT NULL,
  `IS_ONINE_MEETING` tinyint(1) DEFAULT '0',
  `ADDITIONAL_EMAIL_IDS` varchar(1000) DEFAULT NULL,
  `LOCATION` varchar(1000) DEFAULT NULL,
  `ONLINE_MEETING_ID` varchar(1000) DEFAULT NULL,
  PRIMARY KEY (`ID`),
  KEY `fk_campaign_id_idx` (`CAMPAIGN_ID`),
  KEY `fk_task_owner_idx` (`TASK_OWNER`),
  KEY `fk_created_by_idx` (`CREATED_BY`),
  KEY `fk_modified_by_idx` (`MODIFIED_BY`),
  KEY `fk_business_Detail` (`BUSINESS_DETAILS_ID`),
  KEY `BUSINESS_HIERARCHY_ID` (`BUSINESS_HIERARCHY_ID`),
  CONSTRAINT `fk_business_Detail` FOREIGN KEY (`BUSINESS_DETAILS_ID`) REFERENCES `BUSINESS_DETAILS` (`BUSINESS_DETAIL_ID`),
  CONSTRAINT `fk_campaign_id` FOREIGN KEY (`CAMPAIGN_ID`) REFERENCES `CAMPAIGN` (`CAMPAIGN_ID`),
  CONSTRAINT `fk_created_by` FOREIGN KEY (`CREATED_BY`) REFERENCES `APP_USER` (`USER_ID`),
  CONSTRAINT `fk_modified_by` FOREIGN KEY (`MODIFIED_BY`) REFERENCES `APP_USER` (`USER_ID`),
  CONSTRAINT `fk_task_owner` FOREIGN KEY (`TASK_OWNER`) REFERENCES `RESOURCE` (`RESOURCE_ID`),
  CONSTRAINT `TASK_ibfk_1` FOREIGN KEY (`BUSINESS_HIERARCHY_ID`) REFERENCES `BUSINESS_HIERARCHY` (`BUSINESS_HIERARCHY_ID`)
) ENGINE=InnoDB DEFAULT CHARSET=latin1;
/*!40101 SET character_set_client = @saved_cs_client */;

--
-- Dumping data for table `TASK`
--

LOCK TABLES `TASK` WRITE;
/*!40000 ALTER TABLE `TASK` DISABLE KEYS */;
/*!40000 ALTER TABLE `TASK` ENABLE KEYS */;
UNLOCK TABLES;

--
-- Table structure for table `TEMPLATE`
--

DROP TABLE IF EXISTS `TEMPLATE`;
/*!40101 SET @saved_cs_client     = @@character_set_client */;
/*!50503 SET character_set_client = utf8mb4 */;
CREATE TABLE `TEMPLATE` (
  `TEMPLATE_ID` int NOT NULL AUTO_INCREMENT,
  `CREATION_DATE` datetime NOT NULL,
  `SUBJECT` varchar(300) NOT NULL,
  `NAME` varchar(100) NOT NULL,
  `TEMPLATE_DATA` longtext CHARACTER SET utf8mb3 COLLATE utf8mb3_general_ci,
  `TEMPLATE_PREVIEW_IMG` varchar(300) DEFAULT NULL,
  `TEMPLATE_STATUS` varchar(45) NOT NULL,
  `TEMPLATE_TYPE` varchar(45) NOT NULL,
  `USER_ID` int DEFAULT NULL,
  `LIST_ID` int DEFAULT NULL,
  `IS_DELETED` tinyint(1) NOT NULL DEFAULT '0',
  `CATEGORY_ID` int DEFAULT NULL,
  `JSON_DATA` longtext CHARACTER SET utf8mb3 COLLATE utf8mb3_general_ci,
  `CREATION_FOR` varchar(45) DEFAULT NULL,
  `TEMPLATE_EDITOR_TYPE` int NOT NULL,
  `TEMPLATE_VERSION` int DEFAULT NULL,
  `BUSINESS_HIERARCHY_ID` int DEFAULT NULL,
  PRIMARY KEY (`TEMPLATE_ID`),
  KEY `FK_rdu85bvjc6c3hhpr650lqad66` (`USER_ID`),
  KEY `FK_nykrpuifex5q7s8nmdkc230wr` (`LIST_ID`),
  KEY `fk_TEMPLATE_1_idx` (`CATEGORY_ID`),
  KEY `BUSINESS_HIERARCHY_ID` (`BUSINESS_HIERARCHY_ID`),
  CONSTRAINT `FK_nykrpuifex5q7s8nmdkc230wr` FOREIGN KEY (`LIST_ID`) REFERENCES `SUB_LIST` (`LIST_ID`),
  CONSTRAINT `FK_rdu85bvjc6c3hhpr650lqad66` FOREIGN KEY (`USER_ID`) REFERENCES `APP_USER` (`USER_ID`),
  CONSTRAINT `fk_TEMPLATE_1` FOREIGN KEY (`CATEGORY_ID`) REFERENCES `TEMPLATE_CATEGORIES` (`CATEGORY_ID`),
  CONSTRAINT `TEMPLATE_ibfk_1` FOREIGN KEY (`BUSINESS_HIERARCHY_ID`) REFERENCES `BUSINESS_HIERARCHY` (`BUSINESS_HIERARCHY_ID`)
) ENGINE=InnoDB AUTO_INCREMENT=455 DEFAULT CHARSET=latin1;
/*!40101 SET character_set_client = @saved_cs_client */;

--
-- Dumping data for table `TEMPLATE`
--

LOCK TABLES `TEMPLATE` WRITE;
/*!40000 ALTER TABLE `TEMPLATE` DISABLE KEYS */;
INSERT INTO `TEMPLATE` VALUES (453,'2024-01-05 00:20:23','u67u67','yr6u','<!DOCTYPE html PUBLIC \"-//W3C//DTD XHTML 1.0 Transitional//EN\" \"http://www.w3.org/TR/xhtml1/DTD/xhtml1-transitional.dtd\">\n<html xmlns=\"http://www.w3.org/1999/xhtml\"><head>\n  <meta http-equiv=\"Content-Type\" content=\"text/html; charset=UTF-8\">\n  <meta name=\"viewport\" content=\"initial-scale=1.0\">\n  <meta name=\"format-detection\" content=\"telephone=no\">\n  <title>Customer Relation</title>\n  \n  <style type=\"text/css\" data-inline=\"true\">\n    body{ Margin: 0; padding: 0; }\n    img{ border: 0px; display: block; }\n\n    .socialLinks{ font-size: 6px; }\n    .socialLinks a{\n      display: inline-block;\n    }\n    .socialIcon{\n      display: inline-block;\n      vertical-align: top;\n      padding-bottom: 0px;\n      border-radius: 100%;\n    }\n    .oldwebkit{ max-width: 570px; }\n    td.vb-outer{ padding-left: 9px; padding-right: 9px; }\n    table.vb-container, table.vb-row, table.vb-content{\n      border-collapse: separate;\n    }\n    table.vb-row{\n      border-spacing: 9px;\n    }\n    table.vb-row.halfpad{\n      border-spacing: 0;\n      padding-left: 9px;\n      padding-right: 9px;\n    }\n    table.vb-row.fullwidth{\n      border-spacing: 0;\n      padding: 0;\n    }\n    table.vb-container{\n      padding-left: 18px;\n      padding-right: 18px;\n    }\n    table.vb-container.fullpad{\n      border-spacing: 18px;\n      padding-left: 0;\n      padding-right: 0;\n    }\n    table.vb-container.halfpad{\n      border-spacing: 9px;\n      padding-left: 9px;\n      padding-right: 9px;\n    }\n    table.vb-container.fullwidth{\n      padding-left: 0;\n      padding-right: 0;\n    }\n  </style>\n  <style type=\"text/css\">\n    /* yahoo, hotmail */\n    .ExternalClass, .ExternalClass p, .ExternalClass span, .ExternalClass font, .ExternalClass td, .ExternalClass div{ line-height: 100%; }\n    .yshortcuts a{ border-bottom: none !important; }\n    .vb-outer{ min-width: 0 !important; }\n    .RMsgBdy, .ExternalClass{\n      width: 100%;\n      background-color: #3f3f3f;\n      background-color: #3f3f3f}\n\n    /* outlook */\n    table{ mso-table-rspace: 0pt; mso-table-lspace: 0pt; }\n    #outlook a{ padding: 0; }\n    img{ outline: none; text-decoration: none; border: none; -ms-interpolation-mode: bicubic; }\n    a img{ border: none; }\n\n    @media screen and (max-device-width: 600px), screen and (max-width: 600px) {\n      table.vb-container, table.vb-row{\n        width: 95% !important;\n      }\n\n      .mobile-hide{ display: none !important; }\n      .mobile-textcenter{ text-align: center !important; }\n\n      .mobile-full{\n        float: none !important;\n        width: 100% !important;\n        max-width: none !important;\n        padding-right: 0 !important;\n        padding-left: 0 !important;\n      }\n      img.mobile-full{\n        width: 100% !important;\n        max-width: none !important;\n        height: auto !important;\n      }   \n    }\n  </style>\n  <style type=\"text/css\" data-inline=\"true\">\n    \n    #ko_sideArticleBlock_1 .links-color a, #ko_sideArticleBlock_1 .links-color a:link, #ko_sideArticleBlock_1 .links-color a:visited, #ko_sideArticleBlock_1 .links-color a:hover{\n      color: #3f3f3f;\n      color: #3f3f3f;\n      text-decoration: underline\n    }\n     #ko_sideArticleBlock_1 .long-text p{ Margin: 1em 0px }  #ko_sideArticleBlock_1 .long-text p:last-child{ Margin-bottom: 0px }  #ko_sideArticleBlock_1 .long-text p:first-child{ Margin-top: 0px } </style>\n</head>\n<body bgcolor=\"#3f3f3f\" text=\"#919191\" alink=\"#cccccc\" vlink=\"#cccccc\" style=\"background-color: #3f3f3f; color: #919191;\">\n\n  <center>\n\n  <!-- preheaderBlock -->\n  <!-- /preheaderBlock -->\n\n  <table class=\"vb-outer\" width=\"100%\" cellpadding=\"0\" border=\"0\" cellspacing=\"0\" bgcolor=\"#bfbfbf\" style=\"background-color: #bfbfbf;\" id=\"ko_sideArticleBlock_1\">\n    <tbody><tr>\n      <td class=\"vb-outer\" align=\"center\" valign=\"top\" bgcolor=\"#bfbfbf\" style=\"background-color: #bfbfbf;\">\n\n<!--[if (gte mso 9)|(lte ie 8)]><table align=\"center\" border=\"0\" cellspacing=\"0\" cellpadding=\"0\" width=\"570\"><tr><td align=\"center\" valign=\"top\"><![endif]-->\n        <div class=\"oldwebkit\">\n        <table width=\"570\" border=\"0\" cellpadding=\"0\" cellspacing=\"9\" class=\"vb-row fullpad\" bgcolor=\"#ffffff\" style=\"width: 100%; max-width: 570px; background-color: #ffffff;\">\n          <tbody><tr>\n            <td align=\"center\" class=\"mobile-row\" valign=\"top\" style=\"font-size: 0;\">\n\n<!--[if (gte mso 9)|(lte ie 8)]><table align=\"center\" border=\"0\" cellspacing=\"0\" cellpadding=\"0\" width=\"552\"><tr><![endif]-->\n\n\n<!--[if (gte mso 9)|(lte ie 8)]><td align=\"left\" valign=\"top\" width=\"184\"><![endif]--> \n\n<div class=\"mobile-full\" style=\"display: inline-block; max-width: 184px; vertical-align: top; width: 100%;\">\n\n												<table class=\"vb-content\" border=\"0\" cellspacing=\"9\" cellpadding=\"0\" width=\"184\" align=\"left\" style=\"width: 100%;\">\n													<tbody><tr>\n														<!--  <td width=\"100%\" valign=\"top\" align=\"left\" class=\"links-color\">\n                          <a data-ko-link=\"image.url\" href=\"\">\n                            <img data-ko-editable=\"image.src\" border=\"0\" hspace=\"0\" vspace=\"0\" width=\"166\" height=\"130\"\n                              data-ko-placeholder-height=\"130\" class=\"mobile-full\" alt=\"\"\n                              src=\"http://mosaico.io/srv/f-default/img?method=placeholder&amp;params=166%2C130\" \n                              style=\"vertical-align: top; width: 100%; height: auto; -ko-attr-width: @imageWidth;\n                               max-width: 166px; -ko-max-width: @[imageWidth]px; -ko-attr-alt: @image.alt; -ko-attr-height: @imageHeight;\" />\n                          </a>\n                        </td> -->\n\n						<td valign=\"top\" align=\"center\">\n\n                    \n                    \n                      <img width=\"166\" height=\"130\" vspace=\"0\" hspace=\"0\" border=\"0\" alt=\"\" style=\"width: 100%; max-width: 166px;\" src=\"https://dummyimage.com/166x130.jpg\">\n\n            </td>\n													</tr>\n												</tbody></table>\n\n											</div><!--[if (gte mso 9)|(lte ie 8)]></td>\n<![endif]--><!--[if (gte mso 9)|(lte ie 8)]>\n<td align=\"left\" valign=\"top\" width=\"368\">\n<![endif]--><div class=\"mobile-full\" style=\"display: inline-block; max-width: 368px; vertical-align: top; width: 100%;\"> \n\n                    <table class=\"vb-content\" border=\"0\" cellspacing=\"9\" cellpadding=\"0\" width=\"368\" align=\"left\" style=\"width: 100%;\">\n                      <tbody><tr>\n                      \n                        <td style=\"font-size: 18px; font-family: Arial, Helvetica, sans-serif; color: #3f3f3f; text-align: left;\">\n                          <span style=\"color: #3f3f3f;\">\n                          Title\n                          </span>\n                        </td>\n                        \n                        \n                        \n                        \n                        \n                      </tr>\n                      <tr>\n                        <td align=\"left\" class=\"long-text links-color\" style=\"text-align: left; font-size: 13px; font-family: Arial, Helvetica, sans-serif; color: #3f3f3f;\">\n                          <p style=\"word-wrap: break-word; width: 350px;\">Far far away, behind the word mountains, far from the countries <a href=\"\">Vokalia and Consonantia</a>, there live the blind texts. Separated they live in Bookmarksgrove right at the coast of the Semantics, a large language ocean. A small river named Duden flows by their place and supplies it with the necessary regelialia.</p>\n                        </td>\n                      </tr>\n                      <tr>\n                        <td valign=\"top\">\n                          \n                          \n                          <table cellpadding=\"0\" border=\"0\" align=\"left\" cellspacing=\"0\" class=\"mobile-full\" style=\"padding-top: 4px;\">\n                            <tbody><tr>\n                              <td width=\"auto\" valign=\"middle\" bgcolor=\"#bfbfbf\" align=\"left\" height=\"26\" style=\"font-size: 13px; font-family: Arial, Helvetica, sans-serif; text-align: center; color: #3f3f3f; font-weight: normal; padding-left: 18px; padding-right: 18px; background-color: #bfbfbf; border-radius: 4px;\">\n                                <a style=\"text-decoration: none; color: #3f3f3f; font-weight: normal;\" target=\"_new\" disabledhref=\"#\" display=\"none\">BUTTON</a>\n                              </td>\n                            </tr>\n                          </tbody></table>\n                          \n                          \n                          \n                          \n                          \n                        </td>\n                      </tr>\n                    </tbody></table>\n</div><!--[if (gte mso 9)|(lte ie 8)]></td>\n<![endif]-->\n<!--[if (gte mso 9)|(lte ie 8)]></tr></table><![endif]-->\n\n            </td>\n          </tr>\n        </tbody></table>\n        </div>\n<!--[if (gte mso 9)|(lte ie 8)]></td></tr></table><![endif]-->\n      </td>\n    </tr>\n  </tbody></table>\n\n  </center>\n\n</body></html>','https://eazycomimages.s3-us-west-2.amazonaws.com/template_category_images/Customized-New.jpg','SAVED','User_defined',149,85,0,1,'{\"type\":\"template\",\"customStyle\":false,\"preheaderVisible\":true,\"titleText\":\"Customer Relation\",\"mainBlocks\":{\"type\":\"blocks\",\"blocks\":[{\"type\":\"sideArticleBlock\",\"customStyle\":false,\"backgroundColor\":null,\"titleVisible\":true,\"buttonVisible\":true,\"\\n\":null,\"imageWidth\":\"166\",\"imagePos\":\"left\",\"titlePos\":\"left\",\"buttonPos\":\"left\",\"titleTextStyle\":{\"type\":\"textStyle\",\"face\":null,\"color\":null,\"size\":null},\"longTextStyle\":{\"type\":\"longTextStyle\",\"face\":null,\"color\":null,\"size\":null,\"linksColor\":null},\"buttonStyle\":{\"type\":\"buttonStyle\",\"face\":null,\"color\":null,\"size\":null,\"buttonColor\":null,\"radius\":null},\"image\":{\"type\":\"image\",\"src\":\"\",\"url\":\"\",\"alt\":\"\"},\"longText\":\"\\n                          <p replacedstyle=\\\"word-wrap: break-word; width: 350px;\\\" data-bind=\\\"virtualAttrStyle: \'word-wrap: break-word; \'+\'width: 350px;\'+\'\'\\\" style=\\\"word-wrap: break-word; width: 350px;\\\">Far far away, behind the word mountains, far from the countries <a href=\\\"\\\">Vokalia and Consonantia</a>, there live the blind texts. Separated they live in Bookmarksgrove right at the coast of the Semantics, a large language ocean. A small river named Duden flows by their place and supplies it with the necessary regelialia.</p>\\n                        \",\"buttonLink\":{\"type\":\"link\",\"text\":\"BUTTON\",\"url\":\"\"},\"id\":\"ko_sideArticleBlock_1\",\"externalBackgroundColor\":null,\"imageHeight\":\"130\",\"titleText\":\"\\n                          Title\\n                          \"}]},\"gutterWidth\":\"10\",\"sansFace\":null,\"theme\":{\"type\":\"theme\",\"frameTheme\":{\"type\":\"frameTheme\",\"backgroundColor\":\"#3f3f3f\",\"longTextStyle\":{\"type\":\"longTextStyle\",\"face\":\"Arial, Helvetica, sans-serif\",\"color\":\"#919191\",\"size\":\"13\",\"linksColor\":\"#cccccc\"},\"sansFace\":\"Frutiger, \'Frutiger Linotype\', \'Helvetica Neue\', Helvetica, Arial, sans-serif\"},\"contentTheme\":{\"type\":\"contentTheme\",\"longTextStyle\":{\"type\":\"longTextStyle\",\"face\":\"Arial, Helvetica, sans-serif\",\"color\":\"#3f3f3f\",\"size\":\"13\",\"linksColor\":\"#3f3f3f\"},\"externalBackgroundColor\":\"#bfbfbf\",\"externalTextStyle\":{\"type\":\"textStyle\",\"face\":\"Arial, Helvetica, sans-serif\",\"color\":\"#f3f3f3\",\"size\":\"18\"},\"backgroundColor\":\"#ffffff\",\"titleTextStyle\":{\"type\":\"textStyle\",\"face\":\"Arial, Helvetica, sans-serif\",\"color\":\"#3f3f3f\",\"size\":\"18\"},\"buttonStyle\":{\"type\":\"buttonStyle\",\"face\":\"Arial, Helvetica, sans-serif\",\"color\":\"#3f3f3f\",\"size\":\"13\",\"buttonColor\":\"#bfbfbf\",\"radius\":\"4\"},\"bigTitleStyle\":{\"type\":\"bigTitleStyle\",\"face\":\"Arial, Helvetica, sans-serif\",\"color\":\"#3f3f3f\",\"size\":\"22\",\"align\":null},\"hrStyle\":{\"type\":\"hrStyle\",\"color\":\"#3f3f3f\",\"hrWidth\":\"100\",\"hrHeight\":\"1\"},\"bigButtonStyle\":{\"type\":\"buttonStyle\",\"face\":\"Arial, Helvetica, sans-serif\",\"color\":\"#3f3f3f\",\"size\":\"22\",\"buttonColor\":\"#bfbfbf\",\"radius\":\"4\"}},\"bodyTheme\":{\"type\":\"bodyTheme\",\"longTextStyle\":{\"type\":\"longTextStyle\",\"face\":\"Arial, Helvetica, sans-serif\",\"color\":\"#919191\",\"size\":\"20\",\"linksColor\":\"#cccccc\"},\"backgroundColor\":\"#3f3f3f\",\"externalBackgroundColor\":\"#bfbfbf\"}}}','EMAIL',1,2,23),(454,'2024-01-05 00:21:34','u67u67','yr6u','<!DOCTYPE html PUBLIC \"-//W3C//DTD XHTML 1.0 Transitional//EN\" \"http://www.w3.org/TR/xhtml1/DTD/xhtml1-transitional.dtd\">\n<html xmlns=\"http://www.w3.org/1999/xhtml\"><head>\n  <meta http-equiv=\"Content-Type\" content=\"text/html; charset=UTF-8\">\n  <meta name=\"viewport\" content=\"initial-scale=1.0\">\n  <meta name=\"format-detection\" content=\"telephone=no\">\n  <title>Customer Relation</title>\n  \n  <style type=\"text/css\" data-inline=\"true\">\n    body{ Margin: 0; padding: 0; }\n    img{ border: 0px; display: block; }\n\n    .socialLinks{ font-size: 6px; }\n    .socialLinks a{\n      display: inline-block;\n    }\n    .socialIcon{\n      display: inline-block;\n      vertical-align: top;\n      padding-bottom: 0px;\n      border-radius: 100%;\n    }\n    .oldwebkit{ max-width: 570px; }\n    td.vb-outer{ padding-left: 9px; padding-right: 9px; }\n    table.vb-container, table.vb-row, table.vb-content{\n      border-collapse: separate;\n    }\n    table.vb-row{\n      border-spacing: 9px;\n    }\n    table.vb-row.halfpad{\n      border-spacing: 0;\n      padding-left: 9px;\n      padding-right: 9px;\n    }\n    table.vb-row.fullwidth{\n      border-spacing: 0;\n      padding: 0;\n    }\n    table.vb-container{\n      padding-left: 18px;\n      padding-right: 18px;\n    }\n    table.vb-container.fullpad{\n      border-spacing: 18px;\n      padding-left: 0;\n      padding-right: 0;\n    }\n    table.vb-container.halfpad{\n      border-spacing: 9px;\n      padding-left: 9px;\n      padding-right: 9px;\n    }\n    table.vb-container.fullwidth{\n      padding-left: 0;\n      padding-right: 0;\n    }\n  </style>\n  <style type=\"text/css\">\n    /* yahoo, hotmail */\n    .ExternalClass, .ExternalClass p, .ExternalClass span, .ExternalClass font, .ExternalClass td, .ExternalClass div{ line-height: 100%; }\n    .yshortcuts a{ border-bottom: none !important; }\n    .vb-outer{ min-width: 0 !important; }\n    .RMsgBdy, .ExternalClass{\n      width: 100%;\n      background-color: #3f3f3f;\n      background-color: #3f3f3f}\n\n    /* outlook */\n    table{ mso-table-rspace: 0pt; mso-table-lspace: 0pt; }\n    #outlook a{ padding: 0; }\n    img{ outline: none; text-decoration: none; border: none; -ms-interpolation-mode: bicubic; }\n    a img{ border: none; }\n\n    @media screen and (max-device-width: 600px), screen and (max-width: 600px) {\n      table.vb-container, table.vb-row{\n        width: 95% !important;\n      }\n\n      .mobile-hide{ display: none !important; }\n      .mobile-textcenter{ text-align: center !important; }\n\n      .mobile-full{\n        float: none !important;\n        width: 100% !important;\n        max-width: none !important;\n        padding-right: 0 !important;\n        padding-left: 0 !important;\n      }\n      img.mobile-full{\n        width: 100% !important;\n        max-width: none !important;\n        height: auto !important;\n      }   \n    }\n  </style>\n  <style type=\"text/css\" data-inline=\"true\">\n    \n    #ko_sideArticleBlock_1 .links-color a, #ko_sideArticleBlock_1 .links-color a:link, #ko_sideArticleBlock_1 .links-color a:visited, #ko_sideArticleBlock_1 .links-color a:hover{\n      color: #3f3f3f;\n      color: #3f3f3f;\n      text-decoration: underline\n    }\n     #ko_sideArticleBlock_1 .long-text p{ Margin: 1em 0px }  #ko_sideArticleBlock_1 .long-text p:last-child{ Margin-bottom: 0px }  #ko_sideArticleBlock_1 .long-text p:first-child{ Margin-top: 0px } </style>\n</head>\n<body bgcolor=\"#3f3f3f\" text=\"#919191\" alink=\"#cccccc\" vlink=\"#cccccc\" style=\"background-color: #3f3f3f; color: #919191;\">\n\n  <center>\n\n  <!-- preheaderBlock -->\n  <!-- /preheaderBlock -->\n\n  <table class=\"vb-outer\" width=\"100%\" cellpadding=\"0\" border=\"0\" cellspacing=\"0\" bgcolor=\"#bfbfbf\" style=\"background-color: #bfbfbf;\" id=\"ko_sideArticleBlock_1\">\n    <tbody><tr>\n      <td class=\"vb-outer\" align=\"center\" valign=\"top\" bgcolor=\"#bfbfbf\" style=\"background-color: #bfbfbf;\">\n\n<!--[if (gte mso 9)|(lte ie 8)]><table align=\"center\" border=\"0\" cellspacing=\"0\" cellpadding=\"0\" width=\"570\"><tr><td align=\"center\" valign=\"top\"><![endif]-->\n        <div class=\"oldwebkit\">\n        <table width=\"570\" border=\"0\" cellpadding=\"0\" cellspacing=\"9\" class=\"vb-row fullpad\" bgcolor=\"#ffffff\" style=\"width: 100%; max-width: 570px; background-color: #ffffff;\">\n          <tbody><tr>\n            <td align=\"center\" class=\"mobile-row\" valign=\"top\" style=\"font-size: 0;\">\n\n<!--[if (gte mso 9)|(lte ie 8)]><table align=\"center\" border=\"0\" cellspacing=\"0\" cellpadding=\"0\" width=\"552\"><tr><![endif]-->\n\n\n<!--[if (gte mso 9)|(lte ie 8)]><td align=\"left\" valign=\"top\" width=\"184\"><![endif]--> \n\n<div class=\"mobile-full\" style=\"display: inline-block; max-width: 184px; vertical-align: top; width: 100%;\">\n\n												<table class=\"vb-content\" border=\"0\" cellspacing=\"9\" cellpadding=\"0\" width=\"184\" align=\"left\" style=\"width: 100%;\">\n													<tbody><tr>\n														<!--  <td width=\"100%\" valign=\"top\" align=\"left\" class=\"links-color\">\n                          <a data-ko-link=\"image.url\" href=\"\">\n                            <img data-ko-editable=\"image.src\" border=\"0\" hspace=\"0\" vspace=\"0\" width=\"166\" height=\"130\"\n                              data-ko-placeholder-height=\"130\" class=\"mobile-full\" alt=\"\"\n                              src=\"http://mosaico.io/srv/f-default/img?method=placeholder&amp;params=166%2C130\" \n                              style=\"vertical-align: top; width: 100%; height: auto; -ko-attr-width: @imageWidth;\n                               max-width: 166px; -ko-max-width: @[imageWidth]px; -ko-attr-alt: @image.alt; -ko-attr-height: @imageHeight;\" />\n                          </a>\n                        </td> -->\n\n						<td valign=\"top\" align=\"center\">\n\n                    \n                    \n                      <img width=\"166\" height=\"130\" vspace=\"0\" hspace=\"0\" border=\"0\" alt=\"\" style=\"width: 100%; max-width: 166px;\" src=\"https://dummyimage.com/166x130.jpg\">\n\n            </td>\n													</tr>\n												</tbody></table>\n\n											</div><!--[if (gte mso 9)|(lte ie 8)]></td>\n<![endif]--><!--[if (gte mso 9)|(lte ie 8)]>\n<td align=\"left\" valign=\"top\" width=\"368\">\n<![endif]--><div class=\"mobile-full\" style=\"display: inline-block; max-width: 368px; vertical-align: top; width: 100%;\"> \n\n                    <table class=\"vb-content\" border=\"0\" cellspacing=\"9\" cellpadding=\"0\" width=\"368\" align=\"left\" style=\"width: 100%;\">\n                      <tbody><tr>\n                      \n                        <td style=\"font-size: 18px; font-family: Arial, Helvetica, sans-serif; color: #3f3f3f; text-align: left;\">\n                          <span style=\"color: #3f3f3f;\">\n                          Title\n                          </span>\n                        </td>\n                        \n                        \n                        \n                        \n                        \n                      </tr>\n                      <tr>\n                        <td align=\"left\" class=\"long-text links-color\" style=\"text-align: left; font-size: 13px; font-family: Arial, Helvetica, sans-serif; color: #3f3f3f;\">\n                          <p style=\"word-wrap: break-word; width: 350px;\">Far far away, behind the word mountains, far from the countries <a href=\"\">Vokalia and Consonantia</a>, there live the blind texts. Separated they live in Bookmarksgrove right at the coast of the Semantics, a large language ocean. A small river named Duden flows by their place and supplies it with the necessary regelialia.</p>\n                        </td>\n                      </tr>\n                      <tr>\n                        <td valign=\"top\">\n                          \n                          \n                          <table cellpadding=\"0\" border=\"0\" align=\"left\" cellspacing=\"0\" class=\"mobile-full\" style=\"padding-top: 4px;\">\n                            <tbody><tr>\n                              <td width=\"auto\" valign=\"middle\" bgcolor=\"#bfbfbf\" align=\"left\" height=\"26\" style=\"font-size: 13px; font-family: Arial, Helvetica, sans-serif; text-align: center; color: #3f3f3f; font-weight: normal; padding-left: 18px; padding-right: 18px; background-color: #bfbfbf; border-radius: 4px;\">\n                                <a style=\"text-decoration: none; color: #3f3f3f; font-weight: normal;\" target=\"_new\" disabledhref=\"#\" display=\"none\">BUTTON</a>\n                              </td>\n                            </tr>\n                          </tbody></table>\n                          \n                          \n                          \n                          \n                          \n                        </td>\n                      </tr>\n                    </tbody></table>\n</div><!--[if (gte mso 9)|(lte ie 8)]></td>\n<![endif]-->\n<!--[if (gte mso 9)|(lte ie 8)]></tr></table><![endif]-->\n\n            </td>\n          </tr>\n        </tbody></table>\n        </div>\n<!--[if (gte mso 9)|(lte ie 8)]></td></tr></table><![endif]-->\n      </td>\n    </tr>\n  </tbody></table>\n\n  </center>\n\n</body></html>','https://eazycomimages.s3-us-west-2.amazonaws.com/template_category_images/Customized-New.jpg','SAVED','Campaign_Template',149,85,0,1,'{\"type\":\"template\",\"customStyle\":false,\"preheaderVisible\":true,\"titleText\":\"Customer Relation\",\"mainBlocks\":{\"type\":\"blocks\",\"blocks\":[{\"type\":\"sideArticleBlock\",\"customStyle\":false,\"backgroundColor\":null,\"titleVisible\":true,\"buttonVisible\":true,\"\\n\":null,\"imageWidth\":\"166\",\"imagePos\":\"left\",\"titlePos\":\"left\",\"buttonPos\":\"left\",\"titleTextStyle\":{\"type\":\"textStyle\",\"face\":null,\"color\":null,\"size\":null},\"longTextStyle\":{\"type\":\"longTextStyle\",\"face\":null,\"color\":null,\"size\":null,\"linksColor\":null},\"buttonStyle\":{\"type\":\"buttonStyle\",\"face\":null,\"color\":null,\"size\":null,\"buttonColor\":null,\"radius\":null},\"image\":{\"type\":\"image\",\"src\":\"\",\"url\":\"\",\"alt\":\"\"},\"longText\":\"\\n                          <p replacedstyle=\\\"word-wrap: break-word; width: 350px;\\\" data-bind=\\\"virtualAttrStyle: \'word-wrap: break-word; \'+\'width: 350px;\'+\'\'\\\" style=\\\"word-wrap: break-word; width: 350px;\\\">Far far away, behind the word mountains, far from the countries <a href=\\\"\\\">Vokalia and Consonantia</a>, there live the blind texts. Separated they live in Bookmarksgrove right at the coast of the Semantics, a large language ocean. A small river named Duden flows by their place and supplies it with the necessary regelialia.</p>\\n                        \",\"buttonLink\":{\"type\":\"link\",\"text\":\"BUTTON\",\"url\":\"\"},\"id\":\"ko_sideArticleBlock_1\",\"externalBackgroundColor\":null,\"imageHeight\":\"130\",\"titleText\":\"\\n                          Title\\n                          \"}]},\"gutterWidth\":\"10\",\"sansFace\":null,\"theme\":{\"type\":\"theme\",\"frameTheme\":{\"type\":\"frameTheme\",\"backgroundColor\":\"#3f3f3f\",\"longTextStyle\":{\"type\":\"longTextStyle\",\"face\":\"Arial, Helvetica, sans-serif\",\"color\":\"#919191\",\"size\":\"13\",\"linksColor\":\"#cccccc\"},\"sansFace\":\"Frutiger, \'Frutiger Linotype\', \'Helvetica Neue\', Helvetica, Arial, sans-serif\"},\"contentTheme\":{\"type\":\"contentTheme\",\"longTextStyle\":{\"type\":\"longTextStyle\",\"face\":\"Arial, Helvetica, sans-serif\",\"color\":\"#3f3f3f\",\"size\":\"13\",\"linksColor\":\"#3f3f3f\"},\"externalBackgroundColor\":\"#bfbfbf\",\"externalTextStyle\":{\"type\":\"textStyle\",\"face\":\"Arial, Helvetica, sans-serif\",\"color\":\"#f3f3f3\",\"size\":\"18\"},\"backgroundColor\":\"#ffffff\",\"titleTextStyle\":{\"type\":\"textStyle\",\"face\":\"Arial, Helvetica, sans-serif\",\"color\":\"#3f3f3f\",\"size\":\"18\"},\"buttonStyle\":{\"type\":\"buttonStyle\",\"face\":\"Arial, Helvetica, sans-serif\",\"color\":\"#3f3f3f\",\"size\":\"13\",\"buttonColor\":\"#bfbfbf\",\"radius\":\"4\"},\"bigTitleStyle\":{\"type\":\"bigTitleStyle\",\"face\":\"Arial, Helvetica, sans-serif\",\"color\":\"#3f3f3f\",\"size\":\"22\",\"align\":null},\"hrStyle\":{\"type\":\"hrStyle\",\"color\":\"#3f3f3f\",\"hrWidth\":\"100\",\"hrHeight\":\"1\"},\"bigButtonStyle\":{\"type\":\"buttonStyle\",\"face\":\"Arial, Helvetica, sans-serif\",\"color\":\"#3f3f3f\",\"size\":\"22\",\"buttonColor\":\"#bfbfbf\",\"radius\":\"4\"}},\"bodyTheme\":{\"type\":\"bodyTheme\",\"longTextStyle\":{\"type\":\"longTextStyle\",\"face\":\"Arial, Helvetica, sans-serif\",\"color\":\"#919191\",\"size\":\"20\",\"linksColor\":\"#cccccc\"},\"backgroundColor\":\"#3f3f3f\",\"externalBackgroundColor\":\"#bfbfbf\"}}}','EMAIL',1,NULL,23);
/*!40000 ALTER TABLE `TEMPLATE` ENABLE KEYS */;
UNLOCK TABLES;

--
-- Table structure for table `TEMPLATE_CATEGORIES`
--

DROP TABLE IF EXISTS `TEMPLATE_CATEGORIES`;
/*!40101 SET @saved_cs_client     = @@character_set_client */;
/*!50503 SET character_set_client = utf8mb4 */;
CREATE TABLE `TEMPLATE_CATEGORIES` (
  `CATEGORY_ID` int NOT NULL AUTO_INCREMENT,
  `CATEGORY_NAME` varchar(100) NOT NULL,
  `IMAGE_URL` varchar(250) DEFAULT NULL,
  `DESCRIPTION` varchar(500) DEFAULT NULL,
  `IS_SPECIAL_FIELDS_REQUIRED` tinyint(1) DEFAULT '0',
  PRIMARY KEY (`CATEGORY_ID`)
) ENGINE=InnoDB AUTO_INCREMENT=63 DEFAULT CHARSET=latin1;
/*!40101 SET character_set_client = @saved_cs_client */;

--
-- Dumping data for table `TEMPLATE_CATEGORIES`
--

LOCK TABLES `TEMPLATE_CATEGORIES` WRITE;
/*!40000 ALTER TABLE `TEMPLATE_CATEGORIES` DISABLE KEYS */;
INSERT INTO `TEMPLATE_CATEGORIES` VALUES (1,'Customized','https://eazycomimages.s3-us-west-2.amazonaws.com/template_category_images/Customized-New.jpg','General campaigns to send emails/sms to customers for any purposes like any offers giving anywhere.',0),(2,'Newsletter','https://eazycomimages.s3-us-west-2.amazonaws.com/template_category_images/Newsletter_IMG_NEW.png','Email/SMS newsletters are an effective way to nurture new leads and engage current customers.',0),(3,'Greeting','https://eazycomimages.s3-us-west-2.amazonaws.com/template_category_images/Greetings-New.jpg','Greeting campaigns to send email/sms to customers for their birthday or Marriage or any festival wishes.',0),(4,'Survey','https://eazycomimages.s3-us-west-2.amazonaws.com/template_category_images/customize.jpg','Survey Campaigns to send emails to customers for their feedback about Service.',0),(5,'Receipt','https://eazycomimages.s3-us-west-2.amazonaws.com/template_category_images/customize.jpg','Receipt Template to send emails to customers for their feedback about Service.',0),(6,'Campaign/receipt launch','https://eazycomimages.s3-us-west-2.amazonaws.com/template_category_images/camp_launch_NEW.png',NULL,1),(9,'Campaign/receipt schedule started','https://eazycomimages.s3-us-west-2.amazonaws.com/template_category_images/camp_Started_NEW.png',NULL,1),(10,'Campaign/receipt schedule completed','https://eazycomimages.s3-us-west-2.amazonaws.com/template_category_images/schedule_completed_NEW.png',NULL,1),(16,'Advanced Reminder','https://eazycomimages.s3-us-west-2.amazonaws.com/template_category_images/advanced_reminder-New.png',NULL,0),(18,'Birthday','https://eazycomimages.s3-us-west-2.amazonaws.com/template_category_images/birthday.jpg',NULL,0),(19,'Confirmation Reminder','https://eazycomimages.s3-us-west-2.amazonaws.com/template_category_images/remainder.jpg',NULL,0),(20,'Confirmation Reply','https://eazycomimages.s3-us-west-2.amazonaws.com/template_category_images/confirm_reply_NEW.png',NULL,0),(21,'Custom Promotion','https://eazycomimages.s3-us-west-2.amazonaws.com/template_category_images/Promotion-New.jpg',NULL,0),(22,'Business Profile','https://eazycomimages.s3-us-west-2.amazonaws.com/template_category_images/business_profile-New.jpg',NULL,0),(23,'Customer Care','https://eazycomimages.s3-us-west-2.amazonaws.com/template_category_images/customer+care.png',NULL,0),(24,'Hot List / Wait List','https://eazycomimages.s3-us-west-2.amazonaws.com/template_category_images/Wait_list-New.png',NULL,0),(25,'Monthly Report','https://eazycomimages.s3-us-west-2.amazonaws.com/template_category_images/monthly_report-New.png',NULL,0),(26,'One-Off','https://eazycomimages.s3-us-west-2.amazonaws.com/template_category_images/One_off_NEW.png',NULL,0),(27,'Recall','https://eazycomimages.s3-us-west-2.amazonaws.com/template_category_images/recall-New.png',NULL,0),(28,'Referral','https://eazycomimages.s3-us-west-2.amazonaws.com/template_category_images/referal-New.png',NULL,0),(29,'Reminder Active','https://eazycomimages.s3-us-west-2.amazonaws.com/template_category_images/reminder_active-New.png',NULL,0),(30,'Reminder Lost','https://eazycomimages.s3-us-west-2.amazonaws.com/template_category_images/reminder_lost-New.png',NULL,0),(31,'Sent to Customer','https://eazycomimages.s3-us-west-2.amazonaws.com/template_category_images/Sent_to_customer_NEW.png',NULL,0),(32,'Thank You','https://eazycomimages.s3-us-west-2.amazonaws.com/template_category_images/Thank_you-New.png',NULL,0),(33,'Welcome','https://eazycomimages.s3-us-west-2.amazonaws.com/template_category_images/welcome-New.png',NULL,0),(35,'Custom','https://eazycomimages.s3-us-west-2.amazonaws.com/template_category_images/customize.jpg',NULL,0),(36,'Campaign/receipt Pause','https://eazycomimages.s3-us-west-2.amazonaws.com/template_category_images/camp_Pause_NEW.png',NULL,1),(37,'Campaign/receipt Stop','https://eazycomimages.s3-us-west-2.amazonaws.com/template_category_images/camp_stop_NEW.png',NULL,1),(38,'Advanced Reminder','https://eazycomimages.s3-us-west-2.amazonaws.com/template_category_images/advanced_reminder-New.png',NULL,0),(40,'Birthday','https://eazycomimages.s3-us-west-2.amazonaws.com/template_category_images/birthday.jpg',NULL,0),(41,'Confirmation Reminder','https://eazycomimages.s3-us-west-2.amazonaws.com/template_category_images/remainder.jpg',NULL,0),(42,'Confirmation Reply','https://eazycomimages.s3-us-west-2.amazonaws.com/template_category_images/confirm_reply_NEW.png',NULL,0),(43,'Custom Promotion','https://eazycomimages.s3-us-west-2.amazonaws.com/template_category_images/Promotion-New.jpg',NULL,0),(44,'Business Profile','https://eazycomimages.s3-us-west-2.amazonaws.com/template_category_images/business_profile-New.jpg',NULL,0),(45,'Customer Care','https://eazycomimages.s3-us-west-2.amazonaws.com/template_category_images/customer+care.png',NULL,0),(46,'Monthly Report','https://eazycomimages.s3-us-west-2.amazonaws.com/template_category_images/monthly_report-New.png',NULL,0),(47,'One-Off','https://eazycomimages.s3-us-west-2.amazonaws.com/template_category_images/One_off_NEW.png',NULL,0),(48,'Recall','https://eazycomimages.s3-us-west-2.amazonaws.com/template_category_images/recall-New.png',NULL,0),(49,'Referral','https://eazycomimages.s3-us-west-2.amazonaws.com/template_category_images/referal-New.png',NULL,0),(50,'Reminder Active','https://eazycomimages.s3-us-west-2.amazonaws.com/template_category_images/reminder_active-New.png',NULL,0),(51,'Reminder Lost','https://eazycomimages.s3-us-west-2.amazonaws.com/template_category_images/reminder_lost-New.png',NULL,0),(52,'Sent to Customer','https://eazycomimages.s3-us-west-2.amazonaws.com/template_category_images/Sent_to_customer_NEW.png',NULL,0),(53,'Thank You','https://eazycomimages.s3-us-west-2.amazonaws.com/template_category_images/Thank_you-New.png',NULL,0),(54,'Welcome','https://eazycomimages.s3-us-west-2.amazonaws.com/template_category_images/welcome-New.png',NULL,0),(55,'Hot List / Wait List','https://eazycomimages.s3-us-west-2.amazonaws.com/template_category_images/Wait_list-New.png',NULL,0),(56,'Task Reminder','https://eazycomimages.s3-us-west-2.amazonaws.com/template_category_images/remainder.jpg',NULL,0),(57,'Default Campaign/receipt launch','https://eazycomimages.s3-us-west-2.amazonaws.com/template_category_images/customize.jpg','defualt',0),(58,'Default Campaign/receipt schedule started','https://eazycomimages.s3-us-west-2.amazonaws.com/template_category_images/customize.jpg','defualt',0),(59,'Default Campaign/receipt schedule completed','https://eazycomimages.s3-us-west-2.amazonaws.com/template_category_images/customize.jpg','defualt',0),(60,'Default Campaign/receipt Pause','https://eazycomimages.s3-us-west-2.amazonaws.com/template_category_images/customize.jpg','defualt',0),(61,'Default Campaign/receipt Stop','https://eazycomimages.s3-us-west-2.amazonaws.com/template_category_images/customize.jpg','defualt',0),(62,'Feed Back','https://eazycomimages.s3-us-west-2.amazonaws.com/template_category_images/customize.jpg','defualt',0);
/*!40000 ALTER TABLE `TEMPLATE_CATEGORIES` ENABLE KEYS */;
UNLOCK TABLES;

--
-- Table structure for table `TEMPLATE_CATEGORY_COMMUNICATION_MAP`
--

DROP TABLE IF EXISTS `TEMPLATE_CATEGORY_COMMUNICATION_MAP`;
/*!40101 SET @saved_cs_client     = @@character_set_client */;
/*!50503 SET character_set_client = utf8mb4 */;
CREATE TABLE `TEMPLATE_CATEGORY_COMMUNICATION_MAP` (
  `ID` int NOT NULL AUTO_INCREMENT,
  `TEMPLATE_CATEGORY_ID` int NOT NULL,
  `COMMUNICATION_ID` int NOT NULL,
  `IS_DELETED` tinyint(1) NOT NULL DEFAULT '0',
  `IS_NOTIFICATION_TYPE` tinyint(1) NOT NULL DEFAULT '0',
  PRIMARY KEY (`ID`),
  KEY `fk_TEMPLATE_CATEGORY_COMMUNICATION_MAP_1_idx` (`TEMPLATE_CATEGORY_ID`),
  CONSTRAINT `fk_TEMPLATE_CATEGORY_COMMUNICATION_MAP_1` FOREIGN KEY (`TEMPLATE_CATEGORY_ID`) REFERENCES `TEMPLATE_CATEGORIES` (`CATEGORY_ID`)
) ENGINE=InnoDB AUTO_INCREMENT=59 DEFAULT CHARSET=latin1;
/*!40101 SET character_set_client = @saved_cs_client */;

--
-- Dumping data for table `TEMPLATE_CATEGORY_COMMUNICATION_MAP`
--

LOCK TABLES `TEMPLATE_CATEGORY_COMMUNICATION_MAP` WRITE;
/*!40000 ALTER TABLE `TEMPLATE_CATEGORY_COMMUNICATION_MAP` DISABLE KEYS */;
INSERT INTO `TEMPLATE_CATEGORY_COMMUNICATION_MAP` VALUES (1,1,1,0,0),(2,2,1,0,0),(3,3,1,0,0),(4,4,1,0,0),(5,5,1,0,0),(10,6,1,0,1),(11,9,1,0,1),(12,10,1,0,1),(20,16,2,0,0),(22,18,2,0,0),(23,19,2,0,0),(24,20,2,0,0),(25,21,2,0,0),(26,22,2,0,0),(27,23,2,0,0),(28,24,2,0,0),(29,25,2,0,0),(30,26,2,0,0),(31,27,2,0,0),(32,28,2,0,0),(33,29,2,0,0),(34,30,2,0,0),(35,31,2,0,0),(36,32,2,0,0),(37,33,2,0,0),(38,35,2,0,0),(39,36,1,0,1),(40,37,1,0,1),(41,38,1,0,0),(43,40,1,0,0),(44,41,1,0,0),(45,42,1,0,0),(46,43,1,0,0),(47,44,1,0,0),(48,45,1,0,0),(49,46,1,0,0),(50,47,1,0,0),(51,48,1,0,0),(52,49,1,0,0),(53,50,1,0,0),(54,51,1,0,0),(55,52,1,0,0),(56,53,1,0,0),(57,54,1,0,0),(58,55,1,0,0);
/*!40000 ALTER TABLE `TEMPLATE_CATEGORY_COMMUNICATION_MAP` ENABLE KEYS */;
UNLOCK TABLES;

--
-- Table structure for table `TEMPLATE_CATEGORY_ROLE_MAP`
--

DROP TABLE IF EXISTS `TEMPLATE_CATEGORY_ROLE_MAP`;
/*!40101 SET @saved_cs_client     = @@character_set_client */;
/*!50503 SET character_set_client = utf8mb4 */;
CREATE TABLE `TEMPLATE_CATEGORY_ROLE_MAP` (
  `ID` int NOT NULL AUTO_INCREMENT,
  `CATEGORY_ID` int NOT NULL,
  `ROLE_ID` int NOT NULL,
  `TEMPLATE_TYPE` varchar(45) NOT NULL,
  PRIMARY KEY (`ID`),
  KEY `forieng_1_idx` (`CATEGORY_ID`),
  KEY `forieng_1_idx1` (`ROLE_ID`),
  CONSTRAINT `forieng_1` FOREIGN KEY (`CATEGORY_ID`) REFERENCES `TEMPLATE_CATEGORIES` (`CATEGORY_ID`),
  CONSTRAINT `forieng_2` FOREIGN KEY (`ROLE_ID`) REFERENCES `USER_ROLE` (`ROLE_ID`)
) ENGINE=InnoDB AUTO_INCREMENT=93 DEFAULT CHARSET=latin1;
/*!40101 SET character_set_client = @saved_cs_client */;

--
-- Dumping data for table `TEMPLATE_CATEGORY_ROLE_MAP`
--

LOCK TABLES `TEMPLATE_CATEGORY_ROLE_MAP` WRITE;
/*!40000 ALTER TABLE `TEMPLATE_CATEGORY_ROLE_MAP` DISABLE KEYS */;
INSERT INTO `TEMPLATE_CATEGORY_ROLE_MAP` VALUES (1,6,4,'EMAIL'),(2,9,4,'EMAIL'),(3,10,4,'EMAIL'),(12,10,5,'EMAIL'),(13,6,5,'EMAIL'),(14,9,5,'EMAIL'),(15,16,5,'SMS'),(16,16,4,'SMS'),(19,18,5,'SMS'),(20,18,4,'SMS'),(21,19,5,'SMS'),(22,19,4,'SMS'),(23,20,5,'SMS'),(24,20,4,'SMS'),(25,21,5,'SMS'),(26,21,4,'SMS'),(27,22,5,'SMS'),(28,22,4,'SMS'),(29,23,5,'SMS'),(30,23,4,'SMS'),(31,24,5,'SMS'),(32,24,4,'SMS'),(33,25,5,'SMS'),(34,25,4,'SMS'),(35,26,5,'SMS'),(36,26,4,'SMS'),(37,27,5,'SMS'),(38,27,4,'SMS'),(39,28,5,'SMS'),(40,28,4,'SMS'),(41,29,5,'SMS'),(42,29,4,'SMS'),(43,30,5,'SMS'),(44,30,4,'SMS'),(45,31,5,'SMS'),(46,31,4,'SMS'),(47,32,5,'SMS'),(48,32,4,'SMS'),(49,33,5,'SMS'),(50,33,4,'SMS'),(51,35,5,'SMS'),(52,35,4,'SMS'),(53,36,4,'EMAIL'),(54,37,4,'EMAIL'),(55,36,5,'EMAIL'),(56,37,5,'EMAIL'),(57,38,5,'EMAIL'),(58,38,4,'EMAIL'),(61,40,5,'EMAIL'),(62,40,4,'EMAIL'),(63,41,5,'EMAIL'),(64,41,4,'EMAIL'),(65,42,5,'EMAIL'),(66,42,4,'EMAIL'),(67,43,5,'EMAIL'),(68,43,4,'EMAIL'),(69,44,5,'EMAIL'),(70,44,4,'EMAIL'),(71,45,5,'EMAIL'),(72,45,4,'EMAIL'),(73,46,5,'EMAIL'),(74,46,4,'EMAIL'),(75,47,5,'EMAIL'),(76,47,4,'EMAIL'),(77,48,5,'EMAIL'),(78,48,4,'EMAIL'),(79,49,5,'EMAIL'),(80,49,4,'EMAIL'),(81,50,5,'EMAIL'),(82,50,5,'EMAIL'),(83,51,4,'EMAIL'),(84,51,4,'EMAIL'),(85,52,5,'EMAIL'),(86,52,4,'EMAIL'),(87,53,5,'EMAIL'),(88,53,4,'EMAIL'),(89,54,5,'EMAIL'),(90,54,4,'EMAIL'),(91,55,5,'EMAIL'),(92,55,4,'EMAIL');
/*!40000 ALTER TABLE `TEMPLATE_CATEGORY_ROLE_MAP` ENABLE KEYS */;
UNLOCK TABLES;

--
-- Table structure for table `TEMPLATE_HISTORY`
--

DROP TABLE IF EXISTS `TEMPLATE_HISTORY`;
/*!40101 SET @saved_cs_client     = @@character_set_client */;
/*!50503 SET character_set_client = utf8mb4 */;
CREATE TABLE `TEMPLATE_HISTORY` (
  `ID` int NOT NULL AUTO_INCREMENT,
  `TEMPLATE_ID` int NOT NULL,
  `VERSION_ID` int NOT NULL,
  `CREATION_DATE` datetime DEFAULT NULL,
  `TEMPLATE_SUBJECT` varchar(300) NOT NULL,
  `TEMPLATE_DATA` longtext CHARACTER SET utf8mb3 COLLATE utf8mb3_general_ci,
  `TEMPLATE_NAME` varchar(100) NOT NULL,
  PRIMARY KEY (`ID`),
  KEY `FK_TEMPLATE_ID_idx` (`TEMPLATE_ID`),
  CONSTRAINT `FKEY_TEMPLATE_ID` FOREIGN KEY (`TEMPLATE_ID`) REFERENCES `TEMPLATE` (`TEMPLATE_ID`)
) ENGINE=InnoDB AUTO_INCREMENT=4 DEFAULT CHARSET=latin1;
/*!40101 SET character_set_client = @saved_cs_client */;

--
-- Dumping data for table `TEMPLATE_HISTORY`
--

LOCK TABLES `TEMPLATE_HISTORY` WRITE;
/*!40000 ALTER TABLE `TEMPLATE_HISTORY` DISABLE KEYS */;
INSERT INTO `TEMPLATE_HISTORY` VALUES (1,453,1,'2024-01-05 00:20:54','u67u67','<!DOCTYPE html PUBLIC \"-//W3C//DTD XHTML 1.0 Transitional//EN\" \"http://www.w3.org/TR/xhtml1/DTD/xhtml1-transitional.dtd\">\n<html xmlns=\"http://www.w3.org/1999/xhtml\"><head>\n  <meta http-equiv=\"Content-Type\" content=\"text/html; charset=UTF-8\">\n  <meta name=\"viewport\" content=\"initial-scale=1.0\">\n  <meta name=\"format-detection\" content=\"telephone=no\">\n  <title>Customer Relation</title>\n  \n  <style type=\"text/css\" data-inline=\"true\">\n    body{ Margin: 0; padding: 0; }\n    img{ border: 0px; display: block; }\n\n    .socialLinks{ font-size: 6px; }\n    .socialLinks a{\n      display: inline-block;\n    }\n    .socialIcon{\n      display: inline-block;\n      vertical-align: top;\n      padding-bottom: 0px;\n      border-radius: 100%;\n    }\n    .oldwebkit{ max-width: 570px; }\n    td.vb-outer{ padding-left: 9px; padding-right: 9px; }\n    table.vb-container, table.vb-row, table.vb-content{\n      border-collapse: separate;\n    }\n    table.vb-row{\n      border-spacing: 9px;\n    }\n    table.vb-row.halfpad{\n      border-spacing: 0;\n      padding-left: 9px;\n      padding-right: 9px;\n    }\n    table.vb-row.fullwidth{\n      border-spacing: 0;\n      padding: 0;\n    }\n    table.vb-container{\n      padding-left: 18px;\n      padding-right: 18px;\n    }\n    table.vb-container.fullpad{\n      border-spacing: 18px;\n      padding-left: 0;\n      padding-right: 0;\n    }\n    table.vb-container.halfpad{\n      border-spacing: 9px;\n      padding-left: 9px;\n      padding-right: 9px;\n    }\n    table.vb-container.fullwidth{\n      padding-left: 0;\n      padding-right: 0;\n    }\n  </style>\n  <style type=\"text/css\">\n    /* yahoo, hotmail */\n    .ExternalClass, .ExternalClass p, .ExternalClass span, .ExternalClass font, .ExternalClass td, .ExternalClass div{ line-height: 100%; }\n    .yshortcuts a{ border-bottom: none !important; }\n    .vb-outer{ min-width: 0 !important; }\n    .RMsgBdy, .ExternalClass{\n      width: 100%;\n      background-color: #3f3f3f;\n      background-color: #3f3f3f}\n\n    /* outlook */\n    table{ mso-table-rspace: 0pt; mso-table-lspace: 0pt; }\n    #outlook a{ padding: 0; }\n    img{ outline: none; text-decoration: none; border: none; -ms-interpolation-mode: bicubic; }\n    a img{ border: none; }\n\n    @media screen and (max-device-width: 600px), screen and (max-width: 600px) {\n      table.vb-container, table.vb-row{\n        width: 95% !important;\n      }\n\n      .mobile-hide{ display: none !important; }\n      .mobile-textcenter{ text-align: center !important; }\n\n      .mobile-full{\n        float: none !important;\n        width: 100% !important;\n        max-width: none !important;\n        padding-right: 0 !important;\n        padding-left: 0 !important;\n      }\n      img.mobile-full{\n        width: 100% !important;\n        max-width: none !important;\n        height: auto !important;\n      }   \n    }\n  </style>\n  <style type=\"text/css\" data-inline=\"true\">\n    \n    #ko_sideArticleBlock_1 .links-color a, #ko_sideArticleBlock_1 .links-color a:link, #ko_sideArticleBlock_1 .links-color a:visited, #ko_sideArticleBlock_1 .links-color a:hover{\n      color: #3f3f3f;\n      color: #3f3f3f;\n      text-decoration: underline\n    }\n     #ko_sideArticleBlock_1 .long-text p{ Margin: 1em 0px }  #ko_sideArticleBlock_1 .long-text p:last-child{ Margin-bottom: 0px }  #ko_sideArticleBlock_1 .long-text p:first-child{ Margin-top: 0px } </style>\n</head>\n<body bgcolor=\"#3f3f3f\" text=\"#919191\" alink=\"#cccccc\" vlink=\"#cccccc\" style=\"background-color: #3f3f3f; color: #919191;\">\n\n  <center>\n\n  <!-- preheaderBlock -->\n  <!-- /preheaderBlock -->\n\n  <table class=\"vb-outer\" width=\"100%\" cellpadding=\"0\" border=\"0\" cellspacing=\"0\" bgcolor=\"#bfbfbf\" style=\"background-color: #bfbfbf;\" id=\"ko_sideArticleBlock_1\">\n    <tbody><tr>\n      <td class=\"vb-outer\" align=\"center\" valign=\"top\" bgcolor=\"#bfbfbf\" style=\"background-color: #bfbfbf;\">\n\n<!--[if (gte mso 9)|(lte ie 8)]><table align=\"center\" border=\"0\" cellspacing=\"0\" cellpadding=\"0\" width=\"570\"><tr><td align=\"center\" valign=\"top\"><![endif]-->\n        <div class=\"oldwebkit\">\n        <table width=\"570\" border=\"0\" cellpadding=\"0\" cellspacing=\"9\" class=\"vb-row fullpad\" bgcolor=\"#ffffff\" style=\"width: 100%; max-width: 570px; background-color: #ffffff;\">\n          <tbody><tr>\n            <td align=\"center\" class=\"mobile-row\" valign=\"top\" style=\"font-size: 0;\">\n\n<!--[if (gte mso 9)|(lte ie 8)]><table align=\"center\" border=\"0\" cellspacing=\"0\" cellpadding=\"0\" width=\"552\"><tr><![endif]-->\n\n\n<!--[if (gte mso 9)|(lte ie 8)]><td align=\"left\" valign=\"top\" width=\"184\"><![endif]--> \n\n<div class=\"mobile-full\" style=\"display: inline-block; max-width: 184px; vertical-align: top; width: 100%;\">\n\n												<table class=\"vb-content\" border=\"0\" cellspacing=\"9\" cellpadding=\"0\" width=\"184\" align=\"left\" style=\"width: 100%;\">\n													<tbody><tr>\n														<!--  <td width=\"100%\" valign=\"top\" align=\"left\" class=\"links-color\">\n                          <a data-ko-link=\"image.url\" href=\"\">\n                            <img data-ko-editable=\"image.src\" border=\"0\" hspace=\"0\" vspace=\"0\" width=\"166\" height=\"130\"\n                              data-ko-placeholder-height=\"130\" class=\"mobile-full\" alt=\"\"\n                              src=\"http://mosaico.io/srv/f-default/img?method=placeholder&amp;params=166%2C130\" \n                              style=\"vertical-align: top; width: 100%; height: auto; -ko-attr-width: @imageWidth;\n                               max-width: 166px; -ko-max-width: @[imageWidth]px; -ko-attr-alt: @image.alt; -ko-attr-height: @imageHeight;\" />\n                          </a>\n                        </td> -->\n\n						<td valign=\"top\" align=\"center\">\n\n                    \n                    \n                      <img width=\"166\" height=\"130\" vspace=\"0\" hspace=\"0\" border=\"0\" alt=\"\" style=\"width: 100%; max-width: 166px;\" src=\"https://dummyimage.com/166x130.jpg\">\n\n            </td>\n													</tr>\n												</tbody></table>\n\n											</div><!--[if (gte mso 9)|(lte ie 8)]></td>\n<![endif]--><!--[if (gte mso 9)|(lte ie 8)]>\n<td align=\"left\" valign=\"top\" width=\"368\">\n<![endif]--><div class=\"mobile-full\" style=\"display: inline-block; max-width: 368px; vertical-align: top; width: 100%;\"> \n\n                    <table class=\"vb-content\" border=\"0\" cellspacing=\"9\" cellpadding=\"0\" width=\"368\" align=\"left\" style=\"width: 100%;\">\n                      <tbody><tr>\n                      \n                        <td style=\"font-size: 18px; font-family: Arial, Helvetica, sans-serif; color: #3f3f3f; text-align: left;\">\n                          <span style=\"color: #3f3f3f;\">\n                          Title\n                          </span>\n                        </td>\n                        \n                        \n                        \n                        \n                        \n                      </tr>\n                      <tr>\n                        <td align=\"left\" class=\"long-text links-color\" style=\"text-align: left; font-size: 13px; font-family: Arial, Helvetica, sans-serif; color: #3f3f3f;\">\n                          <p style=\"word-wrap: break-word; width: 350px;\">Far far away, behind the word mountains, far from the countries <a href=\"\">Vokalia and Consonantia</a>, there live the blind texts. Separated they live in Bookmarksgrove right at the coast of the Semantics, a large language ocean. A small river named Duden flows by their place and supplies it with the necessary regelialia.</p>\n                        </td>\n                      </tr>\n                      <tr>\n                        <td valign=\"top\">\n                          \n                          \n                          <table cellpadding=\"0\" border=\"0\" align=\"left\" cellspacing=\"0\" class=\"mobile-full\" style=\"padding-top: 4px;\">\n                            <tbody><tr>\n                              <td width=\"auto\" valign=\"middle\" bgcolor=\"#bfbfbf\" align=\"left\" height=\"26\" style=\"font-size: 13px; font-family: Arial, Helvetica, sans-serif; text-align: center; color: #3f3f3f; font-weight: normal; padding-left: 18px; padding-right: 18px; background-color: #bfbfbf; border-radius: 4px;\">\n                                <a style=\"text-decoration: none; color: #3f3f3f; font-weight: normal;\" target=\"_new\" disabledhref=\"#\" display=\"none\">BUTTON</a>\n                              </td>\n                            </tr>\n                          </tbody></table>\n                          \n                          \n                          \n                          \n                          \n                        </td>\n                      </tr>\n                    </tbody></table>\n</div><!--[if (gte mso 9)|(lte ie 8)]></td>\n<![endif]-->\n<!--[if (gte mso 9)|(lte ie 8)]></tr></table><![endif]-->\n\n            </td>\n          </tr>\n        </tbody></table>\n        </div>\n<!--[if (gte mso 9)|(lte ie 8)]></td></tr></table><![endif]-->\n      </td>\n    </tr>\n  </tbody></table>\n\n  </center>\n\n</body></html>','yr6u'),(2,453,2,'2024-01-05 00:20:56','u67u67','<!DOCTYPE html PUBLIC \"-//W3C//DTD XHTML 1.0 Transitional//EN\" \"http://www.w3.org/TR/xhtml1/DTD/xhtml1-transitional.dtd\">\n<html xmlns=\"http://www.w3.org/1999/xhtml\"><head>\n  <meta http-equiv=\"Content-Type\" content=\"text/html; charset=UTF-8\">\n  <meta name=\"viewport\" content=\"initial-scale=1.0\">\n  <meta name=\"format-detection\" content=\"telephone=no\">\n  <title>Customer Relation</title>\n  \n  <style type=\"text/css\" data-inline=\"true\">\n    body{ Margin: 0; padding: 0; }\n    img{ border: 0px; display: block; }\n\n    .socialLinks{ font-size: 6px; }\n    .socialLinks a{\n      display: inline-block;\n    }\n    .socialIcon{\n      display: inline-block;\n      vertical-align: top;\n      padding-bottom: 0px;\n      border-radius: 100%;\n    }\n    .oldwebkit{ max-width: 570px; }\n    td.vb-outer{ padding-left: 9px; padding-right: 9px; }\n    table.vb-container, table.vb-row, table.vb-content{\n      border-collapse: separate;\n    }\n    table.vb-row{\n      border-spacing: 9px;\n    }\n    table.vb-row.halfpad{\n      border-spacing: 0;\n      padding-left: 9px;\n      padding-right: 9px;\n    }\n    table.vb-row.fullwidth{\n      border-spacing: 0;\n      padding: 0;\n    }\n    table.vb-container{\n      padding-left: 18px;\n      padding-right: 18px;\n    }\n    table.vb-container.fullpad{\n      border-spacing: 18px;\n      padding-left: 0;\n      padding-right: 0;\n    }\n    table.vb-container.halfpad{\n      border-spacing: 9px;\n      padding-left: 9px;\n      padding-right: 9px;\n    }\n    table.vb-container.fullwidth{\n      padding-left: 0;\n      padding-right: 0;\n    }\n  </style>\n  <style type=\"text/css\">\n    /* yahoo, hotmail */\n    .ExternalClass, .ExternalClass p, .ExternalClass span, .ExternalClass font, .ExternalClass td, .ExternalClass div{ line-height: 100%; }\n    .yshortcuts a{ border-bottom: none !important; }\n    .vb-outer{ min-width: 0 !important; }\n    .RMsgBdy, .ExternalClass{\n      width: 100%;\n      background-color: #3f3f3f;\n      background-color: #3f3f3f}\n\n    /* outlook */\n    table{ mso-table-rspace: 0pt; mso-table-lspace: 0pt; }\n    #outlook a{ padding: 0; }\n    img{ outline: none; text-decoration: none; border: none; -ms-interpolation-mode: bicubic; }\n    a img{ border: none; }\n\n    @media screen and (max-device-width: 600px), screen and (max-width: 600px) {\n      table.vb-container, table.vb-row{\n        width: 95% !important;\n      }\n\n      .mobile-hide{ display: none !important; }\n      .mobile-textcenter{ text-align: center !important; }\n\n      .mobile-full{\n        float: none !important;\n        width: 100% !important;\n        max-width: none !important;\n        padding-right: 0 !important;\n        padding-left: 0 !important;\n      }\n      img.mobile-full{\n        width: 100% !important;\n        max-width: none !important;\n        height: auto !important;\n      }   \n    }\n  </style>\n  <style type=\"text/css\" data-inline=\"true\">\n    \n    #ko_sideArticleBlock_1 .links-color a, #ko_sideArticleBlock_1 .links-color a:link, #ko_sideArticleBlock_1 .links-color a:visited, #ko_sideArticleBlock_1 .links-color a:hover{\n      color: #3f3f3f;\n      color: #3f3f3f;\n      text-decoration: underline\n    }\n     #ko_sideArticleBlock_1 .long-text p{ Margin: 1em 0px }  #ko_sideArticleBlock_1 .long-text p:last-child{ Margin-bottom: 0px }  #ko_sideArticleBlock_1 .long-text p:first-child{ Margin-top: 0px } </style>\n</head>\n<body bgcolor=\"#3f3f3f\" text=\"#919191\" alink=\"#cccccc\" vlink=\"#cccccc\" style=\"background-color: #3f3f3f; color: #919191;\">\n\n  <center>\n\n  <!-- preheaderBlock -->\n  <!-- /preheaderBlock -->\n\n  <table class=\"vb-outer\" width=\"100%\" cellpadding=\"0\" border=\"0\" cellspacing=\"0\" bgcolor=\"#bfbfbf\" style=\"background-color: #bfbfbf;\" id=\"ko_sideArticleBlock_1\">\n    <tbody><tr>\n      <td class=\"vb-outer\" align=\"center\" valign=\"top\" bgcolor=\"#bfbfbf\" style=\"background-color: #bfbfbf;\">\n\n<!--[if (gte mso 9)|(lte ie 8)]><table align=\"center\" border=\"0\" cellspacing=\"0\" cellpadding=\"0\" width=\"570\"><tr><td align=\"center\" valign=\"top\"><![endif]-->\n        <div class=\"oldwebkit\">\n        <table width=\"570\" border=\"0\" cellpadding=\"0\" cellspacing=\"9\" class=\"vb-row fullpad\" bgcolor=\"#ffffff\" style=\"width: 100%; max-width: 570px; background-color: #ffffff;\">\n          <tbody><tr>\n            <td align=\"center\" class=\"mobile-row\" valign=\"top\" style=\"font-size: 0;\">\n\n<!--[if (gte mso 9)|(lte ie 8)]><table align=\"center\" border=\"0\" cellspacing=\"0\" cellpadding=\"0\" width=\"552\"><tr><![endif]-->\n\n\n<!--[if (gte mso 9)|(lte ie 8)]><td align=\"left\" valign=\"top\" width=\"184\"><![endif]--> \n\n<div class=\"mobile-full\" style=\"display: inline-block; max-width: 184px; vertical-align: top; width: 100%;\">\n\n												<table class=\"vb-content\" border=\"0\" cellspacing=\"9\" cellpadding=\"0\" width=\"184\" align=\"left\" style=\"width: 100%;\">\n													<tbody><tr>\n														<!--  <td width=\"100%\" valign=\"top\" align=\"left\" class=\"links-color\">\n                          <a data-ko-link=\"image.url\" href=\"\">\n                            <img data-ko-editable=\"image.src\" border=\"0\" hspace=\"0\" vspace=\"0\" width=\"166\" height=\"130\"\n                              data-ko-placeholder-height=\"130\" class=\"mobile-full\" alt=\"\"\n                              src=\"http://mosaico.io/srv/f-default/img?method=placeholder&amp;params=166%2C130\" \n                              style=\"vertical-align: top; width: 100%; height: auto; -ko-attr-width: @imageWidth;\n                               max-width: 166px; -ko-max-width: @[imageWidth]px; -ko-attr-alt: @image.alt; -ko-attr-height: @imageHeight;\" />\n                          </a>\n                        </td> -->\n\n						<td valign=\"top\" align=\"center\">\n\n                    \n                    \n                      <img width=\"166\" height=\"130\" vspace=\"0\" hspace=\"0\" border=\"0\" alt=\"\" style=\"width: 100%; max-width: 166px;\" src=\"https://dummyimage.com/166x130.jpg\">\n\n            </td>\n													</tr>\n												</tbody></table>\n\n											</div><!--[if (gte mso 9)|(lte ie 8)]></td>\n<![endif]--><!--[if (gte mso 9)|(lte ie 8)]>\n<td align=\"left\" valign=\"top\" width=\"368\">\n<![endif]--><div class=\"mobile-full\" style=\"display: inline-block; max-width: 368px; vertical-align: top; width: 100%;\"> \n\n                    <table class=\"vb-content\" border=\"0\" cellspacing=\"9\" cellpadding=\"0\" width=\"368\" align=\"left\" style=\"width: 100%;\">\n                      <tbody><tr>\n                      \n                        <td style=\"font-size: 18px; font-family: Arial, Helvetica, sans-serif; color: #3f3f3f; text-align: left;\">\n                          <span style=\"color: #3f3f3f;\">\n                          Title\n                          </span>\n                        </td>\n                        \n                        \n                        \n                        \n                        \n                      </tr>\n                      <tr>\n                        <td align=\"left\" class=\"long-text links-color\" style=\"text-align: left; font-size: 13px; font-family: Arial, Helvetica, sans-serif; color: #3f3f3f;\">\n                          <p style=\"word-wrap: break-word; width: 350px;\">Far far away, behind the word mountains, far from the countries <a href=\"\">Vokalia and Consonantia</a>, there live the blind texts. Separated they live in Bookmarksgrove right at the coast of the Semantics, a large language ocean. A small river named Duden flows by their place and supplies it with the necessary regelialia.</p>\n                        </td>\n                      </tr>\n                      <tr>\n                        <td valign=\"top\">\n                          \n                          \n                          <table cellpadding=\"0\" border=\"0\" align=\"left\" cellspacing=\"0\" class=\"mobile-full\" style=\"padding-top: 4px;\">\n                            <tbody><tr>\n                              <td width=\"auto\" valign=\"middle\" bgcolor=\"#bfbfbf\" align=\"left\" height=\"26\" style=\"font-size: 13px; font-family: Arial, Helvetica, sans-serif; text-align: center; color: #3f3f3f; font-weight: normal; padding-left: 18px; padding-right: 18px; background-color: #bfbfbf; border-radius: 4px;\">\n                                <a style=\"text-decoration: none; color: #3f3f3f; font-weight: normal;\" target=\"_new\" disabledhref=\"#\" display=\"none\">BUTTON</a>\n                              </td>\n                            </tr>\n                          </tbody></table>\n                          \n                          \n                          \n                          \n                          \n                        </td>\n                      </tr>\n                    </tbody></table>\n</div><!--[if (gte mso 9)|(lte ie 8)]></td>\n<![endif]-->\n<!--[if (gte mso 9)|(lte ie 8)]></tr></table><![endif]-->\n\n            </td>\n          </tr>\n        </tbody></table>\n        </div>\n<!--[if (gte mso 9)|(lte ie 8)]></td></tr></table><![endif]-->\n      </td>\n    </tr>\n  </tbody></table>\n\n  </center>\n\n</body></html>','yr6u'),(3,454,1,'2024-01-05 00:21:34','u67u67','<!DOCTYPE html PUBLIC \"-//W3C//DTD XHTML 1.0 Transitional//EN\" \"http://www.w3.org/TR/xhtml1/DTD/xhtml1-transitional.dtd\">\n<html xmlns=\"http://www.w3.org/1999/xhtml\"><head>\n  <meta http-equiv=\"Content-Type\" content=\"text/html; charset=UTF-8\">\n  <meta name=\"viewport\" content=\"initial-scale=1.0\">\n  <meta name=\"format-detection\" content=\"telephone=no\">\n  <title>Customer Relation</title>\n  \n  <style type=\"text/css\" data-inline=\"true\">\n    body{ Margin: 0; padding: 0; }\n    img{ border: 0px; display: block; }\n\n    .socialLinks{ font-size: 6px; }\n    .socialLinks a{\n      display: inline-block;\n    }\n    .socialIcon{\n      display: inline-block;\n      vertical-align: top;\n      padding-bottom: 0px;\n      border-radius: 100%;\n    }\n    .oldwebkit{ max-width: 570px; }\n    td.vb-outer{ padding-left: 9px; padding-right: 9px; }\n    table.vb-container, table.vb-row, table.vb-content{\n      border-collapse: separate;\n    }\n    table.vb-row{\n      border-spacing: 9px;\n    }\n    table.vb-row.halfpad{\n      border-spacing: 0;\n      padding-left: 9px;\n      padding-right: 9px;\n    }\n    table.vb-row.fullwidth{\n      border-spacing: 0;\n      padding: 0;\n    }\n    table.vb-container{\n      padding-left: 18px;\n      padding-right: 18px;\n    }\n    table.vb-container.fullpad{\n      border-spacing: 18px;\n      padding-left: 0;\n      padding-right: 0;\n    }\n    table.vb-container.halfpad{\n      border-spacing: 9px;\n      padding-left: 9px;\n      padding-right: 9px;\n    }\n    table.vb-container.fullwidth{\n      padding-left: 0;\n      padding-right: 0;\n    }\n  </style>\n  <style type=\"text/css\">\n    /* yahoo, hotmail */\n    .ExternalClass, .ExternalClass p, .ExternalClass span, .ExternalClass font, .ExternalClass td, .ExternalClass div{ line-height: 100%; }\n    .yshortcuts a{ border-bottom: none !important; }\n    .vb-outer{ min-width: 0 !important; }\n    .RMsgBdy, .ExternalClass{\n      width: 100%;\n      background-color: #3f3f3f;\n      background-color: #3f3f3f}\n\n    /* outlook */\n    table{ mso-table-rspace: 0pt; mso-table-lspace: 0pt; }\n    #outlook a{ padding: 0; }\n    img{ outline: none; text-decoration: none; border: none; -ms-interpolation-mode: bicubic; }\n    a img{ border: none; }\n\n    @media screen and (max-device-width: 600px), screen and (max-width: 600px) {\n      table.vb-container, table.vb-row{\n        width: 95% !important;\n      }\n\n      .mobile-hide{ display: none !important; }\n      .mobile-textcenter{ text-align: center !important; }\n\n      .mobile-full{\n        float: none !important;\n        width: 100% !important;\n        max-width: none !important;\n        padding-right: 0 !important;\n        padding-left: 0 !important;\n      }\n      img.mobile-full{\n        width: 100% !important;\n        max-width: none !important;\n        height: auto !important;\n      }   \n    }\n  </style>\n  <style type=\"text/css\" data-inline=\"true\">\n    \n    #ko_sideArticleBlock_1 .links-color a, #ko_sideArticleBlock_1 .links-color a:link, #ko_sideArticleBlock_1 .links-color a:visited, #ko_sideArticleBlock_1 .links-color a:hover{\n      color: #3f3f3f;\n      color: #3f3f3f;\n      text-decoration: underline\n    }\n     #ko_sideArticleBlock_1 .long-text p{ Margin: 1em 0px }  #ko_sideArticleBlock_1 .long-text p:last-child{ Margin-bottom: 0px }  #ko_sideArticleBlock_1 .long-text p:first-child{ Margin-top: 0px } </style>\n</head>\n<body bgcolor=\"#3f3f3f\" text=\"#919191\" alink=\"#cccccc\" vlink=\"#cccccc\" style=\"background-color: #3f3f3f; color: #919191;\">\n\n  <center>\n\n  <!-- preheaderBlock -->\n  <!-- /preheaderBlock -->\n\n  <table class=\"vb-outer\" width=\"100%\" cellpadding=\"0\" border=\"0\" cellspacing=\"0\" bgcolor=\"#bfbfbf\" style=\"background-color: #bfbfbf;\" id=\"ko_sideArticleBlock_1\">\n    <tbody><tr>\n      <td class=\"vb-outer\" align=\"center\" valign=\"top\" bgcolor=\"#bfbfbf\" style=\"background-color: #bfbfbf;\">\n\n<!--[if (gte mso 9)|(lte ie 8)]><table align=\"center\" border=\"0\" cellspacing=\"0\" cellpadding=\"0\" width=\"570\"><tr><td align=\"center\" valign=\"top\"><![endif]-->\n        <div class=\"oldwebkit\">\n        <table width=\"570\" border=\"0\" cellpadding=\"0\" cellspacing=\"9\" class=\"vb-row fullpad\" bgcolor=\"#ffffff\" style=\"width: 100%; max-width: 570px; background-color: #ffffff;\">\n          <tbody><tr>\n            <td align=\"center\" class=\"mobile-row\" valign=\"top\" style=\"font-size: 0;\">\n\n<!--[if (gte mso 9)|(lte ie 8)]><table align=\"center\" border=\"0\" cellspacing=\"0\" cellpadding=\"0\" width=\"552\"><tr><![endif]-->\n\n\n<!--[if (gte mso 9)|(lte ie 8)]><td align=\"left\" valign=\"top\" width=\"184\"><![endif]--> \n\n<div class=\"mobile-full\" style=\"display: inline-block; max-width: 184px; vertical-align: top; width: 100%;\">\n\n												<table class=\"vb-content\" border=\"0\" cellspacing=\"9\" cellpadding=\"0\" width=\"184\" align=\"left\" style=\"width: 100%;\">\n													<tbody><tr>\n														<!--  <td width=\"100%\" valign=\"top\" align=\"left\" class=\"links-color\">\n                          <a data-ko-link=\"image.url\" href=\"\">\n                            <img data-ko-editable=\"image.src\" border=\"0\" hspace=\"0\" vspace=\"0\" width=\"166\" height=\"130\"\n                              data-ko-placeholder-height=\"130\" class=\"mobile-full\" alt=\"\"\n                              src=\"http://mosaico.io/srv/f-default/img?method=placeholder&amp;params=166%2C130\" \n                              style=\"vertical-align: top; width: 100%; height: auto; -ko-attr-width: @imageWidth;\n                               max-width: 166px; -ko-max-width: @[imageWidth]px; -ko-attr-alt: @image.alt; -ko-attr-height: @imageHeight;\" />\n                          </a>\n                        </td> -->\n\n						<td valign=\"top\" align=\"center\">\n\n                    \n                    \n                      <img width=\"166\" height=\"130\" vspace=\"0\" hspace=\"0\" border=\"0\" alt=\"\" style=\"width: 100%; max-width: 166px;\" src=\"https://dummyimage.com/166x130.jpg\">\n\n            </td>\n													</tr>\n												</tbody></table>\n\n											</div><!--[if (gte mso 9)|(lte ie 8)]></td>\n<![endif]--><!--[if (gte mso 9)|(lte ie 8)]>\n<td align=\"left\" valign=\"top\" width=\"368\">\n<![endif]--><div class=\"mobile-full\" style=\"display: inline-block; max-width: 368px; vertical-align: top; width: 100%;\"> \n\n                    <table class=\"vb-content\" border=\"0\" cellspacing=\"9\" cellpadding=\"0\" width=\"368\" align=\"left\" style=\"width: 100%;\">\n                      <tbody><tr>\n                      \n                        <td style=\"font-size: 18px; font-family: Arial, Helvetica, sans-serif; color: #3f3f3f; text-align: left;\">\n                          <span style=\"color: #3f3f3f;\">\n                          Title\n                          </span>\n                        </td>\n                        \n                        \n                        \n                        \n                        \n                      </tr>\n                      <tr>\n                        <td align=\"left\" class=\"long-text links-color\" style=\"text-align: left; font-size: 13px; font-family: Arial, Helvetica, sans-serif; color: #3f3f3f;\">\n                          <p style=\"word-wrap: break-word; width: 350px;\">Far far away, behind the word mountains, far from the countries <a href=\"\">Vokalia and Consonantia</a>, there live the blind texts. Separated they live in Bookmarksgrove right at the coast of the Semantics, a large language ocean. A small river named Duden flows by their place and supplies it with the necessary regelialia.</p>\n                        </td>\n                      </tr>\n                      <tr>\n                        <td valign=\"top\">\n                          \n                          \n                          <table cellpadding=\"0\" border=\"0\" align=\"left\" cellspacing=\"0\" class=\"mobile-full\" style=\"padding-top: 4px;\">\n                            <tbody><tr>\n                              <td width=\"auto\" valign=\"middle\" bgcolor=\"#bfbfbf\" align=\"left\" height=\"26\" style=\"font-size: 13px; font-family: Arial, Helvetica, sans-serif; text-align: center; color: #3f3f3f; font-weight: normal; padding-left: 18px; padding-right: 18px; background-color: #bfbfbf; border-radius: 4px;\">\n                                <a style=\"text-decoration: none; color: #3f3f3f; font-weight: normal;\" target=\"_new\" disabledhref=\"#\" display=\"none\">BUTTON</a>\n                              </td>\n                            </tr>\n                          </tbody></table>\n                          \n                          \n                          \n                          \n                          \n                        </td>\n                      </tr>\n                    </tbody></table>\n</div><!--[if (gte mso 9)|(lte ie 8)]></td>\n<![endif]-->\n<!--[if (gte mso 9)|(lte ie 8)]></tr></table><![endif]-->\n\n            </td>\n          </tr>\n        </tbody></table>\n        </div>\n<!--[if (gte mso 9)|(lte ie 8)]></td></tr></table><![endif]-->\n      </td>\n    </tr>\n  </tbody></table>\n\n  </center>\n\n</body></html>','yr6u');
/*!40000 ALTER TABLE `TEMPLATE_HISTORY` ENABLE KEYS */;
UNLOCK TABLES;

--
-- Table structure for table `THEMES`
--

DROP TABLE IF EXISTS `THEMES`;
/*!40101 SET @saved_cs_client     = @@character_set_client */;
/*!50503 SET character_set_client = utf8mb4 */;
CREATE TABLE `THEMES` (
  `THEME_ID` int NOT NULL AUTO_INCREMENT,
  `THEME_NAME` varchar(45) NOT NULL,
  `THEME_PREVIEW_COLOR` varchar(45) NOT NULL,
  `CREATION_DATE` datetime DEFAULT NULL,
  `IS_DELETED` tinyint(1) NOT NULL DEFAULT '0',
  PRIMARY KEY (`THEME_ID`)
) ENGINE=InnoDB AUTO_INCREMENT=6 DEFAULT CHARSET=latin1;
/*!40101 SET character_set_client = @saved_cs_client */;

--
-- Dumping data for table `THEMES`
--

LOCK TABLES `THEMES` WRITE;
/*!40000 ALTER TABLE `THEMES` DISABLE KEYS */;
INSERT INTO `THEMES` VALUES (1,'WHITE_WITH_BLUE','#00BFE1',NULL,0),(2,'BLACK_WITH_ORANGE','#FF9D34',NULL,0),(3,'WHITE_WITH_PINK','#FF84BC',NULL,1),(4,'APRICOT_WITH_GRAY','#FBCEB1',NULL,1),(5,'WHITE_WITH_GREEN','#007236',NULL,0);
/*!40000 ALTER TABLE `THEMES` ENABLE KEYS */;
UNLOCK TABLES;

--
-- Table structure for table `TICKETS_PRIORITY`
--

DROP TABLE IF EXISTS `TICKETS_PRIORITY`;
/*!40101 SET @saved_cs_client     = @@character_set_client */;
/*!50503 SET character_set_client = utf8mb4 */;
CREATE TABLE `TICKETS_PRIORITY` (
  `ID` int NOT NULL AUTO_INCREMENT,
  `PRIORITY_NAME` varchar(45) DEFAULT NULL,
  `SLA` varchar(45) DEFAULT NULL,
  PRIMARY KEY (`ID`)
) ENGINE=InnoDB AUTO_INCREMENT=5 DEFAULT CHARSET=latin1;
/*!40101 SET character_set_client = @saved_cs_client */;

--
-- Dumping data for table `TICKETS_PRIORITY`
--

LOCK TABLES `TICKETS_PRIORITY` WRITE;
/*!40000 ALTER TABLE `TICKETS_PRIORITY` DISABLE KEYS */;
INSERT INTO `TICKETS_PRIORITY` VALUES (1,'P1','6'),(2,'P2','12'),(3,'P3','24'),(4,'P4','36');
/*!40000 ALTER TABLE `TICKETS_PRIORITY` ENABLE KEYS */;
UNLOCK TABLES;

--
-- Table structure for table `TICKETS_SEVERITY`
--

DROP TABLE IF EXISTS `TICKETS_SEVERITY`;
/*!40101 SET @saved_cs_client     = @@character_set_client */;
/*!50503 SET character_set_client = utf8mb4 */;
CREATE TABLE `TICKETS_SEVERITY` (
  `ID` int NOT NULL AUTO_INCREMENT,
  `NAME` varchar(45) DEFAULT NULL,
  `SLA` varchar(45) DEFAULT NULL,
  PRIMARY KEY (`ID`)
) ENGINE=InnoDB AUTO_INCREMENT=5 DEFAULT CHARSET=latin1;
/*!40101 SET character_set_client = @saved_cs_client */;

--
-- Dumping data for table `TICKETS_SEVERITY`
--

LOCK TABLES `TICKETS_SEVERITY` WRITE;
/*!40000 ALTER TABLE `TICKETS_SEVERITY` DISABLE KEYS */;
INSERT INTO `TICKETS_SEVERITY` VALUES (1,'Immediate/Critical','6'),(2,'High','12'),(3,'Medium','24'),(4,'Low','36');
/*!40000 ALTER TABLE `TICKETS_SEVERITY` ENABLE KEYS */;
UNLOCK TABLES;

--
-- Table structure for table `TICKETS_STATUS`
--

DROP TABLE IF EXISTS `TICKETS_STATUS`;
/*!40101 SET @saved_cs_client     = @@character_set_client */;
/*!50503 SET character_set_client = utf8mb4 */;
CREATE TABLE `TICKETS_STATUS` (
  `ID` int NOT NULL AUTO_INCREMENT,
  `STATUS` varchar(45) DEFAULT NULL,
  PRIMARY KEY (`ID`)
) ENGINE=InnoDB AUTO_INCREMENT=7 DEFAULT CHARSET=latin1;
/*!40101 SET character_set_client = @saved_cs_client */;

--
-- Dumping data for table `TICKETS_STATUS`
--

LOCK TABLES `TICKETS_STATUS` WRITE;
/*!40000 ALTER TABLE `TICKETS_STATUS` DISABLE KEYS */;
INSERT INTO `TICKETS_STATUS` VALUES (1,'New'),(2,'CLosed'),(3,'Energy CAP'),(4,'On Hold'),(5,'In Progress'),(6,'Pending Customer Reply');
/*!40000 ALTER TABLE `TICKETS_STATUS` ENABLE KEYS */;
UNLOCK TABLES;

--
-- Table structure for table `TICKETS_TYPES`
--

DROP TABLE IF EXISTS `TICKETS_TYPES`;
/*!40101 SET @saved_cs_client     = @@character_set_client */;
/*!50503 SET character_set_client = utf8mb4 */;
CREATE TABLE `TICKETS_TYPES` (
  `ID` int NOT NULL AUTO_INCREMENT,
  `TYPE` varchar(45) DEFAULT NULL,
  `SLA` varchar(45) DEFAULT NULL,
  `PRIORITY` varchar(45) DEFAULT NULL,
  `PREFIX` varchar(45) DEFAULT NULL,
  PRIMARY KEY (`ID`)
) ENGINE=InnoDB AUTO_INCREMENT=7 DEFAULT CHARSET=latin1;
/*!40101 SET character_set_client = @saved_cs_client */;

--
-- Dumping data for table `TICKETS_TYPES`
--

LOCK TABLES `TICKETS_TYPES` WRITE;
/*!40000 ALTER TABLE `TICKETS_TYPES` DISABLE KEYS */;
INSERT INTO `TICKETS_TYPES` VALUES (1,'Support','24','3','SUP'),(2,'Sales','36','4','SAL'),(3,'Onboarding','25','5','ONB'),(4,'RMA','12','1','RMA'),(5,'Clarification','12','6','CLA'),(6,'Funding','24','2','FUN');
/*!40000 ALTER TABLE `TICKETS_TYPES` ENABLE KEYS */;
UNLOCK TABLES;

--
-- Table structure for table `UI_COMPONENTS`
--

DROP TABLE IF EXISTS `UI_COMPONENTS`;
/*!40101 SET @saved_cs_client     = @@character_set_client */;
/*!50503 SET character_set_client = utf8mb4 */;
CREATE TABLE `UI_COMPONENTS` (
  `COMPONENT_ID` int NOT NULL AUTO_INCREMENT,
  `COMPONENT_NAME` varchar(50) NOT NULL,
  `PAGE_ID` int DEFAULT NULL,
  `IS_DELETED` tinyint(1) NOT NULL DEFAULT '0',
  PRIMARY KEY (`COMPONENT_ID`),
  KEY `foreign_key_1_idx` (`PAGE_ID`),
  CONSTRAINT `foreign_key_1` FOREIGN KEY (`PAGE_ID`) REFERENCES `ACCESSABLE_PAGES` (`PAGE_ID`)
) ENGINE=InnoDB AUTO_INCREMENT=26 DEFAULT CHARSET=latin1;
/*!40101 SET character_set_client = @saved_cs_client */;

--
-- Dumping data for table `UI_COMPONENTS`
--

LOCK TABLES `UI_COMPONENTS` WRITE;
/*!40000 ALTER TABLE `UI_COMPONENTS` DISABLE KEYS */;
INSERT INTO `UI_COMPONENTS` VALUES (1,'TransactionManageBillings',380,0),(2,'AppointmentManageButton',376,0),(3,'BusinessNavigationDropDown',210,0),(4,'BusinessAdminTemplates',210,0),(6,'CreateAndEditServiceButtons',377,1),(7,'UploadFileVerifyButton',377,0),(8,'SurveyReadyToUseClone',415,0),(9,'SurveyReadyToUseDelete',415,0),(10,'CustomerManageButton',231,0),(11,'IsUnsubscribedEditButton',368,0),(12,'AppointmentConfirmationButton',428,0),(13,'ServiceIntegrationParamsDisable',382,0),(14,'ResourceManagement',457,0),(15,'ServiceManagement',458,0),(16,'servicePartManagement',466,0),(17,'ResourceServiceMap',467,0),(18,'ResourceSchedule',468,0),(19,'SmsConfirmation',469,0),(20,'promotion',474,0),(21,'ProductList',471,0),(22,'Product',475,0),(23,'BookAppointment',480,0),(24,'HideAddBillingsButton',481,0),(25,'HideBookAppointmentButton',482,0);
/*!40000 ALTER TABLE `UI_COMPONENTS` ENABLE KEYS */;
UNLOCK TABLES;

--
-- Table structure for table `UPLOAD_SCHEDULE_MAP`
--

DROP TABLE IF EXISTS `UPLOAD_SCHEDULE_MAP`;
/*!40101 SET @saved_cs_client     = @@character_set_client */;
/*!50503 SET character_set_client = utf8mb4 */;
CREATE TABLE `UPLOAD_SCHEDULE_MAP` (
  `ID` int NOT NULL AUTO_INCREMENT,
  `SCHEDULE_ID` int NOT NULL,
  `SERVICE_ID` int NOT NULL,
  `LIST_ID` int NOT NULL,
  `USER_ID` int NOT NULL,
  `IS_DELETED` tinyint(1) NOT NULL,
  `SCHEDULER_STATUS` varchar(45) NOT NULL,
  `LAST_MODIFIED_BY` int DEFAULT NULL,
  `LAST_MODIFIED_DATE` datetime DEFAULT NULL,
  `STORE_ID` int DEFAULT NULL,
  PRIMARY KEY (`ID`),
  KEY `scheduleIdFK_idx` (`SCHEDULE_ID`),
  KEY `listFK_idx` (`LIST_ID`),
  KEY `userIdFk_idx` (`USER_ID`),
  KEY `store_id_fk_idx` (`STORE_ID`),
  KEY `userIdFk2_idx` (`LAST_MODIFIED_BY`),
  CONSTRAINT `listFK` FOREIGN KEY (`LIST_ID`) REFERENCES `SUB_LIST` (`LIST_ID`),
  CONSTRAINT `scheduleIdFK` FOREIGN KEY (`SCHEDULE_ID`) REFERENCES `SCHEDULAR` (`SCHEDULAR_ID`),
  CONSTRAINT `store_id_fk` FOREIGN KEY (`STORE_ID`) REFERENCES `STORE_DETAILS` (`STORE_ID`),
  CONSTRAINT `userIdFk` FOREIGN KEY (`USER_ID`) REFERENCES `APP_USER` (`USER_ID`),
  CONSTRAINT `userIdFk2` FOREIGN KEY (`LAST_MODIFIED_BY`) REFERENCES `APP_USER` (`USER_ID`)
) ENGINE=InnoDB AUTO_INCREMENT=3 DEFAULT CHARSET=latin1;
/*!40101 SET character_set_client = @saved_cs_client */;

--
-- Dumping data for table `UPLOAD_SCHEDULE_MAP`
--

LOCK TABLES `UPLOAD_SCHEDULE_MAP` WRITE;
/*!40000 ALTER TABLE `UPLOAD_SCHEDULE_MAP` DISABLE KEYS */;
/*!40000 ALTER TABLE `UPLOAD_SCHEDULE_MAP` ENABLE KEYS */;
UNLOCK TABLES;

--
-- Table structure for table `UPLOAD_STATUS`
--

DROP TABLE IF EXISTS `UPLOAD_STATUS`;
/*!40101 SET @saved_cs_client     = @@character_set_client */;
/*!50503 SET character_set_client = utf8mb4 */;
CREATE TABLE `UPLOAD_STATUS` (
  `UPLOAD_ID` int NOT NULL AUTO_INCREMENT,
  `REFERENCE_ID` int DEFAULT NULL,
  `LIST_ID` int DEFAULT NULL,
  `TYPE` int DEFAULT NULL,
  `STATUS` varchar(50) DEFAULT NULL,
  `TOTAL_COUNT` int NOT NULL DEFAULT '0',
  `SUCCESS_COUNT` int NOT NULL DEFAULT '0',
  `FAILURE_COUNT` int NOT NULL DEFAULT '0',
  `MODIFIED_DATE` timestamp NOT NULL DEFAULT CURRENT_TIMESTAMP ON UPDATE CURRENT_TIMESTAMP,
  `CREATED_DATE` timestamp NOT NULL DEFAULT CURRENT_TIMESTAMP ON UPDATE CURRENT_TIMESTAMP,
  `REASON_FOR_FAILURE` longtext,
  `FAILURE_ROW_COUNT` int DEFAULT '0',
  `USER_ID` int NOT NULL,
  `UPLOAD_PROCESS_TIME` int DEFAULT '0',
  `STORE_ID` int DEFAULT NULL,
  `BUSINESS_HIERARCHY_ID` int DEFAULT NULL,
  PRIMARY KEY (`UPLOAD_ID`),
  KEY `FK_sub_list_id` (`LIST_ID`),
  KEY `FK_App_user_id_idx` (`USER_ID`),
  KEY `FK_STORE_ID_idx` (`STORE_ID`),
  KEY `BUSINESS_HIERARCHY_ID` (`BUSINESS_HIERARCHY_ID`),
  CONSTRAINT `FK_App_user_id` FOREIGN KEY (`USER_ID`) REFERENCES `APP_USER` (`USER_ID`),
  CONSTRAINT `FK_STORE_ID` FOREIGN KEY (`STORE_ID`) REFERENCES `STORE_DETAILS` (`STORE_ID`),
  CONSTRAINT `FK_sub_list_id` FOREIGN KEY (`LIST_ID`) REFERENCES `SUB_LIST` (`LIST_ID`),
  CONSTRAINT `UPLOAD_STATUS_ibfk_1` FOREIGN KEY (`BUSINESS_HIERARCHY_ID`) REFERENCES `BUSINESS_HIERARCHY` (`BUSINESS_HIERARCHY_ID`)
) ENGINE=InnoDB AUTO_INCREMENT=1633 DEFAULT CHARSET=latin1;
/*!40101 SET character_set_client = @saved_cs_client */;

--
-- Dumping data for table `UPLOAD_STATUS`
--

LOCK TABLES `UPLOAD_STATUS` WRITE;
/*!40000 ALTER TABLE `UPLOAD_STATUS` DISABLE KEYS */;
INSERT INTO `UPLOAD_STATUS` VALUES (301,287,76,1,'STARTED',0,0,0,'2023-12-10 19:51:13','2023-12-10 19:51:13',NULL,NULL,149,NULL,NULL,22),(302,287,76,1,'STARTED',0,0,0,'2023-12-10 19:52:47','2023-12-10 19:52:47',NULL,NULL,149,NULL,NULL,22),(303,287,76,1,'STARTED',0,0,0,'2023-12-10 21:09:29','2023-12-10 21:09:29',NULL,NULL,149,NULL,NULL,22),(304,288,85,1,'STARTED',0,0,0,'2023-12-12 16:23:02','2023-12-12 16:23:02',NULL,NULL,149,NULL,NULL,22),(305,289,85,1,'STARTED',0,0,0,'2023-12-12 16:25:52','2023-12-12 16:25:52',NULL,NULL,149,NULL,NULL,22),(306,290,85,1,'STARTED',0,0,0,'2023-12-12 17:24:31','2023-12-12 17:24:31',NULL,NULL,149,NULL,NULL,22),(307,291,85,1,'STARTED',0,0,0,'2023-12-12 18:10:54','2023-12-12 18:10:54',NULL,NULL,149,NULL,NULL,22),(308,292,85,1,'STARTED',0,0,0,'2023-12-12 18:14:35','2023-12-12 18:14:35',NULL,NULL,149,NULL,NULL,22),(309,293,85,1,'SUCCESS',1,0,2,'2023-12-13 04:46:31','2023-12-13 04:46:31','',NULL,149,NULL,NULL,22),(310,295,76,1,'FAILURE',0,0,1,'2023-12-13 21:33:17','2023-12-13 21:33:17','Error While uploading data',0,149,0,NULL,22),(311,296,85,1,'SUCCESS',1,0,1,'2023-12-13 08:30:03','2023-12-13 08:30:03','',NULL,149,NULL,NULL,22),(312,295,76,1,'SUCCESS_WITH_ERROR',9,1,13,'2023-12-13 22:36:37','2023-12-13 22:36:37','',8,149,0,NULL,22),(313,297,85,1,'SUCCESS',1,1,0,'2023-12-13 13:37:32','2023-12-13 13:37:32','',NULL,149,NULL,NULL,22),(314,298,85,1,'SUCCESS_WITH_NOCONTENT',0,1,0,'2023-12-15 21:29:34','2023-12-15 21:29:34','',NULL,149,NULL,NULL,22),(315,299,85,1,'STARTED',0,0,0,'2023-12-18 08:25:23','2023-12-18 08:25:23',NULL,NULL,149,NULL,NULL,23),(316,300,85,1,'STARTED',0,0,0,'2023-12-18 08:29:25','2023-12-18 08:29:25',NULL,NULL,149,NULL,NULL,23),(317,301,85,1,'STARTED',0,0,0,'2023-12-18 10:26:43','2023-12-18 10:26:43',NULL,NULL,149,NULL,NULL,23),(318,302,85,1,'STARTED',0,0,0,'2023-12-18 10:32:50','2023-12-18 10:32:50',NULL,NULL,149,NULL,NULL,23),(319,303,85,1,'FAILURE',0,0,1,'2023-12-18 10:54:07','2023-12-18 10:54:07','Error While uploading data',NULL,149,NULL,NULL,23),(320,304,85,1,'STARTED',0,0,0,'2023-12-18 11:25:08','2023-12-18 11:25:08',NULL,NULL,149,NULL,NULL,23),(321,305,85,1,'STARTED',0,0,0,'2023-12-18 11:27:41','2023-12-18 11:27:41',NULL,NULL,149,NULL,NULL,23),(322,306,85,1,'STARTED',0,0,0,'2023-12-18 11:32:57','2023-12-18 11:32:57',NULL,NULL,149,NULL,NULL,23),(323,307,85,1,'STARTED',0,0,0,'2023-12-18 11:41:22','2023-12-18 11:41:22',NULL,NULL,149,NULL,NULL,23),(324,308,85,1,'STARTED',0,0,0,'2023-12-18 11:44:12','2023-12-18 11:44:12',NULL,NULL,149,NULL,NULL,23),(325,309,85,1,'FAILURE',0,0,1,'2023-12-18 11:47:37','2023-12-18 11:47:37','Error While uploading data',NULL,149,NULL,NULL,23),(326,310,85,1,'STARTED',0,0,0,'2023-12-18 12:05:13','2023-12-18 12:05:13',NULL,NULL,149,NULL,NULL,23),(327,311,85,1,'STARTED',0,0,0,'2023-12-18 12:08:14','2023-12-18 12:08:14',NULL,NULL,149,NULL,NULL,23),(328,312,85,1,'STARTED',0,0,0,'2023-12-18 12:13:19','2023-12-18 12:13:19',NULL,NULL,149,NULL,NULL,23),(329,313,85,1,'STARTED',0,0,0,'2023-12-18 12:15:38','2023-12-18 12:15:38',NULL,NULL,149,NULL,NULL,23),(330,314,76,1,'FAILURE',0,0,1,'2023-12-18 14:01:31','2023-12-18 14:01:31','Error While uploading data',NULL,149,NULL,NULL,23),(331,319,85,1,'STARTED',0,0,0,'2023-12-18 18:51:51','2023-12-18 18:51:51',NULL,NULL,149,NULL,NULL,23),(332,320,85,1,'FAILURE',0,0,1,'2023-12-18 19:28:00','2023-12-18 19:28:00','Error While uploading data',NULL,149,NULL,NULL,23),(333,321,76,1,'FAILURE',0,0,1500,'2023-12-18 20:06:08','2023-12-18 20:06:08','Error count exceeded. Sorry cannot upload this file.',1300,149,NULL,NULL,23),(334,322,76,1,'STARTED',0,0,0,'2023-12-18 21:58:27','2023-12-18 21:58:27',NULL,NULL,149,NULL,NULL,23),(335,323,76,1,'STARTED',0,0,0,'2023-12-18 22:03:40','2023-12-18 22:03:40',NULL,NULL,149,NULL,NULL,23),(336,324,76,1,'FAILURE',0,0,1500,'2023-12-18 22:10:57','2023-12-18 22:10:57','Error count exceeded. Sorry cannot upload this file.',1337,149,NULL,NULL,23),(337,325,76,1,'STARTED',0,0,0,'2023-12-18 22:52:26','2023-12-18 22:52:26',NULL,NULL,149,NULL,NULL,23),(338,326,76,1,'STARTED',0,0,0,'2023-12-18 23:12:05','2023-12-18 23:12:05',NULL,NULL,149,NULL,NULL,23),(339,327,76,1,'FAILURE',0,100,1,'2023-12-20 22:48:07','2023-12-20 22:48:07','Error While uploading data',NULL,149,NULL,NULL,23),(340,328,76,1,'FAILURE',0,500,1,'2023-12-20 23:10:39','2023-12-20 23:10:39','Error While uploading data',NULL,149,NULL,NULL,23),(341,329,76,1,'FAILURE',0,0,1,'2023-12-20 23:24:28','2023-12-20 23:24:28','Error While uploading data',NULL,149,NULL,NULL,23),(342,330,76,1,'FAILURE',0,0,1,'2023-12-20 23:42:55','2023-12-20 23:42:55','Error While uploading data',NULL,149,NULL,NULL,23),(343,331,76,1,'FAILURE',0,0,1,'2023-12-21 00:16:03','2023-12-21 00:16:03','Error While uploading data',NULL,149,NULL,NULL,23),(344,332,76,1,'FAILURE',0,0,1,'2023-12-21 00:21:11','2023-12-21 00:21:11','Error While uploading data',NULL,149,NULL,NULL,23),(345,333,76,1,'FAILURE',0,0,1,'2023-12-21 00:24:03','2023-12-21 00:24:03','Error While uploading data',NULL,149,NULL,NULL,23),(346,334,76,1,'FAILURE',0,0,1,'2023-12-21 00:25:48','2023-12-21 00:25:48','Error While uploading data',NULL,149,NULL,NULL,23),(347,335,76,1,'FAILURE',0,0,1,'2023-12-21 00:28:13','2023-12-21 00:28:13','Error While uploading data',NULL,149,NULL,NULL,23),(348,336,76,1,'FAILURE',0,0,1,'2023-12-21 00:34:20','2023-12-21 00:34:20','Error While uploading data',NULL,149,NULL,NULL,23),(349,337,76,1,'SUCCESS_WITH_NOCONTENT',0,33,0,'2023-12-21 00:39:21','2023-12-21 00:39:21','',NULL,149,NULL,NULL,23),(350,338,76,1,'FAILURE',0,0,1,'2023-12-21 01:04:31','2023-12-21 01:04:31','Error While uploading data',NULL,149,NULL,NULL,22),(351,339,76,1,'FAILURE',0,500,1,'2023-12-21 03:58:37','2023-12-21 03:58:37','Error While uploading data',NULL,149,NULL,NULL,23),(352,340,76,1,'STARTED',0,0,0,'2023-12-23 13:02:02','2023-12-23 13:02:02',NULL,NULL,149,NULL,NULL,23),(353,341,76,1,'FAILURE',0,0,1,'2023-12-23 13:07:45','2023-12-23 13:07:45','Error While uploading data',NULL,149,NULL,NULL,23),(354,342,76,1,'FAILURE',0,0,1,'2023-12-23 13:09:53','2023-12-23 13:09:53','Error While uploading data',NULL,149,NULL,NULL,23),(355,343,76,1,'FAILURE',0,0,1,'2023-12-23 13:11:51','2023-12-23 13:11:51','Error While uploading data',NULL,149,NULL,NULL,23),(356,344,76,1,'FAILURE',0,0,1,'2023-12-23 13:13:10','2023-12-23 13:13:10','Error While uploading data',NULL,149,NULL,NULL,23),(357,345,76,1,'FAILURE',0,0,1,'2023-12-23 13:14:36','2023-12-23 13:14:36','Error While uploading data',NULL,149,NULL,NULL,23),(358,346,76,1,'FAILURE',0,0,1,'2023-12-23 13:16:03','2023-12-23 13:16:03','Error While uploading data',NULL,149,NULL,NULL,23),(359,347,76,1,'FAILURE',0,0,1,'2023-12-23 13:17:05','2023-12-23 13:17:05','Error While uploading data',NULL,149,NULL,NULL,23),(360,348,76,1,'FAILURE',0,0,1,'2023-12-23 13:19:01','2023-12-23 13:19:01','Error While uploading data',NULL,149,NULL,NULL,23),(361,349,76,1,'FAILURE',0,0,1,'2023-12-23 13:21:08','2023-12-23 13:21:08','Error While uploading data',NULL,149,NULL,NULL,23),(362,350,76,1,'FAILURE',0,0,1,'2023-12-23 13:22:51','2023-12-23 13:22:51','Error While uploading data',NULL,149,NULL,NULL,23),(363,351,76,1,'FAILURE',0,0,1,'2023-12-23 13:24:53','2023-12-23 13:24:53','Error While uploading data',NULL,149,NULL,NULL,23),(364,352,76,1,'FAILURE',0,0,1,'2023-12-23 13:26:51','2023-12-23 13:26:51','Error While uploading data',NULL,149,NULL,NULL,23),(365,353,76,1,'FAILURE',0,0,1,'2023-12-23 13:28:21','2023-12-23 13:28:21','Error While uploading data',NULL,149,NULL,NULL,23),(366,354,76,1,'FAILURE',0,0,1,'2023-12-23 13:29:41','2023-12-23 13:29:41','Error While uploading data',NULL,149,NULL,NULL,23),(367,355,76,1,'FAILURE',0,0,1,'2023-12-23 13:31:51','2023-12-23 13:31:51','Error While uploading data',NULL,149,NULL,NULL,23),(368,356,76,1,'FAILURE',0,0,1,'2023-12-23 13:33:13','2023-12-23 13:33:13','Error While uploading data',NULL,149,NULL,NULL,23),(369,357,76,1,'FAILURE',0,0,1,'2023-12-23 13:34:32','2023-12-23 13:34:32','Error While uploading data',NULL,149,NULL,NULL,23),(370,358,76,1,'FAILURE',0,0,1,'2023-12-23 13:35:57','2023-12-23 13:35:57','Error While uploading data',NULL,149,NULL,NULL,23),(371,359,76,1,'FAILURE',0,0,1,'2023-12-23 13:37:42','2023-12-23 13:37:42','Error While uploading data',NULL,149,NULL,NULL,23),(372,360,76,1,'FAILURE',0,0,1,'2023-12-23 13:39:25','2023-12-23 13:39:25','Error While uploading data',NULL,149,NULL,NULL,23),(373,361,76,1,'FAILURE',0,0,1,'2023-12-23 13:41:10','2023-12-23 13:41:10','Error While uploading data',NULL,149,NULL,NULL,23),(374,362,76,1,'FAILURE',0,0,1,'2023-12-23 13:43:08','2023-12-23 13:43:08','Error While uploading data',NULL,149,NULL,NULL,23),(375,363,76,1,'FAILURE',0,0,1,'2023-12-23 13:44:42','2023-12-23 13:44:42','Error While uploading data',NULL,149,NULL,NULL,23),(376,364,76,1,'FAILURE',0,0,1,'2023-12-23 13:46:12','2023-12-23 13:46:12','Error While uploading data',NULL,149,NULL,NULL,23),(377,365,76,1,'FAILURE',0,0,1,'2023-12-23 13:47:41','2023-12-23 13:47:41','Error While uploading data',NULL,149,NULL,NULL,23),(378,366,76,1,'FAILURE',0,0,1,'2023-12-23 13:49:23','2023-12-23 13:49:23','Error While uploading data',NULL,149,NULL,NULL,23),(379,367,76,1,'FAILURE',0,0,1,'2023-12-23 13:51:17','2023-12-23 13:51:17','Error While uploading data',NULL,149,NULL,NULL,23),(380,368,76,1,'FAILURE',0,0,1,'2023-12-23 13:53:05','2023-12-23 13:53:05','Error While uploading data',NULL,149,NULL,NULL,23),(381,369,76,1,'FAILURE',0,0,1,'2023-12-23 13:54:41','2023-12-23 13:54:41','Error While uploading data',NULL,149,NULL,NULL,23),(382,370,76,1,'FAILURE',0,0,1,'2023-12-23 13:56:14','2023-12-23 13:56:14','Error While uploading data',NULL,149,NULL,NULL,23),(383,371,76,1,'FAILURE',0,0,1,'2023-12-23 13:57:48','2023-12-23 13:57:48','Error While uploading data',NULL,149,NULL,NULL,23),(384,372,76,1,'FAILURE',0,0,1,'2023-12-23 13:58:58','2023-12-23 13:58:58','Error While uploading data',NULL,149,NULL,NULL,23),(385,373,76,1,'FAILURE',0,0,1,'2023-12-23 14:00:58','2023-12-23 14:00:58','Error While uploading data',NULL,149,NULL,NULL,23),(386,374,76,1,'FAILURE',0,0,1,'2023-12-23 14:02:30','2023-12-23 14:02:30','Error While uploading data',NULL,149,NULL,NULL,23),(387,375,76,1,'FAILURE',0,0,1,'2023-12-23 14:04:11','2023-12-23 14:04:11','Error While uploading data',NULL,149,NULL,NULL,23),(388,376,76,1,'FAILURE',0,0,1,'2023-12-23 14:06:21','2023-12-23 14:06:21','Error While uploading data',NULL,149,NULL,NULL,23),(389,377,76,1,'FAILURE',0,0,1,'2023-12-23 14:07:26','2023-12-23 14:07:26','Error While uploading data',NULL,149,NULL,NULL,23),(390,378,76,1,'FAILURE',0,0,1,'2023-12-23 14:09:27','2023-12-23 14:09:27','Error While uploading data',NULL,149,NULL,NULL,23),(391,379,76,1,'FAILURE',0,0,1,'2023-12-23 14:11:34','2023-12-23 14:11:34','Error While uploading data',NULL,149,NULL,NULL,23),(392,380,76,1,'FAILURE',0,0,1,'2023-12-23 14:13:01','2023-12-23 14:13:01','Error While uploading data',NULL,149,NULL,NULL,23),(393,381,76,1,'FAILURE',0,0,1,'2023-12-23 14:14:33','2023-12-23 14:14:33','Error While uploading data',NULL,149,NULL,NULL,23),(394,382,76,1,'FAILURE',0,0,1,'2023-12-23 14:16:39','2023-12-23 14:16:39','Error While uploading data',NULL,149,NULL,NULL,23),(395,383,76,1,'FAILURE',0,0,1,'2023-12-23 14:18:53','2023-12-23 14:18:53','Error While uploading data',NULL,149,NULL,NULL,23),(396,384,76,1,'FAILURE',0,0,1,'2023-12-23 14:20:40','2023-12-23 14:20:40','Error While uploading data',NULL,149,NULL,NULL,23),(397,385,76,1,'FAILURE',0,0,1,'2023-12-23 14:22:40','2023-12-23 14:22:40','Error While uploading data',NULL,149,NULL,NULL,23),(398,386,76,1,'FAILURE',0,0,1,'2023-12-23 14:24:27','2023-12-23 14:24:27','Error While uploading data',NULL,149,NULL,NULL,23),(399,387,76,1,'FAILURE',0,0,1,'2023-12-23 14:26:21','2023-12-23 14:26:21','Error While uploading data',NULL,149,NULL,NULL,23),(400,388,76,1,'FAILURE',0,0,1,'2023-12-23 14:28:16','2023-12-23 14:28:16','Error While uploading data',NULL,149,NULL,NULL,23),(401,389,76,1,'FAILURE',0,0,1,'2023-12-23 14:30:19','2023-12-23 14:30:19','Error While uploading data',NULL,149,NULL,NULL,23),(402,390,76,1,'FAILURE',0,0,1,'2023-12-23 14:31:51','2023-12-23 14:31:51','Error While uploading data',NULL,149,NULL,NULL,23),(403,391,76,1,'FAILURE',0,0,1,'2023-12-23 14:33:04','2023-12-23 14:33:04','Error While uploading data',NULL,149,NULL,NULL,23),(404,392,76,1,'FAILURE',0,0,1,'2023-12-23 14:34:53','2023-12-23 14:34:53','Error While uploading data',NULL,149,NULL,NULL,23),(405,393,76,1,'FAILURE',0,0,1,'2023-12-23 14:36:19','2023-12-23 14:36:19','Error While uploading data',NULL,149,NULL,NULL,23),(406,394,76,1,'FAILURE',0,0,1,'2023-12-23 14:37:50','2023-12-23 14:37:50','Error While uploading data',NULL,149,NULL,NULL,23),(407,395,76,1,'FAILURE',0,0,1,'2023-12-23 14:39:30','2023-12-23 14:39:30','Error While uploading data',NULL,149,NULL,NULL,23),(408,396,76,1,'FAILURE',0,0,1,'2023-12-23 14:41:30','2023-12-23 14:41:30','Error While uploading data',NULL,149,NULL,NULL,23),(409,397,76,1,'FAILURE',0,0,1,'2023-12-23 14:43:10','2023-12-23 14:43:10','Error While uploading data',NULL,149,NULL,NULL,23),(410,398,76,1,'FAILURE',0,0,1,'2023-12-23 14:44:47','2023-12-23 14:44:47','Error While uploading data',NULL,149,NULL,NULL,23),(411,399,76,1,'FAILURE',0,0,1,'2023-12-23 14:46:30','2023-12-23 14:46:30','Error While uploading data',NULL,149,NULL,NULL,23),(412,400,76,1,'FAILURE',0,0,1,'2023-12-23 14:47:46','2023-12-23 14:47:46','Error While uploading data',NULL,149,NULL,NULL,23),(413,401,76,1,'FAILURE',0,0,1,'2023-12-23 14:49:18','2023-12-23 14:49:18','Error While uploading data',NULL,149,NULL,NULL,23),(414,402,76,1,'FAILURE',0,0,1,'2023-12-23 14:51:19','2023-12-23 14:51:19','Error While uploading data',NULL,149,NULL,NULL,23),(415,403,76,1,'FAILURE',0,0,1,'2023-12-23 14:52:21','2023-12-23 14:52:21','Error While uploading data',NULL,149,NULL,NULL,23),(416,404,76,1,'FAILURE',0,0,1,'2023-12-23 14:53:47','2023-12-23 14:53:47','Error While uploading data',NULL,149,NULL,NULL,23),(417,405,76,1,'FAILURE',0,0,1,'2023-12-23 14:55:46','2023-12-23 14:55:46','Error While uploading data',NULL,149,NULL,NULL,23),(418,406,76,1,'FAILURE',0,0,1,'2023-12-23 14:57:18','2023-12-23 14:57:18','Error While uploading data',NULL,149,NULL,NULL,23),(419,407,76,1,'FAILURE',0,0,1,'2023-12-23 14:58:45','2023-12-23 14:58:45','Error While uploading data',NULL,149,NULL,NULL,23),(420,408,76,1,'FAILURE',0,0,1,'2023-12-23 15:00:51','2023-12-23 15:00:51','Error While uploading data',NULL,149,NULL,NULL,23),(421,409,76,1,'FAILURE',0,0,1,'2023-12-23 15:02:59','2023-12-23 15:02:59','Error While uploading data',NULL,149,NULL,NULL,23),(422,410,76,1,'FAILURE',0,0,1,'2023-12-23 15:04:07','2023-12-23 15:04:07','Error While uploading data',NULL,149,NULL,NULL,23),(423,411,76,1,'FAILURE',0,0,1,'2023-12-23 15:05:58','2023-12-23 15:05:58','Error While uploading data',NULL,149,NULL,NULL,23),(424,412,76,1,'FAILURE',0,0,1,'2023-12-23 15:07:28','2023-12-23 15:07:28','Error While uploading data',NULL,149,NULL,NULL,23),(425,413,76,1,'FAILURE',0,0,1,'2023-12-23 15:08:43','2023-12-23 15:08:43','Error While uploading data',NULL,149,NULL,NULL,23),(426,414,76,1,'FAILURE',0,0,1,'2023-12-23 15:10:44','2023-12-23 15:10:44','Error While uploading data',NULL,149,NULL,NULL,23),(427,415,76,1,'FAILURE',0,0,1,'2023-12-23 15:12:26','2023-12-23 15:12:26','Error While uploading data',NULL,149,NULL,NULL,23),(428,416,76,1,'FAILURE',0,0,1,'2023-12-23 15:14:30','2023-12-23 15:14:30','Error While uploading data',NULL,149,NULL,NULL,23),(429,417,76,1,'FAILURE',0,0,1,'2023-12-23 15:16:03','2023-12-23 15:16:03','Error While uploading data',NULL,149,NULL,NULL,23),(430,418,76,1,'FAILURE',0,0,1,'2023-12-23 15:17:42','2023-12-23 15:17:42','Error While uploading data',NULL,149,NULL,NULL,23),(431,419,76,1,'FAILURE',0,0,1,'2023-12-23 15:19:04','2023-12-23 15:19:04','Error While uploading data',NULL,149,NULL,NULL,23),(432,420,76,1,'FAILURE',0,0,1,'2023-12-23 15:20:30','2023-12-23 15:20:30','Error While uploading data',NULL,149,NULL,NULL,23),(433,421,76,1,'FAILURE',0,0,1,'2023-12-23 15:22:41','2023-12-23 15:22:41','Error While uploading data',NULL,149,NULL,NULL,23),(434,422,76,1,'FAILURE',0,0,1,'2023-12-23 15:23:52','2023-12-23 15:23:52','Error While uploading data',NULL,149,NULL,NULL,23),(435,423,76,1,'FAILURE',0,0,1,'2023-12-23 15:25:36','2023-12-23 15:25:36','Error While uploading data',NULL,149,NULL,NULL,23),(436,424,76,1,'FAILURE',0,0,1,'2023-12-23 15:27:53','2023-12-23 15:27:53','Error While uploading data',NULL,149,NULL,NULL,23),(437,425,76,1,'FAILURE',0,0,1,'2023-12-23 15:29:50','2023-12-23 15:29:50','Error While uploading data',NULL,149,NULL,NULL,23),(438,426,76,1,'FAILURE',0,0,1,'2023-12-23 15:31:19','2023-12-23 15:31:19','Error While uploading data',NULL,149,NULL,NULL,23),(439,427,76,1,'FAILURE',0,0,1,'2023-12-23 15:33:34','2023-12-23 15:33:34','Error While uploading data',NULL,149,NULL,NULL,23),(440,428,76,1,'FAILURE',0,0,1,'2023-12-23 15:35:24','2023-12-23 15:35:24','Error While uploading data',NULL,149,NULL,NULL,23),(441,429,76,1,'FAILURE',0,0,1,'2023-12-23 15:37:27','2023-12-23 15:37:27','Error While uploading data',NULL,149,NULL,NULL,23),(442,430,76,1,'FAILURE',0,0,1,'2023-12-23 15:38:58','2023-12-23 15:38:58','Error While uploading data',NULL,149,NULL,NULL,23),(443,431,76,1,'FAILURE',0,0,1,'2023-12-23 15:40:48','2023-12-23 15:40:48','Error While uploading data',NULL,149,NULL,NULL,23),(444,432,76,1,'FAILURE',0,0,1,'2023-12-23 15:42:21','2023-12-23 15:42:21','Error While uploading data',NULL,149,NULL,NULL,23),(445,433,76,1,'FAILURE',0,0,1,'2023-12-23 15:43:33','2023-12-23 15:43:33','Error While uploading data',NULL,149,NULL,NULL,23),(446,434,76,1,'FAILURE',0,0,1,'2023-12-23 15:45:16','2023-12-23 15:45:16','Error While uploading data',NULL,149,NULL,NULL,23),(447,435,76,1,'FAILURE',0,0,1,'2023-12-24 17:50:44','2023-12-24 17:50:44','Error While uploading data',NULL,149,NULL,NULL,23),(448,436,76,1,'FAILURE',0,800,1,'2023-12-24 17:52:44','2023-12-24 17:52:44','Error While uploading data',NULL,149,NULL,NULL,23),(449,437,76,1,'FAILURE',0,200,1,'2023-12-24 17:54:18','2023-12-24 17:54:18','Error While uploading data',NULL,149,NULL,NULL,23),(450,438,76,1,'FAILURE',0,100,1,'2023-12-24 17:55:47','2023-12-24 17:55:47','Error While uploading data',NULL,149,NULL,NULL,23),(451,439,76,1,'FAILURE',0,0,1,'2023-12-24 17:57:47','2023-12-24 17:57:47','Error While uploading data',NULL,149,NULL,NULL,23),(452,440,76,1,'FAILURE',0,0,1,'2023-12-24 17:59:16','2023-12-24 17:59:16','Error While uploading data',NULL,149,NULL,NULL,23),(453,441,76,1,'FAILURE',0,300,1,'2023-12-24 18:01:24','2023-12-24 18:01:24','Error While uploading data',NULL,149,NULL,NULL,23),(454,442,76,1,'FAILURE',0,300,1,'2023-12-24 18:03:23','2023-12-24 18:03:23','Error While uploading data',NULL,149,NULL,NULL,23),(455,443,76,1,'FAILURE',0,0,1,'2023-12-24 18:05:03','2023-12-24 18:05:03','Error While uploading data',NULL,149,NULL,NULL,23),(456,444,76,1,'FAILURE',0,0,1,'2023-12-24 18:06:46','2023-12-24 18:06:46','Error While uploading data',NULL,149,NULL,NULL,23),(457,445,76,1,'SUCCESS_WITH_NOCONTENT',0,1200,0,'2023-12-24 18:08:42','2023-12-24 18:08:42','',NULL,149,NULL,NULL,23),(458,446,76,1,'SUCCESS_WITH_NOCONTENT',0,389,0,'2023-12-24 18:10:17','2023-12-24 18:10:17','',NULL,149,NULL,NULL,23),(459,447,76,1,'FAILURE',0,100,1,'2023-12-24 18:12:17','2023-12-24 18:12:17','Error While uploading data',NULL,149,NULL,NULL,23),(460,448,76,1,'SUCCESS_WITH_NOCONTENT',0,100,0,'2023-12-24 18:13:34','2023-12-24 18:13:34','',NULL,149,NULL,NULL,23),(461,449,76,1,'FAILURE',0,600,1,'2023-12-24 18:15:07','2023-12-24 18:15:07','Error While uploading data',NULL,149,NULL,NULL,23),(462,450,76,1,'FAILURE',0,700,1,'2023-12-24 18:17:15','2023-12-24 18:17:15','Error While uploading data',NULL,149,NULL,NULL,23),(463,451,76,1,'SUCCESS_WITH_NOCONTENT',0,200,0,'2023-12-24 18:18:47','2023-12-24 18:18:47','',NULL,149,NULL,NULL,23),(464,452,76,1,'FAILURE',0,0,1,'2023-12-24 18:20:21','2023-12-24 18:20:21','Error While uploading data',NULL,149,NULL,NULL,23),(465,453,76,1,'FAILURE',0,300,1,'2023-12-24 18:21:50','2023-12-24 18:21:50','Error While uploading data',NULL,149,NULL,NULL,23),(466,454,76,1,'FAILURE',0,200,1,'2023-12-24 18:23:19','2023-12-24 18:23:19','Error While uploading data',NULL,149,NULL,NULL,23),(467,455,76,1,'FAILURE',0,0,1,'2023-12-24 18:25:25','2023-12-24 18:25:25','Error While uploading data',NULL,149,NULL,NULL,23),(468,456,76,1,'FAILURE',0,0,1,'2023-12-24 18:26:57','2023-12-24 18:26:57','Error While uploading data',NULL,149,NULL,NULL,23),(469,457,76,1,'SUCCESS_WITH_NOCONTENT',0,0,0,'2023-12-24 18:28:30','2023-12-24 18:28:30','',NULL,149,NULL,NULL,23),(470,458,76,1,'SUCCESS_WITH_NOCONTENT',0,200,0,'2023-12-24 18:29:59','2023-12-24 18:29:59','',NULL,149,NULL,NULL,23),(471,459,76,1,'SUCCESS_WITH_NOCONTENT',0,200,0,'2023-12-24 18:31:22','2023-12-24 18:31:22','',NULL,149,NULL,NULL,23),(472,460,76,1,'FAILURE',0,200,1,'2023-12-24 18:33:43','2023-12-24 18:33:43','Error While uploading data',NULL,149,NULL,NULL,23),(473,461,76,1,'SUCCESS_WITH_NOCONTENT',0,110,0,'2023-12-24 18:35:16','2023-12-24 18:35:16','',NULL,149,NULL,NULL,23),(474,462,76,1,'FAILURE',0,0,1,'2023-12-24 18:37:03','2023-12-24 18:37:03','Error While uploading data',NULL,149,NULL,NULL,23),(475,463,76,1,'FAILURE',0,600,1,'2023-12-24 18:39:04','2023-12-24 18:39:04','Error While uploading data',NULL,149,NULL,NULL,23),(476,464,76,1,'FAILURE',0,0,1,'2023-12-24 18:40:58','2023-12-24 18:40:58','Error While uploading data',NULL,149,NULL,NULL,23),(477,465,76,1,'FAILURE',0,0,1,'2023-12-24 18:42:52','2023-12-24 18:42:52','Error While uploading data',NULL,149,NULL,NULL,23),(478,466,76,1,'FAILURE',0,200,1,'2023-12-24 18:45:00','2023-12-24 18:45:00','Error While uploading data',NULL,149,NULL,NULL,23),(479,467,76,1,'FAILURE',0,100,1,'2023-12-24 18:46:37','2023-12-24 18:46:37','Error While uploading data',NULL,149,NULL,NULL,23),(480,468,76,1,'SUCCESS_WITH_NOCONTENT',0,100,0,'2023-12-24 18:47:43','2023-12-24 18:47:43','',NULL,149,NULL,NULL,23),(481,469,76,1,'FAILURE',0,600,1,'2023-12-24 18:49:25','2023-12-24 18:49:25','Error While uploading data',NULL,149,NULL,NULL,23),(482,470,76,1,'FAILURE',0,800,1,'2023-12-24 18:51:40','2023-12-24 18:51:40','Error While uploading data',NULL,149,NULL,NULL,23),(483,471,76,1,'FAILURE',0,0,1,'2023-12-24 18:53:35','2023-12-24 18:53:35','Error While uploading data',NULL,149,NULL,NULL,23),(484,472,76,1,'FAILURE',0,500,1,'2023-12-24 18:55:47','2023-12-24 18:55:47','Error While uploading data',NULL,149,NULL,NULL,23),(485,473,76,1,'FAILURE',0,0,1,'2023-12-24 18:57:50','2023-12-24 18:57:50','Error While uploading data',NULL,149,NULL,NULL,23),(486,474,76,1,'FAILURE',0,600,1,'2023-12-24 18:59:52','2023-12-24 18:59:52','Error While uploading data',NULL,149,NULL,NULL,23),(487,475,76,1,'FAILURE',0,100,1,'2023-12-24 19:02:02','2023-12-24 19:02:02','Error While uploading data',NULL,149,NULL,NULL,23),(488,476,76,1,'FAILURE',0,0,1,'2023-12-24 19:05:23','2023-12-24 19:05:23','Error While uploading data',NULL,149,NULL,NULL,23),(489,477,76,1,'FAILURE',0,0,1,'2023-12-24 19:07:24','2023-12-24 19:07:24','Error While uploading data',NULL,149,NULL,NULL,23),(490,478,76,1,'FAILURE',0,0,1,'2023-12-24 19:08:56','2023-12-24 19:08:56','Error While uploading data',NULL,149,NULL,NULL,23),(491,479,76,1,'FAILURE',0,0,1,'2023-12-24 19:10:44','2023-12-24 19:10:44','Error While uploading data',NULL,149,NULL,NULL,23),(492,480,76,1,'FAILURE',0,0,1,'2023-12-24 19:12:55','2023-12-24 19:12:55','Error While uploading data',NULL,149,NULL,NULL,23),(493,481,76,1,'SUCCESS_WITH_NOCONTENT',0,936,0,'2023-12-24 19:15:01','2023-12-24 19:15:01','',NULL,149,NULL,NULL,23),(494,482,76,1,'FAILURE',0,100,1,'2023-12-24 19:16:34','2023-12-24 19:16:34','Error While uploading data',NULL,149,NULL,NULL,23),(495,483,76,1,'FAILURE',0,100,1,'2023-12-24 19:18:37','2023-12-24 19:18:37','Error While uploading data',NULL,149,NULL,NULL,23),(496,484,76,1,'SUCCESS_WITH_NOCONTENT',0,853,0,'2023-12-24 19:20:34','2023-12-24 19:20:34','',NULL,149,NULL,NULL,23),(497,485,76,1,'SUCCESS_WITH_NOCONTENT',0,0,0,'2023-12-24 19:22:23','2023-12-24 19:22:23','',NULL,149,NULL,NULL,23),(498,486,76,1,'FAILURE',0,0,1,'2023-12-24 19:23:46','2023-12-24 19:23:46','Error While uploading data',NULL,149,NULL,NULL,23),(499,487,76,1,'SUCCESS_WITH_NOCONTENT',0,130,0,'2023-12-24 19:25:20','2023-12-24 19:25:20','',NULL,149,NULL,NULL,23),(500,488,76,1,'FAILURE',0,0,1,'2023-12-24 19:26:48','2023-12-24 19:26:48','Error While uploading data',NULL,149,NULL,NULL,23),(501,489,76,1,'FAILURE',0,400,1,'2023-12-24 19:28:23','2023-12-24 19:28:23','Error While uploading data',NULL,149,NULL,NULL,23),(502,490,76,1,'FAILURE',0,0,1,'2023-12-24 19:29:33','2023-12-24 19:29:33','Error While uploading data',NULL,149,NULL,NULL,23),(503,491,76,1,'FAILURE',0,0,1,'2023-12-24 19:30:50','2023-12-24 19:30:50','Error While uploading data',NULL,149,NULL,NULL,23),(504,492,76,1,'FAILURE',0,0,1,'2023-12-24 19:32:32','2023-12-24 19:32:32','Error While uploading data',NULL,149,NULL,NULL,23),(505,493,76,1,'FAILURE',0,0,1,'2023-12-24 19:34:17','2023-12-24 19:34:17','Error While uploading data',NULL,149,NULL,NULL,23),(506,494,76,1,'FAILURE',0,0,1,'2023-12-24 19:35:29','2023-12-24 19:35:29','Error While uploading data',NULL,149,NULL,NULL,23),(507,495,76,1,'FAILURE',0,0,1,'2023-12-24 19:36:38','2023-12-24 19:36:38','Error While uploading data',NULL,149,NULL,NULL,23),(508,496,76,1,'FAILURE',0,200,1,'2023-12-24 19:38:00','2023-12-24 19:38:00','Error While uploading data',NULL,149,NULL,NULL,23),(509,497,76,1,'SUCCESS_WITH_NOCONTENT',0,200,0,'2023-12-24 19:39:04','2023-12-24 19:39:04','',NULL,149,NULL,NULL,23),(510,498,76,1,'SUCCESS_WITH_NOCONTENT',0,800,0,'2023-12-24 19:41:09','2023-12-24 19:41:09','',NULL,149,NULL,NULL,23),(511,499,76,1,'SUCCESS_WITH_NOCONTENT',0,200,0,'2023-12-24 19:42:56','2023-12-24 19:42:56','',NULL,149,NULL,NULL,23),(512,500,76,1,'FAILURE',0,0,1,'2023-12-24 19:44:55','2023-12-24 19:44:55','Error While uploading data',NULL,149,NULL,NULL,23),(513,501,76,1,'FAILURE',0,100,1,'2023-12-24 19:46:18','2023-12-24 19:46:18','Error While uploading data',NULL,149,NULL,NULL,23),(514,502,76,1,'FAILURE',0,0,1,'2023-12-24 19:48:05','2023-12-24 19:48:05','Error While uploading data',NULL,149,NULL,NULL,23),(515,503,76,1,'SUCCESS_WITH_NOCONTENT',0,70,0,'2023-12-24 19:49:52','2023-12-24 19:49:52','',NULL,149,NULL,NULL,23),(516,504,76,1,'FAILURE',0,0,1,'2023-12-24 19:51:27','2023-12-24 19:51:27','Error While uploading data',NULL,149,NULL,NULL,23),(517,505,76,1,'FAILURE',0,100,1,'2023-12-24 19:53:43','2023-12-24 19:53:43','Error While uploading data',NULL,149,NULL,NULL,23),(518,506,76,1,'FAILURE',0,0,1,'2023-12-24 19:55:42','2023-12-24 19:55:42','Error While uploading data',NULL,149,NULL,NULL,23),(519,507,76,1,'FAILURE',0,0,1,'2023-12-24 19:56:59','2023-12-24 19:56:59','Error While uploading data',NULL,149,NULL,NULL,23),(520,508,76,1,'FAILURE',0,0,1,'2023-12-24 19:58:49','2023-12-24 19:58:49','Error While uploading data',NULL,149,NULL,NULL,23),(521,509,76,1,'SUCCESS_WITH_NOCONTENT',0,300,0,'2023-12-24 20:00:27','2023-12-24 20:00:27','',NULL,149,NULL,NULL,23),(522,510,76,1,'FAILURE',0,100,1,'2023-12-24 20:02:10','2023-12-24 20:02:10','Error While uploading data',NULL,149,NULL,NULL,23),(523,511,76,1,'FAILURE',0,100,1,'2023-12-24 20:03:31','2023-12-24 20:03:31','Error While uploading data',NULL,149,NULL,NULL,23),(524,512,76,1,'SUCCESS_WITH_NOCONTENT',0,0,0,'2023-12-24 20:05:20','2023-12-24 20:05:20','',NULL,149,NULL,NULL,23),(525,513,76,1,'FAILURE',0,100,1,'2023-12-24 20:07:13','2023-12-24 20:07:13','Error While uploading data',NULL,149,NULL,NULL,23),(526,514,76,1,'FAILURE',0,100,1,'2023-12-24 20:09:06','2023-12-24 20:09:06','Error While uploading data',NULL,149,NULL,NULL,23),(527,515,76,1,'FAILURE',0,100,1,'2023-12-24 20:10:44','2023-12-24 20:10:44','Error While uploading data',NULL,149,NULL,NULL,23),(528,516,76,1,'FAILURE',0,0,1,'2023-12-24 20:12:49','2023-12-24 20:12:49','Error While uploading data',NULL,149,NULL,NULL,23),(529,517,76,1,'FAILURE',0,200,1,'2023-12-24 20:13:53','2023-12-24 20:13:53','Error While uploading data',NULL,149,NULL,NULL,23),(530,518,76,1,'SUCCESS_WITH_NOCONTENT',0,602,0,'2023-12-24 20:15:22','2023-12-24 20:15:22','',NULL,149,NULL,NULL,23),(531,519,76,1,'FAILURE',0,0,1,'2023-12-24 20:16:49','2023-12-24 20:16:49','Error While uploading data',NULL,149,NULL,NULL,23),(532,520,76,1,'FAILURE',0,500,1,'2023-12-24 20:18:45','2023-12-24 20:18:45','Error While uploading data',NULL,149,NULL,NULL,23),(533,521,76,1,'SUCCESS_WITH_NOCONTENT',0,700,0,'2023-12-24 20:20:13','2023-12-24 20:20:13','',NULL,149,NULL,NULL,23),(534,522,76,1,'FAILURE',0,100,1,'2023-12-24 20:21:30','2023-12-24 20:21:30','Error While uploading data',NULL,149,NULL,NULL,23),(535,523,76,1,'SUCCESS_WITH_NOCONTENT',0,300,0,'2023-12-24 20:23:05','2023-12-24 20:23:05','',NULL,149,NULL,NULL,23),(536,524,76,1,'FAILURE',0,100,1,'2023-12-24 20:24:42','2023-12-24 20:24:42','Error While uploading data',NULL,149,NULL,NULL,23),(537,525,76,1,'FAILURE',0,0,1,'2023-12-24 20:26:26','2023-12-24 20:26:26','Error While uploading data',NULL,149,NULL,NULL,23),(538,526,76,1,'FAILURE',0,0,1,'2023-12-25 22:36:20','2023-12-25 22:36:20','Error While uploading data',NULL,149,NULL,NULL,23),(539,527,76,1,'FAILURE',0,0,1,'2023-12-25 23:08:42','2023-12-25 23:08:42','Error While uploading data',NULL,149,NULL,NULL,23),(540,528,76,1,'FAILURE',0,0,1,'2023-12-26 00:42:58','2023-12-26 00:42:58','Error While uploading data',NULL,149,NULL,NULL,23),(541,529,76,1,'FAILURE',0,0,1,'2023-12-26 00:50:53','2023-12-26 00:50:53','Error While uploading data',NULL,149,NULL,NULL,23),(542,530,76,1,'FAILURE',0,0,1,'2023-12-26 02:47:34','2023-12-26 02:47:34','Error While uploading data',NULL,149,NULL,NULL,23),(543,531,76,1,'SUCCESS_WITH_NOCONTENT',0,0,0,'2023-12-26 02:57:33','2023-12-26 02:57:33','',NULL,149,NULL,NULL,23),(544,532,76,1,'SUCCESS_WITH_NOCONTENT',0,0,0,'2023-12-26 14:32:37','2023-12-26 14:32:37','',NULL,149,NULL,NULL,23),(545,533,76,1,'FAILURE',0,0,1,'2023-12-26 14:51:14','2023-12-26 14:51:14','Error While uploading data',NULL,149,NULL,NULL,23),(546,534,76,1,'SUCCESS_WITH_NOCONTENT',0,1100,0,'2023-12-26 14:53:44','2023-12-26 14:53:44','',NULL,149,NULL,NULL,23),(547,535,76,1,'SUCCESS_WITH_NOCONTENT',0,0,0,'2023-12-26 15:03:49','2023-12-26 15:03:49','',NULL,149,NULL,NULL,23),(548,536,76,1,'SUCCESS_WITH_NOCONTENT',0,0,0,'2023-12-26 15:16:44','2023-12-26 15:16:44','',NULL,149,NULL,NULL,23),(549,538,76,1,'FAILURE',0,0,1,'2023-12-26 20:11:40','2023-12-26 20:11:40','Error While uploading data',NULL,149,NULL,NULL,23),(550,539,76,1,'SUCCESS_WITH_NOCONTENT',0,0,0,'2023-12-26 20:47:51','2023-12-26 20:47:51','',NULL,149,NULL,NULL,23),(551,540,76,1,'SUCCESS_WITH_NOCONTENT',0,0,0,'2023-12-26 20:56:10','2023-12-26 20:56:10','',NULL,149,NULL,NULL,23),(552,541,76,1,'SUCCESS_WITH_NOCONTENT',0,1100,0,'2023-12-26 21:03:31','2023-12-26 21:03:31','',NULL,149,NULL,NULL,23),(553,542,76,1,'SUCCESS_WITH_NOCONTENT',0,9335,0,'2023-12-26 21:10:53','2023-12-26 21:10:53','',NULL,149,NULL,NULL,23),(554,543,76,1,'SUCCESS_WITH_NOCONTENT',0,11188,0,'2023-12-26 22:52:43','2023-12-26 22:52:43','',NULL,149,NULL,NULL,23),(555,544,76,1,'SUCCESS_WITH_NOCONTENT',0,13194,0,'2023-12-26 23:01:00','2023-12-26 23:01:00','',NULL,149,NULL,NULL,23),(556,545,76,1,'SUCCESS_WITH_NOCONTENT',0,10635,0,'2023-12-26 23:45:09','2023-12-26 23:45:09','',NULL,149,NULL,NULL,23),(557,546,76,1,'SUCCESS_WITH_NOCONTENT',0,15476,0,'2023-12-27 00:03:00','2023-12-27 00:03:00','',NULL,149,NULL,NULL,23),(558,547,76,1,'SUCCESS_WITH_NOCONTENT',0,9000,0,'2023-12-27 00:19:25','2023-12-27 00:19:25','',NULL,149,NULL,NULL,23),(559,548,76,1,'SUCCESS_WITH_NOCONTENT',0,10408,0,'2023-12-27 03:28:44','2023-12-27 03:28:44','',NULL,149,NULL,NULL,23),(560,549,76,1,'SUCCESS_WITH_NOCONTENT',0,10135,0,'2023-12-27 03:51:21','2023-12-27 03:51:21','',NULL,149,NULL,NULL,23),(561,550,76,1,'SUCCESS_WITH_NOCONTENT',0,10692,0,'2023-12-27 03:54:12','2023-12-27 03:54:12','',NULL,149,NULL,NULL,23),(562,551,76,1,'SUCCESS_WITH_NOCONTENT',0,14517,0,'2023-12-27 03:57:59','2023-12-27 03:57:59','',NULL,149,NULL,NULL,23),(563,552,76,1,'SUCCESS_WITH_NOCONTENT',0,13093,0,'2023-12-27 04:01:34','2023-12-27 04:01:34','',NULL,149,NULL,NULL,23),(564,553,76,1,'SUCCESS_WITH_NOCONTENT',0,13331,0,'2023-12-27 04:05:08','2023-12-27 04:05:08','',NULL,149,NULL,NULL,23),(565,554,76,1,'SUCCESS_WITH_NOCONTENT',0,15401,0,'2023-12-27 04:09:19','2023-12-27 04:09:19','',NULL,149,NULL,NULL,23),(566,555,76,1,'SUCCESS_WITH_NOCONTENT',0,10749,0,'2023-12-27 04:12:27','2023-12-27 04:12:27','',NULL,149,NULL,NULL,23),(567,556,76,1,'SUCCESS_WITH_NOCONTENT',0,10768,0,'2023-12-27 04:15:22','2023-12-27 04:15:22','',NULL,149,NULL,NULL,23),(568,557,76,1,'SUCCESS_WITH_NOCONTENT',0,13809,0,'2023-12-27 04:19:10','2023-12-27 04:19:10','',NULL,149,NULL,NULL,23),(569,558,76,1,'SUCCESS_WITH_NOCONTENT',0,11540,0,'2023-12-27 04:22:40','2023-12-27 04:22:40','',NULL,149,NULL,NULL,23),(570,559,76,1,'SUCCESS_WITH_NOCONTENT',0,14588,0,'2023-12-27 04:26:51','2023-12-27 04:26:51','',NULL,149,NULL,NULL,23),(571,560,76,1,'SUCCESS_WITH_NOCONTENT',0,11004,0,'2023-12-27 04:30:09','2023-12-27 04:30:09','',NULL,149,NULL,NULL,23),(572,561,76,1,'SUCCESS_WITH_NOCONTENT',0,8680,0,'2023-12-27 04:32:44','2023-12-27 04:32:44','',NULL,149,NULL,NULL,23),(573,562,76,1,'SUCCESS_WITH_NOCONTENT',0,13754,0,'2023-12-27 04:36:39','2023-12-27 04:36:39','',NULL,149,NULL,NULL,23),(574,563,76,1,'SUCCESS_WITH_NOCONTENT',0,13495,0,'2023-12-27 04:41:08','2023-12-27 04:41:08','',NULL,149,NULL,NULL,23),(575,564,76,1,'SUCCESS_WITH_NOCONTENT',0,13986,0,'2023-12-27 04:45:36','2023-12-27 04:45:36','',NULL,149,NULL,NULL,23),(576,565,76,1,'SUCCESS_WITH_NOCONTENT',0,13071,0,'2023-12-27 04:49:51','2023-12-27 04:49:51','',NULL,149,NULL,NULL,23),(577,566,76,1,'SUCCESS_WITH_NOCONTENT',0,11635,0,'2023-12-27 04:53:23','2023-12-27 04:53:23','',NULL,149,NULL,NULL,23),(578,567,76,1,'SUCCESS_WITH_NOCONTENT',0,7746,0,'2023-12-27 04:55:47','2023-12-27 04:55:47','',NULL,149,NULL,NULL,23),(579,568,76,1,'SUCCESS_WITH_NOCONTENT',0,11691,0,'2023-12-27 04:59:42','2023-12-27 04:59:42','',NULL,149,NULL,NULL,23),(580,569,76,1,'SUCCESS_WITH_NOCONTENT',0,11770,0,'2023-12-27 05:03:28','2023-12-27 05:03:28','',NULL,149,NULL,NULL,23),(581,570,76,1,'SUCCESS_WITH_NOCONTENT',0,5700,0,'2023-12-27 05:07:10','2023-12-27 05:07:10','',NULL,149,NULL,NULL,23),(582,571,76,1,'SUCCESS_WITH_NOCONTENT',0,12940,0,'2023-12-27 05:11:34','2023-12-27 05:11:34','',NULL,149,NULL,NULL,23),(583,572,76,1,'SUCCESS_WITH_NOCONTENT',0,10635,0,'2023-12-27 05:15:03','2023-12-27 05:15:03','',NULL,149,NULL,NULL,23),(584,573,76,1,'SUCCESS_WITH_NOCONTENT',0,7756,0,'2023-12-27 05:17:47','2023-12-27 05:17:47','',NULL,149,NULL,NULL,23),(585,574,76,1,'SUCCESS_WITH_NOCONTENT',0,12367,0,'2023-12-27 05:21:52','2023-12-27 05:21:52','',NULL,149,NULL,NULL,23),(586,575,76,1,'SUCCESS_WITH_NOCONTENT',0,13347,0,'2023-12-27 05:26:30','2023-12-27 05:26:30','',NULL,149,NULL,NULL,23),(587,576,76,1,'SUCCESS_WITH_NOCONTENT',0,7760,0,'2023-12-27 05:28:57','2023-12-27 05:28:57','',NULL,149,NULL,NULL,23),(588,577,76,1,'SUCCESS_WITH_NOCONTENT',0,11309,0,'2023-12-27 05:33:02','2023-12-27 05:33:02','',NULL,149,NULL,NULL,23),(589,578,76,1,'SUCCESS_WITH_NOCONTENT',0,12349,0,'2023-12-27 05:37:43','2023-12-27 05:37:43','',NULL,149,NULL,NULL,23),(590,579,76,1,'SUCCESS_WITH_NOCONTENT',0,8998,0,'2023-12-27 05:41:31','2023-12-27 05:41:31','',NULL,149,NULL,NULL,23),(591,580,76,1,'SUCCESS_WITH_NOCONTENT',0,9007,0,'2023-12-27 05:45:08','2023-12-27 05:45:08','',NULL,149,NULL,NULL,23),(592,581,76,1,'SUCCESS_WITH_NOCONTENT',0,7219,0,'2023-12-27 05:48:12','2023-12-27 05:48:12','',NULL,149,NULL,NULL,23),(593,582,76,1,'SUCCESS_WITH_NOCONTENT',0,13031,0,'2023-12-27 05:53:29','2023-12-27 05:53:29','',NULL,149,NULL,NULL,23),(594,583,76,1,'SUCCESS_WITH_NOCONTENT',0,12385,0,'2023-12-27 05:57:52','2023-12-27 05:57:52','',NULL,149,NULL,NULL,23),(595,584,76,1,'SUCCESS_WITH_NOCONTENT',0,11537,0,'2023-12-27 06:02:11','2023-12-27 06:02:11','',NULL,149,NULL,NULL,23),(596,585,76,1,'SUCCESS_WITH_NOCONTENT',0,8547,0,'2023-12-27 06:05:14','2023-12-27 06:05:14','',NULL,149,NULL,NULL,23),(597,586,76,1,'SUCCESS_WITH_NOCONTENT',0,11534,0,'2023-12-27 06:09:22','2023-12-27 06:09:22','',NULL,149,NULL,NULL,23),(598,587,76,1,'SUCCESS_WITH_NOCONTENT',0,10627,0,'2023-12-27 06:12:51','2023-12-27 06:12:51','',NULL,149,NULL,NULL,23),(599,588,76,1,'SUCCESS_WITH_NOCONTENT',0,13212,0,'2023-12-27 06:18:16','2023-12-27 06:18:16','',NULL,149,NULL,NULL,23),(600,589,76,1,'SUCCESS_WITH_NOCONTENT',0,9979,0,'2023-12-27 06:22:00','2023-12-27 06:22:00','',NULL,149,NULL,NULL,23),(601,590,76,1,'SUCCESS_WITH_NOCONTENT',0,11176,0,'2023-12-27 06:26:28','2023-12-27 06:26:28','',NULL,149,NULL,NULL,23),(602,591,76,1,'SUCCESS_WITH_NOCONTENT',0,8620,0,'2023-12-27 06:30:03','2023-12-27 06:30:03','',NULL,149,NULL,NULL,23),(603,592,76,1,'SUCCESS_WITH_NOCONTENT',0,8049,0,'2023-12-27 06:33:15','2023-12-27 06:33:15','',NULL,149,NULL,NULL,23),(604,593,76,1,'SUCCESS_WITH_NOCONTENT',0,13235,0,'2023-12-27 06:38:23','2023-12-27 06:38:23','',NULL,149,NULL,NULL,23),(605,594,76,1,'SUCCESS_WITH_NOCONTENT',0,7732,0,'2023-12-27 06:41:49','2023-12-27 06:41:49','',NULL,149,NULL,NULL,23),(606,595,76,1,'SUCCESS_WITH_NOCONTENT',0,8082,0,'2023-12-27 06:45:10','2023-12-27 06:45:10','',NULL,149,NULL,NULL,23),(607,596,76,1,'SUCCESS_WITH_NOCONTENT',0,8511,0,'2023-12-27 06:48:51','2023-12-27 06:48:51','',NULL,149,NULL,NULL,23),(608,597,76,1,'SUCCESS_WITH_NOCONTENT',0,10237,0,'2023-12-27 06:53:00','2023-12-27 06:53:00','',NULL,149,NULL,NULL,23),(609,598,76,1,'SUCCESS_WITH_NOCONTENT',0,8291,0,'2023-12-27 06:56:13','2023-12-27 06:56:13','',NULL,149,NULL,NULL,23),(610,599,76,1,'SUCCESS_WITH_NOCONTENT',0,12529,0,'2023-12-27 07:01:31','2023-12-27 07:01:31','',NULL,149,NULL,NULL,23),(611,600,76,1,'SUCCESS_WITH_NOCONTENT',0,12437,0,'2023-12-27 07:06:31','2023-12-27 07:06:31','',NULL,149,NULL,NULL,23),(612,601,76,1,'SUCCESS_WITH_NOCONTENT',0,11905,0,'2023-12-27 07:12:07','2023-12-27 07:12:07','',NULL,149,NULL,NULL,23),(613,602,76,1,'SUCCESS_WITH_NOCONTENT',0,12342,0,'2023-12-27 07:17:49','2023-12-27 07:17:49','',NULL,149,NULL,NULL,23),(614,603,76,1,'SUCCESS_WITH_NOCONTENT',0,9502,0,'2023-12-27 07:21:53','2023-12-27 07:21:53','',NULL,149,NULL,NULL,23),(615,604,76,1,'SUCCESS_WITH_NOCONTENT',0,7151,0,'2023-12-27 07:24:58','2023-12-27 07:24:58','',NULL,149,NULL,NULL,23),(616,605,76,1,'SUCCESS_WITH_NOCONTENT',0,9383,0,'2023-12-27 07:28:50','2023-12-27 07:28:50','',NULL,149,NULL,NULL,23),(617,606,76,1,'SUCCESS_WITH_NOCONTENT',0,7108,0,'2023-12-27 07:32:15','2023-12-27 07:32:15','',NULL,149,NULL,NULL,23),(618,607,76,1,'SUCCESS_WITH_NOCONTENT',0,11789,0,'2023-12-27 07:37:36','2023-12-27 07:37:36','',NULL,149,NULL,NULL,23),(619,608,76,1,'SUCCESS_WITH_NOCONTENT',0,10440,0,'2023-12-27 07:42:39','2023-12-27 07:42:39','',NULL,149,NULL,NULL,23),(620,609,76,1,'SUCCESS_WITH_NOCONTENT',0,8818,0,'2023-12-27 07:46:49','2023-12-27 07:46:49','',NULL,149,NULL,NULL,23),(621,610,76,1,'SUCCESS_WITH_NOCONTENT',0,9199,0,'2023-12-27 07:51:15','2023-12-27 07:51:15','',NULL,149,NULL,NULL,23),(622,611,76,1,'SUCCESS_WITH_NOCONTENT',0,10486,0,'2023-12-27 07:56:02','2023-12-27 07:56:02','',NULL,149,NULL,NULL,23),(623,612,76,1,'SUCCESS_WITH_NOCONTENT',0,5578,0,'2023-12-27 07:58:46','2023-12-27 07:58:46','',NULL,149,NULL,NULL,23),(624,613,76,1,'SUCCESS_WITH_NOCONTENT',0,8548,0,'2023-12-27 08:02:33','2023-12-27 08:02:33','',NULL,149,NULL,NULL,23),(625,614,76,1,'SUCCESS_WITH_NOCONTENT',0,12186,0,'2023-12-27 08:08:32','2023-12-27 08:08:32','',NULL,149,NULL,NULL,23),(626,615,76,1,'SUCCESS_WITH_NOCONTENT',0,10582,0,'2023-12-27 08:13:58','2023-12-27 08:13:58','',NULL,149,NULL,NULL,23),(627,616,76,1,'SUCCESS_WITH_NOCONTENT',0,8821,0,'2023-12-27 08:18:15','2023-12-27 08:18:15','',NULL,149,NULL,NULL,23),(628,617,76,1,'SUCCESS_WITH_NOCONTENT',0,9912,0,'2023-12-27 08:23:48','2023-12-27 08:23:48','',NULL,149,NULL,NULL,23),(629,618,76,1,'SUCCESS_WITH_NOCONTENT',0,7620,0,'2023-12-27 08:27:21','2023-12-27 08:27:21','',NULL,149,NULL,NULL,23),(630,619,76,1,'SUCCESS_WITH_NOCONTENT',0,9323,0,'2023-12-27 08:31:41','2023-12-27 08:31:41','',NULL,149,NULL,NULL,23),(631,620,76,1,'SUCCESS_WITH_NOCONTENT',0,10403,0,'2023-12-27 08:37:04','2023-12-27 08:37:04','',NULL,149,NULL,NULL,23),(632,621,76,1,'SUCCESS_WITH_NOCONTENT',0,8062,0,'2023-12-27 08:41:17','2023-12-27 08:41:17','',NULL,149,NULL,NULL,23),(633,622,76,1,'SUCCESS_WITH_NOCONTENT',0,10332,0,'2023-12-27 08:47:13','2023-12-27 08:47:13','',NULL,149,NULL,NULL,23),(634,623,76,1,'SUCCESS_WITH_NOCONTENT',0,7378,0,'2023-12-27 08:51:07','2023-12-27 08:51:07','',NULL,149,NULL,NULL,23),(635,624,76,1,'SUCCESS_WITH_NOCONTENT',0,9606,0,'2023-12-27 08:56:16','2023-12-27 08:56:16','',NULL,149,NULL,NULL,23),(636,625,76,1,'SUCCESS_WITH_NOCONTENT',0,9433,0,'2023-12-27 09:00:50','2023-12-27 09:00:50','',NULL,149,NULL,NULL,23),(637,626,76,1,'SUCCESS_WITH_NOCONTENT',0,8049,0,'2023-12-27 09:05:27','2023-12-27 09:05:27','',NULL,149,NULL,NULL,23),(638,627,76,1,'SUCCESS_WITH_NOCONTENT',0,7331,0,'2023-12-27 09:09:19','2023-12-27 09:09:19','',NULL,149,NULL,NULL,23),(639,628,76,1,'SUCCESS_WITH_NOCONTENT',0,5947,0,'2023-12-27 09:12:20','2023-12-27 09:12:20','',NULL,149,NULL,NULL,23),(640,629,76,1,'SUCCESS_WITH_NOCONTENT',0,8834,0,'2023-12-27 09:16:54','2023-12-27 09:16:54','',NULL,149,NULL,NULL,23),(641,630,76,1,'SUCCESS_WITH_NOCONTENT',0,8988,0,'2023-12-27 09:21:53','2023-12-27 09:21:53','',NULL,149,NULL,NULL,23),(642,631,76,1,'SUCCESS_WITH_NOCONTENT',0,9974,0,'2023-12-27 09:27:12','2023-12-27 09:27:12','',NULL,149,NULL,NULL,23),(643,632,76,1,'SUCCESS_WITH_NOCONTENT',0,10280,0,'2023-12-27 09:32:23','2023-12-27 09:32:23','',NULL,149,NULL,NULL,23),(644,633,76,1,'SUCCESS_WITH_NOCONTENT',0,9329,0,'2023-12-27 09:36:59','2023-12-27 09:36:59','',NULL,149,NULL,NULL,23),(645,634,76,1,'SUCCESS_WITH_NOCONTENT',0,6765,0,'2023-12-27 09:40:29','2023-12-27 09:40:29','',NULL,149,NULL,NULL,23),(646,635,76,1,'SUCCESS_WITH_NOCONTENT',0,11437,0,'2023-12-27 09:47:16','2023-12-27 09:47:16','',NULL,149,NULL,NULL,23),(647,636,76,1,'SUCCESS_WITH_NOCONTENT',0,8606,0,'2023-12-27 09:51:46','2023-12-27 09:51:46','',NULL,149,NULL,NULL,23),(648,637,76,1,'SUCCESS_WITH_NOCONTENT',0,7519,0,'2023-12-27 09:56:13','2023-12-27 09:56:13','',NULL,149,NULL,NULL,23),(649,638,76,1,'SUCCESS_WITH_NOCONTENT',0,9758,0,'2023-12-27 10:02:30','2023-12-27 10:02:30','',NULL,149,NULL,NULL,23),(650,639,76,1,'SUCCESS_WITH_NOCONTENT',0,9271,0,'2023-12-27 10:07:59','2023-12-27 10:07:59','',NULL,149,NULL,NULL,23),(651,640,76,1,'SUCCESS_WITH_NOCONTENT',0,9812,0,'2023-12-27 10:13:33','2023-12-27 10:13:33','',NULL,149,NULL,NULL,23),(652,641,76,1,'STARTED',0,0,0,'2023-12-28 01:11:24','2023-12-28 01:11:24',NULL,NULL,149,NULL,NULL,23),(653,642,76,1,'STARTED',0,0,0,'2023-12-28 01:33:30','2023-12-28 01:33:30',NULL,NULL,149,NULL,NULL,23),(654,643,76,1,'STARTED',0,0,0,'2023-12-28 01:37:45','2023-12-28 01:37:45',NULL,NULL,149,NULL,NULL,23),(655,644,76,1,'SUCCESS_WITH_NOCONTENT',0,8573,0,'2023-12-28 01:40:50','2023-12-28 01:40:50','',NULL,149,NULL,NULL,23),(656,645,76,1,'SUCCESS_WITH_NOCONTENT',0,11137,0,'2023-12-28 01:50:12','2023-12-28 01:50:12','',NULL,149,NULL,NULL,23),(657,646,76,1,'SUCCESS_WITH_NOCONTENT',0,10481,0,'2023-12-28 01:52:32','2023-12-28 01:52:32','',NULL,149,NULL,NULL,23),(658,647,76,1,'SUCCESS_WITH_NOCONTENT',0,11113,0,'2023-12-28 01:55:03','2023-12-28 01:55:03','',NULL,149,NULL,NULL,23),(659,648,76,1,'SUCCESS_WITH_NOCONTENT',0,11200,0,'2023-12-28 01:57:44','2023-12-28 01:57:44','',NULL,149,NULL,NULL,23),(660,649,76,1,'SUCCESS_WITH_NOCONTENT',0,10137,0,'2023-12-28 02:00:13','2023-12-28 02:00:13','',NULL,149,NULL,NULL,23),(661,650,76,1,'SUCCESS_WITH_NOCONTENT',0,8448,0,'2023-12-28 02:02:11','2023-12-28 02:02:11','',NULL,149,NULL,NULL,23),(662,651,76,1,'SUCCESS_WITH_NOCONTENT',0,8480,0,'2023-12-28 02:04:12','2023-12-28 02:04:12','',NULL,149,NULL,NULL,23),(663,652,76,1,'SUCCESS_WITH_NOCONTENT',0,7408,0,'2023-12-28 02:06:08','2023-12-28 02:06:08','',NULL,149,NULL,NULL,23),(664,653,76,1,'SUCCESS_WITH_NOCONTENT',0,7247,0,'2023-12-28 02:08:02','2023-12-28 02:08:02','',NULL,149,NULL,NULL,23),(665,654,76,1,'SUCCESS_WITH_NOCONTENT',0,6988,0,'2023-12-28 02:09:55','2023-12-28 02:09:55','',NULL,149,NULL,NULL,23),(666,655,76,1,'SUCCESS_WITH_NOCONTENT',0,10418,0,'2023-12-28 02:12:34','2023-12-28 02:12:34','',NULL,149,NULL,NULL,23),(667,656,76,1,'SUCCESS_WITH_NOCONTENT',0,7378,0,'2023-12-28 02:14:26','2023-12-28 02:14:26','',NULL,149,NULL,NULL,23),(668,657,76,1,'SUCCESS_WITH_NOCONTENT',0,9850,0,'2023-12-28 02:17:06','2023-12-28 02:17:06','',NULL,149,NULL,NULL,23),(669,658,76,1,'SUCCESS_WITH_NOCONTENT',0,10674,0,'2023-12-28 02:19:53','2023-12-28 02:19:53','',NULL,149,NULL,NULL,23),(670,659,76,1,'SUCCESS_WITH_NOCONTENT',0,9483,0,'2023-12-28 02:22:25','2023-12-28 02:22:25','',NULL,149,NULL,NULL,23),(671,660,76,1,'SUCCESS_WITH_NOCONTENT',0,8248,0,'2023-12-28 02:24:51','2023-12-28 02:24:51','',NULL,149,NULL,NULL,23),(672,661,76,1,'SUCCESS_WITH_NOCONTENT',0,5946,0,'2023-12-28 02:26:29','2023-12-28 02:26:29','',NULL,149,NULL,NULL,23),(673,662,76,1,'SUCCESS_WITH_NOCONTENT',0,8769,0,'2023-12-28 02:29:13','2023-12-28 02:29:13','',NULL,149,NULL,NULL,23),(674,663,76,1,'SUCCESS_WITH_NOCONTENT',0,8143,0,'2023-12-28 02:31:31','2023-12-28 02:31:31','',NULL,149,NULL,NULL,23),(675,664,76,1,'SUCCESS_WITH_NOCONTENT',0,5573,0,'2023-12-28 02:33:13','2023-12-28 02:33:13','',NULL,149,NULL,NULL,23),(676,665,76,1,'SUCCESS_WITH_NOCONTENT',0,8364,0,'2023-12-28 02:35:33','2023-12-28 02:35:33','',NULL,149,NULL,NULL,23),(677,666,76,1,'SUCCESS_WITH_NOCONTENT',0,7864,0,'2023-12-28 02:37:46','2023-12-28 02:37:46','',NULL,149,NULL,NULL,23),(678,667,76,1,'SUCCESS_WITH_NOCONTENT',0,7110,0,'2023-12-28 02:39:52','2023-12-28 02:39:52','',NULL,149,NULL,NULL,23),(679,668,76,1,'SUCCESS_WITH_NOCONTENT',0,9483,0,'2023-12-28 02:42:36','2023-12-28 02:42:36','',NULL,149,NULL,NULL,23),(680,669,76,1,'SUCCESS_WITH_NOCONTENT',0,7056,0,'2023-12-28 02:44:47','2023-12-28 02:44:47','',NULL,149,NULL,NULL,23),(681,670,76,1,'SUCCESS_WITH_NOCONTENT',0,9752,0,'2023-12-28 02:47:41','2023-12-28 02:47:41','',NULL,149,NULL,NULL,23),(682,671,76,1,'SUCCESS_WITH_NOCONTENT',0,9976,0,'2023-12-28 02:50:50','2023-12-28 02:50:50','',NULL,149,NULL,NULL,23),(683,672,76,1,'SUCCESS_WITH_NOCONTENT',0,9905,0,'2023-12-28 02:54:12','2023-12-28 02:54:12','',NULL,149,NULL,NULL,23),(684,673,76,1,'SUCCESS_WITH_NOCONTENT',0,7922,0,'2023-12-28 02:56:47','2023-12-28 02:56:47','',NULL,149,NULL,NULL,23),(685,674,76,1,'SUCCESS_WITH_NOCONTENT',0,7347,0,'2023-12-28 02:59:22','2023-12-28 02:59:22','',NULL,149,NULL,NULL,23),(686,675,76,1,'SUCCESS_WITH_NOCONTENT',0,10561,0,'2023-12-28 03:02:53','2023-12-28 03:02:53','',NULL,149,NULL,NULL,23),(687,676,76,1,'SUCCESS_WITH_NOCONTENT',0,10009,0,'2023-12-28 03:07:35','2023-12-28 03:07:35','',NULL,149,NULL,NULL,23),(688,677,76,1,'SUCCESS_WITH_NOCONTENT',0,8313,0,'2023-12-28 03:11:17','2023-12-28 03:11:17','',NULL,149,NULL,NULL,23),(689,678,76,1,'SUCCESS_WITH_NOCONTENT',0,8474,0,'2023-12-28 03:15:20','2023-12-28 03:15:20','',NULL,149,NULL,NULL,23),(690,679,76,1,'SUCCESS_WITH_NOCONTENT',0,7507,0,'2023-12-28 03:18:54','2023-12-28 03:18:54','',NULL,149,NULL,NULL,23),(691,680,76,1,'SUCCESS_WITH_NOCONTENT',0,7121,0,'2023-12-28 03:22:20','2023-12-28 03:22:20','',NULL,149,NULL,NULL,23),(692,681,76,1,'SUCCESS_WITH_NOCONTENT',0,5944,0,'2023-12-28 03:25:13','2023-12-28 03:25:13','',NULL,149,NULL,NULL,23),(693,682,76,1,'SUCCESS_WITH_NOCONTENT',0,10617,0,'2023-12-28 03:30:07','2023-12-28 03:30:07','',NULL,149,NULL,NULL,23),(694,683,76,1,'SUCCESS_WITH_NOCONTENT',0,6936,0,'2023-12-28 03:33:46','2023-12-28 03:33:46','',NULL,149,NULL,NULL,23),(695,684,76,1,'SUCCESS_WITH_NOCONTENT',0,4854,0,'2023-12-28 03:36:21','2023-12-28 03:36:21','',NULL,149,NULL,NULL,23),(696,685,76,1,'SUCCESS_WITH_NOCONTENT',0,5892,0,'2023-12-28 03:39:02','2023-12-28 03:39:02','',NULL,149,NULL,NULL,23),(697,686,76,1,'SUCCESS_WITH_NOCONTENT',0,9542,0,'2023-12-28 03:43:46','2023-12-28 03:43:46','',NULL,149,NULL,NULL,23),(698,687,76,1,'SUCCESS_WITH_NOCONTENT',0,5715,0,'2023-12-28 03:46:33','2023-12-28 03:46:33','',NULL,149,NULL,NULL,23),(699,688,76,1,'SUCCESS_WITH_NOCONTENT',0,8859,0,'2023-12-28 03:51:04','2023-12-28 03:51:04','',NULL,149,NULL,NULL,23),(700,689,76,1,'SUCCESS_WITH_NOCONTENT',0,10677,0,'2023-12-28 03:56:18','2023-12-28 03:56:18','',NULL,149,NULL,NULL,23),(701,690,76,1,'SUCCESS_WITH_NOCONTENT',0,9533,0,'2023-12-28 04:01:29','2023-12-28 04:01:29','',NULL,149,NULL,NULL,23),(702,691,76,1,'SUCCESS_WITH_NOCONTENT',0,8258,0,'2023-12-28 04:05:40','2023-12-28 04:05:40','',NULL,149,NULL,NULL,23),(703,692,76,1,'SUCCESS_WITH_NOCONTENT',0,9724,0,'2023-12-28 04:10:54','2023-12-28 04:10:54','',NULL,149,NULL,NULL,23),(704,693,76,1,'SUCCESS_WITH_NOCONTENT',0,8323,0,'2023-12-28 04:14:44','2023-12-28 04:14:44','',NULL,149,NULL,NULL,23),(705,694,76,1,'SUCCESS_WITH_NOCONTENT',0,7585,0,'2023-12-28 04:18:55','2023-12-28 04:18:55','',NULL,149,NULL,NULL,23),(706,695,76,1,'SUCCESS_WITH_NOCONTENT',0,8229,0,'2023-12-28 04:23:41','2023-12-28 04:23:41','',NULL,149,NULL,NULL,23),(707,696,76,1,'SUCCESS_WITH_NOCONTENT',0,5807,0,'2023-12-28 04:27:20','2023-12-28 04:27:20','',NULL,149,NULL,NULL,23),(708,697,76,1,'SUCCESS_WITH_NOCONTENT',0,6778,0,'2023-12-28 04:31:11','2023-12-28 04:31:11','',NULL,149,NULL,NULL,23),(709,698,76,1,'SUCCESS_WITH_NOCONTENT',0,7021,0,'2023-12-28 04:35:00','2023-12-28 04:35:00','',NULL,149,NULL,NULL,23),(710,699,76,1,'SUCCESS_WITH_NOCONTENT',0,5070,0,'2023-12-28 04:38:10','2023-12-28 04:38:10','',NULL,149,NULL,NULL,23),(711,700,76,1,'SUCCESS_WITH_NOCONTENT',0,9347,0,'2023-12-28 04:43:12','2023-12-28 04:43:12','',NULL,149,NULL,NULL,23),(712,701,76,1,'SUCCESS_WITH_NOCONTENT',0,9174,0,'2023-12-28 04:48:47','2023-12-28 04:48:47','',NULL,149,NULL,NULL,23),(713,702,76,1,'SUCCESS_WITH_NOCONTENT',0,8443,0,'2023-12-28 04:53:30','2023-12-28 04:53:30','',NULL,149,NULL,NULL,23),(714,703,76,1,'SUCCESS_WITH_NOCONTENT',0,8266,0,'2023-12-28 04:58:45','2023-12-28 04:58:45','',NULL,149,NULL,NULL,23),(715,704,76,1,'SUCCESS_WITH_NOCONTENT',0,8228,0,'2023-12-28 05:04:08','2023-12-28 05:04:08','',NULL,149,NULL,NULL,23),(716,705,76,1,'SUCCESS_WITH_NOCONTENT',0,6982,0,'2023-12-28 05:08:35','2023-12-28 05:08:35','',NULL,149,NULL,NULL,23),(717,706,76,1,'SUCCESS_WITH_NOCONTENT',0,7194,0,'2023-12-28 05:12:57','2023-12-28 05:12:57','',NULL,149,NULL,NULL,23),(718,707,76,1,'SUCCESS_WITH_NOCONTENT',0,7631,0,'2023-12-28 05:17:45','2023-12-28 05:17:45','',NULL,149,NULL,NULL,23),(719,708,76,1,'SUCCESS_WITH_NOCONTENT',0,7524,0,'2023-12-28 05:22:08','2023-12-28 05:22:08','',NULL,149,NULL,NULL,23),(720,709,76,1,'SUCCESS_WITH_NOCONTENT',0,7036,0,'2023-12-28 05:26:03','2023-12-28 05:26:03','',NULL,149,NULL,NULL,23),(721,710,76,1,'SUCCESS_WITH_NOCONTENT',0,5486,0,'2023-12-28 05:29:40','2023-12-28 05:29:40','',NULL,149,NULL,NULL,23),(722,711,76,1,'SUCCESS_WITH_NOCONTENT',0,6446,0,'2023-12-28 05:33:34','2023-12-28 05:33:34','',NULL,149,NULL,NULL,23),(723,712,76,1,'SUCCESS_WITH_NOCONTENT',0,7647,0,'2023-12-28 05:38:09','2023-12-28 05:38:09','',NULL,149,NULL,NULL,23),(724,713,76,1,'SUCCESS_WITH_NOCONTENT',0,8111,0,'2023-12-28 05:43:29','2023-12-28 05:43:29','',NULL,149,NULL,NULL,23),(725,714,76,1,'SUCCESS_WITH_NOCONTENT',0,6229,0,'2023-12-28 05:47:29','2023-12-28 05:47:29','',NULL,149,NULL,NULL,23),(726,715,76,1,'SUCCESS_WITH_NOCONTENT',0,5150,0,'2023-12-28 05:51:16','2023-12-28 05:51:16','',NULL,149,NULL,NULL,23),(727,716,76,1,'SUCCESS_WITH_NOCONTENT',0,4157,0,'2023-12-28 05:53:55','2023-12-28 05:53:55','',NULL,149,NULL,NULL,23),(728,717,76,1,'SUCCESS_WITH_NOCONTENT',0,8183,0,'2023-12-28 06:01:26','2023-12-28 06:01:26','',NULL,149,NULL,NULL,23),(729,718,76,1,'SUCCESS_WITH_NOCONTENT',0,4956,0,'2023-12-28 06:05:53','2023-12-28 06:05:53','',NULL,149,NULL,NULL,23),(730,719,76,1,'SUCCESS_WITH_NOCONTENT',0,5160,0,'2023-12-28 06:10:28','2023-12-28 06:10:28','',NULL,149,NULL,NULL,23),(731,720,76,1,'SUCCESS_WITH_NOCONTENT',0,5508,0,'2023-12-28 06:15:08','2023-12-28 06:15:08','',NULL,149,NULL,NULL,23),(732,721,76,1,'SUCCESS_WITH_NOCONTENT',0,7296,0,'2023-12-28 06:21:32','2023-12-28 06:21:32','',NULL,149,NULL,NULL,23),(733,722,76,1,'SUCCESS_WITH_NOCONTENT',0,6619,0,'2023-12-28 06:27:03','2023-12-28 06:27:03','',NULL,149,NULL,NULL,23),(734,723,76,1,'SUCCESS_WITH_NOCONTENT',0,5043,0,'2023-12-28 06:30:53','2023-12-28 06:30:53','',NULL,149,NULL,NULL,23),(735,724,76,1,'SUCCESS_WITH_NOCONTENT',0,5933,0,'2023-12-28 06:36:06','2023-12-28 06:36:06','',NULL,149,NULL,NULL,23),(736,725,76,1,'SUCCESS_WITH_NOCONTENT',0,6529,0,'2023-12-28 06:41:38','2023-12-28 06:41:38','',NULL,149,NULL,NULL,23),(737,726,76,1,'SUCCESS_WITH_NOCONTENT',0,7051,0,'2023-12-28 06:47:51','2023-12-28 06:47:51','',NULL,149,NULL,NULL,23),(738,727,76,1,'SUCCESS_WITH_NOCONTENT',0,7045,0,'2023-12-28 06:54:39','2023-12-28 06:54:39','',NULL,149,NULL,NULL,23),(739,728,76,1,'SUCCESS_WITH_NOCONTENT',0,6521,0,'2023-12-28 07:00:28','2023-12-28 07:00:28','',NULL,149,NULL,NULL,23),(740,729,76,1,'SUCCESS_WITH_NOCONTENT',0,5912,0,'2023-12-28 07:06:01','2023-12-28 07:06:01','',NULL,149,NULL,NULL,23),(741,730,76,1,'SUCCESS_WITH_NOCONTENT',0,7765,0,'2023-12-28 07:13:13','2023-12-28 07:13:13','',NULL,149,NULL,NULL,23),(742,731,76,1,'SUCCESS_WITH_NOCONTENT',0,4906,0,'2023-12-28 07:17:34','2023-12-28 07:17:34','',NULL,149,NULL,NULL,23),(743,732,76,1,'SUCCESS_WITH_NOCONTENT',0,7048,0,'2023-12-28 07:24:05','2023-12-28 07:24:05','',NULL,149,NULL,NULL,23),(744,733,76,1,'SUCCESS_WITH_NOCONTENT',0,5253,0,'2023-12-28 07:28:58','2023-12-28 07:28:58','',NULL,149,NULL,NULL,23),(745,734,76,1,'SUCCESS_WITH_NOCONTENT',0,6434,0,'2023-12-28 07:35:16','2023-12-28 07:35:16','',NULL,149,NULL,NULL,23),(746,735,76,1,'SUCCESS_WITH_NOCONTENT',0,7467,0,'2023-12-28 07:42:45','2023-12-28 07:42:45','',NULL,149,NULL,NULL,23),(747,736,76,1,'STARTED',0,0,0,'2024-01-03 06:02:12','2024-01-03 06:02:12',NULL,NULL,149,NULL,NULL,23),(748,737,76,1,'STARTED',0,0,0,'2024-01-03 06:33:10','2024-01-03 06:33:10',NULL,NULL,149,NULL,NULL,23),(749,738,76,1,'STARTED',0,0,0,'2024-01-03 15:13:07','2024-01-03 15:13:07',NULL,NULL,149,NULL,NULL,23),(750,739,76,1,'STARTED',0,0,0,'2024-01-03 15:14:47','2024-01-03 15:14:47',NULL,NULL,149,NULL,NULL,23),(751,740,76,1,'STARTED',0,0,0,'2024-01-03 15:16:31','2024-01-03 15:16:31',NULL,NULL,149,NULL,NULL,23),(752,741,76,1,'STARTED',0,0,0,'2024-01-03 15:25:59','2024-01-03 15:25:59',NULL,NULL,149,NULL,NULL,23),(753,742,76,1,'STARTED',0,0,0,'2024-01-03 15:28:49','2024-01-03 15:28:49',NULL,NULL,149,NULL,NULL,23),(754,743,76,1,'STARTED',0,0,0,'2024-01-03 15:30:23','2024-01-03 15:30:23',NULL,NULL,149,NULL,NULL,23),(755,744,76,1,'STARTED',0,0,0,'2024-01-03 15:40:43','2024-01-03 15:40:43',NULL,NULL,149,NULL,NULL,23),(756,745,76,1,'STARTED',0,0,0,'2024-01-03 16:22:05','2024-01-03 16:22:05',NULL,NULL,149,NULL,NULL,23),(757,746,76,1,'STARTED',0,0,0,'2024-01-03 16:23:42','2024-01-03 16:23:42',NULL,NULL,149,NULL,NULL,23),(758,747,76,1,'STARTED',0,0,0,'2024-01-03 16:25:56','2024-01-03 16:25:56',NULL,NULL,149,NULL,NULL,23),(759,750,76,1,'STARTED',0,0,0,'2024-01-03 19:27:52','2024-01-03 19:27:52',NULL,NULL,149,NULL,NULL,23),(760,751,76,1,'STARTED',0,0,0,'2024-01-03 19:28:54','2024-01-03 19:28:54',NULL,NULL,149,NULL,NULL,23),(761,752,76,1,'STARTED',0,0,0,'2024-01-03 19:35:07','2024-01-03 19:35:07',NULL,NULL,149,NULL,NULL,23),(762,753,76,1,'STARTED',0,0,0,'2024-01-03 19:39:10','2024-01-03 19:39:10',NULL,NULL,149,NULL,NULL,23),(763,754,76,1,'STARTED',0,0,0,'2024-01-03 19:40:37','2024-01-03 19:40:37',NULL,NULL,149,NULL,NULL,23),(764,755,76,1,'STARTED',0,0,0,'2024-01-03 19:43:21','2024-01-03 19:43:21',NULL,NULL,149,NULL,NULL,23),(765,756,76,1,'STARTED',0,0,0,'2024-01-03 19:49:14','2024-01-03 19:49:14',NULL,NULL,149,NULL,NULL,23),(766,761,76,1,'STARTED',0,0,0,'2024-01-03 21:13:44','2024-01-03 21:13:44',NULL,NULL,149,NULL,NULL,23),(767,762,76,1,'STARTED',0,0,0,'2024-01-03 21:16:55','2024-01-03 21:16:55',NULL,NULL,149,NULL,NULL,23),(768,763,76,1,'STARTED',0,0,0,'2024-01-03 21:20:16','2024-01-03 21:20:16',NULL,NULL,149,NULL,NULL,23),(769,764,76,1,'SUCCESS_WITH_NOCONTENT',0,4612,0,'2024-01-03 22:16:30','2024-01-03 22:16:30','',NULL,149,NULL,NULL,23),(770,765,76,1,'SUCCESS_WITH_NOCONTENT',0,23499,0,'2024-01-03 22:23:40','2024-01-03 22:23:40','',NULL,149,NULL,NULL,23),(771,766,76,1,'SUCCESS_WITH_NOCONTENT',0,52932,0,'2024-01-04 00:15:44','2024-01-04 00:15:44','',NULL,149,NULL,NULL,23),(772,767,76,1,'SUCCESS_WITH_NOCONTENT',0,37692,0,'2024-01-04 05:10:00','2024-01-04 05:10:00','',NULL,149,NULL,NULL,23),(773,768,76,1,'SUCCESS_WITH_NOCONTENT',0,24500,0,'2024-01-04 05:27:39','2024-01-04 05:27:39','',NULL,149,NULL,NULL,23),(774,769,76,1,'SUCCESS_WITH_NOCONTENT',0,39355,0,'2024-01-04 12:47:06','2024-01-04 12:47:06','',NULL,149,NULL,NULL,23),(775,770,76,1,'SUCCESS_WITH_NOCONTENT',0,22602,0,'2024-01-04 13:08:10','2024-01-04 13:08:10','',NULL,149,NULL,NULL,23),(776,771,76,1,'SUCCESS_WITH_NOCONTENT',0,36602,0,'2024-01-04 22:47:18','2024-01-04 22:47:18','',NULL,149,NULL,NULL,23),(777,772,76,1,'SUCCESS_WITH_NOCONTENT',0,21774,0,'2024-01-04 23:01:10','2024-01-04 23:01:10','',NULL,149,NULL,NULL,23),(778,773,76,1,'SUCCESS_WITH_NOCONTENT',0,3079,0,'2024-01-04 23:49:53','2024-01-04 23:49:53','',NULL,149,NULL,NULL,23),(779,774,76,1,'SUCCESS_WITH_NOCONTENT',0,5968,0,'2024-01-04 23:51:19','2024-01-04 23:51:19','',NULL,149,NULL,NULL,23),(780,775,76,1,'STARTED',0,0,0,'2024-01-05 06:34:14','2024-01-05 06:34:14',NULL,NULL,149,NULL,NULL,23),(781,776,76,1,'STARTED',0,0,0,'2024-01-05 06:36:39','2024-01-05 06:36:39',NULL,NULL,149,NULL,NULL,23),(782,777,76,1,'STARTED',0,0,0,'2024-01-05 06:40:00','2024-01-05 06:40:00',NULL,NULL,149,NULL,NULL,23),(783,778,76,1,'STARTED',0,0,0,'2024-01-05 06:41:37','2024-01-05 06:41:37',NULL,NULL,149,NULL,NULL,23),(784,779,76,1,'STARTED',0,0,0,'2024-01-05 06:42:37','2024-01-05 06:42:37',NULL,NULL,149,NULL,NULL,23),(785,780,76,1,'STARTED',0,0,0,'2024-01-05 06:43:40','2024-01-05 06:43:40',NULL,NULL,149,NULL,NULL,23),(786,781,76,1,'STARTED',0,0,0,'2024-01-05 06:45:37','2024-01-05 06:45:37',NULL,NULL,149,NULL,NULL,23),(787,782,76,1,'STARTED',0,0,0,'2024-01-05 06:47:25','2024-01-05 06:47:25',NULL,NULL,149,NULL,NULL,23),(788,783,76,1,'STARTED',0,0,0,'2024-01-05 06:48:40','2024-01-05 06:48:40',NULL,NULL,149,NULL,NULL,23),(789,784,76,1,'STARTED',0,0,0,'2024-01-05 06:50:08','2024-01-05 06:50:08',NULL,NULL,149,NULL,NULL,23),(790,785,76,1,'STARTED',0,0,0,'2024-01-05 06:51:41','2024-01-05 06:51:41',NULL,NULL,149,NULL,NULL,23),(791,786,76,1,'STARTED',0,0,0,'2024-01-05 06:52:59','2024-01-05 06:52:59',NULL,NULL,149,NULL,NULL,23),(792,787,76,1,'STARTED',0,0,0,'2024-01-05 06:54:29','2024-01-05 06:54:29',NULL,NULL,149,NULL,NULL,23),(793,788,76,1,'STARTED',0,0,0,'2024-01-05 06:55:42','2024-01-05 06:55:42',NULL,NULL,149,NULL,NULL,23),(794,789,76,1,'STARTED',0,0,0,'2024-01-05 06:57:31','2024-01-05 06:57:31',NULL,NULL,149,NULL,NULL,23),(795,790,76,1,'STARTED',0,0,0,'2024-01-05 06:58:29','2024-01-05 06:58:29',NULL,NULL,149,NULL,NULL,23),(796,791,76,1,'STARTED',0,0,0,'2024-01-05 06:59:22','2024-01-05 06:59:22',NULL,NULL,149,NULL,NULL,23),(797,792,76,1,'STARTED',0,0,0,'2024-01-05 07:00:40','2024-01-05 07:00:40',NULL,NULL,149,NULL,NULL,23),(798,793,76,1,'STARTED',0,0,0,'2024-01-05 07:02:00','2024-01-05 07:02:00',NULL,NULL,149,NULL,NULL,23),(799,794,76,1,'STARTED',0,0,0,'2024-01-05 07:03:42','2024-01-05 07:03:42',NULL,NULL,149,NULL,NULL,23),(800,795,76,1,'STARTED',0,0,0,'2024-01-05 07:05:00','2024-01-05 07:05:00',NULL,NULL,149,NULL,NULL,23),(801,796,76,1,'STARTED',0,0,0,'2024-01-05 07:06:47','2024-01-05 07:06:47',NULL,NULL,149,NULL,NULL,23),(802,797,76,1,'STARTED',0,0,0,'2024-01-05 07:08:09','2024-01-05 07:08:09',NULL,NULL,149,NULL,NULL,23),(803,798,76,1,'STARTED',0,0,0,'2024-01-05 07:09:47','2024-01-05 07:09:47',NULL,NULL,149,NULL,NULL,23),(804,799,76,1,'STARTED',0,0,0,'2024-01-05 07:11:33','2024-01-05 07:11:33',NULL,NULL,149,NULL,NULL,23),(805,800,76,1,'STARTED',0,0,0,'2024-01-05 07:13:02','2024-01-05 07:13:02',NULL,NULL,149,NULL,NULL,23),(806,801,76,1,'STARTED',0,0,0,'2024-01-05 07:14:47','2024-01-05 07:14:47',NULL,NULL,149,NULL,NULL,23),(807,802,76,1,'STARTED',0,0,0,'2024-01-05 07:16:20','2024-01-05 07:16:20',NULL,NULL,149,NULL,NULL,23),(808,803,76,1,'STARTED',0,0,0,'2024-01-05 07:17:31','2024-01-05 07:17:31',NULL,NULL,149,NULL,NULL,23),(809,804,76,1,'STARTED',0,0,0,'2024-01-05 07:19:12','2024-01-05 07:19:12',NULL,NULL,149,NULL,NULL,23),(810,805,76,1,'STARTED',0,0,0,'2024-01-05 07:20:21','2024-01-05 07:20:21',NULL,NULL,149,NULL,NULL,23),(811,806,76,1,'STARTED',0,0,0,'2024-01-05 07:21:26','2024-01-05 07:21:26',NULL,NULL,149,NULL,NULL,23),(812,807,76,1,'STARTED',0,0,0,'2024-01-05 07:23:12','2024-01-05 07:23:12',NULL,NULL,149,NULL,NULL,23),(813,808,76,1,'STARTED',0,0,0,'2024-01-05 07:24:48','2024-01-05 07:24:48',NULL,NULL,149,NULL,NULL,23),(814,809,76,1,'STARTED',0,0,0,'2024-01-05 07:25:56','2024-01-05 07:25:56',NULL,NULL,149,NULL,NULL,23),(815,810,76,1,'STARTED',0,0,0,'2024-01-05 07:26:59','2024-01-05 07:26:59',NULL,NULL,149,NULL,NULL,23),(816,811,76,1,'STARTED',0,0,0,'2024-01-05 07:28:49','2024-01-05 07:28:49',NULL,NULL,149,NULL,NULL,23),(817,812,76,1,'STARTED',0,0,0,'2024-01-05 07:30:17','2024-01-05 07:30:17',NULL,NULL,149,NULL,NULL,23),(818,813,76,1,'STARTED',0,0,0,'2024-01-05 07:31:34','2024-01-05 07:31:34',NULL,NULL,149,NULL,NULL,23),(819,814,76,1,'STARTED',0,0,0,'2024-01-05 07:32:52','2024-01-05 07:32:52',NULL,NULL,149,NULL,NULL,23),(820,815,76,1,'STARTED',0,0,0,'2024-01-05 07:33:52','2024-01-05 07:33:52',NULL,NULL,149,NULL,NULL,23),(821,816,76,1,'STARTED',0,0,0,'2024-01-05 07:35:36','2024-01-05 07:35:36',NULL,NULL,149,NULL,NULL,23),(822,817,76,1,'STARTED',0,0,0,'2024-01-05 07:37:10','2024-01-05 07:37:10',NULL,NULL,149,NULL,NULL,23),(823,818,76,1,'STARTED',0,0,0,'2024-01-05 07:38:50','2024-01-05 07:38:50',NULL,NULL,149,NULL,NULL,23),(824,819,76,1,'STARTED',0,0,0,'2024-01-05 07:40:17','2024-01-05 07:40:17',NULL,NULL,149,NULL,NULL,23),(825,820,76,1,'STARTED',0,0,0,'2024-01-05 07:41:47','2024-01-05 07:41:47',NULL,NULL,149,NULL,NULL,23),(826,821,76,1,'STARTED',0,0,0,'2024-01-05 07:43:22','2024-01-05 07:43:22',NULL,NULL,149,NULL,NULL,23),(827,822,76,1,'STARTED',0,0,0,'2024-01-05 07:44:21','2024-01-05 07:44:21',NULL,NULL,149,NULL,NULL,23),(828,823,76,1,'STARTED',0,0,0,'2024-01-05 07:45:44','2024-01-05 07:45:44',NULL,NULL,149,NULL,NULL,23),(829,824,76,1,'STARTED',0,0,0,'2024-01-05 07:47:13','2024-01-05 07:47:13',NULL,NULL,149,NULL,NULL,23),(830,825,76,1,'STARTED',0,0,0,'2024-01-05 07:48:33','2024-01-05 07:48:33',NULL,NULL,149,NULL,NULL,23),(831,826,76,1,'STARTED',0,0,0,'2024-01-05 07:49:50','2024-01-05 07:49:50',NULL,NULL,149,NULL,NULL,23),(832,827,76,1,'STARTED',0,0,0,'2024-01-05 07:51:25','2024-01-05 07:51:25',NULL,NULL,149,NULL,NULL,23),(833,828,76,1,'STARTED',0,0,0,'2024-01-05 07:52:44','2024-01-05 07:52:44',NULL,NULL,149,NULL,NULL,23),(834,829,76,1,'STARTED',0,0,0,'2024-01-05 07:54:18','2024-01-05 07:54:18',NULL,NULL,149,NULL,NULL,23),(835,830,76,1,'STARTED',0,0,0,'2024-01-05 07:56:01','2024-01-05 07:56:01',NULL,NULL,149,NULL,NULL,23),(836,831,76,1,'STARTED',0,0,0,'2024-01-05 07:56:57','2024-01-05 07:56:57',NULL,NULL,149,NULL,NULL,23),(837,832,76,1,'STARTED',0,0,0,'2024-01-05 07:58:14','2024-01-05 07:58:14',NULL,NULL,149,NULL,NULL,23),(838,833,76,1,'STARTED',0,0,0,'2024-01-05 08:00:06','2024-01-05 08:00:06',NULL,NULL,149,NULL,NULL,23),(839,834,76,1,'STARTED',0,0,0,'2024-01-05 08:01:28','2024-01-05 08:01:28',NULL,NULL,149,NULL,NULL,23),(840,835,76,1,'STARTED',0,0,0,'2024-01-05 08:03:10','2024-01-05 08:03:10',NULL,NULL,149,NULL,NULL,23),(841,836,76,1,'STARTED',0,0,0,'2024-01-05 08:04:32','2024-01-05 08:04:32',NULL,NULL,149,NULL,NULL,23),(842,837,76,1,'STARTED',0,0,0,'2024-01-05 08:06:14','2024-01-05 08:06:14',NULL,NULL,149,NULL,NULL,23),(843,838,76,1,'STARTED',0,0,0,'2024-01-05 08:07:54','2024-01-05 08:07:54',NULL,NULL,149,NULL,NULL,23),(844,839,76,1,'STARTED',0,0,0,'2024-01-05 08:09:19','2024-01-05 08:09:19',NULL,NULL,149,NULL,NULL,23),(845,840,76,1,'STARTED',0,0,0,'2024-01-05 08:10:37','2024-01-05 08:10:37',NULL,NULL,149,NULL,NULL,23),(846,841,76,1,'STARTED',0,0,0,'2024-01-05 08:11:34','2024-01-05 08:11:34',NULL,NULL,149,NULL,NULL,23),(847,842,76,1,'STARTED',0,0,0,'2024-01-05 08:12:46','2024-01-05 08:12:46',NULL,NULL,149,NULL,NULL,23),(848,843,76,1,'STARTED',0,0,0,'2024-01-05 08:14:02','2024-01-05 08:14:02',NULL,NULL,149,NULL,NULL,23),(849,844,76,1,'STARTED',0,0,0,'2024-01-05 08:15:17','2024-01-05 08:15:17',NULL,NULL,149,NULL,NULL,23),(850,845,76,1,'STARTED',0,0,0,'2024-01-05 08:16:45','2024-01-05 08:16:45',NULL,NULL,149,NULL,NULL,23),(851,846,76,1,'STARTED',0,0,0,'2024-01-05 08:18:08','2024-01-05 08:18:08',NULL,NULL,149,NULL,NULL,23),(852,847,76,1,'STARTED',0,0,0,'2024-01-05 08:19:53','2024-01-05 08:19:53',NULL,NULL,149,NULL,NULL,23),(853,848,76,1,'STARTED',0,0,0,'2024-01-05 08:21:22','2024-01-05 08:21:22',NULL,NULL,149,NULL,NULL,23),(854,849,76,1,'STARTED',0,0,0,'2024-01-05 08:22:39','2024-01-05 08:22:39',NULL,NULL,149,NULL,NULL,23),(855,850,76,1,'STARTED',0,0,0,'2024-01-05 08:24:03','2024-01-05 08:24:03',NULL,NULL,149,NULL,NULL,23),(856,851,76,1,'STARTED',0,0,0,'2024-01-05 08:25:44','2024-01-05 08:25:44',NULL,NULL,149,NULL,NULL,23),(857,852,76,1,'STARTED',0,0,0,'2024-01-05 08:27:08','2024-01-05 08:27:08',NULL,NULL,149,NULL,NULL,23),(858,853,76,1,'STARTED',0,0,0,'2024-01-05 08:28:20','2024-01-05 08:28:20',NULL,NULL,149,NULL,NULL,23),(859,854,76,1,'STARTED',0,0,0,'2024-01-05 08:29:37','2024-01-05 08:29:37',NULL,NULL,149,NULL,NULL,23),(860,855,76,1,'STARTED',0,0,0,'2024-01-05 08:31:15','2024-01-05 08:31:15',NULL,NULL,149,NULL,NULL,23),(861,856,76,1,'STARTED',0,0,0,'2024-01-05 08:32:32','2024-01-05 08:32:32',NULL,NULL,149,NULL,NULL,23),(862,857,76,1,'STARTED',0,0,0,'2024-01-05 08:33:50','2024-01-05 08:33:50',NULL,NULL,149,NULL,NULL,23),(863,858,76,1,'STARTED',0,0,0,'2024-01-05 08:35:35','2024-01-05 08:35:35',NULL,NULL,149,NULL,NULL,23),(864,859,76,1,'STARTED',0,0,0,'2024-01-05 08:37:15','2024-01-05 08:37:15',NULL,NULL,149,NULL,NULL,23),(865,860,76,1,'STARTED',0,0,0,'2024-01-05 08:38:55','2024-01-05 08:38:55',NULL,NULL,149,NULL,NULL,23),(866,861,76,1,'STARTED',0,0,0,'2024-01-05 08:40:41','2024-01-05 08:40:41',NULL,NULL,149,NULL,NULL,23),(867,862,76,1,'STARTED',0,0,0,'2024-01-05 08:42:15','2024-01-05 08:42:15',NULL,NULL,149,NULL,NULL,23),(868,863,76,1,'STARTED',0,0,0,'2024-01-05 08:43:22','2024-01-05 08:43:22',NULL,NULL,149,NULL,NULL,23),(869,864,76,1,'STARTED',0,0,0,'2024-01-05 08:44:28','2024-01-05 08:44:28',NULL,NULL,149,NULL,NULL,23),(870,865,76,1,'STARTED',0,0,0,'2024-01-05 08:45:27','2024-01-05 08:45:27',NULL,NULL,149,NULL,NULL,23),(871,866,76,1,'STARTED',0,0,0,'2024-01-05 08:46:55','2024-01-05 08:46:55',NULL,NULL,149,NULL,NULL,23),(872,867,76,1,'STARTED',0,0,0,'2024-01-05 08:48:43','2024-01-05 08:48:43',NULL,NULL,149,NULL,NULL,23),(873,868,76,1,'STARTED',0,0,0,'2024-01-05 08:49:50','2024-01-05 08:49:50',NULL,NULL,149,NULL,NULL,23),(874,869,76,1,'SUCCESS_WITH_NOCONTENT',0,9290,0,'2024-01-05 15:15:37','2024-01-05 15:15:37','',NULL,149,NULL,NULL,23),(875,870,76,1,'SUCCESS_WITH_NOCONTENT',0,10369,0,'2024-01-05 15:16:49','2024-01-05 15:16:49','',NULL,149,NULL,NULL,23),(876,871,76,1,'SUCCESS_WITH_NOCONTENT',0,10080,0,'2024-01-05 15:18:03','2024-01-05 15:18:03','',NULL,149,NULL,NULL,23),(877,872,76,1,'SUCCESS_WITH_NOCONTENT',0,9988,0,'2024-01-05 15:19:17','2024-01-05 15:19:17','',NULL,149,NULL,NULL,23),(878,873,76,1,'SUCCESS_WITH_NOCONTENT',0,15214,0,'2024-01-05 15:21:14','2024-01-05 15:21:14','',NULL,149,NULL,NULL,23),(879,874,76,1,'SUCCESS_WITH_NOCONTENT',0,11509,0,'2024-01-05 15:22:47','2024-01-05 15:22:47','',NULL,149,NULL,NULL,23),(880,875,76,1,'SUCCESS_WITH_NOCONTENT',0,14229,0,'2024-01-05 15:24:42','2024-01-05 15:24:42','',NULL,149,NULL,NULL,23),(881,876,76,1,'SUCCESS_WITH_NOCONTENT',0,10712,0,'2024-01-05 15:26:17','2024-01-05 15:26:17','',NULL,149,NULL,NULL,23),(882,877,76,1,'SUCCESS_WITH_NOCONTENT',0,14170,0,'2024-01-05 15:28:20','2024-01-05 15:28:20','',NULL,149,NULL,NULL,23),(883,878,76,1,'SUCCESS_WITH_NOCONTENT',0,13741,0,'2024-01-05 15:30:21','2024-01-05 15:30:21','',NULL,149,NULL,NULL,23),(884,879,76,1,'SUCCESS_WITH_NOCONTENT',0,12133,0,'2024-01-05 15:32:12','2024-01-05 15:32:12','',NULL,149,NULL,NULL,23),(885,880,76,1,'SUCCESS_WITH_NOCONTENT',0,11745,0,'2024-01-05 15:34:10','2024-01-05 15:34:10','',NULL,149,NULL,NULL,23),(886,881,76,1,'SUCCESS_WITH_NOCONTENT',0,14641,0,'2024-01-05 15:36:28','2024-01-05 15:36:28','',NULL,149,NULL,NULL,23),(887,882,76,1,'SUCCESS_WITH_NOCONTENT',0,14227,0,'2024-01-05 15:38:57','2024-01-05 15:38:57','',NULL,149,NULL,NULL,23),(888,883,76,1,'SUCCESS_WITH_NOCONTENT',0,12333,0,'2024-01-05 15:41:06','2024-01-05 15:41:06','',NULL,149,NULL,NULL,23),(889,884,76,1,'SUCCESS_WITH_NOCONTENT',0,8708,0,'2024-01-05 15:42:32','2024-01-05 15:42:32','',NULL,149,NULL,NULL,23),(890,885,76,1,'SUCCESS_WITH_NOCONTENT',0,11949,0,'2024-01-05 15:44:40','2024-01-05 15:44:40','',NULL,149,NULL,NULL,23),(891,886,76,1,'SUCCESS_WITH_NOCONTENT',0,9028,0,'2024-01-05 15:46:24','2024-01-05 15:46:24','',NULL,149,NULL,NULL,23),(892,887,76,1,'SUCCESS_WITH_NOCONTENT',0,7844,0,'2024-01-05 15:47:49','2024-01-05 15:47:49','',NULL,149,NULL,NULL,23),(893,888,76,1,'SUCCESS_WITH_NOCONTENT',0,13250,0,'2024-01-05 15:50:14','2024-01-05 15:50:14','',NULL,149,NULL,NULL,23),(894,889,76,1,'SUCCESS_WITH_NOCONTENT',0,10909,0,'2024-01-05 15:52:15','2024-01-05 15:52:15','',NULL,149,NULL,NULL,23),(895,890,76,1,'SUCCESS_WITH_NOCONTENT',0,15169,0,'2024-01-05 15:55:10','2024-01-05 15:55:10','',NULL,149,NULL,NULL,23),(896,891,76,1,'SUCCESS_WITH_NOCONTENT',0,8259,0,'2024-01-05 15:56:50','2024-01-05 15:56:50','',NULL,149,NULL,NULL,23),(897,892,76,1,'SUCCESS_WITH_NOCONTENT',0,8936,0,'2024-01-05 15:58:36','2024-01-05 15:58:36','',NULL,149,NULL,NULL,23),(898,893,76,1,'SUCCESS_WITH_NOCONTENT',0,13474,0,'2024-01-05 16:01:17','2024-01-05 16:01:17','',NULL,149,NULL,NULL,23),(899,894,76,1,'SUCCESS_WITH_NOCONTENT',0,13116,0,'2024-01-05 16:04:06','2024-01-05 16:04:06','',NULL,149,NULL,NULL,23),(900,895,76,1,'SUCCESS_WITH_NOCONTENT',0,12251,0,'2024-01-05 16:06:41','2024-01-05 16:06:41','',NULL,149,NULL,NULL,23),(901,896,76,1,'SUCCESS_WITH_NOCONTENT',0,12917,0,'2024-01-05 16:09:40','2024-01-05 16:09:40','',NULL,149,NULL,NULL,23),(902,897,76,1,'STARTED',0,0,0,'2024-01-05 16:12:00','2024-01-05 16:12:00',NULL,NULL,149,NULL,NULL,23),(903,898,76,1,'SUCCESS_WITH_NOCONTENT',0,9338,0,'2024-01-05 16:14:20','2024-01-05 16:14:20','',NULL,149,NULL,NULL,23),(904,899,76,1,'SUCCESS_WITH_NOCONTENT',0,9932,0,'2024-01-05 16:16:50','2024-01-05 16:16:50','',NULL,149,NULL,NULL,23),(905,900,76,1,'SUCCESS_WITH_NOCONTENT',0,10716,0,'2024-01-05 16:19:23','2024-01-05 16:19:23','',NULL,149,NULL,NULL,23),(906,901,76,1,'SUCCESS_WITH_NOCONTENT',0,11262,0,'2024-01-05 16:22:26','2024-01-05 16:22:26','',NULL,149,NULL,NULL,23),(907,902,76,1,'SUCCESS_WITH_NOCONTENT',0,10152,0,'2024-01-05 16:25:03','2024-01-05 16:25:03','',NULL,149,NULL,NULL,23),(908,903,76,1,'SUCCESS_WITH_NOCONTENT',0,10470,0,'2024-01-05 16:27:55','2024-01-05 16:27:55','',NULL,149,NULL,NULL,23),(909,904,76,1,'SUCCESS_WITH_NOCONTENT',0,9475,0,'2024-01-05 16:30:33','2024-01-05 16:30:33','',NULL,149,NULL,NULL,23),(910,905,76,1,'SUCCESS_WITH_NOCONTENT',0,13295,0,'2024-01-05 16:34:11','2024-01-05 16:34:11','',NULL,149,NULL,NULL,23),(911,906,76,1,'SUCCESS_WITH_NOCONTENT',0,13608,0,'2024-01-05 16:38:07','2024-01-05 16:38:07','',NULL,149,NULL,NULL,23),(912,907,76,1,'SUCCESS_WITH_NOCONTENT',0,12344,0,'2024-01-05 16:41:59','2024-01-05 16:41:59','',NULL,149,NULL,NULL,23),(913,908,76,1,'SUCCESS_WITH_NOCONTENT',0,10649,0,'2024-01-05 16:45:35','2024-01-05 16:45:35','',NULL,149,NULL,NULL,23),(914,909,76,1,'SUCCESS_WITH_NOCONTENT',0,11331,0,'2024-01-05 16:49:33','2024-01-05 16:49:33','',NULL,149,NULL,NULL,23),(915,910,76,1,'SUCCESS_WITH_NOCONTENT',0,8968,0,'2024-01-05 16:52:36','2024-01-05 16:52:36','',NULL,149,NULL,NULL,23),(916,911,76,1,'SUCCESS_WITH_NOCONTENT',0,11312,0,'2024-01-05 16:56:05','2024-01-05 16:56:05','',NULL,149,NULL,NULL,23),(917,912,76,1,'SUCCESS_WITH_NOCONTENT',0,7783,0,'2024-01-05 16:58:55','2024-01-05 16:58:55','',NULL,149,NULL,NULL,23),(918,913,76,1,'SUCCESS_WITH_NOCONTENT',0,7599,0,'2024-01-05 17:01:19','2024-01-05 17:01:19','',NULL,149,NULL,NULL,23),(919,914,76,1,'SUCCESS_WITH_NOCONTENT',0,11029,0,'2024-01-05 17:05:37','2024-01-05 17:05:37','',NULL,149,NULL,NULL,23),(920,915,76,1,'SUCCESS_WITH_NOCONTENT',0,9948,0,'2024-01-05 17:08:50','2024-01-05 17:08:50','',NULL,149,NULL,NULL,23),(921,916,76,1,'SUCCESS_WITH_NOCONTENT',0,11327,0,'2024-01-05 17:13:26','2024-01-05 17:13:26','',NULL,149,NULL,NULL,23),(922,917,76,1,'SUCCESS_WITH_NOCONTENT',0,10070,0,'2024-01-05 17:16:54','2024-01-05 17:16:54','',NULL,149,NULL,NULL,23),(923,918,76,1,'SUCCESS_WITH_NOCONTENT',0,8872,0,'2024-01-05 17:20:26','2024-01-05 17:20:26','',NULL,149,NULL,NULL,23),(924,919,76,1,'SUCCESS_WITH_NOCONTENT',0,12134,0,'2024-01-05 17:25:24','2024-01-05 17:25:24','',NULL,149,NULL,NULL,23),(925,920,76,1,'SUCCESS_WITH_NOCONTENT',0,9806,0,'2024-01-05 17:28:54','2024-01-05 17:28:54','',NULL,149,NULL,NULL,23),(926,921,76,1,'SUCCESS_WITH_NOCONTENT',0,10145,0,'2024-01-05 17:33:02','2024-01-05 17:33:02','',NULL,149,NULL,NULL,23),(927,922,76,1,'SUCCESS_WITH_NOCONTENT',0,11601,0,'2024-01-05 17:37:53','2024-01-05 17:37:53','',NULL,149,NULL,NULL,23),(928,923,76,1,'SUCCESS_WITH_NOCONTENT',0,10742,0,'2024-01-05 17:42:55','2024-01-05 17:42:55','',NULL,149,NULL,NULL,23),(929,924,76,1,'SUCCESS_WITH_NOCONTENT',0,11829,0,'2024-01-05 17:47:36','2024-01-05 17:47:36','',NULL,149,NULL,NULL,23),(930,925,76,1,'SUCCESS_WITH_NOCONTENT',0,8520,0,'2024-01-05 17:51:27','2024-01-05 17:51:27','',NULL,149,NULL,NULL,23),(931,926,76,1,'SUCCESS_WITH_NOCONTENT',0,9119,0,'2024-01-05 17:55:20','2024-01-05 17:55:20','',NULL,149,NULL,NULL,23),(932,927,76,1,'SUCCESS_WITH_NOCONTENT',0,11476,0,'2024-01-05 18:00:39','2024-01-05 18:00:39','',NULL,149,NULL,NULL,23),(933,928,76,1,'SUCCESS_WITH_NOCONTENT',0,7741,0,'2024-01-05 18:04:47','2024-01-05 18:04:47','',NULL,149,NULL,NULL,23),(934,929,76,1,'SUCCESS_WITH_NOCONTENT',0,5432,0,'2024-01-05 18:07:47','2024-01-05 18:07:47','',NULL,149,NULL,NULL,23),(935,930,76,1,'SUCCESS_WITH_NOCONTENT',0,6360,0,'2024-01-05 18:10:52','2024-01-05 18:10:52','',NULL,149,NULL,NULL,23),(936,931,76,1,'SUCCESS_WITH_NOCONTENT',0,6968,0,'2024-01-05 18:13:59','2024-01-05 18:13:59','',NULL,149,NULL,NULL,23),(937,932,76,1,'SUCCESS_WITH_NOCONTENT',0,12015,0,'2024-01-05 18:20:05','2024-01-05 18:20:05','',NULL,149,NULL,NULL,23),(938,933,76,1,'SUCCESS_WITH_NOCONTENT',0,6888,0,'2024-01-05 18:23:22','2024-01-05 18:23:22','',NULL,149,NULL,NULL,23),(939,934,76,1,'SUCCESS_WITH_NOCONTENT',0,11889,0,'2024-01-05 18:28:28','2024-01-05 18:28:28','',NULL,149,NULL,NULL,23),(940,935,76,1,'SUCCESS_WITH_NOCONTENT',0,7506,0,'2024-01-05 18:32:29','2024-01-05 18:32:29','',NULL,149,NULL,NULL,23),(941,936,76,1,'SUCCESS_WITH_NOCONTENT',0,8659,0,'2024-01-05 18:37:13','2024-01-05 18:37:13','',NULL,149,NULL,NULL,23),(942,937,76,1,'SUCCESS_WITH_NOCONTENT',0,9425,0,'2024-01-05 18:42:19','2024-01-05 18:42:19','',NULL,149,NULL,NULL,23),(943,938,76,1,'SUCCESS_WITH_NOCONTENT',0,6833,0,'2024-01-05 18:46:22','2024-01-05 18:46:22','',NULL,149,NULL,NULL,23),(944,939,76,1,'SUCCESS_WITH_NOCONTENT',0,8292,0,'2024-01-05 18:50:33','2024-01-05 18:50:33','',NULL,149,NULL,NULL,23),(945,940,76,1,'SUCCESS_WITH_NOCONTENT',0,9137,0,'2024-01-05 18:55:15','2024-01-05 18:55:15','',NULL,149,NULL,NULL,23),(946,941,76,1,'SUCCESS_WITH_NOCONTENT',0,11506,0,'2024-01-07 01:08:50','2024-01-07 01:08:50','',NULL,149,NULL,NULL,23),(947,942,76,1,'SUCCESS_WITH_NOCONTENT',0,12435,0,'2024-01-07 01:10:22','2024-01-07 01:10:22','',NULL,149,NULL,NULL,23),(948,943,76,1,'SUCCESS_WITH_NOCONTENT',0,15411,0,'2024-01-07 01:12:24','2024-01-07 01:12:24','',NULL,149,NULL,NULL,23),(949,944,76,1,'SUCCESS_WITH_NOCONTENT',0,11084,0,'2024-01-07 01:13:53','2024-01-07 01:13:53','',NULL,149,NULL,NULL,23),(950,945,76,1,'SUCCESS_WITH_NOCONTENT',0,10243,0,'2024-01-07 01:15:19','2024-01-07 01:15:19','',NULL,149,NULL,NULL,23),(951,946,76,1,'SUCCESS_WITH_NOCONTENT',0,7966,0,'2024-01-07 01:16:29','2024-01-07 01:16:29','',NULL,149,NULL,NULL,23),(952,947,76,1,'SUCCESS_WITH_NOCONTENT',0,13666,0,'2024-01-07 01:18:23','2024-01-07 01:18:23','',NULL,149,NULL,NULL,23),(953,948,76,1,'SUCCESS_WITH_NOCONTENT',0,8921,0,'2024-01-07 01:19:40','2024-01-07 01:19:40','',NULL,149,NULL,NULL,23),(954,949,76,1,'SUCCESS_WITH_NOCONTENT',0,13776,0,'2024-01-07 01:21:40','2024-01-07 01:21:40','',NULL,149,NULL,NULL,23),(955,950,76,1,'SUCCESS_WITH_NOCONTENT',0,14052,0,'2024-01-07 01:23:42','2024-01-07 01:23:42','',NULL,149,NULL,NULL,23),(956,951,76,1,'SUCCESS_WITH_NOCONTENT',0,9935,0,'2024-01-07 01:25:17','2024-01-07 01:25:17','',NULL,149,NULL,NULL,23),(957,952,76,1,'SUCCESS_WITH_NOCONTENT',0,7706,0,'2024-01-07 01:26:27','2024-01-07 01:26:27','',NULL,149,NULL,NULL,23),(958,953,76,1,'SUCCESS_WITH_NOCONTENT',0,10184,0,'2024-01-07 01:28:09','2024-01-07 01:28:09','',NULL,149,NULL,NULL,23),(959,954,76,1,'SUCCESS_WITH_NOCONTENT',0,9607,0,'2024-01-07 01:29:40','2024-01-07 01:29:40','',NULL,149,NULL,NULL,23),(960,955,76,1,'SUCCESS_WITH_NOCONTENT',0,14260,0,'2024-01-07 01:31:59','2024-01-07 01:31:59','',NULL,149,NULL,NULL,23),(961,956,76,1,'SUCCESS_WITH_NOCONTENT',0,13642,0,'2024-01-07 01:34:17','2024-01-07 01:34:17','',NULL,149,NULL,NULL,23),(962,957,76,1,'SUCCESS_WITH_NOCONTENT',0,12116,0,'2024-01-07 01:36:18','2024-01-07 01:36:18','',NULL,149,NULL,NULL,23),(963,958,76,1,'SUCCESS_WITH_NOCONTENT',0,8170,0,'2024-01-07 01:37:52','2024-01-07 01:37:52','',NULL,149,NULL,NULL,23),(964,959,76,1,'SUCCESS_WITH_NOCONTENT',0,11972,0,'2024-01-07 01:40:05','2024-01-07 01:40:05','',NULL,149,NULL,NULL,23),(965,960,76,1,'SUCCESS_WITH_NOCONTENT',0,11499,0,'2024-01-07 01:42:11','2024-01-07 01:42:11','',NULL,149,NULL,NULL,23),(966,961,76,1,'SUCCESS_WITH_NOCONTENT',0,11915,0,'2024-01-07 01:44:22','2024-01-07 01:44:22','',NULL,149,NULL,NULL,23),(967,962,76,1,'SUCCESS_WITH_NOCONTENT',0,13551,0,'2024-01-07 01:46:49','2024-01-07 01:46:49','',NULL,149,NULL,NULL,23),(968,963,76,1,'SUCCESS_WITH_NOCONTENT',0,8996,0,'2024-01-07 01:48:29','2024-01-07 01:48:29','',NULL,149,NULL,NULL,23),(969,964,76,1,'SUCCESS_WITH_NOCONTENT',0,12075,0,'2024-01-07 01:50:57','2024-01-07 01:50:57','',NULL,149,NULL,NULL,23),(970,965,76,1,'SUCCESS_WITH_NOCONTENT',0,12624,0,'2024-01-07 01:53:30','2024-01-07 01:53:30','',NULL,149,NULL,NULL,23),(971,966,76,1,'SUCCESS_WITH_NOCONTENT',0,13255,0,'2024-01-07 01:56:23','2024-01-07 01:56:23','',NULL,149,NULL,NULL,23),(972,967,76,1,'SUCCESS_WITH_NOCONTENT',0,10615,0,'2024-01-07 01:59:54','2024-01-07 01:59:54','',NULL,149,NULL,NULL,23),(973,968,76,1,'SUCCESS_WITH_NOCONTENT',0,8366,0,'2024-01-07 02:01:50','2024-01-07 02:01:50','',NULL,149,NULL,NULL,23),(974,969,76,1,'SUCCESS_WITH_NOCONTENT',0,7288,0,'2024-01-07 02:03:31','2024-01-07 02:03:31','',NULL,149,NULL,NULL,23),(975,970,76,1,'SUCCESS_WITH_NOCONTENT',0,14542,0,'2024-01-07 02:06:52','2024-01-07 02:06:52','',NULL,149,NULL,NULL,23),(976,971,76,1,'SUCCESS_WITH_NOCONTENT',0,8604,0,'2024-01-07 02:08:54','2024-01-07 02:08:54','',NULL,149,NULL,NULL,23),(977,972,76,1,'SUCCESS_WITH_NOCONTENT',0,13135,0,'2024-01-07 02:12:07','2024-01-07 02:12:07','',NULL,149,NULL,NULL,23),(978,973,76,1,'SUCCESS_WITH_NOCONTENT',0,12762,0,'2024-01-07 02:15:29','2024-01-07 02:15:29','',NULL,149,NULL,NULL,23),(979,974,76,1,'SUCCESS_WITH_NOCONTENT',0,11018,0,'2024-01-07 02:18:17','2024-01-07 02:18:17','',NULL,149,NULL,NULL,23),(980,975,76,1,'SUCCESS_WITH_NOCONTENT',0,11457,0,'2024-01-07 02:21:20','2024-01-07 02:21:20','',NULL,149,NULL,NULL,23),(981,976,76,1,'SUCCESS_WITH_NOCONTENT',0,12134,0,'2024-01-07 02:24:52','2024-01-07 02:24:52','',NULL,149,NULL,NULL,23),(982,977,76,1,'SUCCESS_WITH_NOCONTENT',0,11056,0,'2024-01-07 02:28:16','2024-01-07 02:28:16','',NULL,149,NULL,NULL,23),(983,978,76,1,'SUCCESS_WITH_NOCONTENT',0,8043,0,'2024-01-07 02:30:29','2024-01-07 02:30:29','',NULL,149,NULL,NULL,23),(984,979,76,1,'SUCCESS_WITH_NOCONTENT',0,11505,0,'2024-01-07 02:34:18','2024-01-07 02:34:18','',NULL,149,NULL,NULL,23),(985,980,76,1,'SUCCESS_WITH_NOCONTENT',0,9809,0,'2024-01-07 02:37:19','2024-01-07 02:37:19','',NULL,149,NULL,NULL,23),(986,981,76,1,'SUCCESS_WITH_NOCONTENT',0,11905,0,'2024-01-07 02:41:06','2024-01-07 02:41:06','',NULL,149,NULL,NULL,23),(987,982,76,1,'SUCCESS_WITH_NOCONTENT',0,11126,0,'2024-01-07 02:44:45','2024-01-07 02:44:45','',NULL,149,NULL,NULL,23),(988,983,76,1,'SUCCESS_WITH_NOCONTENT',0,9815,0,'2024-01-07 02:47:54','2024-01-07 02:47:54','',NULL,149,NULL,NULL,23),(989,984,76,1,'SUCCESS_WITH_NOCONTENT',0,6947,0,'2024-01-07 02:50:21','2024-01-07 02:50:21','',NULL,149,NULL,NULL,23),(990,985,76,1,'SUCCESS_WITH_NOCONTENT',0,10509,0,'2024-01-07 02:54:09','2024-01-07 02:54:09','',NULL,149,NULL,NULL,23),(991,986,76,1,'SUCCESS_WITH_NOCONTENT',0,13140,0,'2024-01-07 02:58:48','2024-01-07 02:58:48','',NULL,149,NULL,NULL,23),(992,987,76,1,'SUCCESS_WITH_NOCONTENT',0,13041,0,'2024-01-07 03:03:05','2024-01-07 03:03:05','',NULL,149,NULL,NULL,23),(993,988,76,1,'SUCCESS_WITH_NOCONTENT',0,10128,0,'2024-01-07 03:06:52','2024-01-07 03:06:52','',NULL,149,NULL,NULL,23),(994,989,76,1,'SUCCESS_WITH_NOCONTENT',0,9321,0,'2024-01-07 03:10:31','2024-01-07 03:10:31','',NULL,149,NULL,NULL,23),(995,990,76,1,'SUCCESS_WITH_NOCONTENT',0,12216,0,'2024-01-07 03:15:43','2024-01-07 03:15:43','',NULL,149,NULL,NULL,23),(996,991,76,1,'SUCCESS_WITH_NOCONTENT',0,9547,0,'2024-01-07 03:19:17','2024-01-07 03:19:17','',NULL,149,NULL,NULL,23),(997,992,76,1,'SUCCESS_WITH_NOCONTENT',0,9448,0,'2024-01-07 03:23:07','2024-01-07 03:23:07','',NULL,149,NULL,NULL,23),(998,993,76,1,'SUCCESS_WITH_NOCONTENT',0,8922,0,'2024-01-07 03:26:45','2024-01-07 03:26:45','',NULL,149,NULL,NULL,23),(999,994,76,1,'SUCCESS_WITH_NOCONTENT',0,7917,0,'2024-01-07 03:30:32','2024-01-07 03:30:32','',NULL,149,NULL,NULL,23),(1000,995,76,1,'SUCCESS_WITH_NOCONTENT',0,11074,0,'2024-01-07 03:35:22','2024-01-07 03:35:22','',NULL,149,NULL,NULL,23),(1001,996,76,1,'SUCCESS_WITH_NOCONTENT',0,10403,0,'2024-01-07 03:39:40','2024-01-07 03:39:40','',NULL,149,NULL,NULL,23),(1002,997,76,1,'SUCCESS_WITH_NOCONTENT',0,8458,0,'2024-01-07 03:43:25','2024-01-07 03:43:25','',NULL,149,NULL,NULL,23),(1003,998,76,1,'SUCCESS_WITH_NOCONTENT',0,11367,0,'2024-01-07 03:48:17','2024-01-07 03:48:17','',NULL,149,NULL,NULL,23),(1004,999,76,1,'SUCCESS_WITH_NOCONTENT',0,8871,0,'2024-01-07 03:52:05','2024-01-07 03:52:05','',NULL,149,NULL,NULL,23),(1005,1000,76,1,'SUCCESS_WITH_NOCONTENT',0,10458,0,'2024-01-07 03:56:58','2024-01-07 03:56:58','',NULL,149,NULL,NULL,23),(1006,1001,76,1,'SUCCESS_WITH_NOCONTENT',0,10553,0,'2024-01-07 04:02:27','2024-01-07 04:02:27','',NULL,149,NULL,NULL,23),(1007,1002,76,1,'SUCCESS_WITH_NOCONTENT',0,11455,0,'2024-01-07 04:07:54','2024-01-07 04:07:54','',NULL,149,NULL,NULL,23),(1008,1003,76,1,'SUCCESS_WITH_NOCONTENT',0,11313,0,'2024-01-07 04:13:34','2024-01-07 04:13:34','',NULL,149,NULL,NULL,23),(1009,1004,76,1,'SUCCESS_WITH_NOCONTENT',0,7448,0,'2024-01-07 04:17:34','2024-01-07 04:17:34','',NULL,149,NULL,NULL,23),(1010,1005,76,1,'SUCCESS_WITH_NOCONTENT',0,8039,0,'2024-01-07 04:21:20','2024-01-07 04:21:20','',NULL,149,NULL,NULL,23),(1011,1006,76,1,'SUCCESS_WITH_NOCONTENT',0,9036,0,'2024-01-07 04:25:42','2024-01-07 04:25:42','',NULL,149,NULL,NULL,23),(1012,1007,76,1,'SUCCESS_WITH_NOCONTENT',0,12405,0,'2024-01-07 04:31:46','2024-01-07 04:31:46','',NULL,149,NULL,NULL,23),(1013,1008,76,1,'SUCCESS_WITH_NOCONTENT',0,9297,0,'2024-01-07 04:36:55','2024-01-07 04:36:55','',NULL,149,NULL,NULL,23),(1014,1009,76,1,'SUCCESS_WITH_NOCONTENT',0,10270,0,'2024-01-07 04:42:03','2024-01-07 04:42:03','',NULL,149,NULL,NULL,23),(1015,1010,76,1,'SUCCESS_WITH_NOCONTENT',0,8930,0,'2024-01-07 04:46:44','2024-01-07 04:46:44','',NULL,149,NULL,NULL,23),(1016,1011,76,1,'SUCCESS_WITH_NOCONTENT',0,7540,0,'2024-01-07 04:51:08','2024-01-07 04:51:08','',NULL,149,NULL,NULL,23),(1017,1012,76,1,'SUCCESS_WITH_NOCONTENT',0,9153,0,'2024-01-07 04:55:45','2024-01-07 04:55:45','',NULL,149,NULL,NULL,23),(1018,1013,76,1,'SUCCESS_WITH_NOCONTENT',0,9350,0,'2024-01-07 05:01:08','2024-01-07 05:01:08','',NULL,149,NULL,NULL,23),(1019,1014,76,1,'SUCCESS_WITH_NOCONTENT',0,9549,0,'2024-01-07 05:06:38','2024-01-07 05:06:38','',NULL,149,NULL,NULL,23),(1020,1015,76,1,'SUCCESS_WITH_NOCONTENT',0,7431,0,'2024-01-07 05:10:57','2024-01-07 05:10:57','',NULL,149,NULL,NULL,23),(1021,1016,76,1,'SUCCESS_WITH_NOCONTENT',0,9935,0,'2024-01-07 05:15:51','2024-01-07 05:15:51','',NULL,149,NULL,NULL,23),(1022,1017,76,1,'SUCCESS_WITH_NOCONTENT',0,7504,0,'2024-01-07 05:19:45','2024-01-07 05:19:45','',NULL,149,NULL,NULL,23),(1023,1018,76,1,'SUCCESS_WITH_NOCONTENT',0,11143,0,'2024-01-07 05:26:33','2024-01-07 05:26:33','',NULL,149,NULL,NULL,23),(1024,1019,76,1,'SUCCESS_WITH_NOCONTENT',0,7010,0,'2024-01-07 05:31:40','2024-01-07 05:31:40','',NULL,149,NULL,NULL,23),(1025,1020,76,1,'SUCCESS_WITH_NOCONTENT',0,11434,0,'2024-01-07 05:38:59','2024-01-07 05:38:59','',NULL,149,NULL,NULL,23),(1026,1021,76,1,'SUCCESS_WITH_NOCONTENT',0,10666,0,'2024-01-07 05:45:50','2024-01-07 05:45:50','',NULL,149,NULL,NULL,23),(1027,1022,76,1,'SUCCESS_WITH_NOCONTENT',0,6296,0,'2024-01-07 05:50:03','2024-01-07 05:50:03','',NULL,149,NULL,NULL,23),(1028,1023,76,1,'SUCCESS_WITH_NOCONTENT',0,6603,0,'2024-01-07 05:53:52','2024-01-07 05:53:52','',NULL,149,NULL,NULL,23),(1029,1024,76,1,'SUCCESS_WITH_NOCONTENT',0,7757,0,'2024-01-07 05:59:04','2024-01-07 05:59:04','',NULL,149,NULL,NULL,23),(1030,1025,76,1,'SUCCESS_WITH_NOCONTENT',0,11569,0,'2024-01-07 06:06:51','2024-01-07 06:06:51','',NULL,149,NULL,NULL,23),(1031,1026,76,1,'SUCCESS_WITH_NOCONTENT',0,5270,0,'2024-01-07 06:10:35','2024-01-07 06:10:35','',NULL,149,NULL,NULL,23),(1032,1027,76,1,'SUCCESS_WITH_NOCONTENT',0,9282,0,'2024-01-07 06:17:15','2024-01-07 06:17:15','',NULL,149,NULL,NULL,23),(1033,1028,76,1,'SUCCESS_WITH_NOCONTENT',0,8611,0,'2024-01-07 06:23:12','2024-01-07 06:23:12','',NULL,149,NULL,NULL,23),(1034,1029,76,1,'SUCCESS_WITH_NOCONTENT',0,6609,0,'2024-01-07 06:28:31','2024-01-07 06:28:31','',NULL,149,NULL,NULL,23),(1035,1030,76,1,'SUCCESS_WITH_NOCONTENT',0,10337,0,'2024-01-07 06:35:50','2024-01-07 06:35:50','',NULL,149,NULL,NULL,23),(1036,1031,76,1,'SUCCESS_WITH_NOCONTENT',0,6332,0,'2024-01-07 06:40:55','2024-01-07 06:40:55','',NULL,149,NULL,NULL,23),(1037,1032,76,1,'STARTED',0,0,0,'2024-01-07 15:43:47','2024-01-07 15:43:47',NULL,NULL,149,NULL,NULL,23),(1038,1033,76,1,'STARTED',0,0,0,'2024-01-07 16:00:00','2024-01-07 16:00:00',NULL,NULL,149,NULL,NULL,23),(1039,1034,76,1,'STARTED',0,0,0,'2024-01-07 16:16:12','2024-01-07 16:16:12',NULL,NULL,149,NULL,NULL,23),(1040,1035,85,1,'SUCCESS_WITH_NOCONTENT',0,32101,0,'2024-01-07 19:04:29','2024-01-07 19:04:29','',NULL,149,NULL,NULL,23),(1041,1036,85,1,'SUCCESS_WITH_NOCONTENT',0,39080,0,'2024-01-07 19:29:49','2024-01-07 19:29:49','',NULL,149,NULL,NULL,23),(1042,1037,85,1,'FAILURE',0,0,1,'2024-01-08 03:07:29','2024-01-08 03:07:29','Error While uploading data',NULL,149,NULL,NULL,23),(1043,1038,85,1,'FAILURE',0,0,1,'2024-01-08 03:17:42','2024-01-08 03:17:42','Error While uploading data',NULL,149,NULL,NULL,23),(1044,1039,85,1,'FAILURE',0,0,1,'2024-01-08 03:21:31','2024-01-08 03:21:31','Error While uploading data',NULL,149,NULL,NULL,23),(1045,1040,85,1,'FAILURE',0,0,1,'2024-01-08 03:27:14','2024-01-08 03:27:14','Error While uploading data',NULL,149,NULL,NULL,23),(1046,1041,85,1,'FAILURE',0,0,1,'2024-01-08 03:32:15','2024-01-08 03:32:15','Error While uploading data',NULL,149,NULL,NULL,23),(1047,1042,85,1,'FAILURE',0,0,1,'2024-01-08 03:35:16','2024-01-08 03:35:16','Error While uploading data',NULL,149,NULL,NULL,23),(1048,1043,85,1,'FAILURE',0,0,1,'2024-01-08 03:37:35','2024-01-08 03:37:35','Error While uploading data',NULL,149,NULL,NULL,23),(1049,1044,85,1,'FAILURE',0,0,1,'2024-01-08 03:40:10','2024-01-08 03:40:10','Error While uploading data',NULL,149,NULL,NULL,23),(1050,1045,85,1,'FAILURE',0,0,1,'2024-01-08 05:35:13','2024-01-08 05:35:13','Error While uploading data',NULL,149,NULL,NULL,23),(1051,1046,85,1,'FAILURE',0,0,1,'2024-01-08 05:35:39','2024-01-08 05:35:39','Error While uploading data',NULL,149,NULL,NULL,23),(1052,1047,85,1,'FAILURE',0,0,1,'2024-01-08 05:41:12','2024-01-08 05:41:12','Error While uploading data',NULL,149,NULL,NULL,23),(1053,1048,85,1,'FAILURE',0,0,1,'2024-01-08 05:46:23','2024-01-08 05:46:23','Error While uploading data',NULL,149,NULL,NULL,23),(1054,1049,85,1,'FAILURE',0,0,1,'2024-01-08 05:55:59','2024-01-08 05:55:59','Error While uploading data',NULL,149,NULL,NULL,23),(1055,1050,85,1,'FAILURE',0,0,1,'2024-01-08 06:04:36','2024-01-08 06:04:36','Error While uploading data',NULL,149,NULL,NULL,23),(1056,1051,85,1,'FAILURE',0,0,1,'2024-01-08 17:35:24','2024-01-08 17:35:24','Error While uploading data',NULL,149,NULL,NULL,23),(1057,1052,85,1,'FAILURE',0,0,1,'2024-01-08 17:38:57','2024-01-08 17:38:57','Error While uploading data',NULL,149,NULL,NULL,23),(1058,1053,85,1,'FAILURE',0,0,1,'2024-01-08 17:41:01','2024-01-08 17:41:01','Error While uploading data',NULL,149,NULL,NULL,23),(1059,1054,85,1,'FAILURE',0,0,1,'2024-01-08 17:49:08','2024-01-08 17:49:08','Error While uploading data',NULL,149,NULL,NULL,23),(1060,1055,85,1,'SUCCESS_WITH_NOCONTENT',0,38,0,'2024-01-08 18:07:38','2024-01-08 18:07:38','',NULL,149,NULL,NULL,23),(1061,1056,85,1,'SUCCESS_WITH_NOCONTENT',0,40,0,'2024-01-08 18:27:49','2024-01-08 18:27:49','',NULL,149,NULL,NULL,23),(1062,1057,85,1,'SUCCESS_WITH_NOCONTENT',0,39,0,'2024-01-08 18:30:59','2024-01-08 18:30:59','',NULL,149,NULL,NULL,23),(1063,1058,85,1,'SUCCESS_WITH_NOCONTENT',0,7104,0,'2024-01-08 19:17:32','2024-01-08 19:17:32','',NULL,149,NULL,NULL,23),(1064,1059,85,1,'SUCCESS_WITH_NOCONTENT',0,10577,0,'2024-01-08 19:46:41','2024-01-08 19:46:41','',NULL,149,NULL,NULL,23),(1065,1060,85,1,'SUCCESS_WITH_NOCONTENT',0,13334,0,'2024-01-08 19:51:18','2024-01-08 19:51:18','',NULL,149,NULL,NULL,23),(1066,1061,85,1,'SUCCESS_WITH_NOCONTENT',0,960,0,'2024-01-08 21:59:45','2024-01-08 21:59:45','',NULL,149,NULL,NULL,23),(1067,1062,85,1,'SUCCESS_WITH_NOCONTENT',0,35417,0,'2024-01-09 03:42:00','2024-01-09 03:42:00','',NULL,149,NULL,NULL,23),(1068,1063,85,1,'SUCCESS_WITH_NOCONTENT',0,39783,0,'2024-01-09 03:57:02','2024-01-09 03:57:02','',NULL,149,NULL,NULL,23),(1069,1064,85,1,'SUCCESS_WITH_NOCONTENT',0,7245887,0,'2024-01-09 04:58:28','2024-01-09 04:58:28','',NULL,149,NULL,NULL,23),(1070,1065,85,1,'SUCCESS_WITH_NOCONTENT',0,1839825,0,'2024-01-09 06:09:53','2024-01-09 06:09:53','',NULL,149,NULL,NULL,23),(1071,1066,85,1,'SUCCESS_WITH_NOCONTENT',0,36,0,'2024-01-09 06:17:07','2024-01-09 06:17:07','',NULL,149,NULL,NULL,23),(1072,1067,85,1,'SUCCESS_WITH_NOCONTENT',0,8505,0,'2024-01-09 06:24:09','2024-01-09 06:24:09','',NULL,149,NULL,NULL,23),(1073,1068,85,1,'SUCCESS_WITH_NOCONTENT',0,12285,0,'2024-01-09 06:31:17','2024-01-09 06:31:17','',NULL,149,NULL,NULL,23),(1074,1069,76,1,'STARTED',0,0,0,'2024-01-10 01:12:34','2024-01-10 01:12:34',NULL,NULL,149,NULL,NULL,23),(1075,1070,85,1,'STARTED',0,0,0,'2024-01-10 01:18:02','2024-01-10 01:18:02',NULL,NULL,149,NULL,NULL,23),(1076,1071,85,1,'STARTED',0,0,0,'2024-01-10 01:18:51','2024-01-10 01:18:51',NULL,NULL,149,NULL,NULL,23),(1077,1072,85,1,'STARTED',0,0,0,'2024-01-10 01:19:43','2024-01-10 01:19:43',NULL,NULL,149,NULL,NULL,23),(1078,1073,76,1,'STARTED',0,0,0,'2024-01-10 01:30:08','2024-01-10 01:30:08',NULL,NULL,149,NULL,NULL,23),(1079,1074,76,1,'STARTED',0,0,0,'2024-01-10 01:35:19','2024-01-10 01:35:19',NULL,NULL,149,NULL,NULL,23),(1080,1075,76,1,'STARTED',0,0,0,'2024-01-10 01:42:18','2024-01-10 01:42:18',NULL,NULL,149,NULL,NULL,23),(1081,1076,76,1,'STARTED',0,0,0,'2024-01-10 01:49:02','2024-01-10 01:49:02',NULL,NULL,149,NULL,NULL,23),(1082,1077,85,1,'SUCCESS_WITH_NOCONTENT',0,36330,1,'2024-01-12 12:21:53','2024-01-12 12:21:53','',NULL,149,NULL,NULL,23),(1083,1078,85,1,'STARTED',0,0,1,'2024-01-12 12:21:53','2024-01-12 12:21:53','',NULL,149,NULL,NULL,23),(1084,1079,85,1,'STARTED',0,0,0,'2024-01-12 12:21:53','2024-01-12 12:21:53','',NULL,149,NULL,NULL,23),(1085,1080,85,1,'STARTED',0,0,0,'2024-01-12 12:21:53','2024-01-12 12:21:53','',NULL,149,NULL,NULL,23),(1086,1081,85,1,'STARTED',0,0,0,'2024-01-12 12:21:53','2024-01-12 12:21:53','',NULL,149,NULL,NULL,23),(1087,1082,85,1,'STARTED',0,0,0,'2024-01-12 12:21:53','2024-01-12 12:21:53','',NULL,149,NULL,NULL,23),(1088,1083,85,1,'STARTED',0,0,0,'2024-01-12 12:21:53','2024-01-12 12:21:53','',NULL,149,NULL,NULL,23),(1089,1084,85,1,'STARTED',0,0,0,'2024-01-12 12:21:53','2024-01-12 12:21:53','',NULL,149,NULL,NULL,23),(1090,1085,85,1,'STARTED',0,0,0,'2024-01-12 12:21:53','2024-01-12 12:21:53','',NULL,149,NULL,NULL,23),(1091,1086,85,1,'STARTED',0,0,0,'2024-01-12 12:21:53','2024-01-12 12:21:53','',NULL,149,NULL,NULL,23),(1092,1087,85,1,'STARTED',0,0,0,'2024-01-12 12:21:53','2024-01-12 12:21:53','',NULL,149,NULL,NULL,23),(1093,1088,85,1,'STARTED',0,0,0,'2024-01-12 12:21:53','2024-01-12 12:21:53','',NULL,149,NULL,NULL,23),(1094,1089,85,1,'STARTED',0,0,0,'2024-01-12 12:21:53','2024-01-12 12:21:53','',NULL,149,NULL,NULL,23),(1095,1090,85,1,'STARTED',0,0,0,'2024-01-12 12:21:53','2024-01-12 12:21:53','',NULL,149,NULL,NULL,23),(1096,1091,85,1,'STARTED',0,0,0,'2024-01-12 12:21:53','2024-01-12 12:21:53','',NULL,149,NULL,NULL,23),(1097,1092,85,1,'STARTED',0,0,0,'2024-01-12 12:21:53','2024-01-12 12:21:53','',NULL,149,NULL,NULL,23),(1098,1093,85,1,'STARTED',0,0,0,'2024-01-12 12:21:53','2024-01-12 12:21:53','',NULL,149,NULL,NULL,23),(1099,1094,85,1,'STARTED',0,0,0,'2024-01-12 12:21:53','2024-01-12 12:21:53','',NULL,149,NULL,NULL,23),(1100,1095,85,1,'STARTED',0,0,0,'2024-01-12 12:21:53','2024-01-12 12:21:53','',NULL,149,NULL,NULL,23),(1101,1096,85,1,'STARTED',0,0,0,'2024-01-12 12:21:53','2024-01-12 12:21:53','',NULL,149,NULL,NULL,23),(1102,1097,85,1,'STARTED',0,0,0,'2024-01-12 12:21:53','2024-01-12 12:21:53','',NULL,149,NULL,NULL,23),(1103,1098,85,1,'STARTED',0,0,0,'2024-01-12 12:21:53','2024-01-12 12:21:53','',NULL,149,NULL,NULL,23),(1104,1099,85,1,'STARTED',0,0,0,'2024-01-12 12:21:53','2024-01-12 12:21:53','',NULL,149,NULL,NULL,23),(1105,1100,85,1,'STARTED',0,0,0,'2024-01-12 12:21:53','2024-01-12 12:21:53','',NULL,149,NULL,NULL,23),(1106,1101,85,1,'STARTED',0,0,0,'2024-01-12 12:21:53','2024-01-12 12:21:53','',NULL,149,NULL,NULL,23),(1107,1102,85,1,'STARTED',0,0,0,'2024-01-12 12:21:53','2024-01-12 12:21:53','',NULL,149,NULL,NULL,23),(1108,1103,85,1,'STARTED',0,0,0,'2024-01-12 12:21:53','2024-01-12 12:21:53','',NULL,149,NULL,NULL,23),(1109,1104,85,1,'STARTED',0,0,0,'2024-01-12 12:21:53','2024-01-12 12:21:53','',NULL,149,NULL,NULL,23),(1110,1105,85,1,'STARTED',0,0,0,'2024-01-12 12:21:53','2024-01-12 12:21:53','',NULL,149,NULL,NULL,23),(1111,1106,85,1,'STARTED',0,0,0,'2024-01-12 12:21:53','2024-01-12 12:21:53','',NULL,149,NULL,NULL,23),(1112,1107,85,1,'STARTED',0,0,0,'2024-01-12 12:21:53','2024-01-12 12:21:53','',NULL,149,NULL,NULL,23),(1113,1108,85,1,'STARTED',0,0,0,'2024-01-10 16:32:27','2024-01-10 16:32:27',NULL,NULL,149,NULL,NULL,23),(1114,1109,85,1,'STARTED',0,0,0,'2024-01-10 16:44:57','2024-01-10 16:44:57',NULL,NULL,149,NULL,NULL,23),(1115,1110,85,1,'STARTED',0,0,0,'2024-01-10 16:49:24','2024-01-10 16:49:24',NULL,NULL,149,NULL,NULL,23),(1116,1111,85,1,'STARTED',0,0,0,'2024-01-10 17:11:40','2024-01-10 17:11:40',NULL,NULL,149,NULL,NULL,23),(1117,1112,85,1,'STARTED',0,0,0,'2024-01-10 17:33:16','2024-01-10 17:33:16',NULL,NULL,149,NULL,NULL,23),(1118,1113,85,1,'STARTED',0,0,0,'2024-01-10 17:55:23','2024-01-10 17:55:23',NULL,NULL,149,NULL,NULL,23),(1119,1114,85,1,'STARTED',0,0,0,'2024-01-10 18:16:07','2024-01-10 18:16:07',NULL,NULL,149,NULL,NULL,23),(1120,1115,76,1,'SUCCESS_WITH_NOCONTENT',0,4511189,0,'2024-01-11 09:38:54','2024-01-11 09:38:54','',NULL,149,NULL,NULL,23),(1121,1116,85,1,'STARTED',0,0,0,'2024-01-10 18:33:16','2024-01-10 18:33:16',NULL,NULL,149,NULL,NULL,23),(1122,1117,85,1,'STARTED',0,0,0,'2024-01-10 18:33:21','2024-01-10 18:33:21',NULL,NULL,149,NULL,NULL,23),(1123,1118,85,1,'STARTED',0,0,0,'2024-01-10 18:33:26','2024-01-10 18:33:26',NULL,NULL,149,NULL,NULL,23),(1124,1119,85,1,'STARTED',0,0,0,'2024-01-10 18:33:44','2024-01-10 18:33:44',NULL,NULL,149,NULL,NULL,23),(1125,1120,85,1,'STARTED',0,0,0,'2024-01-10 18:37:42','2024-01-10 18:37:42',NULL,NULL,149,NULL,NULL,23),(1126,1121,85,1,'STARTED',0,0,0,'2024-01-10 18:37:55','2024-01-10 18:37:55',NULL,NULL,149,NULL,NULL,23),(1127,1122,85,1,'STARTED',0,0,0,'2024-01-10 18:38:13','2024-01-10 18:38:13',NULL,NULL,149,NULL,NULL,23),(1128,1123,85,1,'STARTED',0,0,0,'2024-01-10 18:47:21','2024-01-10 18:47:21',NULL,NULL,149,NULL,NULL,23),(1129,1124,85,1,'STARTED',0,0,0,'2024-01-10 18:57:16','2024-01-10 18:57:16',NULL,NULL,149,NULL,NULL,23),(1130,1125,85,1,'STARTED',0,0,0,'2024-01-10 19:00:33','2024-01-10 19:00:33',NULL,NULL,149,NULL,NULL,23),(1131,1126,85,1,'STARTED',0,0,0,'2024-01-10 19:25:50','2024-01-10 19:25:50',NULL,NULL,149,NULL,NULL,23),(1132,1127,85,1,'STARTED',0,0,0,'2024-01-10 19:37:01','2024-01-10 19:37:01',NULL,NULL,149,NULL,NULL,23),(1133,1128,85,1,'STARTED',0,0,0,'2024-01-10 19:57:07','2024-01-10 19:57:07',NULL,NULL,149,NULL,NULL,23),(1134,1129,85,1,'STARTED',0,0,0,'2024-01-10 20:09:49','2024-01-10 20:09:49',NULL,NULL,149,NULL,NULL,23),(1135,1130,85,1,'STARTED',0,0,0,'2024-01-10 20:12:34','2024-01-10 20:12:34',NULL,NULL,149,NULL,NULL,23),(1136,1131,85,1,'STARTED',0,0,0,'2024-01-10 20:15:53','2024-01-10 20:15:53',NULL,NULL,149,NULL,NULL,23),(1137,1132,85,1,'STARTED',0,0,0,'2024-01-10 20:15:54','2024-01-10 20:15:54',NULL,NULL,149,NULL,NULL,23),(1138,1133,85,1,'STARTED',0,0,0,'2024-01-10 20:15:57','2024-01-10 20:15:57',NULL,NULL,149,NULL,NULL,23),(1139,1134,85,1,'STARTED',0,0,0,'2024-01-10 20:17:28','2024-01-10 20:17:28',NULL,NULL,149,NULL,NULL,23),(1140,1135,85,1,'STARTED',0,0,0,'2024-01-10 20:17:33','2024-01-10 20:17:33',NULL,NULL,149,NULL,NULL,23),(1141,1136,85,1,'STARTED',0,0,0,'2024-01-10 20:17:38','2024-01-10 20:17:38',NULL,NULL,149,NULL,NULL,23),(1142,1137,85,1,'STARTED',0,0,0,'2024-01-10 20:24:33','2024-01-10 20:24:33',NULL,NULL,149,NULL,NULL,23),(1143,1138,85,1,'STARTED',0,0,0,'2024-01-10 20:25:24','2024-01-10 20:25:24',NULL,NULL,149,NULL,NULL,23),(1144,1139,85,1,'STARTED',0,0,0,'2024-01-10 21:36:16','2024-01-10 21:36:16',NULL,NULL,149,NULL,NULL,23),(1145,1140,85,1,'STARTED',0,0,0,'2024-01-10 21:36:20','2024-01-10 21:36:20',NULL,NULL,149,NULL,NULL,23),(1146,1141,85,1,'STARTED',0,0,0,'2024-01-10 21:36:25','2024-01-10 21:36:25',NULL,NULL,149,NULL,NULL,23),(1147,1142,85,1,'STARTED',0,0,0,'2024-01-10 21:36:35','2024-01-10 21:36:35',NULL,NULL,149,NULL,NULL,23),(1148,1143,85,1,'STARTED',0,0,0,'2024-01-10 21:39:13','2024-01-10 21:39:13',NULL,NULL,149,NULL,NULL,23),(1149,1144,85,1,'STARTED',0,0,0,'2024-01-10 21:39:19','2024-01-10 21:39:19',NULL,NULL,149,NULL,NULL,23),(1150,1145,85,1,'STARTED',0,0,0,'2024-01-10 21:39:25','2024-01-10 21:39:25',NULL,NULL,149,NULL,NULL,23),(1151,1146,85,1,'STARTED',0,0,0,'2024-01-10 21:45:26','2024-01-10 21:45:26',NULL,NULL,149,NULL,NULL,23),(1152,1147,85,1,'STARTED',0,0,0,'2024-01-10 21:52:16','2024-01-10 21:52:16',NULL,NULL,149,NULL,NULL,23),(1153,1148,85,1,'STARTED',0,0,0,'2024-01-10 21:54:40','2024-01-10 21:54:40',NULL,NULL,149,NULL,NULL,23),(1154,1149,85,1,'STARTED',0,0,0,'2024-01-10 22:34:29','2024-01-10 22:34:29',NULL,NULL,149,NULL,NULL,23),(1155,1150,85,1,'STARTED',0,0,0,'2024-01-10 23:22:46','2024-01-10 23:22:46',NULL,NULL,149,NULL,NULL,23),(1156,1151,85,1,'STARTED',0,0,0,'2024-01-11 00:21:03','2024-01-11 00:21:03',NULL,NULL,149,NULL,NULL,23),(1157,1152,76,1,'SUCCESS_WITH_NOCONTENT',0,998263,0,'2024-01-11 14:35:29','2024-01-11 14:35:29','',NULL,149,NULL,NULL,23),(1158,1153,85,1,'STARTED',0,0,0,'2024-01-11 00:34:23','2024-01-11 00:34:23',NULL,NULL,149,NULL,NULL,23),(1159,1154,85,1,'STARTED',0,0,0,'2024-01-11 00:37:26','2024-01-11 00:37:26',NULL,NULL,149,NULL,NULL,23),(1160,1155,85,1,'STARTED',0,0,0,'2024-01-11 00:41:02','2024-01-11 00:41:02',NULL,NULL,149,NULL,NULL,23),(1161,1156,85,1,'STARTED',0,0,0,'2024-01-11 00:41:03','2024-01-11 00:41:03',NULL,NULL,149,NULL,NULL,23),(1162,1157,85,1,'STARTED',0,0,0,'2024-01-11 00:41:04','2024-01-11 00:41:04',NULL,NULL,149,NULL,NULL,23),(1163,1158,85,1,'STARTED',0,0,0,'2024-01-11 00:41:08','2024-01-11 00:41:08',NULL,NULL,149,NULL,NULL,23),(1164,1159,85,1,'STARTED',0,0,0,'2024-01-11 00:42:38','2024-01-11 00:42:38',NULL,NULL,149,NULL,NULL,23),(1165,1160,85,1,'STARTED',0,0,0,'2024-01-11 00:42:42','2024-01-11 00:42:42',NULL,NULL,149,NULL,NULL,23),(1166,1161,85,1,'STARTED',0,0,0,'2024-01-11 00:42:47','2024-01-11 00:42:47',NULL,NULL,149,NULL,NULL,23),(1167,1162,85,1,'STARTED',0,0,0,'2024-01-11 00:51:22','2024-01-11 00:51:22',NULL,NULL,149,NULL,NULL,23),(1168,1163,85,1,'STARTED',0,0,0,'2024-01-11 00:52:29','2024-01-11 00:52:29',NULL,NULL,149,NULL,NULL,23),(1169,1164,85,1,'STARTED',0,0,0,'2024-01-11 01:26:58','2024-01-11 01:26:58',NULL,NULL,149,NULL,NULL,23),(1170,1165,85,1,'STARTED',0,0,0,'2024-01-11 01:56:29','2024-01-11 01:56:29',NULL,NULL,149,NULL,NULL,23),(1171,1166,85,1,'STARTED',0,0,0,'2024-01-11 01:56:30','2024-01-11 01:56:30',NULL,NULL,149,NULL,NULL,23),(1172,1167,85,1,'STARTED',0,0,0,'2024-01-11 01:56:32','2024-01-11 01:56:32',NULL,NULL,149,NULL,NULL,23),(1173,1168,85,1,'STARTED',0,0,0,'2024-01-11 01:56:36','2024-01-11 01:56:36',NULL,NULL,149,NULL,NULL,23),(1174,1169,85,1,'STARTED',0,0,0,'2024-01-11 01:58:20','2024-01-11 01:58:20',NULL,NULL,149,NULL,NULL,23),(1175,1170,85,1,'STARTED',0,0,0,'2024-01-11 01:58:24','2024-01-11 01:58:24',NULL,NULL,149,NULL,NULL,23),(1176,1171,85,1,'STARTED',0,0,0,'2024-01-11 01:58:29','2024-01-11 01:58:29',NULL,NULL,149,NULL,NULL,23),(1177,1172,85,1,'STARTED',0,0,0,'2024-01-11 02:00:11','2024-01-11 02:00:11',NULL,NULL,149,NULL,NULL,23),(1178,1173,85,1,'STARTED',0,0,0,'2024-01-11 02:02:16','2024-01-11 02:02:16',NULL,NULL,149,NULL,NULL,23),(1179,1174,85,1,'STARTED',0,0,0,'2024-01-11 02:03:26','2024-01-11 02:03:26',NULL,NULL,149,NULL,NULL,23),(1180,1175,85,1,'STARTED',0,0,0,'2024-01-11 02:48:57','2024-01-11 02:48:57',NULL,NULL,149,NULL,NULL,23),(1181,1176,85,1,'STARTED',0,0,0,'2024-01-11 03:46:36','2024-01-11 03:46:36',NULL,NULL,149,NULL,NULL,23),(1182,1177,85,1,'STARTED',0,0,0,'2024-01-11 04:50:42','2024-01-11 04:50:42',NULL,NULL,149,NULL,NULL,23),(1183,1178,85,1,'STARTED',0,0,0,'2024-01-11 05:07:21','2024-01-11 05:07:21',NULL,NULL,149,NULL,NULL,23),(1184,1179,85,1,'STARTED',0,0,0,'2024-01-11 05:24:27','2024-01-11 05:24:27',NULL,NULL,149,NULL,NULL,23),(1185,1180,85,1,'STARTED',0,0,0,'2024-01-11 05:24:37','2024-01-11 05:24:37',NULL,NULL,149,NULL,NULL,23),(1186,1181,85,1,'STARTED',0,0,0,'2024-01-11 05:24:49','2024-01-11 05:24:49',NULL,NULL,149,NULL,NULL,23),(1187,1182,85,1,'STARTED',0,0,0,'2024-01-11 05:25:13','2024-01-11 05:25:13',NULL,NULL,149,NULL,NULL,23),(1188,1183,76,1,'SUCCESS_WITH_NOCONTENT',0,39,0,'2024-01-11 19:25:49','2024-01-11 19:25:49','',0,149,0,NULL,23),(1189,1184,85,1,'STARTED',0,0,0,'2024-01-11 05:29:33','2024-01-11 05:29:33',NULL,NULL,149,NULL,NULL,23),(1190,1185,85,1,'STARTED',0,0,0,'2024-01-11 05:29:37','2024-01-11 05:29:37',NULL,NULL,149,NULL,NULL,23),(1191,1186,85,1,'STARTED',0,0,0,'2024-01-11 05:29:42','2024-01-11 05:29:42',NULL,NULL,149,NULL,NULL,23),(1192,1187,85,1,'STARTED',0,0,0,'2024-01-11 05:33:57','2024-01-11 05:33:57',NULL,NULL,149,NULL,NULL,23),(1193,1188,85,1,'STARTED',0,0,0,'2024-01-11 05:38:02','2024-01-11 05:38:02',NULL,NULL,149,NULL,NULL,23),(1194,1189,85,1,'STARTED',0,0,0,'2024-01-11 05:38:59','2024-01-11 05:38:59',NULL,NULL,149,NULL,NULL,23),(1195,1190,85,1,'STARTED',0,0,0,'2024-01-11 05:50:03','2024-01-11 05:50:03',NULL,NULL,149,NULL,NULL,23),(1196,1191,85,1,'STARTED',0,0,0,'2024-01-11 06:00:40','2024-01-11 06:00:40',NULL,NULL,149,NULL,NULL,23),(1197,1192,85,1,'STARTED',0,0,0,'2024-01-11 06:12:07','2024-01-11 06:12:07',NULL,NULL,149,NULL,NULL,23),(1198,1193,85,1,'STARTED',0,0,0,'2024-01-11 06:22:33','2024-01-11 06:22:33',NULL,NULL,149,NULL,NULL,23),(1199,1194,85,1,'STARTED',0,0,0,'2024-01-11 06:25:01','2024-01-11 06:25:01',NULL,NULL,149,NULL,NULL,23),(1200,1195,85,1,'STARTED',0,0,0,'2024-01-11 06:27:51','2024-01-11 06:27:51',NULL,NULL,149,NULL,NULL,23),(1201,1196,85,1,'STARTED',0,0,0,'2024-01-11 06:27:52','2024-01-11 06:27:52',NULL,NULL,149,NULL,NULL,23),(1202,1197,85,1,'STARTED',0,0,0,'2024-01-11 06:27:53','2024-01-11 06:27:53',NULL,NULL,149,NULL,NULL,23),(1203,1198,85,1,'STARTED',0,0,0,'2024-01-11 06:27:57','2024-01-11 06:27:57',NULL,NULL,149,NULL,NULL,23),(1204,1199,85,1,'STARTED',0,0,0,'2024-01-11 06:30:05','2024-01-11 06:30:05',NULL,NULL,149,NULL,NULL,23),(1205,1200,85,1,'STARTED',0,0,0,'2024-01-11 06:30:10','2024-01-11 06:30:10',NULL,NULL,149,NULL,NULL,23),(1206,1201,85,1,'STARTED',0,0,0,'2024-01-11 06:30:16','2024-01-11 06:30:16',NULL,NULL,149,NULL,NULL,23),(1207,1202,85,1,'STARTED',0,0,0,'2024-01-11 06:30:17','2024-01-11 06:30:17',NULL,NULL,149,NULL,NULL,23),(1208,1203,85,1,'STARTED',0,0,0,'2024-01-11 06:30:21','2024-01-11 06:30:21',NULL,NULL,149,NULL,NULL,23),(1209,1204,85,1,'STARTED',0,0,0,'2024-01-11 06:32:10','2024-01-11 06:32:10',NULL,NULL,149,NULL,NULL,23),(1210,1205,85,1,'STARTED',0,0,0,'2024-01-11 06:32:16','2024-01-11 06:32:16',NULL,NULL,149,NULL,NULL,23),(1211,1206,85,1,'STARTED',0,0,0,'2024-01-11 06:32:23','2024-01-11 06:32:23',NULL,NULL,149,NULL,NULL,23),(1212,1207,85,1,'STARTED',0,0,0,'2024-01-11 06:36:11','2024-01-11 06:36:11',NULL,NULL,149,NULL,NULL,23),(1213,1208,85,1,'STARTED',0,0,0,'2024-01-11 06:39:58','2024-01-11 06:39:58',NULL,NULL,149,NULL,NULL,23),(1214,1209,85,1,'STARTED',0,0,0,'2024-01-11 06:40:59','2024-01-11 06:40:59',NULL,NULL,149,NULL,NULL,23),(1215,1210,85,1,'STARTED',0,0,0,'2024-01-11 06:52:30','2024-01-11 06:52:30',NULL,NULL,149,NULL,NULL,23),(1216,1211,85,1,'STARTED',0,0,0,'2024-01-11 07:03:48','2024-01-11 07:03:48',NULL,NULL,149,NULL,NULL,23),(1217,1212,85,1,'STARTED',0,0,0,'2024-01-11 07:14:56','2024-01-11 07:14:56',NULL,NULL,149,NULL,NULL,23),(1218,1213,85,1,'STARTED',0,0,0,'2024-01-11 07:28:43','2024-01-11 07:28:43',NULL,NULL,149,NULL,NULL,23),(1219,1214,85,1,'STARTED',0,0,0,'2024-01-11 07:33:24','2024-01-11 07:33:24',NULL,NULL,149,NULL,NULL,23),(1220,1215,85,1,'STARTED',0,0,0,'2024-01-11 07:33:29','2024-01-11 07:33:29',NULL,NULL,149,NULL,NULL,23),(1221,1216,85,1,'STARTED',0,0,0,'2024-01-11 07:42:07','2024-01-11 07:42:07',NULL,NULL,149,NULL,NULL,23),(1222,1217,85,1,'STARTED',0,0,0,'2024-01-11 08:49:33','2024-01-11 08:49:33',NULL,NULL,149,NULL,NULL,23),(1223,1218,85,1,'STARTED',0,0,0,'2024-01-11 08:55:01','2024-01-11 08:55:01',NULL,NULL,149,NULL,NULL,23),(1224,1219,85,1,'STARTED',0,0,0,'2024-01-11 08:55:02','2024-01-11 08:55:02',NULL,NULL,149,NULL,NULL,23),(1225,1220,85,1,'STARTED',0,0,0,'2024-01-11 08:55:06','2024-01-11 08:55:06',NULL,NULL,149,NULL,NULL,23),(1226,1221,85,1,'STARTED',0,0,0,'2024-01-11 08:56:28','2024-01-11 08:56:28',NULL,NULL,149,NULL,NULL,23),(1227,1222,85,1,'STARTED',0,0,0,'2024-01-11 08:56:32','2024-01-11 08:56:32',NULL,NULL,149,NULL,NULL,23),(1228,1223,85,1,'STARTED',0,0,0,'2024-01-11 09:54:37','2024-01-11 09:54:37',NULL,NULL,149,NULL,NULL,23),(1229,1224,85,1,'STARTED',0,0,0,'2024-01-11 09:57:46','2024-01-11 09:57:46',NULL,NULL,149,NULL,NULL,23),(1230,1225,85,1,'STARTED',0,0,0,'2024-01-11 09:57:47','2024-01-11 09:57:47',NULL,NULL,149,NULL,NULL,23),(1231,1226,85,1,'STARTED',0,0,0,'2024-01-11 09:57:51','2024-01-11 09:57:51',NULL,NULL,149,NULL,NULL,23),(1232,1227,85,1,'STARTED',0,0,0,'2024-01-11 09:59:41','2024-01-11 09:59:41',NULL,NULL,149,NULL,NULL,23),(1233,1228,85,1,'STARTED',0,0,0,'2024-01-11 09:59:48','2024-01-11 09:59:48',NULL,NULL,149,NULL,NULL,23),(1234,1229,85,1,'STARTED',0,0,0,'2024-01-11 10:06:03','2024-01-11 10:06:03',NULL,NULL,149,NULL,NULL,23),(1235,1230,85,1,'STARTED',0,0,0,'2024-01-11 11:02:25','2024-01-11 11:02:25',NULL,NULL,149,NULL,NULL,23),(1236,1231,85,1,'STARTED',0,0,0,'2024-01-11 11:02:25','2024-01-11 11:02:25',NULL,NULL,149,NULL,NULL,23),(1237,1232,85,1,'STARTED',0,0,0,'2024-01-11 11:03:31','2024-01-11 11:03:31',NULL,NULL,149,NULL,NULL,23),(1238,1233,85,1,'STARTED',0,0,0,'2024-01-11 11:03:34','2024-01-11 11:03:34',NULL,NULL,149,NULL,NULL,23),(1239,1234,85,1,'STARTED',0,0,0,'2024-01-11 11:04:43','2024-01-11 11:04:43',NULL,NULL,149,NULL,NULL,23),(1240,1235,85,1,'STARTED',0,0,0,'2024-01-11 11:06:54','2024-01-11 11:06:54',NULL,NULL,149,NULL,NULL,23),(1241,1236,85,1,'STARTED',0,0,0,'2024-01-11 11:59:26','2024-01-11 11:59:26',NULL,NULL,149,NULL,NULL,23),(1242,1237,85,1,'STARTED',0,0,0,'2024-01-11 11:59:27','2024-01-11 11:59:27',NULL,NULL,149,NULL,NULL,23),(1243,1238,85,1,'STARTED',0,0,0,'2024-01-11 11:59:28','2024-01-11 11:59:28',NULL,NULL,149,NULL,NULL,23),(1244,1239,85,1,'STARTED',0,0,0,'2024-01-11 11:59:32','2024-01-11 11:59:32',NULL,NULL,149,NULL,NULL,23),(1245,1240,85,1,'STARTED',0,0,0,'2024-01-11 12:01:13','2024-01-11 12:01:13',NULL,NULL,149,NULL,NULL,23),(1246,1241,85,1,'STARTED',0,0,0,'2024-01-11 12:01:15','2024-01-11 12:01:15',NULL,NULL,149,NULL,NULL,23),(1247,1242,85,1,'STARTED',0,0,0,'2024-01-11 12:01:16','2024-01-11 12:01:16',NULL,NULL,149,NULL,NULL,23),(1248,1243,85,1,'STARTED',0,0,0,'2024-01-11 12:03:56','2024-01-11 12:03:56',NULL,NULL,149,NULL,NULL,23),(1249,1244,85,1,'STARTED',0,0,0,'2024-01-11 12:07:01','2024-01-11 12:07:01',NULL,NULL,149,NULL,NULL,23),(1250,1245,85,1,'STARTED',0,0,0,'2024-01-11 13:01:19','2024-01-11 13:01:19',NULL,NULL,149,NULL,NULL,23),(1251,1246,85,1,'STARTED',0,0,0,'2024-01-11 13:01:20','2024-01-11 13:01:20',NULL,NULL,149,NULL,NULL,23),(1252,1247,85,1,'STARTED',0,0,0,'2024-01-11 13:01:21','2024-01-11 13:01:21',NULL,NULL,149,NULL,NULL,23),(1253,1248,85,1,'STARTED',0,0,0,'2024-01-11 13:01:25','2024-01-11 13:01:25',NULL,NULL,149,NULL,NULL,23),(1254,1249,85,1,'STARTED',0,0,0,'2024-01-11 13:02:31','2024-01-11 13:02:31',NULL,NULL,149,NULL,NULL,23),(1255,1250,85,1,'STARTED',0,0,0,'2024-01-11 13:51:03','2024-01-11 13:51:03',NULL,NULL,149,NULL,NULL,23),(1256,1251,85,1,'STARTED',0,0,0,'2024-01-11 13:51:04','2024-01-11 13:51:04',NULL,NULL,149,NULL,NULL,23),(1257,1252,85,1,'STARTED',0,0,0,'2024-01-11 13:51:08','2024-01-11 13:51:08',NULL,NULL,149,NULL,NULL,23),(1258,1253,85,1,'STARTED',0,0,0,'2024-01-11 13:54:09','2024-01-11 13:54:09',NULL,NULL,149,NULL,NULL,23),(1259,1254,85,1,'STARTED',0,0,0,'2024-01-11 13:54:12','2024-01-11 13:54:12',NULL,NULL,149,NULL,NULL,23),(1260,1255,85,1,'STARTED',0,0,0,'2024-01-11 14:46:23','2024-01-11 14:46:23',NULL,NULL,149,NULL,NULL,23),(1261,1256,85,1,'STARTED',0,0,0,'2024-01-11 14:46:24','2024-01-11 14:46:24',NULL,NULL,149,NULL,NULL,23),(1262,1257,85,1,'STARTED',0,0,0,'2024-01-11 14:46:25','2024-01-11 14:46:25',NULL,NULL,149,NULL,NULL,23),(1263,1258,85,1,'STARTED',0,0,0,'2024-01-11 14:46:29','2024-01-11 14:46:29',NULL,NULL,149,NULL,NULL,23),(1264,1259,85,1,'STARTED',0,0,0,'2024-01-11 14:47:57','2024-01-11 14:47:57',NULL,NULL,149,NULL,NULL,23),(1265,1260,85,1,'STARTED',0,0,0,'2024-01-11 14:48:01','2024-01-11 14:48:01',NULL,NULL,149,NULL,NULL,23),(1266,1261,85,1,'STARTED',0,0,0,'2024-01-11 14:48:05','2024-01-11 14:48:05',NULL,NULL,149,NULL,NULL,23),(1267,1262,85,1,'STARTED',0,0,0,'2024-01-11 14:54:55','2024-01-11 14:54:55',NULL,NULL,149,NULL,NULL,23),(1268,1263,85,1,'STARTED',0,0,0,'2024-01-11 16:22:35','2024-01-11 16:22:35',NULL,NULL,149,NULL,NULL,23),(1269,1264,85,1,'STARTED',0,0,0,'2024-01-11 16:52:19','2024-01-11 16:52:19',NULL,NULL,149,NULL,NULL,23),(1270,1265,85,1,'STARTED',0,0,0,'2024-01-11 16:52:24','2024-01-11 16:52:24',NULL,NULL,149,NULL,NULL,23),(1271,1266,85,1,'STARTED',0,0,0,'2024-01-11 17:50:58','2024-01-11 17:50:58',NULL,NULL,149,NULL,NULL,23),(1272,1267,85,1,'STARTED',0,0,0,'2024-01-11 18:53:08','2024-01-11 18:53:08',NULL,NULL,149,NULL,NULL,23),(1273,1268,85,1,'STARTED',0,0,0,'2024-01-11 21:12:14','2024-01-11 21:12:14',NULL,NULL,149,NULL,NULL,23),(1274,1269,85,1,'STARTED',0,0,0,'2024-01-11 22:00:08','2024-01-11 22:00:08',NULL,NULL,149,NULL,NULL,23),(1275,1270,85,1,'STARTED',0,0,0,'2024-01-11 22:18:16','2024-01-11 22:18:16',NULL,NULL,149,NULL,NULL,23),(1276,1271,85,1,'STARTED',0,0,0,'2024-01-11 22:35:52','2024-01-11 22:35:52',NULL,NULL,149,NULL,NULL,23),(1277,1272,85,1,'STARTED',0,0,0,'2024-01-11 22:36:01','2024-01-11 22:36:01',NULL,NULL,149,NULL,NULL,23),(1278,1273,85,1,'STARTED',0,0,0,'2024-01-11 22:36:10','2024-01-11 22:36:10',NULL,NULL,149,NULL,NULL,23),(1279,1274,85,1,'STARTED',0,0,0,'2024-01-11 22:36:31','2024-01-11 22:36:31',NULL,NULL,149,NULL,NULL,23),(1280,1275,85,1,'STARTED',0,0,0,'2024-01-11 22:43:22','2024-01-11 22:43:22',NULL,NULL,149,NULL,NULL,23),(1281,1276,85,1,'STARTED',0,0,0,'2024-01-11 22:43:34','2024-01-11 22:43:34',NULL,NULL,149,NULL,NULL,23),(1282,1277,85,1,'STARTED',0,0,0,'2024-01-11 22:43:52','2024-01-11 22:43:52',NULL,NULL,149,NULL,NULL,23),(1283,1278,85,1,'STARTED',0,0,0,'2024-01-11 23:00:01','2024-01-11 23:00:01',NULL,NULL,149,NULL,NULL,23),(1284,1279,85,1,'STARTED',0,0,0,'2024-01-11 23:00:55','2024-01-11 23:00:55',NULL,NULL,149,NULL,NULL,23),(1285,1280,85,1,'STARTED',0,0,0,'2024-01-11 23:01:14','2024-01-11 23:01:14',NULL,NULL,149,NULL,NULL,23),(1286,1281,85,1,'STARTED',0,0,0,'2024-01-11 23:02:58','2024-01-11 23:02:58',NULL,NULL,149,NULL,NULL,23),(1287,1282,85,1,'STARTED',0,0,0,'2024-01-11 23:03:30','2024-01-11 23:03:30',NULL,NULL,149,NULL,NULL,23),(1288,1283,85,1,'STARTED',0,0,0,'2024-01-11 23:03:43','2024-01-11 23:03:43',NULL,NULL,149,NULL,NULL,23),(1289,1284,85,1,'STARTED',0,0,0,'2024-01-11 23:10:07','2024-01-11 23:10:07',NULL,NULL,149,NULL,NULL,23),(1290,1285,85,1,'STARTED',0,0,0,'2024-01-11 23:10:42','2024-01-11 23:10:42',NULL,NULL,149,NULL,NULL,23),(1291,1286,85,1,'STARTED',0,0,0,'2024-01-11 23:11:49','2024-01-11 23:11:49',NULL,NULL,149,NULL,NULL,23),(1292,1287,85,1,'STARTED',0,0,0,'2024-01-11 23:13:20','2024-01-11 23:13:20',NULL,NULL,149,NULL,NULL,23),(1293,1288,85,1,'STARTED',0,0,0,'2024-01-11 23:17:20','2024-01-11 23:17:20',NULL,NULL,149,NULL,NULL,23),(1294,1289,85,1,'STARTED',0,0,0,'2024-01-11 23:20:33','2024-01-11 23:20:33',NULL,NULL,149,NULL,NULL,23),(1295,1290,85,1,'STARTED',0,0,0,'2024-01-11 23:20:41','2024-01-11 23:20:41',NULL,NULL,149,NULL,NULL,23),(1296,1291,85,1,'STARTED',0,0,0,'2024-01-11 23:29:03','2024-01-11 23:29:03',NULL,NULL,149,NULL,NULL,23),(1297,1292,85,1,'STARTED',0,0,0,'2024-01-11 23:34:41','2024-01-11 23:34:41',NULL,NULL,149,NULL,NULL,23),(1298,1293,85,1,'STARTED',0,0,0,'2024-01-11 23:36:27','2024-01-11 23:36:27',NULL,NULL,149,NULL,NULL,23),(1299,1294,85,1,'STARTED',0,0,0,'2024-01-12 01:27:12','2024-01-12 01:27:12',NULL,NULL,149,NULL,NULL,23),(1300,1295,85,1,'STARTED',0,0,0,'2024-01-12 04:02:27','2024-01-12 04:02:27',NULL,NULL,149,NULL,NULL,23),(1301,1296,85,1,'STARTED',0,0,0,'2024-01-12 04:30:06','2024-01-12 04:30:06',NULL,NULL,149,NULL,NULL,23),(1302,1297,85,1,'STARTED',0,0,0,'2024-01-12 04:58:02','2024-01-12 04:58:02',NULL,NULL,149,NULL,NULL,23),(1303,1298,85,1,'STARTED',0,0,0,'2024-01-12 04:58:21','2024-01-12 04:58:21',NULL,NULL,149,NULL,NULL,23),(1304,1299,85,1,'STARTED',0,0,0,'2024-01-12 04:58:41','2024-01-12 04:58:41',NULL,NULL,149,NULL,NULL,23),(1305,1300,85,1,'STARTED',0,0,0,'2024-01-12 04:59:25','2024-01-12 04:59:25',NULL,NULL,149,NULL,NULL,23),(1306,1301,85,1,'STARTED',0,0,0,'2024-01-12 05:11:01','2024-01-12 05:11:01',NULL,NULL,149,NULL,NULL,23),(1307,1302,85,1,'STARTED',0,0,0,'2024-01-12 05:11:49','2024-01-12 05:11:49',NULL,NULL,149,NULL,NULL,23),(1308,1303,85,1,'STARTED',0,0,0,'2024-01-12 05:12:33','2024-01-12 05:12:33',NULL,NULL,149,NULL,NULL,23),(1309,1304,85,1,'STARTED',0,0,0,'2024-01-12 05:57:11','2024-01-12 05:57:11',NULL,NULL,149,NULL,NULL,23),(1310,1305,85,1,'STARTED',0,0,0,'2024-01-12 06:41:26','2024-01-12 06:41:26',NULL,NULL,149,NULL,NULL,23),(1311,1306,85,1,'STARTED',0,0,0,'2024-01-12 06:53:07','2024-01-12 06:53:07',NULL,NULL,149,NULL,NULL,23),(1312,1307,85,1,'STARTED',0,0,0,'2024-01-12 09:34:30','2024-01-12 09:34:30',NULL,NULL,149,NULL,NULL,23),(1313,1308,85,1,'STARTED',0,0,0,'2024-01-12 15:31:59','2024-01-12 15:31:59',NULL,NULL,149,NULL,NULL,23),(1314,1309,76,1,'SUCCESS_WITH_NOCONTENT',0,936463,0,'2024-01-13 08:14:42','2024-01-13 08:14:42','',0,149,0,NULL,23),(1315,1310,85,1,'STARTED',0,0,0,'2024-01-12 18:27:21','2024-01-12 18:27:21',NULL,NULL,149,NULL,NULL,23),(1316,1311,85,1,'STARTED',0,0,0,'2024-01-12 18:31:51','2024-01-12 18:31:51',NULL,NULL,149,NULL,NULL,23),(1317,1312,85,1,'STARTED',0,0,0,'2024-01-12 18:37:10','2024-01-12 18:37:10',NULL,NULL,149,NULL,NULL,23),(1318,1313,85,1,'STARTED',0,0,0,'2024-01-12 18:37:11','2024-01-12 18:37:11',NULL,NULL,149,NULL,NULL,23),(1319,1314,85,1,'STARTED',0,0,0,'2024-01-12 18:37:12','2024-01-12 18:37:12',NULL,NULL,149,NULL,NULL,23),(1320,1315,85,1,'STARTED',0,0,0,'2024-01-12 18:37:16','2024-01-12 18:37:16',NULL,NULL,149,NULL,NULL,23),(1321,1316,85,1,'STARTED',0,0,0,'2024-01-12 18:38:44','2024-01-12 18:38:44',NULL,NULL,149,NULL,NULL,23),(1322,1317,85,1,'STARTED',0,0,0,'2024-01-12 18:38:49','2024-01-12 18:38:49',NULL,NULL,149,NULL,NULL,23),(1323,1318,85,1,'STARTED',0,0,0,'2024-01-12 18:38:54','2024-01-12 18:38:54',NULL,NULL,149,NULL,NULL,23),(1324,1319,85,1,'STARTED',0,0,0,'2024-01-12 18:41:14','2024-01-12 18:41:14',NULL,NULL,149,NULL,NULL,23),(1325,1320,85,1,'STARTED',0,0,0,'2024-01-12 18:43:36','2024-01-12 18:43:36',NULL,NULL,149,NULL,NULL,23),(1326,1321,85,1,'STARTED',0,0,0,'2024-01-12 18:44:35','2024-01-12 18:44:35',NULL,NULL,149,NULL,NULL,23),(1327,1322,85,1,'STARTED',0,0,0,'2024-01-12 19:41:09','2024-01-12 19:41:09',NULL,NULL,149,NULL,NULL,23),(1328,1323,85,1,'STARTED',0,0,0,'2024-01-12 20:11:33','2024-01-12 20:11:33',NULL,NULL,149,NULL,NULL,23),(1329,1324,85,1,'STARTED',0,0,0,'2024-01-12 20:19:27','2024-01-12 20:19:27',NULL,NULL,149,NULL,NULL,23),(1330,1325,85,1,'STARTED',0,0,0,'2024-01-12 20:27:43','2024-01-12 20:27:43',NULL,NULL,149,NULL,NULL,23),(1331,1326,85,1,'STARTED',0,0,0,'2024-01-12 20:27:48','2024-01-12 20:27:48',NULL,NULL,149,NULL,NULL,23),(1332,1327,85,1,'STARTED',0,0,0,'2024-01-12 20:27:55','2024-01-12 20:27:55',NULL,NULL,149,NULL,NULL,23),(1333,1328,85,1,'STARTED',0,0,0,'2024-01-12 20:28:08','2024-01-12 20:28:08',NULL,NULL,149,NULL,NULL,23),(1334,1329,85,1,'STARTED',0,0,0,'2024-01-12 20:33:09','2024-01-12 20:33:09',NULL,NULL,149,NULL,NULL,23),(1335,1330,85,1,'STARTED',0,0,0,'2024-01-12 20:33:25','2024-01-12 20:33:25',NULL,NULL,149,NULL,NULL,23),(1336,1331,85,1,'STARTED',0,0,0,'2024-01-12 20:33:42','2024-01-12 20:33:42',NULL,NULL,149,NULL,NULL,23),(1337,1332,85,1,'STARTED',0,0,0,'2024-01-12 20:48:58','2024-01-12 20:48:58',NULL,NULL,149,NULL,NULL,23),(1338,1333,85,1,'STARTED',0,0,0,'2024-01-12 21:04:33','2024-01-12 21:04:33',NULL,NULL,149,NULL,NULL,23),(1339,1334,85,1,'STARTED',0,0,0,'2024-01-12 21:08:28','2024-01-12 21:08:28',NULL,NULL,149,NULL,NULL,23),(1340,1335,85,1,'STARTED',0,0,0,'2024-01-12 22:05:48','2024-01-12 22:05:48',NULL,NULL,149,NULL,NULL,23),(1341,1336,85,1,'STARTED',0,0,0,'2024-01-13 00:16:51','2024-01-13 00:16:51',NULL,NULL,149,NULL,NULL,23),(1342,1337,85,1,'STARTED',0,0,0,'2024-01-13 01:23:19','2024-01-13 01:23:19',NULL,NULL,149,NULL,NULL,23),(1343,1338,85,1,'STARTED',0,0,0,'2024-01-13 01:45:55','2024-01-13 01:45:55',NULL,NULL,149,NULL,NULL,23),(1344,1339,85,1,'STARTED',0,0,0,'2024-01-13 02:07:55','2024-01-13 02:07:55',NULL,NULL,149,NULL,NULL,23),(1345,1340,85,1,'STARTED',0,0,0,'2024-01-13 02:08:06','2024-01-13 02:08:06',NULL,NULL,149,NULL,NULL,23),(1346,1341,85,1,'STARTED',0,0,0,'2024-01-13 02:08:17','2024-01-13 02:08:17',NULL,NULL,149,NULL,NULL,23),(1347,1342,85,1,'STARTED',0,0,0,'2024-01-13 02:08:41','2024-01-13 02:08:41',NULL,NULL,149,NULL,NULL,23),(1348,1343,85,1,'STARTED',0,0,0,'2024-01-13 02:15:42','2024-01-13 02:15:42',NULL,NULL,149,NULL,NULL,23),(1349,1344,85,1,'STARTED',0,0,0,'2024-01-13 02:16:06','2024-01-13 02:16:06',NULL,NULL,149,NULL,NULL,23),(1350,1345,85,1,'STARTED',0,0,0,'2024-01-13 02:16:33','2024-01-13 02:16:33',NULL,NULL,149,NULL,NULL,23),(1351,1346,85,1,'STARTED',0,0,0,'2024-01-13 02:35:43','2024-01-13 02:35:43',NULL,NULL,149,NULL,NULL,23),(1352,1347,85,1,'STARTED',0,0,0,'2024-01-13 02:55:19','2024-01-13 02:55:19',NULL,NULL,149,NULL,NULL,23),(1353,1348,85,1,'STARTED',0,0,0,'2024-01-13 02:59:59','2024-01-13 02:59:59',NULL,NULL,149,NULL,NULL,23),(1354,1349,85,1,'STARTED',0,0,0,'2024-01-13 04:21:23','2024-01-13 04:21:23',NULL,NULL,149,NULL,NULL,23),(1355,1350,85,1,'STARTED',0,0,0,'2024-01-13 05:37:20','2024-01-13 05:37:20',NULL,NULL,149,NULL,NULL,23),(1356,1351,85,1,'STARTED',0,0,0,'2024-01-13 06:55:40','2024-01-13 06:55:40',NULL,NULL,149,NULL,NULL,23),(1357,1352,85,1,'STARTED',0,0,0,'2024-01-13 08:05:42','2024-01-13 08:05:42',NULL,NULL,149,NULL,NULL,23),(1358,1353,85,1,'STARTED',0,0,0,'2024-01-13 08:21:53','2024-01-13 08:21:53',NULL,NULL,149,NULL,NULL,23),(1359,1354,85,1,'STARTED',0,0,0,'2024-01-13 08:38:05','2024-01-13 08:38:05',NULL,NULL,149,NULL,NULL,23),(1360,1355,85,1,'STARTED',0,0,0,'2024-01-13 08:38:11','2024-01-13 08:38:11',NULL,NULL,149,NULL,NULL,23),(1361,1356,85,1,'STARTED',0,0,0,'2024-01-13 08:38:17','2024-01-13 08:38:17',NULL,NULL,149,NULL,NULL,23),(1362,1357,85,1,'STARTED',0,0,0,'2024-01-13 08:38:30','2024-01-13 08:38:30',NULL,NULL,149,NULL,NULL,23),(1363,1358,85,1,'STARTED',0,0,0,'2024-01-13 08:41:41','2024-01-13 08:41:41',NULL,NULL,149,NULL,NULL,23),(1364,1359,85,1,'STARTED',0,0,0,'2024-01-13 08:58:51','2024-01-13 08:58:51',NULL,NULL,149,NULL,NULL,23),(1365,1360,85,1,'STARTED',0,0,0,'2024-01-13 09:15:47','2024-01-13 09:15:47',NULL,NULL,149,NULL,NULL,23),(1366,1361,85,1,'STARTED',0,0,0,'2024-01-13 09:21:52','2024-01-13 09:21:52',NULL,NULL,149,NULL,NULL,23),(1367,1362,85,1,'STARTED',0,0,0,'2024-01-13 09:56:30','2024-01-13 09:56:30',NULL,NULL,149,NULL,NULL,23),(1368,1363,85,1,'STARTED',0,0,0,'2024-01-13 10:29:40','2024-01-13 10:29:40',NULL,NULL,149,NULL,NULL,23),(1369,1364,85,1,'STARTED',0,0,0,'2024-01-13 11:05:26','2024-01-13 11:05:26',NULL,NULL,149,NULL,NULL,23),(1370,1365,85,1,'STARTED',0,0,0,'2024-01-13 11:48:30','2024-01-13 11:48:30',NULL,NULL,149,NULL,NULL,23),(1371,1366,85,1,'STARTED',0,0,0,'2024-01-13 12:06:03','2024-01-13 12:06:03',NULL,NULL,149,NULL,NULL,23),(1372,1367,85,1,'STARTED',0,0,0,'2024-01-13 12:06:13','2024-01-13 12:06:13',NULL,NULL,149,NULL,NULL,23),(1373,1368,85,1,'STARTED',0,0,0,'2024-01-13 12:06:24','2024-01-13 12:06:24',NULL,NULL,149,NULL,NULL,23),(1374,1369,85,1,'STARTED',0,0,0,'2024-01-13 12:06:47','2024-01-13 12:06:47',NULL,NULL,149,NULL,NULL,23),(1375,1370,85,1,'STARTED',0,0,0,'2024-01-13 12:13:08','2024-01-13 12:13:08',NULL,NULL,149,NULL,NULL,23),(1376,1371,85,1,'STARTED',0,0,0,'2024-01-13 12:13:34','2024-01-13 12:13:34',NULL,NULL,149,NULL,NULL,23),(1377,1372,85,1,'STARTED',0,0,0,'2024-01-13 12:13:59','2024-01-13 12:13:59',NULL,NULL,149,NULL,NULL,23),(1378,1373,85,1,'STARTED',0,0,0,'2024-01-13 12:37:40','2024-01-13 12:37:40',NULL,NULL,149,NULL,NULL,23),(1379,1374,85,1,'STARTED',0,0,0,'2024-01-13 12:59:52','2024-01-13 12:59:52',NULL,NULL,149,NULL,NULL,23),(1380,1375,85,1,'STARTED',0,0,0,'2024-01-13 13:05:07','2024-01-13 13:05:07',NULL,NULL,149,NULL,NULL,23),(1381,1376,85,1,'STARTED',0,0,0,'2024-01-13 14:04:59','2024-01-13 14:04:59',NULL,NULL,149,NULL,NULL,23),(1382,1377,85,1,'STARTED',0,0,0,'2024-01-13 15:01:22','2024-01-13 15:01:22',NULL,NULL,149,NULL,NULL,23),(1383,1378,85,1,'STARTED',0,0,0,'2024-01-13 16:10:05','2024-01-13 16:10:05',NULL,NULL,149,NULL,NULL,23),(1384,1379,85,1,'STARTED',0,0,0,'2024-01-13 17:09:49','2024-01-13 17:09:49',NULL,NULL,149,NULL,NULL,23),(1385,1380,85,1,'STARTED',0,0,0,'2024-01-13 17:32:37','2024-01-13 17:32:37',NULL,NULL,149,NULL,NULL,23),(1386,1381,85,1,'STARTED',0,0,0,'2024-01-13 17:54:40','2024-01-13 17:54:40',NULL,NULL,149,NULL,NULL,23),(1387,1382,85,1,'STARTED',0,0,0,'2024-01-13 17:54:51','2024-01-13 17:54:51',NULL,NULL,149,NULL,NULL,23),(1388,1383,85,1,'STARTED',0,0,0,'2024-01-13 17:55:02','2024-01-13 17:55:02',NULL,NULL,149,NULL,NULL,23),(1389,1384,85,1,'STARTED',0,0,0,'2024-01-13 17:55:24','2024-01-13 17:55:24',NULL,NULL,149,NULL,NULL,23),(1390,1385,85,1,'STARTED',0,0,0,'2024-01-13 18:02:07','2024-01-13 18:02:07',NULL,NULL,149,NULL,NULL,23),(1391,1386,85,1,'STARTED',0,0,0,'2024-01-13 18:02:33','2024-01-13 18:02:33',NULL,NULL,149,NULL,NULL,23),(1392,1387,85,1,'STARTED',0,0,0,'2024-01-13 18:03:22','2024-01-13 18:03:22',NULL,NULL,149,NULL,NULL,23),(1393,1388,85,1,'STARTED',0,0,0,'2024-01-13 18:25:39','2024-01-13 18:25:39',NULL,NULL,149,NULL,NULL,23),(1394,1389,85,1,'STARTED',0,0,0,'2024-01-13 18:48:48','2024-01-13 18:48:48',NULL,NULL,149,NULL,NULL,23),(1395,1390,85,1,'STARTED',0,0,0,'2024-01-13 18:57:03','2024-01-13 18:57:03',NULL,NULL,149,NULL,NULL,23),(1396,1391,85,1,'STARTED',0,0,0,'2024-01-13 19:40:58','2024-01-13 19:40:58',NULL,NULL,149,NULL,NULL,23),(1397,1392,85,1,'STARTED',0,0,0,'2024-01-13 20:23:21','2024-01-13 20:23:21',NULL,NULL,149,NULL,NULL,23),(1398,1393,85,1,'STARTED',0,0,0,'2024-01-13 21:10:09','2024-01-13 21:10:09',NULL,NULL,149,NULL,NULL,23),(1399,1394,85,1,'STARTED',0,0,0,'2024-01-13 21:52:47','2024-01-13 21:52:47',NULL,NULL,149,NULL,NULL,23),(1400,1395,85,1,'STARTED',0,0,0,'2024-01-13 22:11:21','2024-01-13 22:11:21',NULL,NULL,149,NULL,NULL,23),(1401,1396,85,1,'STARTED',0,0,0,'2024-01-13 22:29:55','2024-01-13 22:29:55',NULL,NULL,149,NULL,NULL,23),(1402,1397,85,1,'STARTED',0,0,0,'2024-01-13 22:30:05','2024-01-13 22:30:05',NULL,NULL,149,NULL,NULL,23),(1403,1398,85,1,'STARTED',0,0,0,'2024-01-13 22:30:16','2024-01-13 22:30:16',NULL,NULL,149,NULL,NULL,23),(1404,1399,85,1,'STARTED',0,0,0,'2024-01-13 22:30:38','2024-01-13 22:30:38',NULL,NULL,149,NULL,NULL,23),(1405,1400,85,1,'STARTED',0,0,0,'2024-01-13 22:37:28','2024-01-13 22:37:28',NULL,NULL,149,NULL,NULL,23),(1406,1401,85,1,'STARTED',0,0,0,'2024-01-13 22:37:53','2024-01-13 22:37:53',NULL,NULL,149,NULL,NULL,23),(1407,1402,85,1,'STARTED',0,0,0,'2024-01-13 22:38:30','2024-01-13 22:38:30',NULL,NULL,149,NULL,NULL,23),(1408,1403,85,1,'STARTED',0,0,0,'2024-01-13 23:51:13','2024-01-13 23:51:13',NULL,NULL,149,NULL,NULL,23),(1409,1404,85,1,'STARTED',0,0,0,'2024-01-14 01:04:23','2024-01-14 01:04:23',NULL,NULL,149,NULL,NULL,23),(1410,1405,85,1,'STARTED',0,0,0,'2024-01-14 01:48:17','2024-01-14 01:48:17',NULL,NULL,149,NULL,NULL,23),(1411,1406,85,1,'STARTED',0,0,0,'2024-01-14 02:28:30','2024-01-14 02:28:30',NULL,NULL,149,NULL,NULL,23),(1412,1407,85,1,'STARTED',0,0,0,'2024-01-14 02:37:59','2024-01-14 02:37:59',NULL,NULL,149,NULL,NULL,23),(1413,1408,85,1,'STARTED',0,0,0,'2024-01-14 02:47:40','2024-01-14 02:47:40',NULL,NULL,149,NULL,NULL,23),(1414,1409,85,1,'STARTED',0,0,0,'2024-01-14 02:47:46','2024-01-14 02:47:46',NULL,NULL,149,NULL,NULL,23),(1415,1410,85,1,'STARTED',0,0,0,'2024-01-14 02:47:52','2024-01-14 02:47:52',NULL,NULL,149,NULL,NULL,23),(1416,1411,85,1,'STARTED',0,0,0,'2024-01-14 02:48:06','2024-01-14 02:48:06',NULL,NULL,149,NULL,NULL,23),(1417,1412,85,1,'STARTED',0,0,0,'2024-01-14 02:52:32','2024-01-14 02:52:32',NULL,NULL,149,NULL,NULL,23),(1418,1413,85,1,'STARTED',0,0,0,'2024-01-14 02:52:40','2024-01-14 02:52:40',NULL,NULL,149,NULL,NULL,23),(1419,1414,85,1,'STARTED',0,0,0,'2024-01-14 02:52:49','2024-01-14 02:52:49',NULL,NULL,149,NULL,NULL,23),(1420,1415,85,1,'STARTED',0,0,0,'2024-01-14 02:56:45','2024-01-14 02:56:45',NULL,NULL,149,NULL,NULL,23),(1421,1416,85,1,'STARTED',0,0,0,'2024-01-14 03:03:41','2024-01-14 03:03:41',NULL,NULL,149,NULL,NULL,23),(1422,1417,85,1,'STARTED',0,0,0,'2024-01-14 03:08:17','2024-01-14 03:08:17',NULL,NULL,149,NULL,NULL,23),(1423,1418,85,1,'STARTED',0,0,0,'2024-01-14 03:18:45','2024-01-14 03:18:45',NULL,NULL,149,NULL,NULL,23),(1424,1419,85,1,'STARTED',0,0,0,'2024-01-14 03:28:24','2024-01-14 03:28:24',NULL,NULL,149,NULL,NULL,23),(1425,1420,85,1,'STARTED',0,0,0,'2024-01-14 03:34:30','2024-01-14 03:34:30',NULL,NULL,149,NULL,NULL,23),(1426,1421,85,1,'STARTED',0,0,0,'2024-01-14 05:00:33','2024-01-14 05:00:33',NULL,NULL,149,NULL,NULL,23),(1427,1422,85,1,'STARTED',0,0,0,'2024-01-14 06:19:46','2024-01-14 06:19:46',NULL,NULL,149,NULL,NULL,23),(1428,1423,85,1,'STARTED',0,0,0,'2024-01-14 07:38:07','2024-01-14 07:38:07',NULL,NULL,149,NULL,NULL,23),(1429,1424,85,1,'STARTED',0,0,0,'2024-01-14 08:36:18','2024-01-14 08:36:18',NULL,NULL,149,NULL,NULL,23),(1430,1425,85,1,'STARTED',0,0,0,'2024-01-14 08:53:59','2024-01-14 08:53:59',NULL,NULL,149,NULL,NULL,23),(1431,1426,85,1,'STARTED',0,0,0,'2024-01-14 09:12:02','2024-01-14 09:12:02',NULL,NULL,149,NULL,NULL,23),(1432,1427,85,1,'STARTED',0,0,0,'2024-01-14 09:12:09','2024-01-14 09:12:09',NULL,NULL,149,NULL,NULL,23),(1433,1428,85,1,'STARTED',0,0,0,'2024-01-14 09:12:14','2024-01-14 09:12:14',NULL,NULL,149,NULL,NULL,23),(1434,1429,85,1,'STARTED',0,0,0,'2024-01-14 09:12:28','2024-01-14 09:12:28',NULL,NULL,149,NULL,NULL,23),(1435,1430,85,1,'STARTED',0,0,0,'2024-01-14 09:17:05','2024-01-14 09:17:05',NULL,NULL,149,NULL,NULL,23),(1436,1431,85,1,'STARTED',0,0,0,'2024-01-14 09:17:21','2024-01-14 09:17:21',NULL,NULL,149,NULL,NULL,23),(1437,1432,85,1,'STARTED',0,0,0,'2024-01-14 09:17:43','2024-01-14 09:17:43',NULL,NULL,149,NULL,NULL,23),(1438,1433,85,1,'STARTED',0,0,0,'2024-01-14 09:27:12','2024-01-14 09:27:12',NULL,NULL,149,NULL,NULL,23),(1439,1434,85,1,'STARTED',0,0,0,'2024-01-14 09:36:51','2024-01-14 09:36:51',NULL,NULL,149,NULL,NULL,23),(1440,1435,85,1,'STARTED',0,0,0,'2024-01-14 09:41:05','2024-01-14 09:41:05',NULL,NULL,149,NULL,NULL,23),(1441,1436,85,1,'STARTED',0,0,0,'2024-01-14 10:10:39','2024-01-14 10:10:39',NULL,NULL,149,NULL,NULL,23),(1442,1437,85,1,'STARTED',0,0,0,'2024-01-14 10:39:06','2024-01-14 10:39:06',NULL,NULL,149,NULL,NULL,23),(1443,1438,85,1,'STARTED',0,0,0,'2024-01-14 11:11:49','2024-01-14 11:11:49',NULL,NULL,149,NULL,NULL,23),(1444,1439,85,1,'STARTED',0,0,0,'2024-01-14 11:41:53','2024-01-14 11:41:53',NULL,NULL,149,NULL,NULL,23),(1445,1440,85,1,'STARTED',0,0,0,'2024-01-14 11:52:19','2024-01-14 11:52:19',NULL,NULL,149,NULL,NULL,23),(1446,1441,85,1,'STARTED',0,0,0,'2024-01-14 12:02:52','2024-01-14 12:02:52',NULL,NULL,149,NULL,NULL,23),(1447,1442,85,1,'STARTED',0,0,0,'2024-01-14 12:02:57','2024-01-14 12:02:57',NULL,NULL,149,NULL,NULL,23),(1448,1443,85,1,'STARTED',0,0,0,'2024-01-14 12:03:03','2024-01-14 12:03:03',NULL,NULL,149,NULL,NULL,23),(1449,1444,85,1,'STARTED',0,0,0,'2024-01-14 12:03:17','2024-01-14 12:03:17',NULL,NULL,149,NULL,NULL,23),(1450,1445,85,1,'STARTED',0,0,0,'2024-01-14 12:08:09','2024-01-14 12:08:09',NULL,NULL,149,NULL,NULL,23),(1451,1446,85,1,'STARTED',0,0,0,'2024-01-14 12:08:24','2024-01-14 12:08:24',NULL,NULL,149,NULL,NULL,23),(1452,1447,85,1,'STARTED',0,0,0,'2024-01-14 12:08:45','2024-01-14 12:08:45',NULL,NULL,149,NULL,NULL,23),(1453,1448,85,1,'STARTED',0,0,0,'2024-01-14 12:23:11','2024-01-14 12:23:11',NULL,NULL,149,NULL,NULL,23),(1454,1449,85,1,'STARTED',0,0,0,'2024-01-14 12:37:26','2024-01-14 12:37:26',NULL,NULL,149,NULL,NULL,23),(1455,1450,85,1,'STARTED',0,0,0,'2024-01-14 12:43:02','2024-01-14 12:43:02',NULL,NULL,149,NULL,NULL,23),(1456,1451,85,1,'STARTED',0,0,0,'2024-01-14 13:09:11','2024-01-14 13:09:11',NULL,NULL,149,NULL,NULL,23),(1457,1452,85,1,'STARTED',0,0,0,'2024-01-14 13:34:29','2024-01-14 13:34:29',NULL,NULL,149,NULL,NULL,23),(1458,1453,85,1,'STARTED',0,0,0,'2024-01-14 14:01:04','2024-01-14 14:01:04',NULL,NULL,149,NULL,NULL,23),(1459,1454,85,1,'STARTED',0,0,0,'2024-01-14 14:25:46','2024-01-14 14:25:46',NULL,NULL,149,NULL,NULL,23),(1460,1455,85,1,'STARTED',0,0,0,'2024-01-14 14:39:34','2024-01-14 14:39:34',NULL,NULL,149,NULL,NULL,23),(1461,1456,85,1,'STARTED',0,0,0,'2024-01-14 14:53:33','2024-01-14 14:53:33',NULL,NULL,149,NULL,NULL,23),(1462,1457,85,1,'STARTED',0,0,0,'2024-01-14 14:53:39','2024-01-14 14:53:39',NULL,NULL,149,NULL,NULL,23),(1463,1458,85,1,'STARTED',0,0,0,'2024-01-14 14:53:44','2024-01-14 14:53:44',NULL,NULL,149,NULL,NULL,23),(1464,1459,85,1,'STARTED',0,0,0,'2024-01-14 14:53:58','2024-01-14 14:53:58',NULL,NULL,149,NULL,NULL,23),(1465,1460,85,1,'STARTED',0,0,0,'2024-01-14 14:58:18','2024-01-14 14:58:18',NULL,NULL,149,NULL,NULL,23),(1466,1461,85,1,'STARTED',0,0,0,'2024-01-14 14:58:33','2024-01-14 14:58:33',NULL,NULL,149,NULL,NULL,23),(1467,1462,85,1,'STARTED',0,0,0,'2024-01-14 14:58:49','2024-01-14 14:58:49',NULL,NULL,149,NULL,NULL,23),(1468,1463,85,1,'STARTED',0,0,0,'2024-01-14 15:07:26','2024-01-14 15:07:26',NULL,NULL,149,NULL,NULL,23),(1469,1464,85,1,'STARTED',0,0,0,'2024-01-14 15:16:02','2024-01-14 15:16:02',NULL,NULL,149,NULL,NULL,23),(1470,1465,85,1,'STARTED',0,0,0,'2024-01-14 15:16:08','2024-01-14 15:16:08',NULL,NULL,149,NULL,NULL,23),(1471,1466,85,1,'STARTED',0,0,0,'2024-01-14 15:16:14','2024-01-14 15:16:14',NULL,NULL,149,NULL,NULL,23),(1472,1467,85,1,'STARTED',0,0,0,'2024-01-14 15:16:27','2024-01-14 15:16:27',NULL,NULL,149,NULL,NULL,23),(1473,1468,85,1,'STARTED',0,0,0,'2024-01-14 15:20:47','2024-01-14 15:20:47',NULL,NULL,149,NULL,NULL,23),(1474,1469,85,1,'STARTED',0,0,0,'2024-01-14 15:21:02','2024-01-14 15:21:02',NULL,NULL,149,NULL,NULL,23),(1475,1470,85,1,'STARTED',0,0,0,'2024-01-14 15:21:17','2024-01-14 15:21:17',NULL,NULL,149,NULL,NULL,23),(1476,1471,85,1,'STARTED',0,0,0,'2024-01-14 15:33:24','2024-01-14 15:33:24',NULL,NULL,149,NULL,NULL,23),(1477,1472,85,1,'STARTED',0,0,0,'2024-01-14 15:46:07','2024-01-14 15:46:07',NULL,NULL,149,NULL,NULL,23),(1478,1473,85,1,'STARTED',0,0,0,'2024-01-14 15:48:59','2024-01-14 15:48:59',NULL,NULL,149,NULL,NULL,23),(1479,1474,85,1,'STARTED',0,0,0,'2024-01-14 16:22:52','2024-01-14 16:22:52',NULL,NULL,149,NULL,NULL,23),(1480,1475,85,1,'STARTED',0,0,0,'2024-01-14 16:55:51','2024-01-14 16:55:51',NULL,NULL,149,NULL,NULL,23),(1481,1476,85,1,'STARTED',0,0,0,'2024-01-14 17:30:52','2024-01-14 17:30:52',NULL,NULL,149,NULL,NULL,23),(1482,1477,85,1,'STARTED',0,0,0,'2024-01-14 18:02:47','2024-01-14 18:02:47',NULL,NULL,149,NULL,NULL,23),(1483,1478,85,1,'STARTED',0,0,0,'2024-01-14 18:08:37','2024-01-14 18:08:37',NULL,NULL,149,NULL,NULL,23),(1484,1479,85,1,'STARTED',0,0,0,'2024-01-14 18:15:45','2024-01-14 18:15:45',NULL,NULL,149,NULL,NULL,23),(1485,1480,85,1,'STARTED',0,0,0,'2024-01-14 18:18:31','2024-01-14 18:18:31',NULL,NULL,149,NULL,NULL,23),(1486,1481,85,1,'STARTED',0,0,0,'2024-01-14 18:55:40','2024-01-14 18:55:40',NULL,NULL,149,NULL,NULL,23),(1487,1482,85,1,'STARTED',0,0,0,'2024-01-14 19:31:51','2024-01-14 19:31:51',NULL,NULL,149,NULL,NULL,23),(1488,1483,85,1,'STARTED',0,0,0,'2024-01-14 20:09:03','2024-01-14 20:09:03',NULL,NULL,149,NULL,NULL,23),(1489,1484,85,1,'STARTED',0,0,0,'2024-01-14 20:43:34','2024-01-14 20:43:34',NULL,NULL,149,NULL,NULL,23),(1490,1485,85,1,'STARTED',0,0,0,'2024-01-14 20:52:53','2024-01-14 20:52:53',NULL,NULL,149,NULL,NULL,23),(1491,1486,85,1,'STARTED',0,0,0,'2024-01-14 21:02:06','2024-01-14 21:02:06',NULL,NULL,149,NULL,NULL,23),(1492,1487,85,1,'STARTED',0,0,0,'2024-01-14 21:02:12','2024-01-14 21:02:12',NULL,NULL,149,NULL,NULL,23),(1493,1488,85,1,'STARTED',0,0,0,'2024-01-14 21:02:18','2024-01-14 21:02:18',NULL,NULL,149,NULL,NULL,23),(1494,1489,85,1,'STARTED',0,0,0,'2024-01-14 21:02:34','2024-01-14 21:02:34',NULL,NULL,149,NULL,NULL,23),(1495,1490,85,1,'STARTED',0,0,0,'2024-01-14 21:07:03','2024-01-14 21:07:03',NULL,NULL,149,NULL,NULL,23),(1496,1491,85,1,'STARTED',0,0,0,'2024-01-14 21:07:11','2024-01-14 21:07:11',NULL,NULL,149,NULL,NULL,23),(1497,1492,85,1,'STARTED',0,0,0,'2024-01-14 21:07:18','2024-01-14 21:07:18',NULL,NULL,149,NULL,NULL,23),(1498,1493,85,1,'STARTED',0,0,0,'2024-01-14 21:18:41','2024-01-14 21:18:41',NULL,NULL,149,NULL,NULL,23),(1499,1494,85,1,'STARTED',0,0,0,'2024-01-14 21:30:55','2024-01-14 21:30:55',NULL,NULL,149,NULL,NULL,23),(1500,1495,85,1,'STARTED',0,0,0,'2024-01-14 21:33:47','2024-01-14 21:33:47',NULL,NULL,149,NULL,NULL,23),(1501,1496,85,1,'STARTED',0,0,0,'2024-01-14 22:16:24','2024-01-14 22:16:24',NULL,NULL,149,NULL,NULL,23),(1502,1497,85,1,'STARTED',0,0,0,'2024-01-14 22:54:40','2024-01-14 22:54:40',NULL,NULL,149,NULL,NULL,23),(1503,1498,85,1,'STARTED',0,0,0,'2024-01-14 23:39:29','2024-01-14 23:39:29',NULL,NULL,149,NULL,NULL,23),(1504,1499,85,1,'STARTED',0,0,0,'2024-01-15 00:20:11','2024-01-15 00:20:11',NULL,NULL,149,NULL,NULL,23),(1505,1500,85,1,'STARTED',0,0,0,'2024-01-15 00:31:10','2024-01-15 00:31:10',NULL,NULL,149,NULL,NULL,23),(1506,1501,85,1,'STARTED',0,0,0,'2024-01-15 00:42:25','2024-01-15 00:42:25',NULL,NULL,149,NULL,NULL,23),(1507,1502,85,1,'STARTED',0,0,0,'2024-01-15 00:42:31','2024-01-15 00:42:31',NULL,NULL,149,NULL,NULL,23),(1508,1503,85,1,'STARTED',0,0,0,'2024-01-15 00:42:37','2024-01-15 00:42:37',NULL,NULL,149,NULL,NULL,23),(1509,1504,85,1,'STARTED',0,0,0,'2024-01-15 00:42:51','2024-01-15 00:42:51',NULL,NULL,149,NULL,NULL,23),(1510,1505,85,1,'STARTED',0,0,0,'2024-01-15 00:47:13','2024-01-15 00:47:13',NULL,NULL,149,NULL,NULL,23),(1511,1506,85,1,'STARTED',0,0,0,'2024-01-15 00:47:29','2024-01-15 00:47:29',NULL,NULL,149,NULL,NULL,23),(1512,1507,85,1,'STARTED',0,0,0,'2024-01-15 00:47:45','2024-01-15 00:47:45',NULL,NULL,149,NULL,NULL,23),(1513,1508,85,1,'STARTED',0,0,0,'2024-01-15 01:01:13','2024-01-15 01:01:13',NULL,NULL,149,NULL,NULL,23),(1514,1509,85,1,'STARTED',0,0,0,'2024-01-15 01:15:02','2024-01-15 01:15:02',NULL,NULL,149,NULL,NULL,23),(1515,1510,85,1,'STARTED',0,0,0,'2024-01-15 01:20:13','2024-01-15 01:20:13',NULL,NULL,149,NULL,NULL,23),(1516,1511,85,1,'STARTED',0,0,0,'2024-01-15 02:16:34','2024-01-15 02:16:34',NULL,NULL,149,NULL,NULL,23),(1517,1512,85,1,'STARTED',0,0,0,'2024-01-15 03:19:20','2024-01-15 03:19:20',NULL,NULL,149,NULL,NULL,23),(1518,1513,85,1,'STARTED',0,0,0,'2024-01-15 04:23:05','2024-01-15 04:23:05',NULL,NULL,149,NULL,NULL,23),(1519,1514,85,1,'STARTED',0,0,0,'2024-01-15 05:20:06','2024-01-15 05:20:06',NULL,NULL,149,NULL,NULL,23),(1520,1515,85,1,'STARTED',0,0,0,'2024-01-15 05:38:41','2024-01-15 05:38:41',NULL,NULL,149,NULL,NULL,23),(1521,1516,85,1,'STARTED',0,0,0,'2024-01-15 05:57:09','2024-01-15 05:57:09',NULL,NULL,149,NULL,NULL,23),(1522,1517,85,1,'STARTED',0,0,0,'2024-01-15 05:57:20','2024-01-15 05:57:20',NULL,NULL,149,NULL,NULL,23),(1523,1518,85,1,'STARTED',0,0,0,'2024-01-15 05:57:31','2024-01-15 05:57:31',NULL,NULL,149,NULL,NULL,23),(1524,1519,85,1,'STARTED',0,0,0,'2024-01-15 05:58:06','2024-01-15 05:58:06',NULL,NULL,149,NULL,NULL,23),(1525,1520,85,1,'STARTED',0,0,0,'2024-01-15 05:58:31','2024-01-15 05:58:31',NULL,NULL,149,NULL,NULL,23),(1526,1521,85,1,'STARTED',0,0,0,'2024-01-15 05:59:08','2024-01-15 05:59:08',NULL,NULL,149,NULL,NULL,23),(1527,1522,85,1,'STARTED',0,0,0,'2024-01-15 06:18:18','2024-01-15 06:18:18',NULL,NULL,149,NULL,NULL,23),(1528,1523,85,1,'STARTED',0,0,0,'2024-01-15 06:38:54','2024-01-15 06:38:54',NULL,NULL,149,NULL,NULL,23),(1529,1524,85,1,'STARTED',0,0,0,'2024-01-15 06:43:09','2024-01-15 06:43:09',NULL,NULL,149,NULL,NULL,23),(1530,1525,85,1,'STARTED',0,0,0,'2024-01-15 07:50:05','2024-01-15 07:50:05',NULL,NULL,149,NULL,NULL,23),(1531,1526,85,1,'STARTED',0,0,0,'2024-01-15 08:52:28','2024-01-15 08:52:28',NULL,NULL,149,NULL,NULL,23),(1532,1527,85,1,'STARTED',0,0,0,'2024-01-15 10:06:15','2024-01-15 10:06:15',NULL,NULL,149,NULL,NULL,23),(1533,1528,85,1,'STARTED',0,0,0,'2024-01-15 11:11:33','2024-01-15 11:11:33',NULL,NULL,149,NULL,NULL,23),(1534,1529,85,1,'STARTED',0,0,0,'2024-01-15 11:22:39','2024-01-15 11:22:39',NULL,NULL,149,NULL,NULL,23),(1535,1530,85,1,'STARTED',0,0,0,'2024-01-15 11:34:04','2024-01-15 11:34:04',NULL,NULL,149,NULL,NULL,23),(1536,1531,85,1,'STARTED',0,0,0,'2024-01-15 11:34:10','2024-01-15 11:34:10',NULL,NULL,149,NULL,NULL,23),(1537,1532,85,1,'STARTED',0,0,0,'2024-01-15 11:34:16','2024-01-15 11:34:16',NULL,NULL,149,NULL,NULL,23),(1538,1533,85,1,'STARTED',0,0,0,'2024-01-15 11:34:29','2024-01-15 11:34:29',NULL,NULL,149,NULL,NULL,23),(1539,1534,85,1,'STARTED',0,0,0,'2024-01-15 11:37:44','2024-01-15 11:37:44',NULL,NULL,149,NULL,NULL,23),(1540,1535,85,1,'STARTED',0,0,0,'2024-01-15 11:37:58','2024-01-15 11:37:58',NULL,NULL,149,NULL,NULL,23),(1541,1536,85,1,'STARTED',0,0,0,'2024-01-15 11:38:13','2024-01-15 11:38:13',NULL,NULL,149,NULL,NULL,23),(1542,1537,85,1,'STARTED',0,0,0,'2024-01-15 11:47:33','2024-01-15 11:47:33',NULL,NULL,149,NULL,NULL,23),(1543,1538,85,1,'STARTED',0,0,0,'2024-01-15 11:57:54','2024-01-15 11:57:54',NULL,NULL,149,NULL,NULL,23),(1544,1539,85,1,'STARTED',0,0,0,'2024-01-15 12:00:42','2024-01-15 12:00:42',NULL,NULL,149,NULL,NULL,23),(1545,1540,85,1,'STARTED',0,0,0,'2024-01-15 12:42:33','2024-01-15 12:42:33',NULL,NULL,149,NULL,NULL,23),(1546,1541,85,1,'STARTED',0,0,0,'2024-01-15 13:23:04','2024-01-15 13:23:04',NULL,NULL,149,NULL,NULL,23),(1547,1542,85,1,'STARTED',0,0,0,'2024-01-15 14:04:42','2024-01-15 14:04:42',NULL,NULL,149,NULL,NULL,23),(1548,1543,85,1,'STARTED',0,0,0,'2024-01-15 14:43:23','2024-01-15 14:43:23',NULL,NULL,149,NULL,NULL,23),(1549,1544,85,1,'STARTED',0,0,0,'2024-01-15 14:54:50','2024-01-15 14:54:50',NULL,NULL,149,NULL,NULL,23),(1550,1545,85,1,'STARTED',0,0,0,'2024-01-15 15:06:28','2024-01-15 15:06:28',NULL,NULL,149,NULL,NULL,23),(1551,1546,85,1,'STARTED',0,0,0,'2024-01-15 15:06:34','2024-01-15 15:06:34',NULL,NULL,149,NULL,NULL,23),(1552,1547,85,1,'STARTED',0,0,0,'2024-01-15 15:06:39','2024-01-15 15:06:39',NULL,NULL,149,NULL,NULL,23),(1553,1548,85,1,'STARTED',0,0,0,'2024-01-15 15:06:53','2024-01-15 15:06:53',NULL,NULL,149,NULL,NULL,23),(1554,1549,85,1,'STARTED',0,0,0,'2024-01-15 15:11:37','2024-01-15 15:11:37',NULL,NULL,149,NULL,NULL,23),(1555,1550,85,1,'STARTED',0,0,0,'2024-01-15 15:11:52','2024-01-15 15:11:52',NULL,NULL,149,NULL,NULL,23),(1556,1551,85,1,'STARTED',0,0,0,'2024-01-15 15:12:07','2024-01-15 15:12:07',NULL,NULL,149,NULL,NULL,23),(1557,1552,85,1,'STARTED',0,0,0,'2024-01-15 15:22:04','2024-01-15 15:22:04',NULL,NULL,149,NULL,NULL,23),(1558,1553,85,1,'STARTED',0,0,0,'2024-01-15 15:32:16','2024-01-15 15:32:16',NULL,NULL,149,NULL,NULL,23),(1559,1554,85,1,'STARTED',0,0,0,'2024-01-15 15:35:55','2024-01-15 15:35:55',NULL,NULL,149,NULL,NULL,23),(1560,1555,85,1,'STARTED',0,0,0,'2024-01-15 16:25:56','2024-01-15 16:25:56',NULL,NULL,149,NULL,NULL,23),(1561,1556,85,1,'STARTED',0,0,0,'2024-01-15 17:13:51','2024-01-15 17:13:51',NULL,NULL,149,NULL,NULL,23),(1562,1557,85,1,'STARTED',0,0,0,'2024-01-15 18:30:46','2024-01-15 18:30:46',NULL,NULL,149,NULL,NULL,23),(1563,1558,85,1,'STARTED',0,0,0,'2024-01-15 19:54:22','2024-01-15 19:54:22',NULL,NULL,149,NULL,NULL,23),(1564,1559,85,1,'STARTED',0,0,0,'2024-01-15 20:28:21','2024-01-15 20:28:21',NULL,NULL,149,NULL,NULL,23),(1565,1560,85,1,'STARTED',0,0,0,'2024-01-15 20:28:32','2024-01-15 20:28:32',NULL,NULL,149,NULL,NULL,23),(1566,1561,85,1,'STARTED',0,0,0,'2024-01-15 20:28:44','2024-01-15 20:28:44',NULL,NULL,149,NULL,NULL,23),(1567,1562,85,1,'STARTED',0,0,0,'2024-01-15 20:29:08','2024-01-15 20:29:08',NULL,NULL,149,NULL,NULL,23),(1568,1563,85,1,'STARTED',0,0,0,'2024-01-15 20:36:26','2024-01-15 20:36:26',NULL,NULL,149,NULL,NULL,23),(1569,1564,85,1,'STARTED',0,0,0,'2024-01-15 20:36:40','2024-01-15 20:36:40',NULL,NULL,149,NULL,NULL,23),(1570,1565,85,1,'STARTED',0,0,0,'2024-01-15 20:36:53','2024-01-15 20:36:53',NULL,NULL,149,NULL,NULL,23),(1571,1566,85,1,'STARTED',0,0,0,'2024-01-15 21:02:35','2024-01-15 21:02:35',NULL,NULL,149,NULL,NULL,23),(1572,1567,85,1,'STARTED',0,0,0,'2024-01-15 21:29:00','2024-01-15 21:29:00',NULL,NULL,149,NULL,NULL,23),(1573,1568,85,1,'STARTED',0,0,0,'2024-01-15 21:39:09','2024-01-15 21:39:09',NULL,NULL,149,NULL,NULL,23),(1574,1569,85,1,'STARTED',0,0,0,'2024-01-15 22:34:50','2024-01-15 22:34:50',NULL,NULL,149,NULL,NULL,23),(1575,1570,85,1,'STARTED',0,0,0,'2024-01-15 23:28:19','2024-01-15 23:28:19',NULL,NULL,149,NULL,NULL,23),(1576,1571,85,1,'STARTED',0,0,0,'2024-01-16 00:26:02','2024-01-16 00:26:02',NULL,NULL,149,NULL,NULL,23),(1577,1572,85,1,'STARTED',0,0,0,'2024-01-16 01:15:23','2024-01-16 01:15:23',NULL,NULL,149,NULL,NULL,23),(1578,1573,85,1,'STARTED',0,0,0,'2024-01-16 01:41:28','2024-01-16 01:41:28',NULL,NULL,149,NULL,NULL,23),(1579,1574,85,1,'STARTED',0,0,0,'2024-01-16 02:07:21','2024-01-16 02:07:21',NULL,NULL,149,NULL,NULL,23),(1580,1575,85,1,'STARTED',0,0,0,'2024-01-16 02:07:31','2024-01-16 02:07:31',NULL,NULL,149,NULL,NULL,23),(1581,1576,85,1,'STARTED',0,0,0,'2024-01-16 02:07:41','2024-01-16 02:07:41',NULL,NULL,149,NULL,NULL,23),(1582,1577,85,1,'STARTED',0,0,0,'2024-01-16 02:08:05','2024-01-16 02:08:05',NULL,NULL,149,NULL,NULL,23),(1583,1578,85,1,'STARTED',0,0,0,'2024-01-16 02:14:55','2024-01-16 02:14:55',NULL,NULL,149,NULL,NULL,23),(1584,1579,85,1,'STARTED',0,0,0,'2024-01-16 02:15:21','2024-01-16 02:15:21',NULL,NULL,149,NULL,NULL,23),(1585,1580,85,1,'STARTED',0,0,0,'2024-01-16 02:15:46','2024-01-16 02:15:46',NULL,NULL,149,NULL,NULL,23),(1586,1581,85,1,'STARTED',0,0,0,'2024-01-16 02:35:56','2024-01-16 02:35:56',NULL,NULL,149,NULL,NULL,23),(1587,1582,85,1,'STARTED',0,0,0,'2024-01-16 02:56:46','2024-01-16 02:56:46',NULL,NULL,149,NULL,NULL,23),(1588,1583,85,1,'STARTED',0,0,0,'2024-01-16 03:01:04','2024-01-16 03:01:04',NULL,NULL,149,NULL,NULL,23),(1589,1584,85,1,'STARTED',0,0,0,'2024-01-16 04:29:56','2024-01-16 04:29:56',NULL,NULL,149,NULL,NULL,23),(1590,1585,85,1,'STARTED',0,0,0,'2024-01-16 05:56:32','2024-01-16 05:56:32',NULL,NULL,149,NULL,NULL,23),(1591,1586,85,1,'STARTED',0,0,0,'2024-01-16 07:28:12','2024-01-16 07:28:12',NULL,NULL,149,NULL,NULL,23),(1592,1587,85,1,'STARTED',0,0,0,'2024-01-16 08:50:22','2024-01-16 08:50:22',NULL,NULL,149,NULL,NULL,23),(1593,1588,85,1,'STARTED',0,0,0,'2024-01-16 09:07:00','2024-01-16 09:07:00',NULL,NULL,149,NULL,NULL,23),(1594,1589,85,1,'STARTED',0,0,0,'2024-01-16 09:23:48','2024-01-16 09:23:48',NULL,NULL,149,NULL,NULL,23),(1595,1590,85,1,'STARTED',0,0,0,'2024-01-16 09:23:54','2024-01-16 09:23:54',NULL,NULL,149,NULL,NULL,23),(1596,1591,85,1,'STARTED',0,0,0,'2024-01-16 09:23:59','2024-01-16 09:23:59',NULL,NULL,149,NULL,NULL,23),(1597,1592,85,1,'STARTED',0,0,0,'2024-01-16 09:24:12','2024-01-16 09:24:12',NULL,NULL,149,NULL,NULL,23),(1598,1593,85,1,'STARTED',0,0,0,'2024-01-16 09:27:07','2024-01-16 09:27:07',NULL,NULL,149,NULL,NULL,23),(1599,1594,85,1,'STARTED',0,0,0,'2024-01-16 09:27:15','2024-01-16 09:27:15',NULL,NULL,149,NULL,NULL,23),(1600,1595,85,1,'STARTED',0,0,0,'2024-01-16 09:27:28','2024-01-16 09:27:28',NULL,NULL,149,NULL,NULL,23),(1601,1596,85,1,'STARTED',0,0,0,'2024-01-16 09:37:04','2024-01-16 09:37:04',NULL,NULL,149,NULL,NULL,23),(1602,1597,85,1,'STARTED',0,0,0,'2024-01-16 09:47:11','2024-01-16 09:47:11',NULL,NULL,149,NULL,NULL,23),(1603,1598,85,1,'STARTED',0,0,0,'2024-01-16 09:50:13','2024-01-16 09:50:13',NULL,NULL,149,NULL,NULL,23),(1604,1599,85,1,'STARTED',0,0,0,'2024-01-16 10:33:24','2024-01-16 10:33:24',NULL,NULL,149,NULL,NULL,23),(1605,1600,85,1,'STARTED',0,0,0,'2024-01-16 11:14:55','2024-01-16 11:14:55',NULL,NULL,149,NULL,NULL,23),(1606,1601,85,1,'STARTED',0,0,0,'2024-01-16 11:56:46','2024-01-16 11:56:46',NULL,NULL,149,NULL,NULL,23),(1607,1602,85,1,'STARTED',0,0,0,'2024-01-16 12:35:29','2024-01-16 12:35:29',NULL,NULL,149,NULL,NULL,23),(1608,1603,85,1,'STARTED',0,0,0,'2024-01-16 12:44:47','2024-01-16 12:44:47',NULL,NULL,149,NULL,NULL,23),(1609,1604,85,1,'STARTED',0,0,0,'2024-01-16 12:54:15','2024-01-16 12:54:15',NULL,NULL,149,NULL,NULL,23),(1610,1605,85,1,'STARTED',0,0,0,'2024-01-16 12:54:21','2024-01-16 12:54:21',NULL,NULL,149,NULL,NULL,23),(1611,1606,85,1,'STARTED',0,0,0,'2024-01-16 12:54:27','2024-01-16 12:54:27',NULL,NULL,149,NULL,NULL,23),(1612,1607,85,1,'STARTED',0,0,0,'2024-01-16 12:54:41','2024-01-16 12:54:41',NULL,NULL,149,NULL,NULL,23),(1613,1608,85,1,'STARTED',0,0,0,'2024-01-16 12:59:33','2024-01-16 12:59:33',NULL,NULL,149,NULL,NULL,23),(1614,1609,85,1,'STARTED',0,0,0,'2024-01-16 12:59:49','2024-01-16 12:59:49',NULL,NULL,149,NULL,NULL,23),(1615,1610,85,1,'STARTED',0,0,0,'2024-01-16 13:00:10','2024-01-16 13:00:10',NULL,NULL,149,NULL,NULL,23),(1616,1611,85,1,'STARTED',0,0,0,'2024-01-16 13:03:59','2024-01-16 13:03:59',NULL,NULL,149,NULL,NULL,23),(1617,1612,85,1,'STARTED',0,0,0,'2024-01-16 13:08:56','2024-01-16 13:08:56',NULL,NULL,149,NULL,NULL,23),(1618,1613,85,1,'STARTED',0,0,0,'2024-01-16 13:11:31','2024-01-16 13:11:31',NULL,NULL,149,NULL,NULL,23),(1619,1614,85,1,'STARTED',0,0,0,'2024-01-16 13:48:09','2024-01-16 13:48:09',NULL,NULL,149,NULL,NULL,23),(1620,1615,85,1,'STARTED',0,0,0,'2024-01-16 14:23:27','2024-01-16 14:23:27',NULL,NULL,149,NULL,NULL,23),(1621,1616,85,1,'STARTED',0,0,0,'2024-01-16 15:25:04','2024-01-16 15:25:04',NULL,NULL,149,NULL,NULL,23),(1622,1617,85,1,'STARTED',0,0,0,'2024-01-16 16:22:30','2024-01-16 16:22:30',NULL,NULL,149,NULL,NULL,23),(1623,1618,85,1,'STARTED',0,0,0,'2024-01-16 16:37:58','2024-01-16 16:37:58',NULL,NULL,149,NULL,NULL,23),(1624,1619,85,1,'STARTED',0,0,0,'2024-01-16 16:53:18','2024-01-16 16:53:18',NULL,NULL,149,NULL,NULL,23),(1625,1620,85,1,'STARTED',0,0,0,'2024-01-16 16:53:30','2024-01-16 16:53:30',NULL,NULL,149,NULL,NULL,23),(1626,1621,85,1,'STARTED',0,0,0,'2024-01-16 16:53:41','2024-01-16 16:53:41',NULL,NULL,149,NULL,NULL,23),(1627,1622,85,1,'STARTED',0,0,0,'2024-01-16 16:54:07','2024-01-16 16:54:07',NULL,NULL,149,NULL,NULL,23),(1628,1623,85,1,'STARTED',0,0,0,'2024-01-16 17:01:41','2024-01-16 17:01:41',NULL,NULL,149,NULL,NULL,23),(1629,1624,85,1,'STARTED',0,0,0,'2024-01-16 17:01:55','2024-01-16 17:01:55',NULL,NULL,149,NULL,NULL,23),(1630,1625,85,1,'STARTED',0,0,0,'2024-01-16 17:02:11','2024-01-16 17:02:11',NULL,NULL,149,NULL,NULL,23),(1631,1626,85,1,'STARTED',0,0,0,'2024-01-16 17:31:02','2024-01-16 17:31:02',NULL,NULL,149,NULL,NULL,23),(1632,1627,76,1,'FAILURE',0,41169,153,'2024-01-19 09:35:54','2024-01-19 09:35:54','All data are errors. Please download the errors.',0,149,0,NULL,23);
/*!40000 ALTER TABLE `UPLOAD_STATUS` ENABLE KEYS */;
UNLOCK TABLES;

--
-- Table structure for table `USER_ROLE`
--

DROP TABLE IF EXISTS `USER_ROLE`;
/*!40101 SET @saved_cs_client     = @@character_set_client */;
/*!50503 SET character_set_client = utf8mb4 */;
CREATE TABLE `USER_ROLE` (
  `ROLE_ID` int NOT NULL AUTO_INCREMENT,
  `ROLE_NAME` varchar(45) NOT NULL,
  PRIMARY KEY (`ROLE_ID`)
) ENGINE=InnoDB AUTO_INCREMENT=6 DEFAULT CHARSET=latin1;
/*!40101 SET character_set_client = @saved_cs_client */;

--
-- Dumping data for table `USER_ROLE`
--

LOCK TABLES `USER_ROLE` WRITE;
/*!40000 ALTER TABLE `USER_ROLE` DISABLE KEYS */;
INSERT INTO `USER_ROLE` VALUES (1,'ADMIN'),(2,'USER'),(3,'API'),(4,'BUSINESS_USER'),(5,'BUSINESS_ADMIN');
/*!40000 ALTER TABLE `USER_ROLE` ENABLE KEYS */;
UNLOCK TABLES;

--
-- Table structure for table `USER_ROLE_MAP`
--

DROP TABLE IF EXISTS `USER_ROLE_MAP`;
/*!40101 SET @saved_cs_client     = @@character_set_client */;
/*!50503 SET character_set_client = utf8mb4 */;
CREATE TABLE `USER_ROLE_MAP` (
  `USER_ROLE_MAP_ID` int NOT NULL AUTO_INCREMENT,
  `USER_ID` int NOT NULL,
  `ROLE_ID` int NOT NULL,
  `IS_ENABLED` tinyint(1) NOT NULL DEFAULT '0',
  PRIMARY KEY (`USER_ROLE_MAP_ID`),
  UNIQUE KEY `IDX_USER_ROLE_COMPO_UNIQUE` (`USER_ID`,`ROLE_ID`),
  KEY `fk_USER_ROLE_MAP_USERID_idx` (`USER_ID`),
  KEY `fk_USER_ROLE_MAP_ROLEID_idx` (`ROLE_ID`),
  CONSTRAINT `fk_USER_ROLE_MAP_ROLEID` FOREIGN KEY (`ROLE_ID`) REFERENCES `USER_ROLE` (`ROLE_ID`),
  CONSTRAINT `fk_USER_ROLE_MAP_USERID` FOREIGN KEY (`USER_ID`) REFERENCES `APP_USER` (`USER_ID`)
) ENGINE=InnoDB AUTO_INCREMENT=174 DEFAULT CHARSET=latin1;
/*!40101 SET character_set_client = @saved_cs_client */;

--
-- Dumping data for table `USER_ROLE_MAP`
--

LOCK TABLES `USER_ROLE_MAP` WRITE;
/*!40000 ALTER TABLE `USER_ROLE_MAP` DISABLE KEYS */;
INSERT INTO `USER_ROLE_MAP` VALUES (1,1,1,1),(2,1,2,1),(3,2,3,1),(4,3,3,1),(5,4,1,1),(6,4,2,1),(155,146,5,1),(158,149,5,1),(159,150,5,1),(160,151,5,1),(161,150,4,1),(162,152,4,1),(163,153,4,1),(164,154,4,1),(165,155,4,1),(166,156,4,1),(167,157,4,1),(168,158,4,1),(169,159,4,1),(170,160,4,1),(171,161,4,1),(172,162,4,1),(173,163,4,1);
/*!40000 ALTER TABLE `USER_ROLE_MAP` ENABLE KEYS */;
UNLOCK TABLES;

--
-- Table structure for table `USER_SECTION_MAP`
--

DROP TABLE IF EXISTS `USER_SECTION_MAP`;
/*!40101 SET @saved_cs_client     = @@character_set_client */;
/*!50503 SET character_set_client = utf8mb4 */;
CREATE TABLE `USER_SECTION_MAP` (
  `ID` int NOT NULL AUTO_INCREMENT,
  `USER_ID` int NOT NULL,
  `SECTION_ID` int NOT NULL,
  `IS_DELETED` tinyint NOT NULL DEFAULT '0',
  `POSITION` int NOT NULL,
  PRIMARY KEY (`ID`),
  UNIQUE KEY `ID_UNIQUE` (`ID`),
  KEY `USER_FK_idx` (`USER_ID`),
  CONSTRAINT `USER_FK` FOREIGN KEY (`USER_ID`) REFERENCES `APP_USER` (`USER_ID`)
) ENGINE=InnoDB AUTO_INCREMENT=80 DEFAULT CHARSET=utf8mb4 COLLATE=utf8mb4_0900_ai_ci;
/*!40101 SET character_set_client = @saved_cs_client */;

--
-- Dumping data for table `USER_SECTION_MAP`
--

LOCK TABLES `USER_SECTION_MAP` WRITE;
/*!40000 ALTER TABLE `USER_SECTION_MAP` DISABLE KEYS */;
INSERT INTO `USER_SECTION_MAP` VALUES (74,150,2,0,1),(75,150,1,0,2),(76,150,3,0,3),(77,150,4,0,4),(78,150,5,0,5),(79,150,6,0,6);
/*!40000 ALTER TABLE `USER_SECTION_MAP` ENABLE KEYS */;
UNLOCK TABLES;

--
-- Table structure for table `USER_SOCIAL_MEDIA_MAP`
--

DROP TABLE IF EXISTS `USER_SOCIAL_MEDIA_MAP`;
/*!40101 SET @saved_cs_client     = @@character_set_client */;
/*!50503 SET character_set_client = utf8mb4 */;
CREATE TABLE `USER_SOCIAL_MEDIA_MAP` (
  `USER_SOCIAL_MEDIA_MAP_ID` int NOT NULL AUTO_INCREMENT,
  `USER_ID` int NOT NULL,
  `SOCIAL_MEDIA_ID` int NOT NULL,
  `MEDIA_LINK` varchar(500) DEFAULT NULL,
  `CREATION_DATE` datetime DEFAULT NULL,
  `MODIFIED_DATE` datetime DEFAULT NULL,
  `IS_DELETED` tinyint(1) NOT NULL DEFAULT '0',
  PRIMARY KEY (`USER_SOCIAL_MEDIA_MAP_ID`),
  KEY `fk_SOCIAL_MEDIA_ID_USER_ID_idx` (`USER_ID`),
  KEY `fk_SOCIAL_MEDIA_ID_SOCIAL_SETTING_ID_idx` (`SOCIAL_MEDIA_ID`),
  CONSTRAINT `fk_SOCIAL_MEDIA_ID_SOCIAL_SETTING_ID` FOREIGN KEY (`SOCIAL_MEDIA_ID`) REFERENCES `SOCIAL_MEDIA_SETTING` (`SOCIAL_MEDIA_ID`),
  CONSTRAINT `fk_SOCIAL_MEDIA_ID_USER_ID` FOREIGN KEY (`USER_ID`) REFERENCES `APP_USER` (`USER_ID`)
) ENGINE=InnoDB DEFAULT CHARSET=latin1;
/*!40101 SET character_set_client = @saved_cs_client */;

--
-- Dumping data for table `USER_SOCIAL_MEDIA_MAP`
--

LOCK TABLES `USER_SOCIAL_MEDIA_MAP` WRITE;
/*!40000 ALTER TABLE `USER_SOCIAL_MEDIA_MAP` DISABLE KEYS */;
/*!40000 ALTER TABLE `USER_SOCIAL_MEDIA_MAP` ENABLE KEYS */;
UNLOCK TABLES;

--
-- Table structure for table `USER_STORE_MAP`
--

DROP TABLE IF EXISTS `USER_STORE_MAP`;
/*!40101 SET @saved_cs_client     = @@character_set_client */;
/*!50503 SET character_set_client = utf8mb4 */;
CREATE TABLE `USER_STORE_MAP` (
  `USER_STORE_MAP_ID` int NOT NULL AUTO_INCREMENT,
  `USER_ID` int NOT NULL,
  `STORE_ID` int NOT NULL,
  PRIMARY KEY (`USER_STORE_MAP_ID`),
  KEY `fk_USER_STORE_MAP_1_idx` (`USER_ID`),
  KEY `fk_USER_STORE_MAP_2_idx` (`STORE_ID`),
  CONSTRAINT `fk_USER_STORE_MAP_1` FOREIGN KEY (`USER_ID`) REFERENCES `APP_USER` (`USER_ID`),
  CONSTRAINT `fk_USER_STORE_MAP_2` FOREIGN KEY (`STORE_ID`) REFERENCES `STORE_DETAILS` (`STORE_ID`)
) ENGINE=InnoDB AUTO_INCREMENT=2 DEFAULT CHARSET=latin1;
/*!40101 SET character_set_client = @saved_cs_client */;

--
-- Dumping data for table `USER_STORE_MAP`
--

LOCK TABLES `USER_STORE_MAP` WRITE;
/*!40000 ALTER TABLE `USER_STORE_MAP` DISABLE KEYS */;
/*!40000 ALTER TABLE `USER_STORE_MAP` ENABLE KEYS */;
UNLOCK TABLES;

--
-- Table structure for table `VARIANTS`
--

DROP TABLE IF EXISTS `VARIANTS`;
/*!40101 SET @saved_cs_client     = @@character_set_client */;
/*!50503 SET character_set_client = utf8mb4 */;
CREATE TABLE `VARIANTS` (
  `VARIANT_ID` int NOT NULL AUTO_INCREMENT,
  `PROPERTY_NAME` varchar(50) NOT NULL,
  `BUSINESS_ID` int NOT NULL,
  `IS_DELETED` tinyint(1) NOT NULL DEFAULT '0',
  PRIMARY KEY (`VARIANT_ID`),
  KEY `business_variants_idx` (`BUSINESS_ID`),
  CONSTRAINT `business_variants` FOREIGN KEY (`BUSINESS_ID`) REFERENCES `BUSINESS_DETAILS` (`BUSINESS_DETAIL_ID`)
) ENGINE=InnoDB DEFAULT CHARSET=latin1;
/*!40101 SET character_set_client = @saved_cs_client */;

--
-- Dumping data for table `VARIANTS`
--

LOCK TABLES `VARIANTS` WRITE;
/*!40000 ALTER TABLE `VARIANTS` DISABLE KEYS */;
/*!40000 ALTER TABLE `VARIANTS` ENABLE KEYS */;
UNLOCK TABLES;

--
-- Table structure for table `VARIANT_VALUE`
--

DROP TABLE IF EXISTS `VARIANT_VALUE`;
/*!40101 SET @saved_cs_client     = @@character_set_client */;
/*!50503 SET character_set_client = utf8mb4 */;
CREATE TABLE `VARIANT_VALUE` (
  `VALUE_ID` int NOT NULL AUTO_INCREMENT,
  `VARIANT_ID` int NOT NULL,
  `VARIANT_VALUE` varchar(50) NOT NULL,
  `IS_DELETED` tinyint(1) NOT NULL DEFAULT '0',
  PRIMARY KEY (`VALUE_ID`),
  KEY `variant_value_idx` (`VARIANT_ID`),
  CONSTRAINT `variants_value` FOREIGN KEY (`VARIANT_ID`) REFERENCES `VARIANTS` (`VARIANT_ID`)
) ENGINE=InnoDB DEFAULT CHARSET=latin1;
/*!40101 SET character_set_client = @saved_cs_client */;

--
-- Dumping data for table `VARIANT_VALUE`
--

LOCK TABLES `VARIANT_VALUE` WRITE;
/*!40000 ALTER TABLE `VARIANT_VALUE` DISABLE KEYS */;
/*!40000 ALTER TABLE `VARIANT_VALUE` ENABLE KEYS */;
UNLOCK TABLES;
/*!40103 SET TIME_ZONE=@OLD_TIME_ZONE */;

/*!40101 SET SQL_MODE=@OLD_SQL_MODE */;
/*!40014 SET FOREIGN_KEY_CHECKS=@OLD_FOREIGN_KEY_CHECKS */;
/*!40014 SET UNIQUE_CHECKS=@OLD_UNIQUE_CHECKS */;
/*!40101 SET CHARACTER_SET_CLIENT=@OLD_CHARACTER_SET_CLIENT */;
/*!40101 SET CHARACTER_SET_RESULTS=@OLD_CHARACTER_SET_RESULTS */;
/*!40101 SET COLLATION_CONNECTION=@OLD_COLLATION_CONNECTION */;
/*!40111 SET SQL_NOTES=@OLD_SQL_NOTES */;

-- Dump completed on 2024-01-19 19:08:53
